{"train_loss": [4.607235011076316, 4.607117398579915, 4.607112507942396, 4.6071072798508865, 4.607101868360471, 4.6070242539430275, 4.6069779053712505, 4.606870949574006, 4.606866628695757, 4.606820902457604, 4.6068428675333655, 4.606765584456615, 4.6067140921568255, 4.606749200820923, 4.6066801156753145, 4.606694785142556, 4.6066455315320916, 4.606629685866527, 4.606569896600186, 4.606527214783888, 4.606530905992557, 4.60652356392298, 4.606464269833687, 4.60643344047742, 4.606447795721201, 4.606389649709066, 4.606390448105641, 4.60640259644924, 4.6063064012772, 4.606317839255699, 4.606310755167252, 4.606333342576638, 4.60625473413712, 4.60619584841606, 4.606259985459157, 4.606233408512213, 4.606151152879764, 4.6061522972889435, 4.606097668867845, 4.606134366989136, 4.606098816945003, 4.606096872916589, 4.606107710569333, 4.606051614956978, 4.6060448267521, 4.606024971986428, 4.606044378036108, 4.606040047376584, 4.605987596511841, 4.6059550676590355, 4.605941169689864, 4.605918532151442, 4.60592605028397, 4.605885158441006, 4.605913280829405, 4.605918654417381, 4.605886401885595, 4.605867632841453, 4.60584095563644, 4.60584200223287, 4.605838507872361, 4.605811386841994, 4.605753502478966, 4.605797425294534, 4.605762868049817, 4.605725842255812, 4.605736415814131, 4.605704950674986, 4.605674442878136, 4.605708509836441, 4.605662257854755, 4.605636987930689, 4.6056503185859095, 4.6056561824602955, 4.605632168207413, 4.605630033444136, 4.605644883864965, 4.605633916610326, 4.605628725198599, 4.605589175835634, 4.605530306009146, 4.60553552309672, 4.60552430275159, 4.605496263504028, 4.6055555612612995, 4.605476512664404, 4.605494980934338, 4.605450856379973, 4.605492265407856, 4.605467741306011, 4.6054643080784725, 4.605446940201979, 4.605445051193238, 4.605480318803053, 4.605416448299701, 4.605413702206734, 4.605395367206671, 4.60534835473085, 4.605378106924204, 4.605341707131801], "test_loss": [4.599316833496093, 4.599262683105469, 4.59921235961914, 4.599160931396485, 4.5991143737792965, 4.599070483398438, 4.59902685546875, 4.598983557128906, 4.598941625976562, 4.598902349853516, 4.598859143066406, 4.598821099853516, 4.5987820617675785, 4.598743701171875, 4.598708459472657, 4.598672882080078, 4.598637091064453, 4.598602075195313, 4.598571014404297, 4.598537744140625, 4.598506860351563, 4.598474102783203, 4.598442462158203, 4.598411572265625, 4.598381555175782, 4.598352331542968, 4.598319079589844, 4.598294561767578, 4.598264184570312, 4.598234497070313, 4.5982061279296875, 4.598177984619141, 4.598149194335938, 4.598116558837891, 4.598088616943359, 4.598060675048828, 4.5980321899414065, 4.598001995849609, 4.5979743041992185, 4.597948254394531, 4.5979220703125, 4.597895190429687, 4.597867535400391, 4.597841119384766, 4.59781206665039, 4.597784881591797, 4.597759149169922, 4.597735998535156, 4.597709350585937, 4.597686932373047, 4.597662677001953, 4.597637872314453, 4.597610583496094, 4.597584680175781, 4.597558911132812, 4.59753364868164, 4.597507873535156, 4.597480584716797, 4.597456024169922, 4.597429290771484, 4.597406243896485, 4.5973797668457035, 4.597354162597656, 4.597327429199218, 4.597301208496094, 4.597275048828125, 4.597245831298828, 4.597222009277344, 4.597196862792969, 4.5971726684570315, 4.597146783447266, 4.59712255859375, 4.597098388671875, 4.5970728332519535, 4.597043280029297, 4.597015350341797, 4.596989166259766, 4.596963818359375, 4.596936309814454, 4.596912628173828, 4.596883477783203, 4.596862237548828, 4.59683286743164, 4.59680556640625, 4.596781488037109, 4.596749926757813, 4.596721228027344, 4.59669609375, 4.596666192626953, 4.596639001464844, 4.596609765625, 4.5965830078125, 4.596552899169922, 4.5965276733398435, 4.596499884033203, 4.596473901367188, 4.59644619140625, 4.596417797851562, 4.596389068603516, 4.596357806396484], "test_acc": [1.05, 1.03, 1.02, 1.01, 0.98, 0.99, 1.0, 1.0, 0.96, 0.96, 0.97, 0.98, 0.98, 0.96, 0.97, 0.97, 0.97, 0.96, 0.98, 1.02, 1.0, 1.0, 0.99, 1.0, 0.98, 0.97, 0.98, 0.98, 0.97, 0.98, 0.97, 0.99, 0.99, 1.01, 0.99, 1.02, 1.03, 1.06, 1.03, 1.05, 1.06, 1.08, 1.09, 1.1, 1.1, 1.1, 1.1, 1.14, 1.12, 1.13, 1.12, 1.11, 1.11, 1.13, 1.12, 1.14, 1.14, 1.14, 1.15, 1.17, 1.17, 1.16, 1.17, 1.19, 1.21, 1.21, 1.2, 1.21, 1.24, 1.22, 1.22, 1.23, 1.23, 1.25, 1.28, 1.28, 1.3, 1.3, 1.29, 1.28, 1.28, 1.28, 1.28, 1.3, 1.3, 1.31, 1.34, 1.32, 1.34, 1.33, 1.35, 1.35, 1.36, 1.36, 1.33, 1.31, 1.31, 1.3, 1.28, 1.27]}