{"train_loss": [4.60733841749338, 4.607296494948558, 4.60720686178941, 4.607197410632402, 4.607126260415102, 4.607080366672614, 4.607014933610574, 4.606987603505453, 4.606958394172864, 4.606881340956076, 4.606838385264079, 4.606830451427362, 4.606711486669687, 4.606707464120327, 4.606707382202148, 4.606676818162967, 4.606618761404967, 4.606585654234275, 4.606558609008789, 4.6065056959788, 4.606477617606139, 4.606431695742485, 4.6064043045043945, 4.606372904166197, 4.6063552183982654, 4.606301524088933, 4.606261785213764, 4.60623081158369, 4.6062295864789915, 4.606188834019196, 4.606174745315161, 4.606113734612098, 4.60607212017744, 4.606059614817301, 4.606026347478231, 4.605994447072347, 4.6059683958689375, 4.605946038319514, 4.6059213699438635, 4.605882336543156, 4.60583456724118, 4.605818315652701, 4.605773277771779, 4.60574361483256, 4.605739369759193, 4.605672360689212, 4.605663945124699, 4.605618041600937, 4.605580000999646, 4.6055551956861445, 4.605519717778915, 4.605474811945206, 4.605442365010579, 4.605436636851384, 4.60539852533585, 4.6053624226496765, 4.605293376629169, 4.605279677953476, 4.605248721440633, 4.605213312002329, 4.6051833715194315, 4.605132818222046, 4.6051114375774675, 4.605047040107923, 4.604973030090332, 4.604970599443485, 4.604933577317458, 4.604900605861957, 4.604830969296969, 4.604798221588135, 4.604740821398222, 4.604677548775306, 4.604659340931819, 4.6045619817880485, 4.604523378763443, 4.604481407312247, 4.604481858473558, 4.6043410374568055, 4.604341382246751, 4.604282759397458, 4.604206163455278, 4.604148936882997, 4.604063181999402, 4.604030250891661, 4.603972232036101, 4.603885502692981, 4.603787957704984, 4.603760566466894, 4.6036596102592275, 4.603585366713695, 4.6034961517040545, 4.603407472219223, 4.603335208159226, 4.603210072639661, 4.6031609547443875, 4.603013805242685, 4.602928578547942, 4.602840400353456, 4.602748250961303, 4.602612236218575], "test_loss": [4.599286694335937, 4.599200872802735, 4.599117901611328, 4.599036358642578, 4.598956158447265, 4.598877947998047, 4.598804193115234, 4.598731323242188, 4.598658709716797, 4.598586737060547, 4.598513293457032, 4.598441412353516, 4.59837105102539, 4.598302978515625, 4.598233599853516, 4.5981666015625, 4.598098608398438, 4.598029614257812, 4.597961968994141, 4.597893438720703, 4.59782406616211, 4.597756103515625, 4.597687292480469, 4.597620001220703, 4.597551385498047, 4.597482476806641, 4.5974135620117185, 4.59734365234375, 4.5972751586914065, 4.5972052001953125, 4.5971365051269535, 4.597065509033203, 4.596994555664063, 4.5969236389160155, 4.596848498535156, 4.5967753295898435, 4.5966998046875, 4.596625219726563, 4.596549084472656, 4.596472540283203, 4.596392346191406, 4.596313037109375, 4.596232110595703, 4.596149182128906, 4.596066650390625, 4.595980181884766, 4.595894104003906, 4.595807330322265, 4.595717657470703, 4.595626861572265, 4.595533996582032, 4.595438305664063, 4.595341766357422, 4.595243994140625, 4.595143310546875, 4.595041156005859, 4.594935681152344, 4.5948262023925786, 4.594716241455078, 4.5946027954101565, 4.59448671875, 4.594366912841797, 4.5942426086425785, 4.594116802978515, 4.593986669921875, 4.59385375366211, 4.593716009521485, 4.593573779296875, 4.5934249206542965, 4.593271478271484, 4.593117279052734, 4.592956066894531, 4.592791613769531, 4.592615911865234, 4.592437512207031, 4.592252514648438, 4.5920639404296875, 4.5918663940429685, 4.591664239501953, 4.5914522033691405, 4.591233410644532, 4.591006182861328, 4.590770050048828, 4.59052275390625, 4.590268725585937, 4.590001385498047, 4.58972308959961, 4.589436462402344, 4.589136785888672, 4.588823718261719, 4.588499102783203, 4.588167639160156, 4.587823522949218, 4.587460266113281, 4.587085314941406, 4.586693041992188, 4.5862831665039065, 4.58586044921875, 4.585421948242187, 4.584968701171875], "test_acc": [1.06, 1.03, 1.02, 0.99, 0.97, 1.01, 1.03, 1.02, 1.05, 1.01, 1.04, 1.09, 1.12, 1.14, 1.16, 1.19, 1.2, 1.19, 1.2, 1.2, 1.23, 1.25, 1.27, 1.23, 1.22, 1.21, 1.24, 1.25, 1.26, 1.26, 1.27, 1.28, 1.29, 1.31, 1.33, 1.32, 1.36, 1.38, 1.42, 1.43, 1.45, 1.46, 1.49, 1.49, 1.52, 1.52, 1.52, 1.53, 1.53, 1.54, 1.55, 1.55, 1.58, 1.55, 1.57, 1.58, 1.57, 1.56, 1.55, 1.58, 1.6, 1.59, 1.6, 1.59, 1.57, 1.56, 1.55, 1.54, 1.55, 1.53, 1.54, 1.53, 1.54, 1.54, 1.53, 1.54, 1.54, 1.54, 1.54, 1.55, 1.56, 1.58, 1.58, 1.59, 1.58, 1.57, 1.55, 1.55, 1.54, 1.55, 1.53, 1.51, 1.52, 1.54, 1.53, 1.51, 1.54, 1.56, 1.6, 1.6]}