{"train_loss": [4.607369821499556, 4.607344799775344, 4.607255379358928, 4.607239825908954, 4.607179218683488, 4.607151936262082, 4.607132326028286, 4.607079554826785, 4.607053973124578, 4.606997328538161, 4.6069688283480135, 4.606954641831227, 4.606881228471414, 4.606874172504131, 4.606862375063774, 4.606834987493662, 4.606800029216669, 4.606772092672495, 4.606747635816917, 4.60671751560309, 4.606697753759531, 4.606674163769453, 4.60665628359868, 4.606617491061871, 4.606608673242422, 4.606581822419778, 4.6065568508246, 4.6065430714533875, 4.606522857225858, 4.60649936749385, 4.606497705899752, 4.6064587409679705, 4.606439535434429, 4.606419614645151, 4.606416088495499, 4.6063897328499035, 4.606380191216102, 4.606345633971386, 4.606338075491098, 4.60631687335479, 4.606303474230644, 4.606280200909346, 4.606276144125522, 4.606254292757083, 4.606255950683202, 4.606230108554547, 4.606212005859766, 4.6061879524817835, 4.60619450715872, 4.606165999632616, 4.606147642624684, 4.606125703224769, 4.606111429899167, 4.606113239435049, 4.606099181297498, 4.60608379535186, 4.606053178738325, 4.606052687229254, 4.606047717118875, 4.606025440264971, 4.6060170833881084, 4.606003982592852, 4.6059946867135855, 4.6059637094155335, 4.605952863204173, 4.6059444684248705, 4.605948981260642, 4.605931219687829, 4.605911885775052, 4.605892925996047, 4.605899020953056, 4.605876251367422, 4.605875757413033, 4.605845667765691, 4.605829963928614, 4.605836507601616, 4.605840214704856, 4.605806738291031, 4.605804949540358, 4.605799088111291, 4.605776741565802, 4.605780120996329, 4.605749790485088, 4.6057525280194405, 4.605733515666081, 4.605734586715698, 4.605715773655818, 4.605712097119063, 4.605695544756376, 4.605696130410219, 4.60568055006174, 4.605665589601566, 4.605648077451265, 4.605642540026934, 4.605635193066719, 4.605621194839477, 4.6056241548978365, 4.60560647891118, 4.605605544799413, 4.605578446999575], "test_loss": [4.599317657470703, 4.599263226318359, 4.59921103515625, 4.599160424804688, 4.599111749267578, 4.5990643920898435, 4.599019610595703, 4.598975329589844, 4.598932092285156, 4.598889733886719, 4.598847100830078, 4.598806243896484, 4.598766436767578, 4.598728063964844, 4.598690368652344, 4.5986541076660155, 4.59861728515625, 4.598581726074219, 4.59854663696289, 4.598511206054687, 4.598477032470703, 4.598442572021485, 4.598408587646484, 4.598374108886719, 4.598341003417969, 4.59830791015625, 4.598274591064453, 4.598242486572266, 4.598211328125, 4.598179809570312, 4.598149560546875, 4.598118615722656, 4.598088244628906, 4.5980587890625, 4.598028894042969, 4.597999237060547, 4.597970593261719, 4.597941497802735, 4.597913061523437, 4.597884411621094, 4.597855596923828, 4.597827923583984, 4.597799774169922, 4.59777138671875, 4.597743737792968, 4.597716094970703, 4.597689270019531, 4.597661248779297, 4.597633715820312, 4.597606341552734, 4.59757953491211, 4.597551385498047, 4.597523217773437, 4.597495983886719, 4.597469116210937, 4.59744189453125, 4.597415173339844, 4.597388128662109, 4.597360827636718, 4.597333361816406, 4.597307257080078, 4.597280364990234, 4.597254895019531, 4.597227642822266, 4.597200164794922, 4.597173168945313, 4.597146221923828, 4.5971184204101565, 4.597091198730468, 4.597062994384766, 4.597036614990234, 4.597008770751953, 4.596981298828125, 4.596953234863281, 4.596925048828125, 4.596897198486328, 4.59686978149414, 4.596841064453125, 4.59681322631836, 4.596784283447265, 4.596755792236328, 4.5967283508300785, 4.5966998352050785, 4.596672149658203, 4.596643511962891, 4.596614849853515, 4.596585711669922, 4.59655732421875, 4.596527795410156, 4.596498889160157, 4.596470385742188, 4.596441711425781, 4.596411975097657, 4.596381286621094, 4.596352069091797, 4.596321356201172, 4.596292083740234, 4.596261383056641, 4.596231567382812, 4.5962000122070314], "test_acc": [1.06, 1.05, 1.03, 1.01, 1.01, 1.0, 1.0, 0.99, 1.0, 0.98, 0.97, 0.97, 1.01, 0.99, 0.99, 0.98, 0.98, 0.97, 0.95, 0.96, 0.96, 0.98, 0.97, 0.99, 0.99, 1.02, 1.04, 1.06, 1.07, 1.07, 1.06, 1.06, 1.06, 1.05, 1.02, 1.02, 1.03, 1.03, 1.05, 1.08, 1.1, 1.15, 1.13, 1.14, 1.11, 1.12, 1.11, 1.09, 1.09, 1.1, 1.11, 1.12, 1.13, 1.14, 1.13, 1.15, 1.15, 1.17, 1.18, 1.19, 1.2, 1.22, 1.23, 1.24, 1.25, 1.26, 1.25, 1.24, 1.24, 1.24, 1.24, 1.24, 1.23, 1.23, 1.26, 1.28, 1.32, 1.33, 1.34, 1.33, 1.34, 1.36, 1.38, 1.38, 1.39, 1.39, 1.39, 1.39, 1.4, 1.41, 1.41, 1.39, 1.39, 1.39, 1.4, 1.4, 1.39, 1.39, 1.41, 1.46]}