{"train_loss": [4.607351806836251, 4.6073058397342, 4.607271915827042, 4.6072482793759075, 4.607197980391674, 4.607166807468121, 4.607106190461379, 4.607084339092939, 4.60705142510243, 4.607000272701948, 4.6069724804315815, 4.60696116349636, 4.606898990044227, 4.606892547851953, 4.606854671087021, 4.606844427646735, 4.606816345606095, 4.606807442200489, 4.606764643008892, 4.60672702055711, 4.606703049097305, 4.606689962973961, 4.6066627905919, 4.606644143813695, 4.606621105242998, 4.606609378716884, 4.606568457530095, 4.6065551170936, 4.606541704520201, 4.6065131370837875, 4.606497270633013, 4.606471944466615, 4.606439429063063, 4.606428157366239, 4.606429900878515, 4.606408657171787, 4.60638163517683, 4.6063553541134565, 4.606366057273669, 4.6063277501326345, 4.6063345041030495, 4.606284063290327, 4.606270692287347, 4.606255605893257, 4.606277555074447, 4.606233527110173, 4.606246635241386, 4.6062277647165155, 4.606205377823267, 4.606204896095472, 4.6061759618612435, 4.606155212108906, 4.606153221619435, 4.606149328671969, 4.606136828202468, 4.606106983087002, 4.606091509109889, 4.606112810281607, 4.606073878361628, 4.60607860883077, 4.606060061087975, 4.6060422665033585, 4.606041960838514, 4.606008782753578, 4.605999255791689, 4.606002148603782, 4.605971377935165, 4.605987096444155, 4.605998891439193, 4.60597872489538, 4.605947443155142, 4.605936051637698, 4.605943923118787, 4.605888204085521, 4.6058955999521105, 4.605894555801, 4.60587812937223, 4.605871256803855, 4.605869422814785, 4.605860602550018, 4.605817357087747, 4.605832382348868, 4.605807678516094, 4.605821616833026, 4.605816841125488, 4.605788463201279, 4.605803674306625, 4.605778353030865, 4.60576069293878, 4.605778510753925, 4.6057593724666495, 4.605741162177844, 4.605729106756357, 4.605737478305132, 4.605734663743239, 4.605715518120007, 4.605694851508507, 4.605696648817796, 4.605702846478193, 4.605694128916814], "test_loss": [4.599323919677734, 4.599278247070313, 4.599233795166016, 4.599191033935547, 4.599149731445313, 4.599109515380859, 4.599070758056641, 4.599033441162109, 4.598998754882812, 4.598963201904297, 4.598927593994141, 4.598895880126953, 4.598864276123047, 4.598833917236328, 4.598802612304688, 4.5987723999023435, 4.59874359741211, 4.598715100097656, 4.598686779785156, 4.598658941650391, 4.5986326354980465, 4.598605114746094, 4.598579235839844, 4.5985523681640625, 4.598528039550781, 4.5985037109375, 4.598479760742188, 4.598455255126953, 4.598432354736328, 4.598408569335938, 4.598385424804688, 4.59836068725586, 4.598337463378906, 4.598316534423828, 4.598294140625, 4.598272583007812, 4.598250299072266, 4.598228424072266, 4.5982067626953125, 4.5981844055175785, 4.5981627990722655, 4.598142260742187, 4.598121014404297, 4.598098815917969, 4.598077490234375, 4.598057348632812, 4.598037866210937, 4.598019201660156, 4.597999450683594, 4.597979211425781, 4.597960876464843, 4.5979429077148435, 4.597922784423828, 4.597904901123047, 4.597884576416016, 4.597866082763672, 4.597847509765625, 4.597827935791016, 4.597810430908203, 4.597792419433594, 4.597773974609375, 4.597755297851562, 4.597736651611328, 4.597718200683594, 4.597700439453125, 4.597681530761719, 4.5976629760742185, 4.597645935058594, 4.597627093505859, 4.5976098388671875, 4.597591528320312, 4.597573577880859, 4.597555902099609, 4.597536657714843, 4.597519262695313, 4.59750219116211, 4.597483941650391, 4.597466442871093, 4.597448022460937, 4.597430676269531, 4.597410638427735, 4.597393188476563, 4.597375482177735, 4.5973576171875, 4.597339569091797, 4.59732314453125, 4.597306756591797, 4.5972890991210935, 4.597272265625, 4.597255859375, 4.597237799072266, 4.59722197265625, 4.597202709960937, 4.597183386230469, 4.597165466308594, 4.597146826171875, 4.597129559326172, 4.5971125122070315, 4.597095715332031, 4.59707749633789], "test_acc": [1.07, 1.04, 1.01, 1.0, 0.98, 0.98, 0.98, 0.96, 0.97, 0.98, 0.98, 0.96, 0.98, 0.97, 0.96, 0.97, 0.97, 0.98, 0.98, 0.98, 0.97, 0.99, 0.99, 1.02, 1.03, 1.03, 1.04, 1.02, 1.02, 1.04, 1.07, 1.07, 1.07, 1.1, 1.09, 1.09, 1.09, 1.07, 1.05, 1.05, 1.04, 1.03, 1.03, 1.02, 1.02, 1.01, 1.01, 1.01, 1.01, 1.01, 1.02, 1.04, 1.04, 1.06, 1.07, 1.09, 1.08, 1.08, 1.07, 1.07, 1.07, 1.1, 1.07, 1.06, 1.06, 1.08, 1.08, 1.07, 1.09, 1.1, 1.11, 1.12, 1.11, 1.11, 1.12, 1.12, 1.16, 1.18, 1.19, 1.19, 1.2, 1.2, 1.23, 1.23, 1.24, 1.24, 1.26, 1.26, 1.29, 1.29, 1.29, 1.28, 1.27, 1.27, 1.27, 1.32, 1.32, 1.32, 1.32, 1.32]}