{"train_loss": [4.607354990641276, 4.607314631877801, 4.607195712358523, 4.607196262555244, 4.6071372227791025, 4.607109464743199, 4.60707256488311, 4.606992413447453, 4.60698967958108, 4.60693586178315, 4.60689364090944, 4.606873850944715, 4.606842298996754, 4.6067775445106705, 4.60678993005019, 4.606750499285185, 4.6067378105261385, 4.606702491564628, 4.606714004125351, 4.606611858270107, 4.606655781085674, 4.606601798228729, 4.606584158921853, 4.606578271816939, 4.606556930297461, 4.60654878616333, 4.606487740003145, 4.606481516666902, 4.60641902532333, 4.606415799947885, 4.606417699960562, 4.6063806973970856, 4.606417274475097, 4.60636589832795, 4.606347218537942, 4.606335708422539, 4.606285894834079, 4.606271608059223, 4.606297944142268, 4.606265580348479, 4.60623570222121, 4.606245948106815, 4.606216338964609, 4.60619330406189, 4.606210023928911, 4.606170953848423, 4.606155523887048, 4.606132161311614, 4.606109950481317, 4.606112183057345, 4.60608401298523, 4.606073304934379, 4.606019994540092, 4.6060632057679, 4.606044838978694, 4.605986371407142, 4.605978051210061, 4.605982835476215, 4.605996197920579, 4.60595267246931, 4.605953266681769, 4.605944011150262, 4.605885099753356, 4.605884627806835, 4.605915701694977, 4.605900616523547, 4.605873077343672, 4.605874290221776, 4.605817207923303, 4.605855900202042, 4.6058627642118015, 4.605793987176357, 4.605816797109751, 4.605852360603137, 4.605803734216934, 4.605753006079258, 4.605772904860667, 4.6057988399114365, 4.605752093975361, 4.605740213394165, 4.605685529953394, 4.605705335812691, 4.605737654368083, 4.605679276050665, 4.605684752342029, 4.6056901185940475, 4.605648066447332, 4.605622473741189, 4.6056178154089515, 4.605643026645367, 4.6055726149143315, 4.605601160342877, 4.605561009431496, 4.605586545895307, 4.605572226108649, 4.605556422013503, 4.605566839071421, 4.605563460863554, 4.6055539815853805, 4.605549273124108], "test_loss": [4.59932388305664, 4.599272668457031, 4.599227355957031, 4.599180859375, 4.599133489990234, 4.599089709472656, 4.599048046875, 4.599008178710937, 4.5989703308105465, 4.598930871582032, 4.598894006347656, 4.598858142089844, 4.598822686767578, 4.59878935546875, 4.598754833984375, 4.598720477294922, 4.5986876342773435, 4.598653833007813, 4.598621813964844, 4.5985929382324215, 4.5985638671875, 4.598532873535156, 4.598502435302734, 4.598473193359375, 4.5984427429199215, 4.598413024902344, 4.5983850891113285, 4.598355383300781, 4.598327416992188, 4.598300421142578, 4.598274212646484, 4.5982469482421875, 4.598222094726562, 4.598197503662109, 4.5981705932617185, 4.598143896484375, 4.598118035888672, 4.598092810058594, 4.59806644897461, 4.598042449951172, 4.598018603515625, 4.597995489501953, 4.597973449707031, 4.597949633789063, 4.597921600341797, 4.597898229980469, 4.597875006103515, 4.597850830078125, 4.59782958984375, 4.597806072998047, 4.597784191894531, 4.5977608032226565, 4.597737371826172, 4.597713616943359, 4.597690618896484, 4.597668096923828, 4.597642926025391, 4.597618188476562, 4.597596722412109, 4.597575506591797, 4.597553033447266, 4.597532287597656, 4.597507849121094, 4.59748466796875, 4.597463323974609, 4.597439764404297, 4.597418811035157, 4.597397912597656, 4.59737621459961, 4.597355603027344, 4.597333129882813, 4.597310394287109, 4.597288958740235, 4.597267163085937, 4.597246502685547, 4.597226342773437, 4.597204986572265, 4.597184027099609, 4.597161309814453, 4.59713755493164, 4.597113397216797, 4.597091613769531, 4.597070129394531, 4.597049285888672, 4.597027233886719, 4.597007611083985, 4.596983264160157, 4.596961517333984, 4.5969378295898435, 4.596915643310547, 4.596893505859375, 4.5968715148925785, 4.596848950195312, 4.596828179931641, 4.596804272460938, 4.596782965087891, 4.596760577392578, 4.596738140869141, 4.596713122558594, 4.596691491699219], "test_acc": [1.07, 1.06, 1.02, 1.01, 1.02, 0.99, 1.02, 1.01, 0.98, 1.02, 1.04, 1.01, 0.99, 1.0, 1.01, 1.0, 0.98, 0.98, 0.96, 0.97, 0.99, 1.0, 1.03, 1.04, 1.07, 1.06, 1.06, 1.05, 1.05, 1.07, 1.05, 1.06, 1.05, 1.05, 1.07, 1.07, 1.09, 1.12, 1.12, 1.15, 1.14, 1.13, 1.14, 1.16, 1.18, 1.18, 1.2, 1.2, 1.24, 1.24, 1.25, 1.25, 1.24, 1.25, 1.27, 1.28, 1.28, 1.27, 1.28, 1.29, 1.29, 1.3, 1.32, 1.31, 1.32, 1.33, 1.33, 1.34, 1.36, 1.38, 1.4, 1.4, 1.41, 1.4, 1.39, 1.4, 1.38, 1.39, 1.37, 1.4, 1.41, 1.42, 1.45, 1.44, 1.46, 1.45, 1.47, 1.48, 1.49, 1.49, 1.52, 1.5, 1.52, 1.54, 1.55, 1.56, 1.57, 1.57, 1.57, 1.57]}