{"train_loss": [4.607456799042531, 4.607405226047223, 4.607350942416069, 4.607318897736378, 4.607271793561104, 4.60723701379238, 4.607193950506357, 4.6071539035210245, 4.607124964396159, 4.607087892141098, 4.607052425237803, 4.607026755504119, 4.606987564380352, 4.606960398111588, 4.606943972905477, 4.606910952543601, 4.606886727993305, 4.606866292464427, 4.6068395235599615, 4.60680611928304, 4.606796291546944, 4.60676374068627, 4.606742575229743, 4.606727126928476, 4.606708919084989, 4.606687326920338, 4.6066568692525225, 4.606635255080003, 4.606612591865735, 4.606601091531607, 4.606590065589318, 4.606573353058253, 4.606551489463219, 4.606527495995546, 4.606512683477157, 4.60649001904023, 4.606479262083004, 4.606455983871069, 4.606454113202218, 4.60642841167939, 4.606420708925296, 4.606398421067458, 4.60638980009617, 4.606358628395276, 4.606350026986537, 4.606357827553382, 4.606325144645496, 4.606307676510933, 4.606291404137244, 4.6062942614922155, 4.606285540262858, 4.606252548022148, 4.606249101345355, 4.606241374138074, 4.606226084782527, 4.6062004517286255, 4.606194749245277, 4.606188045403896, 4.6061752588321, 4.606169644380227, 4.606155347824097, 4.6061499216617685, 4.606126552973038, 4.606122465622731, 4.606104710163215, 4.606099831752288, 4.606089195838341, 4.606065229269174, 4.606065605848263, 4.606055856362367, 4.606051193139492, 4.606042403441209, 4.606022092623588, 4.6060147774525175, 4.6060031560751105, 4.605996834926116, 4.605995563360361, 4.60597410935622, 4.605967602362999, 4.605970904765985, 4.60595687352694, 4.60594316873795, 4.605937895408044, 4.60592914728018, 4.6059213124788725, 4.605904015516623, 4.605912278248714, 4.605907280017168, 4.605896364114224, 4.605892578760783, 4.605877313858423, 4.605868469140469, 4.605855474716578, 4.60586061844459, 4.605840061872433, 4.605834673612546, 4.605836393894293, 4.605820597135104, 4.605806618470412, 4.605810439280974], "test_loss": [4.599332318115234, 4.599292694091797, 4.599255676269531, 4.599220318603516, 4.599186242675781, 4.599152905273438, 4.599121618652344, 4.599091156005859, 4.599061578369141, 4.599032287597656, 4.599003540039062, 4.598976708984375, 4.598950164794922, 4.598925317382813, 4.598900445556641, 4.59887607421875, 4.598851458740234, 4.598827978515625, 4.598805407714844, 4.598782678222657, 4.598761059570313, 4.5987384765625, 4.598717547607422, 4.598696569824218, 4.598676422119141, 4.598655419921875, 4.598635620117188, 4.598616131591797, 4.598597277832031, 4.598578662109375, 4.598561016845703, 4.598543048095703, 4.598525158691406, 4.598507830810547, 4.598489678955078, 4.598472717285156, 4.598455401611328, 4.598437811279297, 4.598421319580078, 4.598404827880859, 4.598387823486328, 4.598372180175781, 4.598356555175782, 4.598340850830078, 4.598325665283203, 4.59831107788086, 4.598295336914062, 4.598280908203125, 4.598265997314453, 4.598252203369141, 4.598238232421875, 4.59822349243164, 4.598209484863281, 4.598195715332031, 4.598182202148437, 4.598168804931641, 4.598154974365235, 4.598140649414063, 4.598126782226562, 4.598113049316407, 4.598099237060547, 4.598086541748047, 4.598073754882813, 4.598060424804688, 4.598048059082031, 4.598035534667969, 4.598022100830078, 4.598009252929687, 4.597996124267578, 4.597983148193359, 4.597971014404297, 4.59795932006836, 4.59794740600586, 4.597935052490234, 4.597922723388672, 4.597910528564453, 4.5978993347167965, 4.597887237548828, 4.597875445556641, 4.597863714599609, 4.5978514770507815, 4.597840313720703, 4.597828479003907, 4.59781694946289, 4.597804968261719, 4.597793975830078, 4.597783142089844, 4.597771948242188, 4.597761083984375, 4.597750024414062, 4.597738403320313, 4.5977271484375, 4.59771611328125, 4.597704553222656, 4.597693176269531, 4.597682482910156, 4.597671667480469, 4.597661236572265, 4.59765087890625, 4.597639794921875], "test_acc": [1.08, 1.03, 1.03, 1.01, 1.01, 1.01, 0.99, 0.98, 0.99, 1.01, 0.99, 0.95, 0.95, 0.96, 0.96, 0.96, 0.96, 0.94, 0.94, 0.92, 0.89, 0.9, 0.93, 0.96, 0.95, 0.94, 0.96, 0.95, 0.94, 0.98, 0.99, 0.99, 0.99, 0.98, 0.98, 0.94, 0.95, 0.95, 0.93, 0.93, 0.94, 0.95, 0.94, 0.98, 1.0, 0.95, 0.95, 0.95, 0.98, 0.99, 1.01, 1.03, 1.07, 1.08, 1.1, 1.11, 1.11, 1.11, 1.1, 1.1, 1.09, 1.09, 1.1, 1.08, 1.09, 1.09, 1.09, 1.1, 1.1, 1.11, 1.12, 1.11, 1.13, 1.15, 1.15, 1.15, 1.13, 1.13, 1.13, 1.15, 1.17, 1.19, 1.19, 1.19, 1.19, 1.21, 1.21, 1.2, 1.21, 1.22, 1.22, 1.21, 1.23, 1.25, 1.24, 1.23, 1.22, 1.24, 1.24, 1.25]}