{"train_loss": [4.60727862578172, 4.607213964217748, 4.607151493659386, 4.607144736020993, 4.607035265213404, 4.607062649115538, 4.606977818562434, 4.60697279832302, 4.606927475562462, 4.606882404669737, 4.606840012623714, 4.6068160986289, 4.60679385356414, 4.606776457566482, 4.606721947743343, 4.6067378594325135, 4.606703818150056, 4.606659582333687, 4.606629702983758, 4.606627935018295, 4.60659564091609, 4.606589625431941, 4.6065287052056725, 4.6065003297267815, 4.606506315867106, 4.606473441001697, 4.606424422141833, 4.606438183173156, 4.606428607304891, 4.606389111738938, 4.606374883651734, 4.606387418355697, 4.606326425992526, 4.606279626259437, 4.6063254564236376, 4.606275691741552, 4.606253336637448, 4.606281507932223, 4.606245564191769, 4.606237981258294, 4.606164489648281, 4.6061794708936645, 4.606162358552981, 4.606143911068256, 4.606144412358602, 4.606134582177186, 4.606100648488754, 4.606064401528774, 4.606093638982529, 4.606045027268238, 4.606087713975173, 4.606047655985906, 4.606029865069267, 4.606026523541182, 4.606009387969971, 4.605979586870243, 4.605934935349684, 4.605949634160751, 4.605961275100708, 4.605955627637032, 4.605933755483383, 4.605937859950921, 4.605907814319317, 4.6058697358155865, 4.605853467109876, 4.605835053859613, 4.605877875059079, 4.60582709312439, 4.605842876434326, 4.6058392634758585, 4.6057971660907455, 4.6057960326855, 4.60578055259509, 4.605788199106852, 4.6057538741674175, 4.60573503665435, 4.605763101577759, 4.605738700964512, 4.6057279770190895, 4.605714059487367, 4.605688114655323, 4.605704416372837, 4.605660389631223, 4.6056903643485825, 4.605627491535285, 4.605658412591005, 4.605675319524912, 4.605649734154726, 4.6056145692482975, 4.605647235038953, 4.605614851682614, 4.605605560693985, 4.60555500861926, 4.605578730656551, 4.605560044753246, 4.605551508145455, 4.605537145565718, 4.6055367457561, 4.605528008632171, 4.605491216366108], "test_loss": [4.599322399902344, 4.599272015380859, 4.599224151611328, 4.599177624511719, 4.5991317077636715, 4.599090716552734, 4.599048626708984, 4.599009765625, 4.598970385742187, 4.598932629394532, 4.59889408569336, 4.598857342529297, 4.5988208740234375, 4.598787072753907, 4.598752386474609, 4.59871962890625, 4.598686737060547, 4.598652490234375, 4.598620428466797, 4.598591387939453, 4.598561108398438, 4.598529541015625, 4.598500494384766, 4.5984691040039065, 4.598441290283203, 4.598411376953125, 4.598381549072266, 4.598353295898438, 4.598325543212891, 4.598295855712891, 4.598268829345703, 4.5982408203125, 4.598212805175781, 4.598186065673828, 4.598159649658204, 4.598133258056641, 4.598109606933594, 4.598083093261719, 4.598059680175782, 4.598034143066406, 4.598008416748047, 4.597982141113281, 4.597957287597656, 4.597933197021485, 4.597910528564453, 4.597887023925781, 4.597862725830078, 4.597838372802735, 4.597813977050781, 4.597789208984375, 4.597764770507813, 4.597740307617188, 4.5977182250976565, 4.597695465087891, 4.597672509765625, 4.597652075195312, 4.597628454589843, 4.597602978515625, 4.597577484130859, 4.597553625488281, 4.597529302978516, 4.5975066162109375, 4.597482165527344, 4.5974576171875, 4.597431060791016, 4.597406921386718, 4.597384106445313, 4.597361340332031, 4.597337896728516, 4.597314617919922, 4.597291131591797, 4.597266082763672, 4.597244488525391, 4.597220471191406, 4.5971976745605465, 4.5971727966308595, 4.597150085449218, 4.597124896240234, 4.59710025024414, 4.597075128173828, 4.597050799560547, 4.597026190185547, 4.5970023864746095, 4.59697621459961, 4.596951696777344, 4.5969267578125, 4.5968991455078125, 4.596874597167969, 4.596850115966797, 4.596825408935547, 4.596800872802734, 4.596775555419922, 4.596750054931641, 4.596725726318359, 4.596697680664063, 4.596672662353516, 4.596645318603516, 4.5966193359375, 4.596592358398437, 4.596564385986328], "test_acc": [1.06, 1.01, 1.02, 1.0, 1.0, 1.0, 1.0, 0.97, 0.98, 0.96, 0.97, 0.98, 0.96, 0.94, 0.97, 0.99, 0.98, 0.96, 0.96, 0.97, 0.96, 0.98, 1.03, 1.02, 1.04, 1.04, 0.99, 0.98, 0.99, 0.99, 1.01, 1.0, 1.01, 1.0, 1.01, 1.02, 1.02, 1.01, 1.01, 1.0, 0.99, 0.98, 0.97, 1.0, 0.99, 0.96, 0.95, 0.94, 0.94, 0.95, 0.96, 0.96, 0.96, 0.97, 0.97, 0.98, 1.0, 1.04, 1.05, 1.06, 1.06, 1.03, 1.03, 1.04, 1.04, 1.04, 1.04, 1.06, 1.07, 1.06, 1.05, 1.05, 1.06, 1.08, 1.08, 1.11, 1.12, 1.14, 1.13, 1.16, 1.17, 1.17, 1.19, 1.16, 1.17, 1.18, 1.17, 1.18, 1.19, 1.2, 1.2, 1.18, 1.18, 1.19, 1.21, 1.2, 1.19, 1.19, 1.2, 1.17]}