{"train_loss": [4.607382138570149, 4.607314191720424, 4.60728262754587, 4.6072553903628615, 4.607226116229326, 4.607175802573179, 4.60713898463127, 4.60708017716041, 4.607058417491424, 4.607021480951554, 4.607009429198045, 4.606963783655411, 4.606929107812735, 4.606921216769096, 4.606882034203945, 4.60687090189029, 4.606836888728997, 4.606818106235602, 4.606781181922326, 4.60675480793684, 4.606739725210728, 4.606725707420936, 4.6066924095153805, 4.60666750394381, 4.606661290388841, 4.606626768601246, 4.606618172083145, 4.606606965187268, 4.606565957191663, 4.606555969287188, 4.606543498161511, 4.606539608882024, 4.606504106521607, 4.606474960767306, 4.6064826561854435, 4.606463801555145, 4.6064289459815395, 4.606420019345406, 4.606395166348189, 4.606394688288371, 4.606372616841242, 4.606363555712577, 4.606358243257572, 4.606333139615181, 4.606322927964039, 4.606308457790277, 4.606299985983433, 4.606292217205732, 4.60627139653915, 4.606250802064554, 4.606242093061789, 4.6062255321404875, 4.606219953145736, 4.60620213899857, 4.606201914029244, 4.606197140767024, 4.606179186014029, 4.606167261417095, 4.60614827963022, 4.606144186166617, 4.606134574841231, 4.606119979956211, 4.606096308047955, 4.606104391049116, 4.606088959865081, 4.606071481949244, 4.6060717704968575, 4.606048372464302, 4.606037347744673, 4.606041744427803, 4.6060207892686895, 4.606008658042321, 4.6060073583553995, 4.606004389738425, 4.6059940839425115, 4.605985916577852, 4.60598446283585, 4.605973308514326, 4.605972830454508, 4.605951334879949, 4.605932082885351, 4.605922815127251, 4.605923047432532, 4.605909595734034, 4.605919265747071, 4.6058954116625666, 4.605894744090545, 4.605877032646766, 4.605886909289238, 4.605867951955551, 4.605868377441015, 4.605860762718397, 4.605855441704774, 4.605856150847215, 4.60583551235688, 4.605828372026101, 4.605824920458671, 4.605807336171468, 4.605808000075512, 4.605797486427503], "test_loss": [4.599336138916016, 4.599300347900391, 4.5992677124023436, 4.5992353149414065, 4.599205108642578, 4.599176708984375, 4.5991490417480465, 4.599122381591797, 4.599096398925782, 4.599071710205078, 4.599046551513672, 4.599023205566406, 4.59900073852539, 4.598978436279297, 4.598957238769532, 4.598936712646484, 4.598916644287109, 4.5988962219238285, 4.598877191162109, 4.598857238769531, 4.5988389587402345, 4.598820361328125, 4.598802069091797, 4.598784771728516, 4.598767517089843, 4.5987510498046875, 4.598733666992188, 4.598717816162109, 4.598701043701172, 4.598684594726563, 4.598668676757812, 4.598652807617188, 4.598636871337891, 4.598620367431641, 4.598605212402344, 4.598590356445312, 4.598574816894531, 4.598559307861328, 4.5985444580078125, 4.598529608154297, 4.598515625, 4.598502185058594, 4.598488385009766, 4.5984751403808595, 4.598461328125, 4.598448358154297, 4.59843599243164, 4.598423999023438, 4.5984115966796875, 4.598400024414063, 4.5983884765625, 4.598376586914062, 4.598363665771484, 4.598351605224609, 4.598340155029297, 4.598328729248047, 4.598317193603515, 4.598305242919922, 4.5982947998046875, 4.598283142089843, 4.598272528076172, 4.59826216430664, 4.598251525878906, 4.59824037475586, 4.598228680419922, 4.598217614746094, 4.59820634765625, 4.598196551513672, 4.598186499023438, 4.598176904296875, 4.598167230224609, 4.598157275390625, 4.598147888183593, 4.598137841796875, 4.598127368164063, 4.598117517089844, 4.598108032226563, 4.598099334716797, 4.598089721679687, 4.598081115722656, 4.598070037841797, 4.598060894775391, 4.5980510437011715, 4.5980416015625, 4.5980324462890625, 4.59802236328125, 4.598012890625, 4.598003869628906, 4.597993469238281, 4.597984307861328, 4.597975469970703, 4.5979663879394534, 4.597957727050781, 4.597949987792969, 4.597941577148437, 4.59793325805664, 4.5979243103027345, 4.597915509033204, 4.5979064758300785, 4.597897467041015], "test_acc": [1.07, 1.04, 1.02, 1.01, 1.0, 0.99, 0.98, 0.96, 0.96, 0.97, 0.97, 0.94, 0.92, 0.93, 0.95, 0.94, 0.95, 0.93, 0.93, 0.91, 0.9, 0.88, 0.87, 0.86, 0.88, 0.92, 0.94, 0.95, 0.97, 0.97, 0.96, 0.96, 0.98, 0.94, 0.94, 0.91, 0.9, 0.89, 0.89, 0.91, 0.9, 0.88, 0.92, 0.92, 0.92, 0.91, 0.92, 0.93, 0.94, 0.92, 0.93, 0.93, 0.92, 0.93, 0.95, 0.96, 0.96, 0.98, 0.98, 0.96, 0.95, 0.94, 0.94, 0.92, 0.93, 0.94, 0.95, 0.95, 0.94, 0.94, 0.95, 0.94, 0.95, 0.95, 0.95, 0.95, 0.96, 0.99, 1.0, 1.02, 1.04, 1.04, 1.02, 1.01, 1.02, 1.02, 1.02, 1.01, 1.01, 1.01, 1.01, 1.01, 1.0, 1.01, 1.01, 1.01, 1.0, 0.98, 0.99, 0.98]}