{"train_loss": [4.60734662153782, 4.607304540047279, 4.607258905508579, 4.607232081584441, 4.607189198029347, 4.607157258498363, 4.607118181081918, 4.607060052187014, 4.607038627526699, 4.607006597518921, 4.606970454484989, 4.606926565903883, 4.606897497177124, 4.606875270452255, 4.606872244370289, 4.606822720552102, 4.606810539196699, 4.606775293594752, 4.606751500643217, 4.606718387359228, 4.60669436210241, 4.606679521462856, 4.606670181567853, 4.606637026713445, 4.606611778797247, 4.606580074016865, 4.6065564412337086, 4.606543254852295, 4.606528244263086, 4.606543986002604, 4.606504403627836, 4.606487484467335, 4.606456733361268, 4.606418043527848, 4.606436905494103, 4.606390503125313, 4.606400942191099, 4.606370028471336, 4.606363943295601, 4.606355371230688, 4.606339387404613, 4.606313545275957, 4.606295800820375, 4.606271888048221, 4.6062690331385685, 4.606254878410926, 4.606224649380415, 4.606220030173278, 4.60619422961504, 4.606190532293075, 4.6061840338584705, 4.606166110894619, 4.606161918395605, 4.606129967860687, 4.60611306092678, 4.606121438588851, 4.606093509380634, 4.606109853891226, 4.60608436633379, 4.6060785782642855, 4.6060495339907135, 4.606050107417962, 4.606039033791958, 4.606012264887492, 4.606006858287714, 4.605999417182726, 4.60598939382113, 4.6059803082392765, 4.605963241136991, 4.605959315177722, 4.605935503886296, 4.605932534046662, 4.605920927341168, 4.605912745304597, 4.60591118030059, 4.6059028882246755, 4.6058864740224985, 4.605876586376092, 4.605876284379225, 4.605864417247283, 4.605852369161752, 4.605839092303545, 4.605830393082056, 4.605835958627554, 4.605818496606289, 4.605794292841202, 4.605805591436533, 4.605795936095409, 4.605796213639088, 4.6057843587337395, 4.605764167736738, 4.605747611706073, 4.605747528565236, 4.605746857325236, 4.605741443389501, 4.605740501941779, 4.605722142488529, 4.605706889812763, 4.605718939120953, 4.605700820531601], "test_loss": [4.599326257324218, 4.599279705810547, 4.599235552978516, 4.599192578125, 4.599151983642578, 4.5991129943847655, 4.599075592041015, 4.5990390258789065, 4.599003338623047, 4.598968627929687, 4.5989345703125, 4.598901702880859, 4.598868878173828, 4.598838055419922, 4.598805810546875, 4.598776611328125, 4.598747338867187, 4.598718060302734, 4.598691015625, 4.598663494873047, 4.598637121582032, 4.598610070800781, 4.598584594726563, 4.598559600830078, 4.598534216308594, 4.598507867431641, 4.598482293701172, 4.598458215332031, 4.5984355834960935, 4.59841205444336, 4.598388952636719, 4.5983666320800785, 4.5983432678222655, 4.598319805908203, 4.59829828491211, 4.598276763916016, 4.598255944824219, 4.598234356689453, 4.5982137817382815, 4.598191918945313, 4.598169934082032, 4.598150219726563, 4.598128375244141, 4.598107135009766, 4.598086901855469, 4.598066784667969, 4.5980471374511716, 4.598028912353516, 4.59800980834961, 4.597990423583984, 4.5979717834472655, 4.5979542175292965, 4.597934887695312, 4.59791743774414, 4.597898596191406, 4.597880224609375, 4.597861999511719, 4.597844732666015, 4.5978273559570315, 4.597809161376953, 4.597790576171875, 4.597773419189453, 4.597757385253907, 4.597739343261718, 4.597722332763672, 4.597705841064453, 4.597687969970703, 4.597670263671875, 4.5976530395507815, 4.597634765625, 4.597619091796875, 4.597602758789063, 4.597585028076172, 4.597567602539063, 4.597549737548828, 4.597533569335938, 4.597516815185547, 4.59750029296875, 4.59748442993164, 4.597466607666016, 4.597449914550781, 4.597432427978515, 4.597415869140625, 4.5973998046875, 4.597381951904297, 4.597364721679687, 4.597347540283203, 4.5973305419921875, 4.597313195800782, 4.597297021484375, 4.597280859375, 4.5972637268066405, 4.597246752929688, 4.597229406738281, 4.59721401977539, 4.597197119140625, 4.5971818481445315, 4.597164831542969, 4.597148797607422, 4.5971324951171875], "test_acc": [1.07, 1.03, 1.03, 1.01, 1.01, 1.0, 0.99, 0.98, 1.02, 1.01, 0.98, 0.95, 0.96, 0.95, 0.95, 0.96, 0.94, 0.97, 0.98, 0.99, 1.0, 1.0, 1.0, 1.04, 1.05, 1.06, 1.05, 1.03, 1.06, 1.05, 1.05, 1.07, 1.08, 1.09, 1.08, 1.07, 1.08, 1.07, 1.06, 1.06, 1.06, 1.06, 1.04, 1.06, 1.04, 1.04, 1.05, 1.09, 1.1, 1.09, 1.06, 1.08, 1.09, 1.09, 1.09, 1.12, 1.13, 1.13, 1.14, 1.15, 1.17, 1.18, 1.18, 1.18, 1.18, 1.19, 1.18, 1.2, 1.18, 1.18, 1.17, 1.19, 1.2, 1.2, 1.21, 1.23, 1.24, 1.24, 1.24, 1.23, 1.26, 1.26, 1.26, 1.26, 1.28, 1.28, 1.29, 1.3, 1.31, 1.32, 1.32, 1.32, 1.34, 1.36, 1.35, 1.35, 1.37, 1.38, 1.38, 1.38]}