{"train_loss": [4.60741236882332, 4.607315195523776, 4.607246117714124, 4.607227623768342, 4.60716296342703, 4.607102011411618, 4.607093457686595, 4.6069992236602, 4.606985092163086, 4.606878956770285, 4.606832774480184, 4.60687898855943, 4.606786326872997, 4.606751736616477, 4.606712535711435, 4.606648308191544, 4.6066183994977905, 4.60657860315763, 4.6065268467634155, 4.606466732269678, 4.606476859557323, 4.606426160763472, 4.606401822505853, 4.606320033929287, 4.60631549174969, 4.606253610513149, 4.6062811056772865, 4.606248254042406, 4.606133132103162, 4.606164272014912, 4.606119412642259, 4.606137599700537, 4.606032065856151, 4.6060518521528975, 4.60599501316364, 4.605952512300932, 4.605956353896704, 4.605872611510448, 4.605890488013243, 4.6058456078553816, 4.605778702711448, 4.605730325747759, 4.605744864390447, 4.6056837742145245, 4.6057037170116715, 4.605630573859582, 4.605587929945726, 4.6055672315450815, 4.605539106711364, 4.605509759218265, 4.605423484704433, 4.605390361639169, 4.605365091715104, 4.605366404851278, 4.60533630664532, 4.605296301230406, 4.6051708270341924, 4.605185890197754, 4.605173030266395, 4.6050683033772, 4.605102669887054, 4.605026246339847, 4.605026034819774, 4.604928764930138, 4.604827360006479, 4.604860607782999, 4.604822969436645, 4.604785276070619, 4.60474409812536, 4.6046370628552555, 4.604646110534668, 4.604584016555395, 4.604546177692902, 4.6044717666430355, 4.604401932007227, 4.604311263255584, 4.604346533310719, 4.6042413014632, 4.604181849650848, 4.604146139438336, 4.604082947510939, 4.603997548421224, 4.603929623579368, 4.60390088497064, 4.603834419984084, 4.603754859092908, 4.603722994144146, 4.603647124461639, 4.603538157389714, 4.603502675814506, 4.603338438425308, 4.60327730056567, 4.603188059880183, 4.603116332567655, 4.6030863126118975, 4.602939472443018, 4.602916755431738, 4.602750523885091, 4.6027360439300535, 4.602524210856511], "test_loss": [4.59928759765625, 4.599202258300782, 4.599118713378906, 4.599035791015625, 4.598952850341797, 4.598872827148438, 4.598795831298828, 4.598720556640625, 4.598646160888672, 4.59857182006836, 4.598499084472656, 4.598428607177734, 4.5983557067871095, 4.598285363769532, 4.598215826416015, 4.598148229980469, 4.598079486083984, 4.598008795166016, 4.597939050292969, 4.597867767333985, 4.59779555053711, 4.597727368164063, 4.597656707763672, 4.597587219238282, 4.597520715332031, 4.597447802734375, 4.597379943847656, 4.597309161376953, 4.597239849853516, 4.5971682861328125, 4.597099938964844, 4.5970295166015624, 4.596959875488281, 4.596890185546875, 4.596815045166015, 4.596740539550781, 4.596667401123047, 4.596593890380859, 4.596518060302734, 4.5964416015625, 4.5963607604980465, 4.596281805419922, 4.5962021301269536, 4.596118560791016, 4.596035784912109, 4.595951019287109, 4.59586734008789, 4.595783831787109, 4.5956946472167965, 4.595608563232422, 4.595517846679687, 4.595425103759766, 4.595328924560547, 4.595237414550781, 4.595140020751953, 4.595039752197265, 4.594935406494141, 4.594828057861328, 4.594721405029297, 4.594612231445312, 4.594500653076172, 4.5943802612304685, 4.5942647094726565, 4.594139215087891, 4.59401049194336, 4.593876879882813, 4.593738665771484, 4.5936007385253905, 4.593457464599609, 4.59331040649414, 4.5931578002929685, 4.593000885009766, 4.592843878173828, 4.592678552246094, 4.592505487060547, 4.592322570800781, 4.592140460205078, 4.591951733398438, 4.5917533630371095, 4.591550323486328, 4.591343981933594, 4.591127764892578, 4.590907427978515, 4.590676989746094, 4.590444299316406, 4.590198236083984, 4.58994331665039, 4.5896857421875, 4.58941142578125, 4.589127355957031, 4.58882808227539, 4.5885247741699215, 4.588200982666016, 4.587872521972656, 4.587535546875, 4.587180084228516, 4.586815313720703, 4.586436993408203, 4.586046771240234, 4.585638500976563], "test_acc": [1.05, 1.04, 1.02, 1.0, 0.98, 1.01, 1.04, 1.05, 1.04, 1.05, 1.08, 1.15, 1.16, 1.15, 1.17, 1.2, 1.22, 1.19, 1.17, 1.16, 1.15, 1.15, 1.15, 1.18, 1.18, 1.19, 1.19, 1.19, 1.22, 1.22, 1.23, 1.23, 1.27, 1.3, 1.31, 1.32, 1.4, 1.39, 1.4, 1.4, 1.37, 1.39, 1.37, 1.41, 1.41, 1.42, 1.4, 1.42, 1.43, 1.42, 1.38, 1.38, 1.37, 1.38, 1.41, 1.44, 1.45, 1.46, 1.5, 1.5, 1.49, 1.48, 1.48, 1.48, 1.49, 1.51, 1.5, 1.54, 1.56, 1.54, 1.54, 1.55, 1.6, 1.6, 1.61, 1.58, 1.59, 1.59, 1.61, 1.6, 1.58, 1.61, 1.63, 1.62, 1.62, 1.61, 1.63, 1.64, 1.62, 1.61, 1.61, 1.61, 1.61, 1.58, 1.61, 1.63, 1.65, 1.63, 1.63, 1.63]}