{"train_loss": [4.6070692404722555, 4.606985698602139, 4.606844000938612, 4.6068191332694814, 4.606671119347597, 4.6066041848598385, 4.606576480620947, 4.606470753596379, 4.60642839211684, 4.606283620687631, 4.6061910959390495, 4.606160183441944, 4.605981513781425, 4.605953904909965, 4.605918288842226, 4.605867017843784, 4.605779322599753, 4.60569058564993, 4.6055879091605165, 4.605473470687866, 4.605389235569881, 4.60532478919396, 4.605225431002103, 4.605130074574397, 4.60503073594509, 4.60491501490275, 4.604797380398481, 4.604701124093471, 4.604617823087252, 4.604505985211103, 4.604353460898766, 4.604236277555808, 4.604019974439572, 4.603941320761656, 4.603749544192583, 4.603555072882236, 4.603407662954086, 4.603223580580491, 4.603028878187522, 4.602817146594708, 4.602594566345215, 4.602312596638997, 4.602058394749959, 4.6017605647062645, 4.601484746199388, 4.601155619743543, 4.600818850443914, 4.600447976283538, 4.599956947717911, 4.599567797245124, 4.598994671992767, 4.598440653238541, 4.597869377869826, 4.5972783504388275, 4.596529321181468, 4.595804867377648, 4.594844761872903, 4.593960232612414, 4.59303903457446, 4.591869980249649, 4.590860998936188, 4.589670401353103, 4.588308080037435, 4.586878511233207, 4.585507917404175, 4.584093155005039, 4.582931271577492, 4.581290202263074, 4.5797961320632545, 4.578238362532396, 4.576954449140109, 4.575420075196487, 4.574058799254589, 4.572413127850264, 4.571081815621792, 4.569523241581061, 4.56816798723661, 4.566472935065245, 4.565266607969235, 4.563433771867018, 4.562188698695256, 4.560716713391818, 4.55895564128191, 4.557335723974766, 4.555654426721426, 4.553534383040208, 4.552197066331521, 4.550586161246667, 4.548772401076096, 4.546951268269465, 4.545097726430648, 4.543443377812704, 4.541301494989639, 4.539267343129867, 4.537256330098861, 4.535599230497311, 4.533506285838592, 4.53145576501504, 4.529683721982516, 4.527581614714403], "test_loss": [4.599239672851563, 4.599105517578125, 4.598971649169922, 4.598838916015625, 4.59870869140625, 4.5985783752441405, 4.598448168945312, 4.598314752197266, 4.598180279541015, 4.598050012207032, 4.597913787841797, 4.597779064941406, 4.59764248046875, 4.597504272460937, 4.597360949707031, 4.597218170166015, 4.597068969726562, 4.596917254638672, 4.596760736083985, 4.596599261474609, 4.596432708740235, 4.596260247802735, 4.596081475830078, 4.595896301269531, 4.595705212402343, 4.595502307128906, 4.595291192626953, 4.595070257568359, 4.594842456054687, 4.594603033447266, 4.5943519958496095, 4.59408759765625, 4.593803839111328, 4.593510119628906, 4.593191046142578, 4.592850372314453, 4.592484521484375, 4.592097900390625, 4.591684930419922, 4.5912393310546875, 4.590757446289063, 4.590237799072265, 4.58967236328125, 4.589058172607422, 4.5883904296875, 4.587667034912109, 4.5868799621582035, 4.586022448730469, 4.585071990966797, 4.584029223632813, 4.582877569580078, 4.581616784667969, 4.58022660522461, 4.578697375488281, 4.5770112365722655, 4.575165765380859, 4.573119915771485, 4.5708598693847655, 4.56839808959961, 4.565673248291016, 4.562741979980469, 4.559600579833984, 4.5562498596191405, 4.552718780517578, 4.549033410644531, 4.545220574951172, 4.541357781982422, 4.537413922119141, 4.533437084960937, 4.5294355834960935, 4.525460748291016, 4.521483624267578, 4.5175423828125, 4.513551641845703, 4.509623846435547, 4.505490808105469, 4.501376428222656, 4.497264984130859, 4.4932197265625, 4.488943139648438, 4.4848124755859375, 4.480446423339844, 4.4759746887207035, 4.471541357421875, 4.467038146972656, 4.462270446777344, 4.457444061279297, 4.452673895263672, 4.447622583007813, 4.442586688232422, 4.437368634033203, 4.4322458923339845, 4.426900256347656, 4.421682635498047, 4.415850970458984, 4.410163806152344, 4.404907513427735, 4.398797277832031, 4.393365142822265, 4.387283489990234], "test_acc": [1.04, 1.03, 1.04, 1.05, 1.06, 1.07, 1.11, 1.15, 1.19, 1.23, 1.22, 1.23, 1.26, 1.25, 1.31, 1.36, 1.37, 1.38, 1.43, 1.39, 1.37, 1.43, 1.46, 1.46, 1.44, 1.47, 1.47, 1.46, 1.45, 1.42, 1.46, 1.48, 1.49, 1.45, 1.45, 1.49, 1.44, 1.42, 1.43, 1.42, 1.41, 1.46, 1.49, 1.51, 1.51, 1.56, 1.59, 1.63, 1.61, 1.62, 1.62, 1.59, 1.6, 1.59, 1.6, 1.58, 1.58, 1.56, 1.51, 1.48, 1.51, 1.54, 1.62, 1.7, 1.86, 1.87, 1.88, 1.86, 1.96, 2.04, 2.02, 2.13, 2.23, 2.21, 2.25, 2.36, 2.45, 2.56, 2.58, 2.62, 2.62, 2.69, 2.71, 2.73, 2.78, 2.83, 2.88, 2.98, 3.09, 3.1, 3.17, 3.23, 3.37, 3.48, 3.7, 3.9, 4.05, 4.17, 4.25, 4.37]}