{"train_loss": [4.607425907330636, 4.60729083281297, 4.6072589360750635, 4.607267037416116, 4.607102394104004, 4.6070823510487875, 4.607054215211135, 4.6070163298875855, 4.607016320106311, 4.606850638756385, 4.606841062888121, 4.606827754240769, 4.606686762051704, 4.606718908212124, 4.606696076270861, 4.606637250460111, 4.606560972409371, 4.606591883683816, 4.6064952581356735, 4.606450415880252, 4.60642882616092, 4.606387181159778, 4.606347157404973, 4.60626082664881, 4.606325147090814, 4.606268187058277, 4.606155669383513, 4.606205760515653, 4.606180431903937, 4.6061446446638845, 4.606082306152735, 4.606022452085446, 4.6059781416868555, 4.605954282711714, 4.60593230174138, 4.605898734850761, 4.605847298793304, 4.60583559182974, 4.605773614003108, 4.605794294063862, 4.605713921326857, 4.605708471934, 4.605666963870709, 4.605579235614875, 4.605607038889175, 4.605572622250288, 4.605490488883777, 4.605480579229502, 4.605418073214017, 4.6053950578738485, 4.605364463268182, 4.605325984954834, 4.60529309908549, 4.605251060388027, 4.605276668988742, 4.605160011389317, 4.605143113014026, 4.605086512443346, 4.605058363156441, 4.605003919356909, 4.604980082389636, 4.604938538869222, 4.604879934359819, 4.604909997108655, 4.60479318178617, 4.604755256114862, 4.604711818695068, 4.60469706364167, 4.604561935326992, 4.604518650739621, 4.604547131367219, 4.604409979551266, 4.604415025466528, 4.604339631398519, 4.604185890540099, 4.604179271062216, 4.604208315335788, 4.604039269227248, 4.60399800936381, 4.603945971757938, 4.603852281814967, 4.603876280173277, 4.603743993318998, 4.603665644083268, 4.603614412209926, 4.603515050350091, 4.60343619004274, 4.60335040581532, 4.603240317564744, 4.603195405617738, 4.6031003340696675, 4.6029720636514515, 4.60290566835648, 4.602752582843487, 4.602739922205607, 4.602524926112248, 4.602480815007136, 4.602336288109804, 4.602254922573383, 4.602075921572172], "test_loss": [4.59928130493164, 4.599189794921875, 4.599103240966797, 4.599015216064453, 4.598928442382812, 4.598846020507812, 4.598770208740234, 4.598692449951172, 4.5986181884765625, 4.598543273925781, 4.59846626586914, 4.598392822265625, 4.5983200317382815, 4.598249389648437, 4.598177856445313, 4.5981033996582035, 4.598033972167968, 4.597961285400391, 4.597892596435547, 4.597823284912109, 4.5977501342773435, 4.59768032836914, 4.5976142578125, 4.5975452941894535, 4.597474151611328, 4.5974022521972655, 4.597327062988281, 4.597254571533203, 4.5971847351074215, 4.597112188720703, 4.597041375732422, 4.59696513671875, 4.596889141845703, 4.596812200927735, 4.596731762695312, 4.596654064941406, 4.596576385498047, 4.596497387695313, 4.5964146484375, 4.59633193359375, 4.59624555053711, 4.5961629638671875, 4.596076330566406, 4.5959857543945315, 4.595899530029297, 4.595809521484375, 4.595717517089843, 4.595625750732422, 4.595527691650391, 4.595434844970703, 4.59533862915039, 4.595238671875, 4.595134558105468, 4.59503154296875, 4.594926171875, 4.594813330078125, 4.594698486328125, 4.594580798339844, 4.594459307861328, 4.5943326599121095, 4.594207537841797, 4.594080773925781, 4.593948168945312, 4.593815301513672, 4.593668157958985, 4.59352339477539, 4.593374768066406, 4.5932178283691405, 4.593057135009766, 4.59288939819336, 4.592721447753906, 4.592540594482422, 4.5923525390625, 4.592162756347657, 4.5919589538574215, 4.5917497253417965, 4.591539697265625, 4.591317419433594, 4.591085260009765, 4.590846319580078, 4.590602459716797, 4.590350439453125, 4.590089959716797, 4.589818414306641, 4.589538305664062, 4.5892465270996095, 4.588940509033203, 4.588625201416016, 4.588292211914062, 4.587947149658203, 4.587592370605469, 4.587228656005859, 4.586855682373047, 4.586461883544922, 4.586058935546875, 4.585623645019531, 4.585179235839844, 4.5847192443847655, 4.584241418457031, 4.583739636230469], "test_acc": [1.07, 1.01, 1.01, 0.96, 0.99, 1.01, 1.02, 1.06, 1.05, 1.06, 1.08, 1.14, 1.12, 1.13, 1.15, 1.15, 1.14, 1.17, 1.18, 1.19, 1.22, 1.2, 1.21, 1.19, 1.2, 1.17, 1.16, 1.18, 1.19, 1.2, 1.22, 1.26, 1.29, 1.29, 1.28, 1.28, 1.29, 1.3, 1.32, 1.35, 1.38, 1.39, 1.41, 1.42, 1.44, 1.44, 1.42, 1.41, 1.47, 1.49, 1.51, 1.51, 1.47, 1.5, 1.49, 1.47, 1.5, 1.47, 1.45, 1.47, 1.44, 1.44, 1.45, 1.45, 1.45, 1.45, 1.45, 1.47, 1.47, 1.48, 1.52, 1.52, 1.52, 1.52, 1.52, 1.52, 1.53, 1.51, 1.52, 1.55, 1.54, 1.54, 1.56, 1.58, 1.64, 1.65, 1.65, 1.66, 1.7, 1.73, 1.73, 1.73, 1.71, 1.7, 1.72, 1.74, 1.76, 1.74, 1.75, 1.77]}