{"train_loss": [4.6073945228870095, 4.607352613791441, 4.607264361014733, 4.607249110784286, 4.607198534256373, 4.607166979863093, 4.607131560643514, 4.60706960727007, 4.607055479440934, 4.607010827920376, 4.606974562620505, 4.606950635176439, 4.6069212815700435, 4.606871677056337, 4.60686855438428, 4.60683599618765, 4.606817155006604, 4.60678896292662, 4.606785499132597, 4.606715355163965, 4.606732549422826, 4.606693838804196, 4.606675325295864, 4.60666369902782, 4.606643889500544, 4.606630924420479, 4.606586518654456, 4.606576841305464, 4.606532962505634, 4.6065245897341995, 4.606518585253984, 4.606490537447807, 4.606503259218656, 4.606466172291682, 4.606451561512091, 4.6064385805374535, 4.606403227341481, 4.606389112961598, 4.606399801449898, 4.606373642652462, 4.606349791013278, 4.606351172618377, 4.606327572847024, 4.6063115327786175, 4.606318872402876, 4.6062879256713085, 4.606273924998748, 4.606254547070234, 4.606234276600373, 4.60623463850755, 4.606211651288546, 4.606201099738096, 4.606166696548462, 4.606187762969579, 4.606172861197056, 4.606134236164582, 4.606127581229576, 4.606128307489248, 4.60612887602586, 4.606098469709739, 4.606096327610505, 4.606084692783845, 4.606051978086814, 4.606046692530314, 4.606059323824369, 4.606047478700296, 4.606024452356192, 4.606024117347522, 4.605987998766777, 4.606006857065054, 4.606011001880352, 4.605965396685478, 4.6059729955135245, 4.605991590940035, 4.605960649099106, 4.605925861994425, 4.605934860767462, 4.605946980989897, 4.605920084928855, 4.605912451866345, 4.60587875904181, 4.6058862197093475, 4.6058982384510525, 4.605864709462875, 4.605864940545498, 4.605860530413114, 4.60584062062777, 4.60582070228381, 4.605819568878565, 4.605830598488832, 4.605784982290023, 4.605798915716318, 4.605776301408425, 4.605786658556033, 4.6057777196933065, 4.605764556542421, 4.6057687331468635, 4.60576564226395, 4.605764801074297, 4.605750647569314], "test_loss": [4.599332598876953, 4.599291455078125, 4.5992545227050785, 4.599217620849609, 4.599181018066406, 4.599146331787109, 4.599113854980469, 4.599082067871094, 4.599052185058594, 4.599022375488281, 4.598993933105469, 4.598966790771485, 4.598939575195312, 4.598913275146485, 4.598887030029297, 4.598861334228515, 4.598836560058594, 4.598810766601562, 4.598786706542969, 4.598764971923828, 4.598743188476562, 4.598719970703125, 4.598697644042969, 4.59867622680664, 4.5986547302246095, 4.5986341369628905, 4.598613696289062, 4.598592761230469, 4.598572814941407, 4.598553198242188, 4.598534375, 4.598515405273438, 4.598497814941406, 4.598480767822266, 4.598462335205078, 4.598443426513672, 4.59842431640625, 4.5984059387207035, 4.598388165283203, 4.598371392822266, 4.598355169677735, 4.598337982177735, 4.5983226806640625, 4.598305609130859, 4.598286566162109, 4.598269622802734, 4.598253912353516, 4.5982380187988285, 4.598223767089844, 4.598207427978515, 4.598191833496093, 4.598175891113281, 4.598159777832032, 4.598143859863281, 4.598129040527343, 4.5981138671875, 4.598097351074219, 4.598081512451172, 4.598066998291015, 4.598053582763672, 4.598038702392578, 4.598026025390625, 4.598010931396485, 4.59799619140625, 4.597981658935547, 4.5979680236816405, 4.597954449462891, 4.59794111328125, 4.597927197265625, 4.597914099121094, 4.597899603271484, 4.597885705566406, 4.597872521972656, 4.5978593811035156, 4.597845135498047, 4.5978335083007815, 4.597820922851563, 4.5978091430664065, 4.597796807861328, 4.59778363647461, 4.597769409179688, 4.597756945800781, 4.597744763183594, 4.597733001708985, 4.597719561767578, 4.597707843017578, 4.597695629882812, 4.597682885742188, 4.597668695068359, 4.597655798339844, 4.597643585205078, 4.597631494140625, 4.597618774414062, 4.597607006835937, 4.597594964599609, 4.597582629394531, 4.597570837402344, 4.5975592468261715, 4.597545556640625, 4.597534045410156], "test_acc": [1.07, 1.04, 1.0, 1.0, 1.0, 1.01, 1.0, 0.97, 0.96, 1.0, 0.99, 0.97, 0.95, 0.97, 0.96, 0.98, 0.98, 0.97, 0.95, 0.94, 0.92, 0.92, 0.95, 0.95, 0.96, 0.97, 0.98, 0.98, 0.97, 0.96, 0.96, 0.97, 0.96, 0.96, 0.97, 0.98, 0.98, 0.99, 0.98, 0.97, 0.94, 0.96, 0.97, 0.97, 0.98, 1.01, 1.01, 1.02, 1.04, 1.06, 1.09, 1.09, 1.11, 1.1, 1.11, 1.14, 1.14, 1.13, 1.13, 1.13, 1.13, 1.11, 1.11, 1.13, 1.15, 1.13, 1.13, 1.14, 1.18, 1.18, 1.2, 1.21, 1.21, 1.23, 1.24, 1.24, 1.22, 1.22, 1.24, 1.25, 1.24, 1.22, 1.24, 1.25, 1.25, 1.27, 1.25, 1.26, 1.26, 1.27, 1.26, 1.26, 1.27, 1.27, 1.27, 1.29, 1.31, 1.31, 1.32, 1.32]}