{"train_loss": [4.6073272961836595, 4.607276087540846, 4.607208827825693, 4.607192199658125, 4.607128241123298, 4.607095995927469, 4.607063892560127, 4.607016970561101, 4.606990043933575, 4.60693099070818, 4.606898674598107, 4.606887147365472, 4.606817650183653, 4.606800349553426, 4.60679203913762, 4.606764792173337, 4.606728739616198, 4.606701783644847, 4.606670576486832, 4.6066383545215315, 4.606614584800525, 4.6065970078492775, 4.606566028105907, 4.60654087800246, 4.606520479153364, 4.60649108397655, 4.606462867443378, 4.606446114564553, 4.6064300488203, 4.606409991093171, 4.606390396753947, 4.606364815051739, 4.606335253593249, 4.606316457650601, 4.6063049426445595, 4.606274680602245, 4.6062629601894285, 4.60623570222121, 4.606224611477974, 4.606204430262248, 4.606183844346266, 4.60616687872471, 4.606145932124211, 4.606122271219889, 4.606117574985211, 4.606094395808684, 4.606071960009062, 4.606054044381166, 4.606032889928573, 4.606023498681876, 4.6060032673371145, 4.605978859387911, 4.60596470343761, 4.605957966584426, 4.605942833729279, 4.605923169698471, 4.605897215085152, 4.605887888639401, 4.60587097070156, 4.605859568180182, 4.605844774001684, 4.605829022480891, 4.605817302068075, 4.605788898468018, 4.605755714269785, 4.605756758420895, 4.605754446372008, 4.605737395164294, 4.605714947138077, 4.6056970657446445, 4.605680217498388, 4.605660746647762, 4.605657313420222, 4.60562381255321, 4.605607126920651, 4.605607328659449, 4.605606851822291, 4.605562279774593, 4.605562576880822, 4.605558814757909, 4.605518374076256, 4.605523772117419, 4.605492030657254, 4.605485150752924, 4.605470142609033, 4.605452030132978, 4.605441353871272, 4.605434134067633, 4.605412023495405, 4.605409301855626, 4.605376442884787, 4.605347537994385, 4.605337464503753, 4.605320297143398, 4.605318838510758, 4.605283086727827, 4.605273850758871, 4.6052547968350925, 4.605251088509193, 4.605215853911179], "test_loss": [4.599307238769531, 4.599241906738281, 4.5991795593261715, 4.5991183959960935, 4.599059020996093, 4.599000817871094, 4.598945745849609, 4.598891906738281, 4.598839245605468, 4.5987873352050785, 4.598735046386719, 4.598684204101563, 4.598634661865234, 4.59858706665039, 4.598539245605469, 4.598492517089844, 4.5984461303710935, 4.598400323486328, 4.5983554504394535, 4.5983099853515625, 4.598265588378906, 4.598221112060547, 4.598177917480469, 4.5981343017578125, 4.598091387939453, 4.598048364257813, 4.598005285644531, 4.5979625, 4.597920520019532, 4.597878509521484, 4.597837237548828, 4.597795733642578, 4.597754217529297, 4.597714044189453, 4.597672222900391, 4.597630920410157, 4.597590588378906, 4.597550854492187, 4.5975103881835935, 4.597469720458984, 4.597428979492188, 4.597388848876953, 4.597348052978516, 4.597307830810547, 4.597267523193359, 4.597226385498047, 4.597186779785156, 4.597146203613281, 4.597105499267578, 4.597064654541016, 4.5970237365722655, 4.596982232666016, 4.5969397216796875, 4.596898162841797, 4.5968568298339845, 4.596814733886719, 4.596772833251953, 4.5967292297363285, 4.5966861328125, 4.596642614746094, 4.596599060058594, 4.59655625, 4.596512268066406, 4.596467938232422, 4.596422741699219, 4.596377221679687, 4.596331463623047, 4.596285998535156, 4.596239422607422, 4.596192047119141, 4.596145715332031, 4.596097344970703, 4.596049719238281, 4.596000653076172, 4.5959513488769534, 4.595902313232422, 4.5958531433105465, 4.595802685546875, 4.59575205078125, 4.5957001708984375, 4.595648748779297, 4.5955960571289065, 4.595543170166016, 4.595488879394531, 4.595435455322265, 4.595380609130859, 4.595323272705079, 4.5952677734375, 4.5952100036621095, 4.595152075195313, 4.595093707275391, 4.595034497070312, 4.594973846435547, 4.59491142578125, 4.594849298095703, 4.594783990478516, 4.59471875, 4.59465283203125, 4.594586657714844, 4.59451845703125], "test_acc": [1.07, 1.04, 1.02, 1.0, 0.99, 0.98, 1.01, 1.02, 1.01, 1.02, 1.02, 1.02, 1.02, 1.03, 1.04, 1.04, 1.03, 1.04, 1.04, 1.03, 1.04, 1.07, 1.08, 1.08, 1.12, 1.13, 1.13, 1.13, 1.11, 1.13, 1.14, 1.13, 1.14, 1.13, 1.15, 1.14, 1.16, 1.16, 1.16, 1.18, 1.18, 1.18, 1.21, 1.23, 1.25, 1.24, 1.25, 1.25, 1.23, 1.25, 1.29, 1.3, 1.3, 1.29, 1.32, 1.33, 1.36, 1.36, 1.36, 1.37, 1.38, 1.38, 1.38, 1.4, 1.42, 1.42, 1.41, 1.42, 1.4, 1.39, 1.42, 1.44, 1.45, 1.46, 1.47, 1.45, 1.49, 1.5, 1.51, 1.52, 1.52, 1.51, 1.51, 1.5, 1.5, 1.5, 1.51, 1.52, 1.53, 1.55, 1.56, 1.56, 1.55, 1.53, 1.52, 1.54, 1.54, 1.53, 1.53, 1.53]}