{"train_loss": [4.607334306912544, 4.607288048817561, 4.607255692359729, 4.607234496336717, 4.607182298562465, 4.6071520242935575, 4.607086522762592, 4.607066989556337, 4.607033811471401, 4.60697897030757, 4.606951131576147, 4.606943250313783, 4.606875016139104, 4.606872161229451, 4.606831595836542, 4.606823860070644, 4.606795325646034, 4.6067890057196985, 4.606742150966937, 4.60670167849614, 4.606677335347885, 4.606664949808366, 4.606637179545867, 4.606618377489921, 4.606595468521118, 4.606584138136643, 4.606539266537397, 4.606526093605237, 4.606514474673149, 4.606483262624496, 4.606467409622975, 4.606439419281789, 4.606404218918238, 4.606394790991759, 4.606398696165819, 4.606376006053044, 4.606346597426977, 4.606317882048778, 4.606333056474344, 4.606289781668248, 4.606299981092795, 4.6062431115370535, 4.6062296317173885, 4.606213358121041, 4.606241961014576, 4.6061917525071365, 4.6062099310067985, 4.606190012662839, 4.606165170669556, 4.606165942167625, 4.606135310882177, 4.606111993545141, 4.606110735428639, 4.606109161866017, 4.606094223413712, 4.606062412261963, 4.606045253460223, 4.606071041791867, 4.606028323295789, 4.606035977143508, 4.606015288524139, 4.605994506982657, 4.605995959502, 4.6059587197426035, 4.605948943358201, 4.6059522775503305, 4.605918227709257, 4.605939674377441, 4.605953255677835, 4.605932515706772, 4.605896361668905, 4.605883983465342, 4.605894543574407, 4.605829490759434, 4.605840410330357, 4.605840426224929, 4.6058221022288, 4.6058143310057815, 4.605812407762576, 4.605804392007681, 4.605753293404212, 4.605772313093528, 4.605744580733471, 4.605761680847559, 4.605756780428764, 4.605725125777416, 4.605744980543088, 4.605714865219899, 4.605694987223699, 4.605717756809333, 4.6056941399207485, 4.605675803698026, 4.6056602490253935, 4.605670296840179, 4.60566828189752, 4.605646308263143, 4.605624432441516, 4.605627764188326, 4.605636009803185, 4.605623944600423], "test_loss": [4.59932021484375, 4.59927119140625, 4.599223468017578, 4.599177410888672, 4.599132629394531, 4.599088940429687, 4.5990470581054685, 4.599006066894531, 4.598968035888672, 4.598929278564453, 4.598890447998047, 4.598855981445313, 4.598821844482422, 4.598788824462891, 4.598754138183594, 4.598721563720703, 4.598690209960938, 4.598658972167969, 4.598627276611328, 4.598596337890625, 4.598566931152344, 4.5985359252929685, 4.598507244873047, 4.598477545166015, 4.598450659179687, 4.598423040771484, 4.598395672607422, 4.59836796875, 4.59834287109375, 4.598317071533203, 4.598291583251953, 4.598264105224609, 4.598238494873047, 4.598214855957031, 4.598190368652344, 4.598166094970703, 4.598140795898438, 4.598115631103516, 4.598090838623047, 4.598064819335938, 4.598040191650391, 4.598016687011719, 4.597992395019531, 4.597966955566406, 4.597942614746094, 4.597919708251953, 4.597896520996094, 4.597874926757813, 4.597851776123047, 4.597828521728515, 4.597807904052734, 4.597787194824218, 4.597764660644531, 4.597743682861328, 4.5977202270507815, 4.597698303222656, 4.597676123046875, 4.597653723144531, 4.5976342041015625, 4.597613684082031, 4.5975930114746095, 4.597571221923828, 4.597548571777343, 4.597526470947265, 4.597506018066406, 4.597482891845703, 4.597461267089844, 4.597441101074219, 4.597418640136719, 4.5973979858398435, 4.597376684570312, 4.597355621337891, 4.597333850097656, 4.5973113342285155, 4.597290734863281, 4.5972703857421875, 4.5972486572265625, 4.59722744140625, 4.597204058837891, 4.5971828430175785, 4.5971596252441405, 4.597138317871094, 4.597117346191406, 4.597095831298828, 4.597073706054688, 4.597053356933594, 4.597032922363281, 4.597011248779297, 4.596989874267578, 4.596969262695312, 4.596947131347656, 4.596926409912109, 4.596902935791015, 4.596878845214844, 4.59685668334961, 4.596833795166016, 4.5968125, 4.596791284179687, 4.596770532226563, 4.596747607421875], "test_acc": [1.07, 1.04, 1.02, 1.0, 0.99, 0.99, 0.96, 0.96, 0.96, 0.98, 0.96, 0.96, 0.98, 0.98, 0.96, 0.96, 0.98, 0.96, 0.98, 0.99, 0.99, 0.98, 1.01, 1.03, 1.05, 1.08, 1.07, 1.09, 1.08, 1.06, 1.07, 1.06, 1.07, 1.07, 1.08, 1.07, 1.08, 1.08, 1.06, 1.03, 1.03, 1.03, 1.03, 1.05, 1.05, 1.07, 1.06, 1.06, 1.07, 1.07, 1.11, 1.13, 1.14, 1.14, 1.14, 1.13, 1.16, 1.14, 1.11, 1.06, 1.09, 1.1, 1.1, 1.14, 1.15, 1.15, 1.2, 1.21, 1.23, 1.22, 1.22, 1.23, 1.24, 1.24, 1.25, 1.28, 1.28, 1.28, 1.3, 1.3, 1.33, 1.31, 1.31, 1.32, 1.34, 1.34, 1.35, 1.35, 1.35, 1.35, 1.35, 1.35, 1.36, 1.37, 1.37, 1.37, 1.37, 1.38, 1.37, 1.37]}