{"train_loss": [4.607256196095393, 4.607188668617836, 4.607123551001916, 4.607120579939622, 4.607001694654807, 4.607037325394459, 4.606945411975567, 4.606944316472763, 4.606896742796287, 4.606849704644619, 4.606805028670873, 4.606781801810631, 4.606759646000007, 4.606743773435935, 4.606685072336441, 4.606706087405865, 4.606670745213827, 4.606622774173052, 4.606591746745965, 4.606593076999371, 4.6065587141574955, 4.60655395312187, 4.606488037109375, 4.6064581785446554, 4.6064677849794045, 4.606431465882522, 4.606378245965028, 4.606396513718825, 4.606387721575223, 4.606344280487452, 4.606330532905383, 4.606346431145301, 4.606278741054046, 4.60622805081881, 4.606282355235173, 4.606227578872289, 4.606204376465235, 4.6062364761645975, 4.606198574946477, 4.606191877218393, 4.6061088403066, 4.6061272168770815, 4.60610992358281, 4.6060902033096704, 4.606093354102892, 4.606082842900203, 4.606045400179349, 4.606004769985493, 4.606039696473342, 4.605985328478691, 4.6060347532614685, 4.605990268022586, 4.605972890364818, 4.605968812795786, 4.6059511734889105, 4.605919019992535, 4.605867546032637, 4.605884944475614, 4.605898002477793, 4.605894211011055, 4.6058696575653855, 4.605876269707313, 4.605841463040083, 4.605799446350489, 4.605781368108896, 4.605761424089089, 4.605812404094598, 4.605754848626944, 4.605772414574257, 4.605769634246826, 4.605723262444521, 4.6057202913822275, 4.605705768634111, 4.605713357680883, 4.6056766424423605, 4.6056535891997505, 4.605686873656053, 4.6056572082715155, 4.605647025964199, 4.605631094712478, 4.605603462610489, 4.605622149736453, 4.605573441432073, 4.605604371046408, 4.605534630555373, 4.605571424044095, 4.605588613412319, 4.6055618066054125, 4.605523186463576, 4.605559133872008, 4.605522578801864, 4.605511441597572, 4.605455486591046, 4.605482783684364, 4.605457122509296, 4.605450977423252, 4.60543329287798, 4.605433399249346, 4.60542347125518, 4.605379089942345], "test_loss": [4.599319390869141, 4.599265911865235, 4.599215051269531, 4.5991656066894535, 4.599116290283203, 4.599072747802734, 4.599027624511718, 4.598986279296875, 4.598944091796875, 4.598903204345703, 4.598861871337891, 4.598822082519531, 4.598782788085938, 4.598746710205078, 4.598709173583984, 4.5986731750488286, 4.5986373046875, 4.598600421142578, 4.598565441894531, 4.598533337402344, 4.598500213623047, 4.598465808105469, 4.59843392944336, 4.598399609375, 4.5983692626953125, 4.598336199951172, 4.598303594970703, 4.598272784423828, 4.598242840576172, 4.598210186767578, 4.598180249023438, 4.5981492431640625, 4.598118194580078, 4.5980884765625, 4.598059619140625, 4.59803076171875, 4.598004138183594, 4.597974938964843, 4.597948712158203, 4.59791976928711, 4.597891052246093, 4.597861334228516, 4.597833673095703, 4.5978061401367185, 4.5977806396484375, 4.597754064941406, 4.597727947998047, 4.597700555419922, 4.597673175048828, 4.597645556640625, 4.597617877197266, 4.5975905151367185, 4.597564794921875, 4.597538403320312, 4.597511901855468, 4.597488360595703, 4.597461395263672, 4.597432537841797, 4.597402355957032, 4.597375225830078, 4.597347088623047, 4.597320324707031, 4.5972918640136715, 4.597262634277344, 4.597231878662109, 4.597202880859375, 4.59717607421875, 4.597149249267578, 4.597121166992188, 4.597093121337891, 4.597065533447266, 4.597036120605469, 4.597009240722656, 4.5969799011230466, 4.596952362060547, 4.596922204589844, 4.5968937438964845, 4.596863049316406, 4.5968328125, 4.596801477050781, 4.596771893310547, 4.596741973876953, 4.596713092041016, 4.596680651855468, 4.5966511169433595, 4.596620013427734, 4.596587329101562, 4.5965564453125, 4.596526928710937, 4.596495050048828, 4.596465557861328, 4.596434185791016, 4.596403125, 4.5963730590820315, 4.5963390380859375, 4.596308251953125, 4.596274951171875, 4.596242620849609, 4.5962088012695315, 4.596173028564453], "test_acc": [1.06, 1.01, 1.02, 1.0, 1.0, 1.0, 1.0, 0.98, 0.96, 0.99, 0.97, 0.96, 0.97, 0.95, 0.98, 0.96, 0.97, 0.98, 1.01, 1.0, 1.01, 1.02, 1.0, 1.01, 1.01, 1.02, 1.0, 0.98, 0.99, 1.01, 1.01, 1.03, 1.04, 1.03, 1.03, 1.01, 1.01, 0.99, 0.99, 0.98, 0.97, 0.96, 0.96, 0.95, 0.96, 0.98, 0.98, 0.99, 0.99, 1.0, 0.99, 1.0, 1.02, 1.05, 1.05, 1.06, 1.09, 1.08, 1.08, 1.08, 1.08, 1.09, 1.06, 1.07, 1.07, 1.07, 1.09, 1.1, 1.13, 1.15, 1.17, 1.17, 1.17, 1.17, 1.2, 1.2, 1.19, 1.17, 1.15, 1.16, 1.17, 1.17, 1.18, 1.19, 1.18, 1.19, 1.18, 1.18, 1.19, 1.18, 1.18, 1.17, 1.17, 1.18, 1.18, 1.19, 1.19, 1.2, 1.21, 1.22]}