{"train_loss": [4.60746464973841, 4.607401340435713, 4.607329216981546, 4.607308950179663, 4.607249318636381, 4.607218656784449, 4.607159127944555, 4.607111798799955, 4.607085282985981, 4.607037781446408, 4.606990837439513, 4.606972644267938, 4.606911299778865, 4.606887074005909, 4.606886300062522, 4.606837883973733, 4.606813155687773, 4.606798459322024, 4.606766882920876, 4.606708636650672, 4.606720956166585, 4.606663163503011, 4.6066457528334395, 4.606635224513519, 4.60662076534369, 4.606588670534966, 4.606537645291059, 4.606511550071912, 4.606478341420492, 4.6064764683063215, 4.606479616654225, 4.6064596701891, 4.606423507592617, 4.6063863314115086, 4.606365673358624, 4.60633162474021, 4.606326849032671, 4.6062806129455565, 4.606307004048274, 4.606261579806988, 4.606256718513293, 4.606225118881617, 4.606223634573129, 4.6061549235612915, 4.606149063354883, 4.606201010483962, 4.606121515616392, 4.606097152905586, 4.606063166642801, 4.606100649711413, 4.606090183747121, 4.606009339063595, 4.606030285664094, 4.606024597852658, 4.606005314068916, 4.605948461630406, 4.605943773954342, 4.605938856418316, 4.605924542744955, 4.605921417627579, 4.605894591258123, 4.605907806983361, 4.605852053715632, 4.605851115935888, 4.605822350428655, 4.605817461013794, 4.605801665477264, 4.605747603147458, 4.605755335245377, 4.605741428717589, 4.605754071015578, 4.605737720391689, 4.605696327258379, 4.605680691890227, 4.605664289914644, 4.605661858045138, 4.605674044291178, 4.605595588684082, 4.6056062013675, 4.605619777777256, 4.605592827919202, 4.605569217143914, 4.605551121785091, 4.605542054543128, 4.605520599316328, 4.605500616171422, 4.605527265255268, 4.605529198279748, 4.605503703386356, 4.605493650680933, 4.605459952965761, 4.605451581416986, 4.605411772850232, 4.605413163013948, 4.605385551697169, 4.6053745856651895, 4.605382794600267, 4.605344378642547, 4.605319871657934, 4.605313266851963], "test_loss": [4.5993092956542965, 4.5992458618164065, 4.599186517333984, 4.599128436279297, 4.599071875, 4.599015972900391, 4.5989637939453125, 4.598912774658203, 4.59886298828125, 4.598812371826172, 4.59876138305664, 4.598713305664062, 4.598665069580078, 4.598621423339844, 4.598576202392578, 4.598532159423828, 4.598487200927734, 4.598443225097657, 4.598401940917968, 4.598358514404297, 4.598317572021484, 4.598274151611328, 4.598233355712891, 4.598192535400391, 4.598153283691406, 4.598112170410157, 4.598071844482422, 4.598033361816406, 4.5979955261230465, 4.597958148193359, 4.597922064208984, 4.597886108398438, 4.597848260498047, 4.597812493896484, 4.597774261474609, 4.597737469482422, 4.597700830078125, 4.59766332397461, 4.597625476074219, 4.597590594482422, 4.5975533264160156, 4.597518981933594, 4.597483312988281, 4.597447814941407, 4.5974119201660155, 4.597377532958984, 4.5973422180175785, 4.597307006835938, 4.597270428466797, 4.5972354614257815, 4.5971999389648435, 4.597162329101563, 4.597126531982422, 4.597091912841797, 4.597058087158203, 4.597023071289063, 4.596987115478516, 4.5969498046875, 4.596913958740235, 4.596876849365234, 4.596839813232422, 4.596805426025391, 4.596768566894531, 4.59673052368164, 4.596693530273438, 4.5966560180664064, 4.596617291259766, 4.596579315185547, 4.596539697265625, 4.596501202392578, 4.596462976074219, 4.596422564697265, 4.596383569335938, 4.596343566894531, 4.596303582763672, 4.596264752197266, 4.596225177001953, 4.596181622314453, 4.596139886474609, 4.596098406982422, 4.596056530761719, 4.596013836669922, 4.5959690612792965, 4.595925732421875, 4.595880828857422, 4.595839288330078, 4.595795098876953, 4.5957501647949215, 4.59570610961914, 4.595659436035156, 4.595612457275391, 4.59556734008789, 4.595519616699219, 4.59546953125, 4.595421887207031, 4.595371917724609, 4.5953226623535155, 4.595269982910156, 4.595218200683593, 4.595163348388672], "test_acc": [1.06, 1.03, 1.03, 1.0, 0.97, 0.98, 1.05, 1.05, 1.05, 1.05, 1.05, 1.05, 1.06, 1.06, 1.07, 1.08, 1.07, 1.09, 1.1, 1.1, 1.1, 1.12, 1.1, 1.09, 1.08, 1.06, 1.07, 1.08, 1.09, 1.1, 1.11, 1.11, 1.11, 1.12, 1.13, 1.15, 1.17, 1.17, 1.19, 1.19, 1.22, 1.23, 1.23, 1.23, 1.23, 1.24, 1.24, 1.24, 1.21, 1.26, 1.32, 1.33, 1.34, 1.35, 1.36, 1.38, 1.41, 1.43, 1.44, 1.44, 1.44, 1.45, 1.45, 1.45, 1.47, 1.49, 1.5, 1.51, 1.52, 1.51, 1.52, 1.52, 1.53, 1.52, 1.53, 1.53, 1.52, 1.52, 1.53, 1.53, 1.52, 1.52, 1.53, 1.53, 1.51, 1.51, 1.51, 1.52, 1.52, 1.5, 1.5, 1.5, 1.49, 1.49, 1.49, 1.51, 1.51, 1.49, 1.49, 1.48]}