{"train_loss": [4.607071087910579, 4.607027125969911, 4.606875967368102, 4.606865800955357, 4.606754244290865, 4.606749533384274, 4.60668700780624, 4.606647787338648, 4.606581050921709, 4.606466937676454, 4.606430411950136, 4.6064266437139265, 4.6062630335489905, 4.606276429005158, 4.606215346165192, 4.606209953014667, 4.60610467837407, 4.606091281695243, 4.606039318671593, 4.605973392877823, 4.6058816970923, 4.605876105870956, 4.605797848334679, 4.6057509116637405, 4.605687893353975, 4.605650312472612, 4.605564405979254, 4.60545447178376, 4.605474300873586, 4.605437161372258, 4.605368880736522, 4.605278665591509, 4.605212689668704, 4.60517311829787, 4.605128123210027, 4.604998449178843, 4.604963511687059, 4.6048982290121225, 4.604857427645952, 4.6047607030624, 4.60470246901879, 4.60462248141949, 4.604525923117613, 4.604424701592861, 4.604413138903104, 4.604284809797238, 4.604189938765305, 4.604115756352742, 4.6039594063392055, 4.603931912397727, 4.6038061410952835, 4.603652637432783, 4.603551902526465, 4.603436890626565, 4.603334346184364, 4.603197737229176, 4.602991632314828, 4.602817173493214, 4.602678885826697, 4.602515521416297, 4.602358161486112, 4.602198144717094, 4.60197931436392, 4.601749764955961, 4.601485666861901, 4.601306725770999, 4.601086964974036, 4.600836581450242, 4.600533485412598, 4.600171804428101, 4.599940115366227, 4.599553131445861, 4.599263587364784, 4.598842102442032, 4.598507422667283, 4.598151497963148, 4.5977773336263805, 4.597291282507089, 4.5968960126241045, 4.5963408898084595, 4.595881253022414, 4.595541158089271, 4.594858687963241, 4.594348511329064, 4.593886456122765, 4.59315512975057, 4.5925720655001125, 4.592032208809486, 4.591366777664576, 4.590809334241427, 4.590220654316438, 4.589694312902597, 4.5891367019751135, 4.588357852055476, 4.587749619361682, 4.5871565598707935, 4.586544053982466, 4.585932703507252, 4.585430787159846, 4.58487215531178], "test_loss": [4.599263177490235, 4.599153070068359, 4.599046374511719, 4.598939636230469, 4.598836053466797, 4.598732287597656, 4.598632275390625, 4.598530670166015, 4.598430810546875, 4.598330822753907, 4.598227899169922, 4.598129919433593, 4.598029443359375, 4.597930249023437, 4.597826513671875, 4.597724053955078, 4.597622174072265, 4.597519055175781, 4.597414562988281, 4.597308837890625, 4.597200604248047, 4.597091522216797, 4.596979681396484, 4.59686683959961, 4.596750177001953, 4.5966302734375, 4.596505651855469, 4.596379266357422, 4.596253875732422, 4.596125231933594, 4.595993463134765, 4.595855963134766, 4.595712585449219, 4.595572918701172, 4.59542236328125, 4.595271496582031, 4.595115979003906, 4.5949538146972655, 4.594788751220703, 4.594615716552735, 4.594435595703125, 4.5942486389160155, 4.594053576660157, 4.593852807617187, 4.593643890380859, 4.593420855712891, 4.593188549804688, 4.592947467041015, 4.592692437744141, 4.59242866821289, 4.5921458190917965, 4.591849591064453, 4.591531811523438, 4.5912001953125, 4.59085380859375, 4.59048486328125, 4.590087371826172, 4.5896612060546875, 4.589217254638672, 4.588739703369141, 4.588233984375, 4.587698571777344, 4.587129425048828, 4.586525659179688, 4.585876800537109, 4.58518388671875, 4.584453704833984, 4.583672509765625, 4.582839935302735, 4.581933697509766, 4.5809888671875, 4.579966796875, 4.578889459228516, 4.577732086181641, 4.5765121398925785, 4.575218005371093, 4.573839831542969, 4.572384429931641, 4.570861065673828, 4.569213061523437, 4.567509252929687, 4.565726312255859, 4.5638216796875, 4.5618620849609375, 4.559836352539063, 4.557726470947266, 4.555556964111328, 4.553343469238281, 4.551110534667969, 4.548829113769531, 4.546567852783203, 4.544311688232422, 4.542032482910156, 4.539766174316406, 4.537423779296875, 4.535148461914062, 4.532915478515625, 4.5305885986328125, 4.528359411621094, 4.526093835449219], "test_acc": [1.04, 1.02, 1.0, 0.99, 1.03, 1.01, 1.08, 1.09, 1.11, 1.14, 1.13, 1.15, 1.15, 1.18, 1.19, 1.23, 1.21, 1.26, 1.25, 1.27, 1.27, 1.25, 1.23, 1.24, 1.28, 1.32, 1.35, 1.4, 1.35, 1.37, 1.4, 1.39, 1.38, 1.44, 1.42, 1.42, 1.42, 1.45, 1.45, 1.45, 1.43, 1.45, 1.45, 1.49, 1.48, 1.48, 1.49, 1.48, 1.48, 1.48, 1.48, 1.46, 1.48, 1.46, 1.49, 1.46, 1.49, 1.47, 1.47, 1.43, 1.43, 1.43, 1.44, 1.44, 1.46, 1.47, 1.51, 1.52, 1.56, 1.54, 1.54, 1.55, 1.6, 1.55, 1.58, 1.56, 1.54, 1.56, 1.56, 1.57, 1.59, 1.6, 1.66, 1.64, 1.68, 1.67, 1.67, 1.69, 1.7, 1.76, 1.92, 2.0, 2.05, 2.15, 2.14, 2.15, 2.13, 2.16, 2.15, 2.22]}