{"train_loss": [4.607404356736403, 4.607361736053075, 4.60728085346711, 4.607261371612549, 4.607212603397858, 4.607179784774781, 4.607144553844745, 4.607086976369222, 4.60706980411823, 4.607027171208308, 4.606992104114631, 4.606966994358943, 4.606937901178996, 4.606891979315342, 4.606884780296912, 4.606853579252194, 4.606833291665102, 4.606806154740163, 4.606799044975868, 4.6067368666330974, 4.606747333820049, 4.606711846131545, 4.606693037962303, 4.6066795862638035, 4.606659875771938, 4.606645666024623, 4.606605507777288, 4.606594454936492, 4.606555169667953, 4.606545152419653, 4.606537104875613, 4.6065110316643345, 4.606518381069868, 4.606484605104495, 4.606470307325705, 4.606456782267644, 4.60642515940544, 4.60641066355583, 4.606416981036847, 4.606392603654128, 4.606370104276217, 4.606369161605835, 4.606346939771603, 4.606331809361776, 4.606336160806509, 4.606307785327618, 4.606293943600777, 4.606275683182936, 4.606256315035698, 4.606255031243348, 4.60623400516999, 4.606222937657283, 4.606192877353766, 4.606208175267929, 4.60619395451668, 4.606160394962018, 4.6061532167287975, 4.606152311960856, 4.606150547663371, 4.6061231503119835, 4.606120279507759, 4.606108072476509, 4.60608028631944, 4.606074000627567, 4.6060826778411865, 4.606070888959445, 4.606049877557999, 4.606048701359676, 4.6060172765682905, 4.606031037599612, 4.606033688325148, 4.605993937223386, 4.605998398707463, 4.6060123565869455, 4.60598617822696, 4.605955066436376, 4.605960942537356, 4.605969271293053, 4.60594632197649, 4.605939410283015, 4.605910637439826, 4.605914772473849, 4.605922689193334, 4.605894310046465, 4.605893762295063, 4.605888122167343, 4.605870548884074, 4.605853561254648, 4.6058520292624445, 4.605859249066084, 4.605820044493064, 4.605830155886137, 4.6058112963652, 4.60581806133955, 4.605810215534308, 4.605797882569142, 4.6057999928792315, 4.605796288221311, 4.6057957380245895, 4.605781237284343], "test_loss": [4.599334704589844, 4.5992961120605464, 4.599261413574219, 4.599226837158203, 4.599192663574219, 4.599160455322266, 4.59912984008789, 4.599100482177734, 4.599072375488281, 4.5990447998046875, 4.599018212890625, 4.5989930541992186, 4.598967742919922, 4.598943774414063, 4.5989195922851565, 4.598895373535156, 4.5988724914550785, 4.598848516845703, 4.598826348876953, 4.5988065673828125, 4.598786260986328, 4.598765026855469, 4.5987443908691406, 4.598724951171875, 4.598705010986328, 4.598686218261719, 4.598667358398438, 4.598648510742187, 4.598630004882812, 4.598612463378906, 4.598595080566406, 4.5985777465820314, 4.598561236572266, 4.598545544433594, 4.598528448486328, 4.598511340332031, 4.598494244384765, 4.598477984619141, 4.598461791992188, 4.598446356201172, 4.598431127929688, 4.5984152282714845, 4.598400927734375, 4.598385321044922, 4.598368853759766, 4.598353466796875, 4.598339050292969, 4.5983242980957035, 4.5983109375, 4.598296746826172, 4.598282757568359, 4.598268444824218, 4.59825390625, 4.598239898681641, 4.59822670288086, 4.598212506103516, 4.5981982299804685, 4.598184368896485, 4.598171557617188, 4.598159594726562, 4.598145977783203, 4.5981343017578125, 4.598121307373047, 4.59810869140625, 4.598096301269531, 4.598083764648438, 4.598072302246094, 4.59806005859375, 4.598047729492188, 4.598035852050781, 4.598023345947266, 4.598011370849609, 4.597999450683594, 4.597987664794922, 4.597974786376954, 4.597964385986328, 4.597953564453125, 4.597943432617187, 4.597932623291015, 4.597920770263672, 4.597908551025391, 4.597897900390625, 4.597887634277344, 4.597877569580078, 4.597865570068359, 4.597855029296875, 4.5978444519042965, 4.597833465576172, 4.5978212890625, 4.5978100219726565, 4.597799133300781, 4.597788970947265, 4.5977785095214845, 4.59776830444336, 4.597757751464844, 4.597747180175781, 4.597736926269532, 4.597727282714843, 4.597716528320312, 4.597706903076172], "test_acc": [1.07, 1.03, 1.0, 1.0, 1.01, 1.0, 1.0, 0.98, 0.96, 0.99, 0.99, 0.95, 0.94, 0.93, 0.95, 0.97, 0.98, 0.98, 0.96, 0.93, 0.93, 0.92, 0.94, 0.94, 0.94, 0.95, 0.97, 0.96, 0.95, 0.96, 0.96, 0.93, 0.94, 0.92, 0.93, 0.92, 0.93, 0.93, 0.95, 0.93, 0.91, 0.92, 0.92, 0.91, 0.95, 0.94, 0.93, 0.93, 0.95, 0.94, 0.97, 1.01, 1.03, 1.04, 1.05, 1.05, 1.08, 1.1, 1.08, 1.1, 1.1, 1.1, 1.09, 1.1, 1.1, 1.09, 1.08, 1.11, 1.1, 1.1, 1.1, 1.1, 1.1, 1.11, 1.14, 1.16, 1.18, 1.17, 1.17, 1.17, 1.15, 1.16, 1.15, 1.15, 1.16, 1.17, 1.18, 1.2, 1.22, 1.21, 1.22, 1.22, 1.22, 1.21, 1.23, 1.23, 1.23, 1.25, 1.26, 1.25]}