{"train_loss": [4.607090814297016, 4.607008859438774, 4.606894253461789, 4.60686204739106, 4.606764123378656, 4.6067017738635725, 4.606651268249903, 4.606573796883607, 4.606525223071759, 4.606398825767712, 4.606340034191425, 4.606329486308954, 4.606178480539566, 4.606132250565749, 4.606126493062728, 4.606080420811971, 4.605992494485317, 4.605932450905824, 4.605844435325036, 4.6057821310483495, 4.605708489051232, 4.605647699649517, 4.605576285337791, 4.605508157534477, 4.605448829210721, 4.6053698050670135, 4.605264063370534, 4.605193762901502, 4.605142200910128, 4.6050556341807045, 4.604997017444709, 4.604889619044768, 4.604775360303047, 4.604713048690405, 4.604611955544887, 4.604482711889805, 4.604399193250216, 4.604289153906016, 4.604165255717742, 4.604053492423816, 4.603921544246185, 4.603798506810115, 4.603639880204812, 4.603470753400754, 4.603378885220259, 4.603179775140224, 4.6030232710716055, 4.602854614991408, 4.602604307272496, 4.602443308707995, 4.602179768146613, 4.601903598736494, 4.601686728306306, 4.601462502357287, 4.6011824094332185, 4.600862356332632, 4.6004925446632585, 4.600134284679706, 4.5997654853722985, 4.599329452025585, 4.5989782247787865, 4.598510343600542, 4.597995770283235, 4.597446749760555, 4.596821282460139, 4.596268538939647, 4.595756210424962, 4.5950183917314575, 4.59427997026688, 4.593407269013234, 4.592740922096448, 4.591844062316112, 4.591006354796581, 4.5900700300167765, 4.589193886976975, 4.5882916352687735, 4.587477349012326, 4.5863622738764835, 4.585590053216005, 4.584486397718772, 4.5836774984995525, 4.582834529876709, 4.581774531877958, 4.580777502059936, 4.579905524620643, 4.578752503028283, 4.577830291405702, 4.576976163570698, 4.575978631239671, 4.574996357697707, 4.574052951274774, 4.573107106869037, 4.572068490737524, 4.570939757273748, 4.569904969288753, 4.568923988097754, 4.56789710582831, 4.566822446920933, 4.5658441616938665, 4.564704223779532], "test_loss": [4.5992520202636715, 4.599129650878906, 4.599008831787109, 4.598888024902344, 4.598770654296875, 4.59865322265625, 4.598537530517578, 4.598420928955078, 4.59830478515625, 4.598189410400391, 4.598070806884766, 4.597953466796875, 4.597834832763672, 4.597715472412109, 4.597592797851562, 4.597471405029297, 4.597347235107422, 4.597221759033203, 4.597091796875, 4.5969593017578125, 4.59682271118164, 4.596684991455078, 4.596543536376953, 4.596397381591797, 4.596246295166016, 4.596091229248047, 4.595930395507812, 4.595765130615234, 4.595594085693359, 4.5954179870605465, 4.595235223388672, 4.595046551513672, 4.5948474487304685, 4.594644299316406, 4.594428076171875, 4.594202783203125, 4.593966876220703, 4.593720892333985, 4.593462762451172, 4.5931878112792965, 4.592895703125, 4.592589379882813, 4.592262145996094, 4.591913952636719, 4.591547705078125, 4.591157159423828, 4.590742211914063, 4.59030458984375, 4.589831713867188, 4.589330487060547, 4.588784771728515, 4.588195965576172, 4.58756494140625, 4.5868892578125, 4.586158868408203, 4.585370050048828, 4.5845170471191405, 4.583590698242188, 4.582594390869141, 4.581509399414062, 4.580349084472656, 4.579093530273438, 4.57773462524414, 4.576274230957031, 4.574700555419922, 4.572995300292969, 4.571188366699219, 4.569214984130859, 4.567090417480469, 4.564803564453125, 4.5624052429199216, 4.559877990722656, 4.557233239746094, 4.554455462646485, 4.5516267578125, 4.5487096313476565, 4.545719689941406, 4.542688702392578, 4.539683038330078, 4.53659921875, 4.5335853515625, 4.530531097412109, 4.527448327636718, 4.524383361816406, 4.521325122070312, 4.518205480957032, 4.51501328125, 4.511930987548828, 4.508798583984375, 4.505653265380859, 4.50242875366211, 4.4992520629882815, 4.49602094116211, 4.492738494873047, 4.489257781982422, 4.485839251708985, 4.482570806884766, 4.47896919555664, 4.475568365478516, 4.471843017578125], "test_acc": [1.04, 1.04, 1.02, 1.02, 1.05, 1.06, 1.07, 1.09, 1.14, 1.15, 1.2, 1.22, 1.24, 1.22, 1.24, 1.24, 1.27, 1.27, 1.29, 1.34, 1.38, 1.39, 1.44, 1.48, 1.49, 1.54, 1.54, 1.55, 1.57, 1.63, 1.63, 1.62, 1.65, 1.64, 1.66, 1.66, 1.66, 1.66, 1.65, 1.63, 1.62, 1.64, 1.63, 1.65, 1.69, 1.72, 1.69, 1.71, 1.74, 1.81, 1.8, 1.77, 1.75, 1.73, 1.77, 1.74, 1.7, 1.71, 1.76, 1.72, 1.74, 1.74, 1.7, 1.69, 1.66, 1.7, 1.68, 1.71, 1.69, 1.71, 1.78, 1.84, 1.89, 1.95, 1.94, 1.94, 1.91, 1.97, 1.99, 2.01, 2.03, 2.04, 2.1, 2.13, 2.12, 2.13, 2.19, 2.27, 2.27, 2.33, 2.41, 2.44, 2.49, 2.66, 2.68, 2.72, 2.72, 2.8, 2.86, 2.98]}