{"train_loss": [4.607368606176132, 4.607325767859434, 4.6072803191649605, 4.607250834734012, 4.607208376664381, 4.6071750689775515, 4.60713703204424, 4.607083433102339, 4.607059951928946, 4.607027751971514, 4.606992944081624, 4.606952054683979, 4.606923184028038, 4.60689973342113, 4.606892187167436, 4.606847419494238, 4.60683258496798, 4.606799701543955, 4.606775887807211, 4.606745058450944, 4.606721294843234, 4.606705318353115, 4.606693342404488, 4.606662887181991, 4.606638919390165, 4.606610101308578, 4.606587502895257, 4.606572725833991, 4.606556933965439, 4.606566270192464, 4.6065310527116825, 4.606514310836792, 4.6064868254539295, 4.60645308372302, 4.6064641206692425, 4.606424490610759, 4.606429359240409, 4.606401738142356, 4.606393854434674, 4.606384700383895, 4.606369135929988, 4.606344741430038, 4.606329238109099, 4.6063071299821905, 4.606302420298259, 4.606288161644569, 4.606261908702361, 4.606255371142656, 4.606232628455529, 4.606227119152362, 4.606219621805044, 4.606202428768842, 4.606197644502688, 4.6061695526807735, 4.6061544723999805, 4.606158785942274, 4.606134366989136, 4.606144946660751, 4.606122430165609, 4.606116055219601, 4.606091341605553, 4.606089272865883, 4.606077914360242, 4.606055807455992, 4.6060496159088915, 4.60604179088886, 4.606032222356552, 4.606022942371857, 4.60600765301631, 4.60600343361879, 4.605981358503684, 4.6059777186467095, 4.6059678212190285, 4.605959656299689, 4.605956619213789, 4.605947389358129, 4.60593340458014, 4.605923943641859, 4.60592177097614, 4.60591230636988, 4.605900316971999, 4.60588905383379, 4.605879479188186, 4.6058828219389305, 4.605868288186881, 4.605847792747693, 4.60585507612962, 4.605846079801902, 4.6058450576586605, 4.605834689507118, 4.605816921821007, 4.605803236594567, 4.605801747395442, 4.605800305880033, 4.605793749980437, 4.6057922950157755, 4.605775411312397, 4.605763736137977, 4.605771334966024, 4.605756771870149], "test_loss": [4.599330322265625, 4.599287670898438, 4.599247564697266, 4.599208819580078, 4.599171966552734, 4.599136798095703, 4.599103094482422, 4.5990701599121095, 4.5990385070800786, 4.599007165527344, 4.59897670288086, 4.598947644042969, 4.598918627929687, 4.59889136352539, 4.598862640380859, 4.598836676025391, 4.598810522460938, 4.598784912109375, 4.59876068725586, 4.598736218261719, 4.598713055419922, 4.598689434814453, 4.598666717529297, 4.598644970703125, 4.598622619628906, 4.598599969482422, 4.598577880859375, 4.598557330322266, 4.598537274169922, 4.598516723632812, 4.598496942138672, 4.598477746582032, 4.598457873535156, 4.598437481689453, 4.5984185546875, 4.598400152587891, 4.598381860351562, 4.598363470458985, 4.598345220947266, 4.598326776123047, 4.598307757568359, 4.598291094970703, 4.59827222290039, 4.598254406738281, 4.598236956787109, 4.598219799804688, 4.598203076171875, 4.598187603759766, 4.598171044921875, 4.598155181884765, 4.598139630126953, 4.598124572753906, 4.598108154296875, 4.598093359375, 4.5980775329589845, 4.5980619140625, 4.598046862792969, 4.598032604980469, 4.5980184997558595, 4.598003479003906, 4.597988635253906, 4.597974493408203, 4.597961053466797, 4.597946099853516, 4.597931866455078, 4.597918231201172, 4.597903674316406, 4.5978893981933595, 4.597875170898438, 4.597860284423828, 4.597847247314453, 4.597834313964844, 4.597820239257812, 4.597806475830078, 4.597791900634766, 4.597779174804687, 4.597765759277344, 4.597752545166015, 4.597739569091797, 4.597725146484375, 4.5977115783691405, 4.5976971313476565, 4.597683599853515, 4.597670306396484, 4.59765634765625, 4.597642736816407, 4.597628857421875, 4.59761552734375, 4.597602209472656, 4.5975892517089845, 4.597576550292969, 4.597563269042968, 4.597550592041015, 4.597537646484375, 4.597525506591797, 4.597512713623047, 4.597500744628906, 4.597487689208984, 4.597475317382813, 4.597462719726562], "test_acc": [1.07, 1.03, 1.03, 1.01, 1.01, 1.0, 0.99, 0.98, 0.99, 1.0, 0.97, 0.96, 0.95, 0.94, 0.96, 0.96, 0.95, 0.94, 0.96, 0.96, 0.95, 0.96, 0.95, 0.97, 0.99, 0.99, 0.99, 0.99, 0.99, 1.02, 1.0, 1.0, 0.99, 0.99, 0.99, 1.02, 1.02, 1.03, 1.03, 1.04, 1.06, 1.04, 1.03, 1.03, 1.05, 1.05, 1.03, 1.05, 1.07, 1.06, 1.06, 1.02, 1.05, 1.04, 1.04, 1.05, 1.06, 1.07, 1.06, 1.08, 1.09, 1.1, 1.1, 1.11, 1.13, 1.13, 1.14, 1.15, 1.14, 1.14, 1.15, 1.12, 1.12, 1.14, 1.15, 1.15, 1.14, 1.14, 1.16, 1.16, 1.18, 1.18, 1.19, 1.18, 1.18, 1.18, 1.17, 1.17, 1.18, 1.18, 1.21, 1.21, 1.21, 1.23, 1.25, 1.25, 1.25, 1.26, 1.27, 1.29]}