{"train_loss": [4.607051690419515, 4.606960757573446, 4.606833724486522, 4.606796819735796, 4.606687608131995, 4.606616715895824, 4.606559166541467, 4.606471531207745, 4.606414819375063, 4.606272868621043, 4.606203031539917, 4.606187941477849, 4.60601816544166, 4.605962239778959, 4.605949422640678, 4.60589388578366, 4.605789990302844, 4.605715971726638, 4.6056108963795195, 4.605532572819636, 4.6054398879026754, 4.605363178253174, 4.605271785687178, 4.60518325536679, 4.605101871490478, 4.605001165927985, 4.604865147517278, 4.604767796932123, 4.60469180009304, 4.604573951623379, 4.60448534427545, 4.604340928640121, 4.604177808761596, 4.604084907433926, 4.603931695987017, 4.603747828801473, 4.603608430960239, 4.603445164362589, 4.603257176814935, 4.6030680485260795, 4.602855047812828, 4.602651473803398, 4.6023918934357475, 4.602113711528289, 4.601920080184937, 4.601597255315536, 4.601308551201454, 4.601004946537507, 4.600575517996764, 4.600241826130794, 4.599764746886033, 4.599259792230068, 4.598806858062744, 4.598321755727132, 4.597749840907562, 4.597115028821505, 4.59638979618366, 4.595648979529356, 4.594883599648109, 4.5939717622903675, 4.593189268845778, 4.592213526750222, 4.591140544108855, 4.590013524813529, 4.588801446327796, 4.587627452459091, 4.586608977195544, 4.585215476843027, 4.583909738980807, 4.582465487260085, 4.581367451105362, 4.579980937028543, 4.578654037377773, 4.577344541060619, 4.576067997859075, 4.574756350884071, 4.573575400083493, 4.57200253193195, 4.570905401767829, 4.569291553741846, 4.568152224711882, 4.566930863796136, 4.565379386070447, 4.563839320647411, 4.56242439074394, 4.560740172557342, 4.559309845704298, 4.558000092628674, 4.556397702143743, 4.554818748816466, 4.553327010228084, 4.551755156883827, 4.549989339632866, 4.548218195254986, 4.546531265209882, 4.5449058202596815, 4.543225815357306, 4.541431049200205, 4.539806778003008, 4.537953582176796], "test_loss": [4.5992423461914065, 4.5991098449707035, 4.598978082275391, 4.598846795654297, 4.598718353271485, 4.5985886779785154, 4.598459613037109, 4.598330474853515, 4.598201452636719, 4.598072314453125, 4.597938775634765, 4.597805902099609, 4.597671905517578, 4.597536676025391, 4.597397174072266, 4.5972568176269535, 4.597111749267578, 4.5969629455566405, 4.596810870361328, 4.5966539978027345, 4.596490576171875, 4.596323193359375, 4.596147979736328, 4.595968072509765, 4.595782177734375, 4.595590380859375, 4.595388250732422, 4.595177423095703, 4.594959552001953, 4.5947300170898435, 4.594490338134766, 4.59423744506836, 4.593971405029297, 4.593691430664062, 4.593393041992187, 4.593074987792969, 4.592735876464844, 4.592378820800781, 4.59199917602539, 4.591590643310547, 4.591152197265625, 4.590682299804688, 4.590173834228516, 4.589619915771484, 4.589026507568359, 4.5883866333007814, 4.58768853149414, 4.586938854980469, 4.586118743896485, 4.585220690917969, 4.584236596679688, 4.583158386230469, 4.58197289428711, 4.5806767456054684, 4.579269354248047, 4.577730712890625, 4.576048870849609, 4.574210583496094, 4.5722222412109375, 4.570036932373047, 4.56768876953125, 4.565131915283203, 4.562369348144531, 4.559430120849609, 4.556287860107422, 4.552967584228516, 4.549547595214844, 4.546011090087891, 4.542370227050781, 4.538649652099609, 4.534936627197266, 4.531239154052734, 4.527513488769531, 4.523735290527344, 4.520053295898437, 4.5162806213378905, 4.512418353271484, 4.50857783203125, 4.504798345947266, 4.500863360595703, 4.497036572265625, 4.492995434570313, 4.4889127685546875, 4.484744677734375, 4.480583776855469, 4.476289068603515, 4.47183501586914, 4.467473419189453, 4.462967529296875, 4.458469635009766, 4.453737072753906, 4.449125909423828, 4.4442271118164065, 4.439381903076172, 4.434143084716797, 4.429089184570312, 4.424199102783203, 4.4187760803222655, 4.413656585693359, 4.408113348388672], "test_acc": [1.05, 1.04, 1.02, 1.06, 1.09, 1.07, 1.1, 1.12, 1.15, 1.21, 1.26, 1.26, 1.24, 1.26, 1.25, 1.3, 1.32, 1.35, 1.38, 1.4, 1.43, 1.48, 1.52, 1.56, 1.56, 1.55, 1.64, 1.64, 1.63, 1.67, 1.66, 1.67, 1.68, 1.65, 1.64, 1.64, 1.64, 1.65, 1.69, 1.68, 1.72, 1.72, 1.74, 1.75, 1.76, 1.74, 1.77, 1.75, 1.74, 1.75, 1.71, 1.72, 1.76, 1.75, 1.76, 1.7, 1.63, 1.63, 1.66, 1.62, 1.66, 1.7, 1.76, 1.81, 1.85, 1.92, 1.89, 1.87, 1.95, 1.94, 1.98, 2.01, 2.04, 2.07, 2.1, 2.05, 2.12, 2.21, 2.25, 2.31, 2.43, 2.49, 2.56, 2.61, 2.65, 2.73, 2.74, 2.84, 2.98, 3.02, 3.09, 3.13, 3.11, 3.21, 3.33, 3.47, 3.73, 3.88, 4.03, 4.06]}