{"train_loss": [4.6074449673677105, 4.607374122815254, 4.607336795024382, 4.607316541671753, 4.607240339425894, 4.6072112596952, 4.6071801454592975, 4.607147105534872, 4.607127531980857, 4.60705674978403, 4.607037275265425, 4.607015050985875, 4.60695325655815, 4.606946239715968, 4.606924459261772, 4.60689269334842, 4.606852466632159, 4.6068513087737255, 4.6068058625245705, 4.606780851804293, 4.606763387337709, 4.6067362797565945, 4.606711364403749, 4.606673784745046, 4.606684487905258, 4.606656880256457, 4.60661559960781, 4.606614678945297, 4.606597698651827, 4.606580994679377, 4.606549869439541, 4.606530679800572, 4.606509573031694, 4.60649025501349, 4.606481571686573, 4.606460381776858, 4.606438408142481, 4.6064292699862746, 4.606410081569965, 4.606407120288947, 4.606383091364151, 4.606366096398769, 4.606354560607519, 4.606324508862618, 4.606328495954856, 4.606309342995668, 4.606281566619873, 4.60627918732472, 4.606259141824184, 4.606244164246779, 4.6062372843424475, 4.606216682531895, 4.606215336383918, 4.606197875585312, 4.606201791763306, 4.606175069319896, 4.606162414795313, 4.606151209122095, 4.6061426541744135, 4.606123934036646, 4.606114925482334, 4.606098896417862, 4.60608495810093, 4.6060849140851925, 4.606073598372631, 4.606056519043752, 4.606051234709911, 4.606046121548384, 4.606009461329534, 4.606008585905418, 4.606006908416748, 4.605987894840729, 4.605989486743242, 4.605966909115131, 4.605949587699694, 4.60595026749831, 4.605954938057142, 4.605923049877852, 4.60592577396295, 4.605925233547504, 4.605895253939506, 4.605910899088933, 4.605884034817035, 4.60588191594833, 4.605876917716785, 4.605863967308632, 4.605861706611438, 4.60584663488926, 4.6058365552853315, 4.6058367276803045, 4.605822992324829, 4.605805725929065, 4.605798185788668, 4.605789056191077, 4.605788329931406, 4.6057715354821624, 4.605779307927841, 4.605756303591606, 4.605758547171568, 4.605741763726259], "test_loss": [4.5993247436523435, 4.599277557373047, 4.599233386230469, 4.599190142822265, 4.599147552490234, 4.5991072204589845, 4.599070251464844, 4.599033807373047, 4.598999230957031, 4.598964508056641, 4.598929925537109, 4.598897668457031, 4.598865252685547, 4.5988348205566405, 4.598804998779297, 4.598774768066407, 4.598745886230469, 4.598717004394532, 4.5986895141601565, 4.598661920166015, 4.59863447265625, 4.598608459472656, 4.598583001708985, 4.598556988525391, 4.598531671142578, 4.5985069213867185, 4.598482781982422, 4.598459838867187, 4.598437310791016, 4.598414422607422, 4.598392437744141, 4.598370483398438, 4.5983486633300785, 4.598327026367188, 4.598304614257812, 4.5982837463378905, 4.59826255493164, 4.59824107055664, 4.598220520019531, 4.598200061035156, 4.598178839111328, 4.598159655761719, 4.598139971923828, 4.598119293212891, 4.598099737548828, 4.598080731201172, 4.598062249755859, 4.598042999267578, 4.598023522949219, 4.5980037109375, 4.59798462524414, 4.597966186523437, 4.597947271728516, 4.597928106689453, 4.597909405517578, 4.597891125488281, 4.597873248291016, 4.597853558349609, 4.597834234619141, 4.5978162109375, 4.597797644042969, 4.597780786132812, 4.597763763427734, 4.597746893310547, 4.597727978515625, 4.597710504150391, 4.5976919921875, 4.597674932861328, 4.5976568237304685, 4.597638287353516, 4.597621185302734, 4.597604077148437, 4.597586962890625, 4.597569818115234, 4.597552392578125, 4.597535455322266, 4.5975185363769535, 4.597502130126953, 4.597485906982421, 4.597468524169922, 4.597451708984375, 4.597435235595703, 4.597418029785156, 4.597401361083985, 4.59738466796875, 4.597368060302735, 4.597350866699219, 4.597334399414063, 4.5973189880371095, 4.597302069091797, 4.59728648071289, 4.597269604492188, 4.597253112792969, 4.597236193847657, 4.597220379638672, 4.597204144287109, 4.5971873657226565, 4.597170489501953, 4.597154064941407, 4.597135906982422], "test_acc": [1.08, 1.02, 1.03, 1.0, 1.01, 1.0, 0.97, 0.97, 1.0, 0.99, 0.96, 0.97, 0.96, 0.96, 0.96, 0.95, 0.95, 0.95, 0.93, 0.93, 0.93, 0.96, 0.97, 0.96, 0.95, 0.96, 0.99, 0.98, 0.98, 0.99, 1.02, 1.02, 1.01, 1.01, 1.02, 1.0, 0.99, 0.99, 0.98, 0.98, 0.98, 1.0, 0.99, 0.99, 1.01, 1.01, 1.02, 1.01, 1.01, 1.01, 1.02, 1.03, 1.03, 1.03, 1.05, 1.05, 1.04, 1.03, 1.04, 1.03, 1.04, 1.05, 1.05, 1.05, 1.05, 1.06, 1.08, 1.06, 1.06, 1.06, 1.06, 1.07, 1.07, 1.11, 1.13, 1.14, 1.16, 1.16, 1.17, 1.18, 1.17, 1.17, 1.17, 1.19, 1.17, 1.19, 1.18, 1.17, 1.17, 1.18, 1.21, 1.2, 1.23, 1.23, 1.23, 1.23, 1.24, 1.25, 1.25, 1.24]}