{"train_loss": [4.607286219719128, 4.607249349202865, 4.607164727724515, 4.60714594523112, 4.607081679808788, 4.607066531059069, 4.607026085486779, 4.6069960386325155, 4.606957583549695, 4.606897041125175, 4.606874025785006, 4.606860366234413, 4.606779195100833, 4.606778121605897, 4.606746232203948, 4.606737513419909, 4.606686226526896, 4.6066743545043165, 4.606649076021634, 4.606620410772471, 4.606577625030126, 4.606569479673337, 4.6065356609148855, 4.606512212753296, 4.606485842435788, 4.606470215626252, 4.6064376219725, 4.606395659079919, 4.606394416857988, 4.606389611806625, 4.60636205184154, 4.606330547577295, 4.606316806108524, 4.6062859889788506, 4.606288556563548, 4.606242285019312, 4.606227827072144, 4.606211149998201, 4.606205842433831, 4.606177948682737, 4.606168970694909, 4.606144969891279, 4.606125545501709, 4.606091715739324, 4.606101736655602, 4.606075785710261, 4.606062986911872, 4.60605245859195, 4.60601516748086, 4.606017176310221, 4.606001770802033, 4.605965390572181, 4.6059624745295595, 4.605940980177659, 4.6059405620281515, 4.605923931415265, 4.60589435895284, 4.60587294285114, 4.605855489388491, 4.605849577830388, 4.605838458965986, 4.605836456249921, 4.6058085942879705, 4.6057865582979645, 4.605755875660823, 4.6057663367344785, 4.605751195320717, 4.605733796877739, 4.6057144287305, 4.605692316935612, 4.605679894716312, 4.605662598976722, 4.605651216017894, 4.605628167665921, 4.605612559196277, 4.605623274583083, 4.605609954931797, 4.605570565737211, 4.605572765301435, 4.6055710352384125, 4.6055232463738855, 4.605554487766364, 4.605510670099503, 4.605501184708033, 4.605498865323189, 4.605482426667825, 4.6054583622859075, 4.605458687513303, 4.60542437846844, 4.6054282384041025, 4.60540655209468, 4.605374143062494, 4.605376051633786, 4.605350290200649, 4.605341559190016, 4.60531692138085, 4.6053027006296015, 4.605290458141229, 4.605290178152231, 4.605258815716475], "test_loss": [4.599308758544922, 4.599245526123047, 4.599185662841797, 4.599127117919922, 4.599069781494141, 4.599013610839844, 4.5989611328125, 4.598909576416015, 4.598858819580078, 4.598808374023437, 4.598758197021485, 4.59871040649414, 4.59866353149414, 4.598617864990234, 4.598571826171875, 4.598527062988281, 4.598482843017578, 4.598440063476563, 4.598396832275391, 4.598354083251953, 4.598311724853516, 4.598269342041015, 4.5982274780273436, 4.5981851501464845, 4.598144897460937, 4.598104174804687, 4.598063116455078, 4.598022021484375, 4.5979825866699215, 4.597942565917969, 4.597904217529297, 4.597865008544922, 4.597825329589844, 4.59778890991211, 4.5977498657226565, 4.597711737060547, 4.597674829101562, 4.597637951660157, 4.597600915527344, 4.597562951660156, 4.597525189208985, 4.597488226318359, 4.597448986816406, 4.597411541748047, 4.597373718261719, 4.597335614013672, 4.597297924804687, 4.59726025390625, 4.597221630859375, 4.597183306884766, 4.597144909667969, 4.597106335449219, 4.597066760253906, 4.597028533935547, 4.59698984375, 4.596951049804687, 4.596911358642578, 4.596870367431641, 4.596829760742187, 4.596789459228516, 4.596748419189453, 4.596708935546875, 4.5966684509277345, 4.596626794433594, 4.596585034179688, 4.596542340087891, 4.596500476074219, 4.596458978271484, 4.596416564941406, 4.596372772216797, 4.596330352783204, 4.596285473632813, 4.596242028808594, 4.596197900390625, 4.596153021240235, 4.596108190917969, 4.596062414550781, 4.596016363525391, 4.595969854736328, 4.595922430419922, 4.595875421142578, 4.595828198242187, 4.59578056640625, 4.595732501220703, 4.595685498046875, 4.595635821533203, 4.595585223388672, 4.5955347839355465, 4.5954828125, 4.595431427001953, 4.5953794921875, 4.595327581787109, 4.595274969482422, 4.595219567871093, 4.595164569091797, 4.595107318115234, 4.5950507568359376, 4.594992956542969, 4.594935986328125, 4.594877905273438], "test_acc": [1.07, 1.02, 1.03, 0.98, 0.97, 0.99, 0.99, 1.0, 1.01, 1.0, 0.99, 0.98, 0.99, 0.99, 0.98, 1.0, 1.01, 1.01, 1.01, 1.01, 1.02, 1.06, 1.07, 1.1, 1.09, 1.09, 1.07, 1.09, 1.1, 1.09, 1.06, 1.06, 1.06, 1.07, 1.05, 1.09, 1.1, 1.11, 1.14, 1.18, 1.19, 1.21, 1.21, 1.2, 1.22, 1.23, 1.25, 1.25, 1.27, 1.27, 1.28, 1.3, 1.31, 1.31, 1.31, 1.31, 1.32, 1.31, 1.33, 1.34, 1.38, 1.37, 1.39, 1.38, 1.38, 1.39, 1.39, 1.39, 1.42, 1.41, 1.42, 1.42, 1.43, 1.46, 1.45, 1.48, 1.47, 1.47, 1.46, 1.45, 1.47, 1.48, 1.49, 1.52, 1.52, 1.52, 1.52, 1.54, 1.54, 1.54, 1.54, 1.55, 1.54, 1.54, 1.53, 1.55, 1.56, 1.56, 1.56, 1.56]}