{"train_loss": [4.607370046468882, 4.607301884431106, 4.607266860130506, 4.607212065427731, 4.6071590863741365, 4.607115728427202, 4.607101077299852, 4.60706625473805, 4.607009717745659, 4.606990421735324, 4.606963336162078, 4.606931707186576, 4.606924492273575, 4.606873065997393, 4.6068457566774805, 4.606841523830707, 4.606801364360711, 4.60679085560334, 4.606749397669083, 4.606718172171177, 4.606707367530236, 4.606686682578845, 4.606646448526627, 4.6066565990448, 4.606615565373347, 4.6066052351242455, 4.606584940201197, 4.606573132979564, 4.606539085583809, 4.606538009643555, 4.60651413844182, 4.6064899028875885, 4.6064633210500086, 4.606444262235593, 4.606457265218099, 4.606425510308681, 4.606414505151602, 4.606405214162973, 4.606389820881379, 4.606362438201904, 4.606343171535394, 4.606351527189597, 4.606318125357995, 4.606289573816153, 4.606288769306281, 4.606274912907527, 4.606264121715839, 4.606257985188411, 4.60624656921778, 4.606229464213054, 4.606227467610286, 4.606196089279957, 4.606204106257512, 4.606184304066193, 4.606178821661533, 4.60611730110951, 4.606133838800283, 4.606129036194239, 4.606129824809539, 4.606109929696108, 4.606098470932398, 4.606088622411092, 4.606079921966944, 4.606067582888481, 4.606060920617519, 4.606044540649806, 4.606039149944599, 4.606027106749706, 4.606027879470434, 4.606000754772088, 4.605994203763131, 4.605987237049983, 4.605980233657054, 4.605972309601612, 4.605951515833537, 4.6059561264820585, 4.60594504062946, 4.605937743798281, 4.605943700594779, 4.605918512588892, 4.605905525500958, 4.605886304072845, 4.605889605253171, 4.605892429596339, 4.6058926496750265, 4.605867917721088, 4.605872318072197, 4.605868235612527, 4.605860657569689, 4.605831895730434, 4.6058471337342874, 4.60584213917072, 4.605800327887902, 4.605810090823051, 4.605811838003305, 4.6057986675164635, 4.605795136476174, 4.605773115158081, 4.605774081058991, 4.6057781830812115], "test_loss": [4.599339715576172, 4.599307635498047, 4.599277319335937, 4.599246704101563, 4.599219207763672, 4.5991924865722655, 4.599166717529297, 4.599140466308594, 4.5991168762207035, 4.599093463134766, 4.599070635986328, 4.599050317382813, 4.599029614257812, 4.59900991821289, 4.598989208984375, 4.598971868896484, 4.598952301025391, 4.598934197998047, 4.598916796875, 4.598898455810547, 4.598880737304688, 4.5988638366699215, 4.598845587158203, 4.59882900390625, 4.598813903808594, 4.598799090576172, 4.598784429931641, 4.598767858886719, 4.598753857421875, 4.5987392517089845, 4.598726489257812, 4.598712786865234, 4.598698828125, 4.598685064697266, 4.598672448730468, 4.598660046386719, 4.598646020507813, 4.598633050537109, 4.598619744873047, 4.598606274414062, 4.59859482421875, 4.598582635498047, 4.598571148681641, 4.598558563232422, 4.598546685791016, 4.5985352905273436, 4.598524084472656, 4.598512023925781, 4.598500970458985, 4.598489520263672, 4.598479376220703, 4.59846865234375, 4.598458294677735, 4.598448413085937, 4.598438641357422, 4.598428649902344, 4.598418920898437, 4.598409881591797, 4.598398937988281, 4.598388275146484, 4.598377886962891, 4.598367694091797, 4.5983591003417965, 4.598349578857422, 4.598339532470703, 4.598330407714844, 4.598321075439453, 4.598312060546875, 4.598303112792968, 4.598294689941406, 4.5982863952636714, 4.598276068115235, 4.598266796875, 4.598256909179687, 4.598248474121093, 4.5982405395507815, 4.598233215332031, 4.598226013183594, 4.598217889404297, 4.598210223388672, 4.59820107421875, 4.598192950439453, 4.59818403930664, 4.598176208496094, 4.598168041992188, 4.598160498046875, 4.5981532653808594, 4.598145336914063, 4.598136065673828, 4.598129254150391, 4.598120947265625, 4.598113397216797, 4.598106225585937, 4.598099340820313, 4.5980921081542965, 4.598083917236328, 4.598075994873047, 4.598070068359375, 4.598062866210937, 4.59805639038086], "test_acc": [1.07, 1.04, 1.02, 1.01, 1.0, 0.99, 0.97, 0.98, 1.0, 0.99, 0.98, 0.97, 0.93, 0.94, 0.94, 0.94, 0.94, 0.95, 0.95, 0.93, 0.93, 0.93, 0.94, 0.92, 0.95, 0.96, 0.96, 0.92, 0.91, 0.92, 0.89, 0.9, 0.92, 0.93, 0.92, 0.92, 0.92, 0.93, 0.93, 0.93, 0.91, 0.9, 0.89, 0.91, 0.9, 0.9, 0.89, 0.88, 0.88, 0.89, 0.9, 0.92, 0.92, 0.92, 0.92, 0.95, 0.94, 0.95, 0.94, 0.94, 0.94, 0.92, 0.92, 0.92, 0.92, 0.93, 0.94, 0.94, 0.93, 0.93, 0.94, 0.93, 0.93, 0.93, 0.93, 0.93, 0.93, 0.94, 0.95, 0.95, 0.94, 0.93, 0.93, 0.95, 0.94, 0.92, 0.94, 0.93, 0.92, 0.92, 0.92, 0.93, 0.93, 0.92, 0.93, 0.92, 0.93, 0.93, 0.93, 0.94]}