{"train_loss": [4.607253317955212, 4.6071424667651835, 4.6071346539717455, 4.607127254437177, 4.607119179994632, 4.6070454401847645, 4.607000770324316, 4.606900266500619, 4.6068941287505325, 4.606849845250448, 4.6068683012937885, 4.606794925836416, 4.60674615028577, 4.606776039416974, 4.606711110090598, 4.606722825612778, 4.606675487909562, 4.606660043276273, 4.6066028509384545, 4.606562841855562, 4.6065642907069275, 4.606557080684564, 4.606501005857419, 4.606471011577509, 4.6064832308353525, 4.606428032654982, 4.60642819526868, 4.606437037541316, 4.606348557349963, 4.606357479095459, 4.606350314311492, 4.6063694782746145, 4.606296859643398, 4.606241942674686, 4.606298406307514, 4.6062732843252325, 4.606197776549902, 4.606198247273763, 4.606147823578272, 4.606179344959748, 4.606145468736306, 4.606143369430151, 4.6061526543054825, 4.606100652156732, 4.6060941060384115, 4.606075255076091, 4.606089562636155, 4.60608513538654, 4.606038427352905, 4.606007072253105, 4.605994429955116, 4.605972565137423, 4.6059783960000065, 4.605941647749681, 4.605966230539175, 4.605971198204236, 4.605940961837769, 4.60592299363552, 4.60589706103007, 4.6058974877381935, 4.605893461520855, 4.605868887289977, 4.605815002245781, 4.605855117700039, 4.605822877394847, 4.605788605029766, 4.605799448795808, 4.605767248838376, 4.605740563074748, 4.605771270165077, 4.6057293476202545, 4.6057049445616896, 4.605717084346673, 4.605721921187181, 4.605701122528467, 4.605698410669962, 4.6057107216272595, 4.605700165186173, 4.605697535245847, 4.605658625333737, 4.605606076656244, 4.605606769904112, 4.605600376618214, 4.605575823172545, 4.605626246868035, 4.605557598211827, 4.605572956036299, 4.605532280604044, 4.605570593858377, 4.605545612481924, 4.6055458154433815, 4.605529061341897, 4.605527896147508, 4.605557774274777, 4.605499680836996, 4.605496342976888, 4.605480460631542, 4.605438545422676, 4.605465036783463, 4.605433656007816], "test_loss": [4.599319293212891, 4.599267297363281, 4.599219195556641, 4.599170715332031, 4.599126391601563, 4.599084100341797, 4.59904248046875, 4.599001208496094, 4.598961376953125, 4.598923803710938, 4.598883239746094, 4.598846832275391, 4.598809735107422, 4.598773651123047, 4.598740490722657, 4.598706744384765, 4.598673028564453, 4.598640240478516, 4.598611462402344, 4.598580224609375, 4.59855068359375, 4.598520001220703, 4.59848969116211, 4.59846083984375, 4.598431652832031, 4.598404022216797, 4.598372796630859, 4.59834956665039, 4.5983210388183595, 4.598292987060547, 4.598266302490234, 4.598239910888672, 4.598213061523437, 4.598182916259765, 4.598156719970703, 4.598130169677734, 4.598103594970703, 4.59807568359375, 4.598049267578125, 4.598025238037109, 4.598000830078125, 4.597976318359375, 4.597950842285156, 4.59792767944336, 4.597901593017578, 4.597877124023437, 4.59785376586914, 4.597832440185547, 4.597807684326172, 4.597787200927734, 4.597765930175782, 4.597742687988282, 4.597717852783203, 4.597694091796875, 4.5976707458496096, 4.597648248291016, 4.597624877929688, 4.597599761962891, 4.59757798461914, 4.597553820800782, 4.597533532714844, 4.597510333251953, 4.597488177490234, 4.597463854980469, 4.597440112304687, 4.597416784667969, 4.597391003417969, 4.597369171142578, 4.597347479248047, 4.597325610351563, 4.597302630615235, 4.5972804321289065, 4.597258825683594, 4.597236157226562, 4.597210369873046, 4.5971851135253905, 4.597162329101563, 4.597140344238281, 4.597114599609375, 4.597093206787109, 4.597065771484375, 4.597047485351562, 4.597022076416016, 4.596997882080078, 4.596976275634765, 4.596948809814453, 4.596924011230469, 4.59690101928711, 4.596875708007812, 4.596852227783203, 4.596826959228515, 4.596804901123047, 4.596779406738281, 4.596757000732421, 4.596733209228516, 4.596710528564453, 4.596686633300782, 4.596661358642578, 4.596636358642578, 4.596609899902344], "test_acc": [1.06, 1.03, 1.02, 1.01, 1.0, 0.98, 1.0, 0.97, 0.96, 0.96, 0.97, 0.99, 0.97, 0.97, 0.97, 0.98, 0.95, 0.97, 0.98, 0.97, 0.99, 0.98, 0.99, 0.97, 0.99, 1.0, 0.98, 0.98, 0.97, 0.97, 0.99, 0.97, 0.97, 0.97, 0.97, 0.97, 0.97, 0.99, 1.02, 1.02, 1.06, 1.05, 1.06, 1.06, 1.07, 1.07, 1.08, 1.09, 1.08, 1.05, 1.07, 1.08, 1.08, 1.09, 1.09, 1.11, 1.11, 1.09, 1.09, 1.1, 1.09, 1.1, 1.08, 1.12, 1.12, 1.11, 1.14, 1.16, 1.17, 1.16, 1.17, 1.17, 1.18, 1.18, 1.22, 1.22, 1.24, 1.23, 1.21, 1.25, 1.24, 1.24, 1.22, 1.24, 1.24, 1.25, 1.24, 1.26, 1.29, 1.29, 1.3, 1.31, 1.31, 1.3, 1.3, 1.35, 1.35, 1.36, 1.36, 1.37]}