{"train_loss": [4.607386383643517, 4.607340448330611, 4.607302785531068, 4.607273743702815, 4.60722668109796, 4.607193147219144, 4.607141812642415, 4.60711482488192, 4.6070822935837965, 4.607037727649395, 4.607009446315276, 4.60699127637423, 4.606940907698411, 4.606926943705632, 4.6068934024908605, 4.60687813881116, 4.606850780584874, 4.606836473024808, 4.606800995117578, 4.606768568968161, 4.606745146482419, 4.6067298803574, 4.606704114033626, 4.606685184821105, 4.606662453137911, 4.606648731231689, 4.6066154895684654, 4.606600758968256, 4.606584789814093, 4.606560687529735, 4.6065443479097805, 4.606523018616897, 4.6064957545353815, 4.606481541120089, 4.6064779990758655, 4.60645888035114, 4.606436336957492, 4.606413992857322, 4.606415518736228, 4.606386509919778, 4.606386149235261, 4.606347911785811, 4.60633495648702, 4.606321119650817, 4.606330008384509, 4.6062975113208475, 4.606300559410682, 4.60628403761448, 4.60626528324225, 4.606261780323126, 4.606237687820044, 4.606220097419543, 4.60621607976082, 4.606208467483521, 4.606198497918936, 4.606173632695125, 4.606160250688211, 4.6061720432379305, 4.6061409351153255, 4.606140585434742, 4.606125914744842, 4.606111509372027, 4.6061080700311905, 4.606082606926942, 4.606073725529206, 4.606073110531538, 4.606049791971842, 4.606054977270273, 4.606061736131326, 4.606044140840188, 4.606021903111384, 4.60601140168997, 4.606012384708111, 4.605975132722121, 4.605975065475855, 4.605972247245984, 4.605959936288687, 4.605952679805267, 4.605949279589531, 4.605940264921922, 4.605911388152685, 4.605917657949986, 4.605899084531344, 4.605905858064309, 4.605900609187591, 4.605879175968659, 4.605885083858784, 4.605868202600724, 4.605854870722844, 4.605862639500544, 4.605850783372537, 4.60583381652832, 4.605825982949672, 4.605829589794844, 4.6058253814012575, 4.60581141496316, 4.605794438337669, 4.605792636137743, 4.605794539818397, 4.605789613723755], "test_loss": [4.599331243896485, 4.599292230224609, 4.599254699707031, 4.599218426513672, 4.599183868408203, 4.599150354003906, 4.599118426513672, 4.5990872497558595, 4.599058215332032, 4.599028887939453, 4.598999682617188, 4.598973779296875, 4.598947857666015, 4.59892275390625, 4.598897662353516, 4.598873071289063, 4.59884966430664, 4.59882626953125, 4.598802984619141, 4.598780456542968, 4.598758801269531, 4.5987363647460935, 4.598715618896485, 4.598694561767578, 4.598675109863281, 4.598655743408203, 4.598636834716797, 4.598617974853515, 4.5985995910644535, 4.598580822753906, 4.598562524414063, 4.598542883300781, 4.598524841308594, 4.598508227539062, 4.598490863037109, 4.598473815917969, 4.598456121826172, 4.5984390991210935, 4.598422473144531, 4.598405084228515, 4.598388464355469, 4.598372686767578, 4.598356396484375, 4.598339514160156, 4.598323748779297, 4.5983082336425785, 4.598293341064453, 4.598279138183594, 4.5982641540527345, 4.598249224853515, 4.5982355102539065, 4.598222149658203, 4.598207788085937, 4.5981940795898435, 4.598179479980469, 4.598165863037109, 4.598152062988281, 4.598137731933594, 4.598124951171875, 4.59811162109375, 4.598098077392578, 4.598084844970703, 4.598071313476562, 4.598058258056641, 4.598045739746094, 4.598032312011719, 4.598018981933594, 4.598007037353516, 4.59799375, 4.597981231689453, 4.597967987060547, 4.59795562133789, 4.597943438720703, 4.597930035400391, 4.5979187866210935, 4.597907153320312, 4.597894372558594, 4.597882501220703, 4.5978699401855465, 4.597857995605469, 4.59784497680664, 4.59783334350586, 4.59782138671875, 4.597809521484375, 4.597797833251953, 4.597786395263672, 4.597775482177735, 4.597764343261718, 4.597753424072265, 4.597742279052734, 4.59773032836914, 4.597719311523438, 4.597707537841797, 4.5976958618164065, 4.597684283447266, 4.59767260131836, 4.597660925292969, 4.5976498046875, 4.597638970947266, 4.597627484130859], "test_acc": [1.07, 1.04, 1.01, 0.99, 0.98, 0.97, 0.99, 0.99, 0.98, 0.97, 0.95, 0.96, 0.93, 0.94, 0.93, 0.97, 0.96, 0.96, 0.98, 0.96, 0.96, 0.96, 0.96, 0.95, 0.98, 0.97, 0.97, 0.95, 0.99, 0.99, 0.99, 0.98, 0.98, 0.98, 0.98, 0.99, 0.98, 0.97, 0.95, 0.96, 0.97, 0.98, 0.95, 0.98, 0.99, 0.99, 0.99, 0.99, 0.99, 0.99, 0.99, 1.0, 0.99, 1.0, 0.99, 1.0, 1.0, 1.0, 1.01, 1.03, 1.02, 1.01, 1.02, 1.01, 1.02, 1.02, 1.0, 0.99, 1.0, 1.0, 1.01, 1.02, 1.01, 1.02, 1.01, 1.02, 1.02, 1.02, 1.03, 1.04, 1.04, 1.04, 1.02, 1.02, 1.02, 1.03, 1.03, 1.04, 1.03, 1.03, 1.03, 1.03, 1.05, 1.07, 1.08, 1.1, 1.11, 1.12, 1.12, 1.12]}