{"train_loss": [4.607080564743433, 4.606981636927678, 4.606836199149107, 4.606823994563176, 4.6066795287988125, 4.606618787080814, 4.606557238407624, 4.606451467367319, 4.606391643866514, 4.606245724360148, 4.606157246614114, 4.606144125033648, 4.605961897434333, 4.605920175405649, 4.605891647094335, 4.605821324617435, 4.605711211913671, 4.605620225270589, 4.60551883868682, 4.605404793910491, 4.6053077905606, 4.605239231158525, 4.605122474523691, 4.605009268491696, 4.604906874436598, 4.6047831669831885, 4.604634501383855, 4.604518961295104, 4.604435903598101, 4.60428121640132, 4.604159789207654, 4.603979646242582, 4.603772053351769, 4.603655261259813, 4.603453811009725, 4.603227105507484, 4.603052064700004, 4.602836288549962, 4.602581620827699, 4.602340047787397, 4.602038558324178, 4.60175140331953, 4.601403222939907, 4.601035788120368, 4.600710042317709, 4.6002732790433445, 4.599833943293645, 4.599377803313426, 4.598766474846082, 4.598253193879739, 4.597528573794243, 4.596808713521713, 4.596055462421515, 4.595295841265948, 4.594388489845471, 4.593391170257177, 4.592267296864436, 4.591105577273247, 4.589936359112079, 4.588554657422579, 4.5872987698286005, 4.585861092347365, 4.584306798837123, 4.582733269226857, 4.581110098423102, 4.579620196269109, 4.578321612186921, 4.5765788396199545, 4.574989361640735, 4.5732659156505875, 4.571986017471705, 4.570346763806465, 4.568759273871398, 4.567197525806916, 4.565577949621739, 4.564006037589831, 4.562537969687046, 4.560597348824525, 4.559127354010558, 4.5572147406064545, 4.5556984192285785, 4.55415463080773, 4.55211303906563, 4.550276393156786, 4.54836581548055, 4.546217957521097, 4.544445732312325, 4.542663343136127, 4.540537054110796, 4.538367699354123, 4.536483488327417, 4.534340767982679, 4.532072486632909, 4.52982335457435, 4.527744183173547, 4.525631486452543, 4.523360413771409, 4.521086035019312, 4.519173448513715, 4.516855687361497], "test_loss": [4.599236138916016, 4.599097283935547, 4.598959368896485, 4.598821160888672, 4.598686212158203, 4.59854906616211, 4.598412811279297, 4.598275689697266, 4.598138647460938, 4.598001666259766, 4.59785922241211, 4.59771748046875, 4.59757328491211, 4.597428479003907, 4.5972765380859375, 4.597122296142578, 4.596963690185547, 4.596800335693359, 4.596632135009766, 4.59645717163086, 4.5962768737792965, 4.596091662597656, 4.59589853515625, 4.5956972778320315, 4.595487127685547, 4.595266583251953, 4.595034802246094, 4.5947898010253905, 4.59453642578125, 4.594265979003906, 4.5939815307617184, 4.593680572509766, 4.593357659912109, 4.593019549560547, 4.592651861572266, 4.592258264160156, 4.591834674072266, 4.59138203125, 4.590895538330078, 4.590366461181641, 4.589791247558594, 4.589165203857422, 4.58848203125, 4.587737725830078, 4.5869236694335935, 4.586029791259766, 4.585050732421875, 4.583980242919922, 4.582790942382813, 4.581479187011719, 4.580023229980469, 4.578418548583985, 4.576642083740234, 4.574686938476563, 4.572549224853516, 4.570205541992188, 4.567627362060547, 4.564791876220703, 4.561732507324218, 4.558398736572266, 4.554880932617188, 4.5511764099121095, 4.5473188842773435, 4.543360681152344, 4.5393102233886715, 4.535231671142578, 4.531106994628907, 4.52701572265625, 4.522873852539062, 4.518709039306641, 4.514621685791016, 4.510540771484375, 4.506391760253906, 4.5021876647949215, 4.498017053222656, 4.49363740234375, 4.489169451904297, 4.48468452758789, 4.480235418701172, 4.4755996887207035, 4.471027716064453, 4.466180139160156, 4.461239819335938, 4.456193920898437, 4.451164764404297, 4.445898657226563, 4.440525775146484, 4.4351415344238285, 4.429603985595703, 4.424019476318359, 4.4181982421875, 4.412444281005859, 4.406475274658203, 4.400508898925781, 4.394273956298828, 4.388040698242188, 4.382197619628906, 4.375803540039063, 4.369814770507812, 4.363375402832031], "test_acc": [1.05, 1.04, 1.04, 1.04, 1.06, 1.08, 1.12, 1.17, 1.23, 1.25, 1.25, 1.26, 1.29, 1.3, 1.38, 1.38, 1.41, 1.41, 1.43, 1.44, 1.48, 1.53, 1.53, 1.57, 1.57, 1.56, 1.54, 1.53, 1.54, 1.56, 1.54, 1.53, 1.52, 1.53, 1.54, 1.55, 1.6, 1.62, 1.63, 1.66, 1.67, 1.63, 1.59, 1.59, 1.6, 1.62, 1.61, 1.6, 1.66, 1.64, 1.57, 1.57, 1.56, 1.51, 1.53, 1.52, 1.52, 1.56, 1.58, 1.64, 1.8, 1.88, 1.86, 1.83, 1.93, 1.95, 2.01, 2.06, 2.11, 2.13, 2.18, 2.24, 2.28, 2.35, 2.42, 2.43, 2.5, 2.62, 2.67, 2.73, 2.76, 2.85, 2.9, 2.94, 3.06, 3.07, 3.14, 3.18, 3.29, 3.4, 3.55, 3.7, 3.84, 3.98, 4.29, 4.44, 4.64, 4.71, 4.97, 4.94]}