{"train_loss": [4.607428558056171, 4.607302669378427, 4.607271187122052, 4.607277005758041, 4.607124670957908, 4.607104824750851, 4.607076850304237, 4.607040769625932, 4.60703933544648, 4.606886633848533, 4.606877307402782, 4.606863850813646, 4.606733701167962, 4.60676170984904, 4.606740176372039, 4.606686512629191, 4.606615119102674, 4.6066442966461185, 4.60655444707626, 4.606513776534643, 4.606494928017641, 4.606455619518574, 4.606418191469633, 4.60633949133066, 4.606399772106073, 4.60634789222326, 4.606247458091149, 4.606290561724932, 4.606267265173105, 4.606236388133122, 4.606179168896797, 4.6061285789196305, 4.606088608961839, 4.606066416471433, 4.606050542684701, 4.6060195702772875, 4.605973293842413, 4.605964299960014, 4.605912031271519, 4.605931658622546, 4.605861114844298, 4.605855277868417, 4.605822646312225, 4.605745946443998, 4.605770499889667, 4.605742386059883, 4.605671323874058, 4.60566530349927, 4.605614587588188, 4.6055911834423355, 4.605567918679653, 4.605536682177813, 4.6055136974041275, 4.605477834359194, 4.605506373674442, 4.605409237054678, 4.605396829507289, 4.605350449146369, 4.60533171066871, 4.605291688136566, 4.605269852662698, 4.605236087701259, 4.605192122092614, 4.605219789651724, 4.605134824606089, 4.605103217638456, 4.605069859822591, 4.605070169155415, 4.604954391870743, 4.604928269753089, 4.604959639524802, 4.604853698534844, 4.604869137054835, 4.604808408786089, 4.604689025878907, 4.604697172458355, 4.604728180322891, 4.604589442717724, 4.604574279296092, 4.604543426709298, 4.604468888502854, 4.604506303102542, 4.604403196237026, 4.604356164198656, 4.604326193149273, 4.60425903124687, 4.604207459474221, 4.6041502671364025, 4.604085125067296, 4.604064156458928, 4.6040001905881445, 4.603904647093553, 4.603864809182974, 4.603762148588132, 4.603771608303755, 4.6036293139824505, 4.603611425253061, 4.603513600276067, 4.603468596629607, 4.603349356773572], "test_loss": [4.599286639404297, 4.599200799560547, 4.5991193969726565, 4.599037023925781, 4.598955725097656, 4.598878790283203, 4.598807403564453, 4.59873519897461, 4.598666583251953, 4.598597003173828, 4.598525909423828, 4.598458392333985, 4.5983917419433595, 4.598326629638672, 4.598261248779297, 4.598194110107422, 4.598130194091797, 4.598064001464844, 4.598001623535156, 4.597939361572266, 4.597874053955078, 4.597811810302734, 4.597751940917969, 4.597691534423828, 4.597628002929688, 4.597565521240234, 4.5974994445800785, 4.5974360412597655, 4.597374169921875, 4.597310717773437, 4.597249108886719, 4.597183221435547, 4.597117950439453, 4.5970527404785155, 4.596984405517578, 4.59691787109375, 4.5968510620117184, 4.596785034179687, 4.596714587402344, 4.596645098876953, 4.596573834228516, 4.596505224609375, 4.596432574462891, 4.596357965087891, 4.596285992431641, 4.596212023925781, 4.5961378356933595, 4.596062585449219, 4.595982452392578, 4.595906750488282, 4.59582866821289, 4.595749725341797, 4.5956662780761715, 4.595585119628907, 4.5955025085449215, 4.595413732910156, 4.595324096679687, 4.595232543945312, 4.595140399169922, 4.595043542480469, 4.594947668457031, 4.5948505798339845, 4.594752423095703, 4.5946556701660155, 4.594549523925782, 4.5944439453125, 4.59433451538086, 4.594223443603515, 4.594109454345703, 4.593988629150391, 4.593869946289063, 4.5937429077148435, 4.593610919189453, 4.593479138183594, 4.593338446044922, 4.59319555053711, 4.593052990722656, 4.592903466796875, 4.592747778320312, 4.592586785888672, 4.59242308959961, 4.592254486083984, 4.5920798767089845, 4.59189873046875, 4.5917132934570315, 4.591518017578125, 4.591318487548828, 4.591113671875, 4.590901086425781, 4.5906849975585935, 4.590460614013672, 4.590231146240234, 4.5899962707519535, 4.58975078125, 4.589500067138672, 4.589229235839844, 4.588956103515625, 4.588673327636719, 4.588385736083985, 4.588087072753906], "test_acc": [1.07, 1.02, 1.01, 0.97, 0.98, 1.01, 1.01, 1.04, 1.04, 1.03, 1.05, 1.1, 1.14, 1.14, 1.14, 1.15, 1.12, 1.14, 1.13, 1.15, 1.15, 1.16, 1.16, 1.16, 1.19, 1.17, 1.19, 1.17, 1.16, 1.16, 1.17, 1.18, 1.17, 1.21, 1.24, 1.27, 1.29, 1.33, 1.33, 1.31, 1.31, 1.31, 1.33, 1.3, 1.34, 1.37, 1.4, 1.41, 1.38, 1.38, 1.4, 1.42, 1.42, 1.44, 1.46, 1.46, 1.45, 1.45, 1.48, 1.48, 1.48, 1.46, 1.46, 1.47, 1.47, 1.46, 1.45, 1.44, 1.44, 1.43, 1.44, 1.43, 1.44, 1.45, 1.44, 1.44, 1.46, 1.47, 1.48, 1.48, 1.48, 1.49, 1.48, 1.47, 1.49, 1.49, 1.51, 1.57, 1.56, 1.56, 1.55, 1.57, 1.59, 1.59, 1.61, 1.61, 1.63, 1.64, 1.65, 1.65]}