{"train_loss": [4.607302122849685, 4.607254238617726, 4.60718333537762, 4.607162613746447, 4.607091648150713, 4.607055425643921, 4.607034911864843, 4.606985457738241, 4.606964549040183, 4.606898180643717, 4.606860986122718, 4.606843464191144, 4.606768281643207, 4.606755243203579, 4.606745317654732, 4.606719128290812, 4.606690487494835, 4.606658437924508, 4.6066241154303915, 4.606586090723673, 4.606560862370026, 4.606543643657978, 4.606513865788778, 4.606489917559501, 4.6064663080068735, 4.606437421456361, 4.606408106975066, 4.606392769935804, 4.60637400333698, 4.606357969381871, 4.6063247827383185, 4.606309235401643, 4.6062704734313185, 4.606251891454061, 4.60623946923476, 4.606197974620721, 4.606191841761271, 4.6061622607402315, 4.606153134810619, 4.606120719665136, 4.606107867069733, 4.6060805027301495, 4.606061748357919, 4.606042129565508, 4.606032652732654, 4.606010182698568, 4.6059906653868845, 4.60596391359965, 4.605943441390991, 4.605935204334748, 4.605910793940226, 4.605882406234741, 4.605870466965896, 4.605861745736537, 4.605842071924454, 4.605820006590623, 4.605784770769951, 4.605775470000047, 4.605759859085083, 4.605742977827023, 4.605730725557376, 4.605709445170867, 4.6056915258749935, 4.605659851661096, 4.605625052329821, 4.605632294141329, 4.605621200952775, 4.605609568571433, 4.6055796403151295, 4.605550849132049, 4.605533423790565, 4.605514127780229, 4.605512951581906, 4.605461764946962, 4.605455682216546, 4.6054418783921465, 4.605436015740419, 4.605386693661029, 4.605392976907583, 4.605380195226425, 4.605341676565317, 4.605346989020323, 4.605294524706327, 4.605290099902031, 4.605268214299128, 4.605246976705698, 4.605227854312995, 4.605226789376674, 4.605192812895163, 4.605183694301507, 4.605143394225683, 4.605115710772001, 4.605088468698355, 4.605075338559273, 4.605056095123291, 4.605022431642581, 4.605004524573301, 4.604975705269055, 4.604970538310516, 4.604927129011887], "test_loss": [4.599302575683594, 4.599233038330078, 4.599165997314453, 4.599100659179688, 4.599036895751953, 4.598974389648437, 4.59891558227539, 4.598857403564453, 4.598799841308594, 4.5987440185546875, 4.59868759765625, 4.598633068847656, 4.598579357910157, 4.598527764892578, 4.598475915527343, 4.598425329589844, 4.598374884033203, 4.598324780273438, 4.598275427246094, 4.598225323486328, 4.598176824951172, 4.598127062988281, 4.598079388427735, 4.5980309326171875, 4.597983306884766, 4.597935388183593, 4.597887750244141, 4.597839868164063, 4.597793170166016, 4.597746759033203, 4.597700817871094, 4.597654718017578, 4.597607098388671, 4.597562219238282, 4.597514135742188, 4.597467797851563, 4.597421813964844, 4.597375842285156, 4.597329815673828, 4.597283026123047, 4.597236859130859, 4.5971897644042965, 4.5971431640625, 4.597096118164062, 4.597048297119141, 4.596999584960938, 4.59695205078125, 4.59690341796875, 4.596854699707031, 4.596805267333984, 4.596755590820313, 4.596705572509766, 4.596655432128906, 4.596605181884765, 4.596554510498047, 4.596503637695313, 4.596452209472656, 4.5963990661621095, 4.596347015380859, 4.596293182373047, 4.596239770507813, 4.596185772705078, 4.596130865478516, 4.596075860595703, 4.596019775390625, 4.5959630310058595, 4.59590591430664, 4.595848590087891, 4.595789544677735, 4.59573032836914, 4.59567017211914, 4.595609210205078, 4.595549114990234, 4.595484558105468, 4.595420233154297, 4.5953548828125, 4.595288647460937, 4.59522109375, 4.595153509521484, 4.595084057617187, 4.5950154846191404, 4.594944891357422, 4.5948733093261716, 4.5947997192382815, 4.594725512695312, 4.594648699951172, 4.594568646240234, 4.594489892578125, 4.594409228515625, 4.594327764892578, 4.594243969726563, 4.594161126708984, 4.594074725341797, 4.593985992431641, 4.593896478271485, 4.593803875732422, 4.5937099975585935, 4.593613629150391, 4.593516497802734, 4.593417803955078], "test_acc": [1.06, 1.04, 1.02, 0.99, 0.98, 0.99, 1.01, 1.02, 1.03, 1.02, 1.03, 1.04, 1.05, 1.07, 1.05, 1.06, 1.07, 1.03, 1.08, 1.08, 1.08, 1.1, 1.09, 1.09, 1.1, 1.1, 1.1, 1.11, 1.12, 1.14, 1.16, 1.17, 1.17, 1.19, 1.21, 1.21, 1.19, 1.23, 1.25, 1.26, 1.26, 1.25, 1.26, 1.25, 1.27, 1.29, 1.32, 1.3, 1.3, 1.31, 1.33, 1.31, 1.31, 1.32, 1.31, 1.33, 1.34, 1.34, 1.35, 1.35, 1.36, 1.43, 1.45, 1.47, 1.47, 1.48, 1.51, 1.51, 1.52, 1.5, 1.5, 1.5, 1.48, 1.45, 1.47, 1.47, 1.48, 1.49, 1.48, 1.49, 1.49, 1.48, 1.5, 1.49, 1.5, 1.5, 1.51, 1.52, 1.54, 1.53, 1.53, 1.53, 1.55, 1.54, 1.53, 1.54, 1.54, 1.54, 1.52, 1.52]}