{"train_loss": [4.607290230041895, 4.607192357381185, 4.6071783970563835, 4.607166133782802, 4.6071523641928644, 4.607086038589477, 4.607044333678026, 4.606956256964268, 4.606946310630211, 4.606904512796646, 4.606915102249537, 4.606849456444765, 4.606805582535572, 4.606824758725288, 4.606767930739966, 4.606773680907029, 4.606730287502973, 4.606715108186771, 4.6066631598350325, 4.606628207671337, 4.606624818459535, 4.606616624196371, 4.606567544203538, 4.6065386111919695, 4.606546428876046, 4.606497072562194, 4.606495734972832, 4.606498213303395, 4.606424927100157, 4.606428307753343, 4.606420331123548, 4.606432812030499, 4.6063713941818625, 4.606324298565204, 4.6063665769039055, 4.606343686274993, 4.606280628840128, 4.606278825417543, 4.60623692488059, 4.606258230942946, 4.606227428485186, 4.606224557680961, 4.6062301036639095, 4.606186542755518, 4.606179483120258, 4.606162150700887, 4.606168841093014, 4.6061630652501035, 4.606126395249978, 4.60609779724708, 4.606087129543989, 4.606066733140212, 4.60606882755573, 4.606039319894252, 4.606056254949325, 4.606059060952602, 4.606032524353418, 4.606017197095431, 4.605992479813405, 4.605991752331073, 4.605985877452753, 4.605965401576116, 4.605920482293153, 4.605951753029457, 4.605924696800036, 4.605895876273131, 4.605904938624455, 4.605873682560065, 4.605853168780987, 4.6058763626294255, 4.605841713685256, 4.605820251122499, 4.6058295506697435, 4.605832113363804, 4.6058156844897145, 4.605812494571392, 4.605819727824285, 4.605808324080247, 4.605810057811248, 4.605774886791522, 4.605732624347393, 4.605728244781494, 4.605727431713007, 4.605707683318701, 4.605742099957588, 4.605691626133063, 4.605701128641765, 4.605668748953404, 4.605697763883151, 4.6056729206672085, 4.605676863743708, 4.605661920400766, 4.605660783327543, 4.605681627224653, 4.605636589343732, 4.605630180163261, 4.605620038203704, 4.60558659969232, 4.605603905213185, 4.605581149076804], "test_loss": [4.599324139404297, 4.5992766235351565, 4.599233020019531, 4.599189288330078, 4.5991490417480465, 4.599111267089844, 4.599074005126953, 4.599037060546875, 4.599000811767578, 4.598966473388672, 4.59892998046875, 4.598897668457031, 4.598865142822266, 4.598832629394531, 4.598802941894531, 4.59877314453125, 4.59874341430664, 4.598714404296875, 4.598688739013672, 4.598661059570312, 4.598634930419922, 4.598608441162109, 4.59858115234375, 4.598555816650391, 4.598529913330078, 4.59850517578125, 4.598477581787109, 4.598456719970703, 4.5984306823730465, 4.5984069396972655, 4.598384149169922, 4.598360876464843, 4.598337219238282, 4.598311102294922, 4.598287670898437, 4.598264373779297, 4.598240850830078, 4.5982164184570316, 4.598193859863281, 4.598172747802734, 4.598151593017578, 4.598130139160157, 4.598107989501953, 4.59808784790039, 4.598065545654297, 4.59804521484375, 4.5980254028320315, 4.598007550048828, 4.597987249755859, 4.597969519042969, 4.597951171875, 4.597931927490234, 4.59791001586914, 4.59788988647461, 4.59787095336914, 4.597851623535156, 4.5978326171875, 4.59781259765625, 4.597795318603516, 4.5977757507324215, 4.597759478759766, 4.597741442871094, 4.5977241333007814, 4.597705712890625, 4.597687036132813, 4.597667504882812, 4.597648315429687, 4.59763120727539, 4.597613275146484, 4.5975962829589845, 4.597577685546875, 4.597559832763672, 4.597543426513672, 4.597525415039063, 4.597505194091797, 4.597485577392578, 4.597468084716797, 4.597452618408203, 4.5974336608886714, 4.5974166015625, 4.597394970703125, 4.59737954711914, 4.597358990478516, 4.59734091796875, 4.597325408935547, 4.597304644775391, 4.5972851989746095, 4.597267224121094, 4.597248840332031, 4.597232305908203, 4.597214569091797, 4.5971980529785155, 4.597180035400391, 4.597163592529297, 4.59714541015625, 4.5971297241210936, 4.597110705566406, 4.597091351318359, 4.597073785400391, 4.59705341796875], "test_acc": [1.06, 1.02, 1.02, 1.03, 0.98, 0.98, 0.99, 0.98, 0.96, 0.97, 0.95, 0.96, 0.97, 0.96, 0.96, 0.97, 1.0, 0.99, 0.95, 0.95, 1.0, 0.97, 0.99, 0.98, 0.95, 0.95, 0.95, 0.96, 0.96, 0.95, 0.94, 0.95, 0.95, 0.94, 0.93, 0.92, 0.93, 0.97, 0.98, 0.96, 0.97, 0.99, 0.98, 0.99, 1.02, 1.03, 1.05, 1.06, 1.05, 1.05, 1.04, 1.06, 1.07, 1.06, 1.08, 1.08, 1.09, 1.08, 1.08, 1.08, 1.07, 1.07, 1.07, 1.05, 1.06, 1.05, 1.06, 1.06, 1.06, 1.07, 1.1, 1.08, 1.08, 1.08, 1.09, 1.11, 1.12, 1.11, 1.14, 1.15, 1.14, 1.15, 1.13, 1.12, 1.15, 1.16, 1.17, 1.18, 1.2, 1.19, 1.18, 1.2, 1.2, 1.21, 1.2, 1.19, 1.18, 1.19, 1.21, 1.24]}