{"train_loss": [4.607268493603438, 4.607171942637517, 4.607149256192721, 4.6070742631569885, 4.607006024091672, 4.606956796157054, 4.606964582051987, 4.606931665616158, 4.606843828543639, 4.606840205803896, 4.606817250374036, 4.606782822731214, 4.606801815522023, 4.606718745598426, 4.60669203538161, 4.6067144002669895, 4.606653116910886, 4.6066604724297155, 4.606595972256783, 4.60655318406912, 4.6065541634192835, 4.606533159353794, 4.60646832539485, 4.60651879188342, 4.606450728881053, 4.606450211696136, 4.6064273125086075, 4.606422249476115, 4.606369801056691, 4.606388490627974, 4.606358585602198, 4.606323566192236, 4.606284931378487, 4.60626210799584, 4.606310131610968, 4.606258235833583, 4.606250764162112, 4.606248805461786, 4.606231979223398, 4.606186426602877, 4.606163965127407, 4.606196843660795, 4.60614076761099, 4.606088177363078, 4.606104866663615, 4.606089672675499, 4.606081071266761, 4.6060827145209675, 4.606070935420501, 4.6060418679164, 4.606057097361638, 4.606003958139664, 4.606032411868756, 4.6060049497164215, 4.606008417178423, 4.605880385178786, 4.6059296962542415, 4.605931235582401, 4.605941224709535, 4.605908503899207, 4.605899049074222, 4.60589035596603, 4.605883636230078, 4.605869569533911, 4.605863889058431, 4.605837115263328, 4.605836524718847, 4.605823218516814, 4.605830847911346, 4.605784819676326, 4.605780628399971, 4.6057713178487925, 4.605764580995609, 4.605758026318672, 4.6057277227059386, 4.605746831649389, 4.605736694580469, 4.605723548546815, 4.605748044527494, 4.605701588361692, 4.605677911562798, 4.605642235584748, 4.6056565847152315, 4.605677153513982, 4.6056867782886215, 4.605635142937684, 4.6056576679914425, 4.60565572029505, 4.605645391268608, 4.605595025038108, 4.605635611216227, 4.605624079092955, 4.605549089725201, 4.605575812168611, 4.605591679842044, 4.605558609351133, 4.60555891257066, 4.605527069629767, 4.60553380770561, 4.605553562213213], "test_loss": [4.599332824707031, 4.599294030761719, 4.599256451416015, 4.59921708984375, 4.599182873535156, 4.599149145507813, 4.59911630859375, 4.599081896972656, 4.599052313232422, 4.599021240234375, 4.598992266845703, 4.598966918945313, 4.598938763427735, 4.598913366699219, 4.598885009765625, 4.598863226318359, 4.59883617553711, 4.598813201904297, 4.598790716552735, 4.598765972900391, 4.5987418884277345, 4.598718927001953, 4.598693255615235, 4.598672216796875, 4.598652453613282, 4.598632562255859, 4.59861431274414, 4.598591448974609, 4.598573657226562, 4.598555194091797, 4.59854111328125, 4.598523889160156, 4.59850556640625, 4.598488250732422, 4.59847080078125, 4.598453851318359, 4.5984350708007815, 4.598418310546875, 4.5984025512695315, 4.5983832214355465, 4.598370001220703, 4.598352856445312, 4.5983382446289065, 4.59832109375, 4.598304632568359, 4.598289172363281, 4.598274938964844, 4.5982585144042964, 4.598242041015625, 4.598225958251953, 4.598212048339843, 4.598197302246094, 4.598184069824219, 4.598170013427734, 4.598156158447265, 4.598142999267578, 4.598128674316406, 4.598116479492187, 4.598098364257813, 4.598081939697265, 4.5980665954589846, 4.598051196289062, 4.5980380859375, 4.598023168945312, 4.598008905029297, 4.597994940185547, 4.5979826171875, 4.59796982421875, 4.597955639648437, 4.59794404296875, 4.597932995605468, 4.597917608642578, 4.5979044799804685, 4.597889501953125, 4.597877752685547, 4.597866162109375, 4.597854779052734, 4.597844226074219, 4.597831005859375, 4.597820343017578, 4.597804724121094, 4.597790753173828, 4.597776342773438, 4.597761163330079, 4.597748754882812, 4.597734002685547, 4.5977223815917965, 4.597710284423828, 4.597693090820313, 4.597681677246094, 4.5976673706054685, 4.597654437255859, 4.5976436279296875, 4.5976328247070315, 4.597620861816406, 4.5976050598144536, 4.597592492675782, 4.597583416748047, 4.597571655273438, 4.597560650634765], "test_acc": [1.07, 1.05, 1.02, 1.01, 1.0, 1.0, 1.0, 0.99, 1.0, 0.99, 1.02, 1.02, 1.01, 1.01, 1.01, 0.97, 0.96, 0.97, 0.97, 0.98, 0.97, 0.97, 0.95, 0.94, 0.93, 0.92, 0.94, 0.95, 0.97, 0.93, 0.93, 0.97, 0.97, 0.99, 1.0, 1.01, 1.02, 1.03, 1.03, 1.03, 1.04, 1.03, 1.02, 1.05, 1.04, 1.04, 1.04, 1.03, 1.03, 1.03, 1.04, 1.03, 1.06, 1.06, 1.08, 1.08, 1.07, 1.07, 1.08, 1.1, 1.11, 1.1, 1.09, 1.09, 1.11, 1.1, 1.1, 1.09, 1.09, 1.08, 1.08, 1.07, 1.07, 1.07, 1.07, 1.06, 1.07, 1.08, 1.09, 1.09, 1.1, 1.1, 1.11, 1.11, 1.12, 1.12, 1.13, 1.14, 1.15, 1.16, 1.17, 1.17, 1.16, 1.14, 1.13, 1.14, 1.13, 1.13, 1.16, 1.17]}