{"train_loss": [4.607281903731518, 4.607233814092782, 4.60720492876493, 4.607189809359037, 4.60713105446253, 4.607102216818394, 4.607021142274905, 4.607007380020924, 4.606972809326955, 4.606905563061054, 4.606876409970797, 4.6068789910047485, 4.606791523175362, 4.606799266277215, 4.606748297275641, 4.606747558789375, 4.606717525384365, 4.606717744240394, 4.606656886369754, 4.606607170594044, 4.60658173927894, 4.606569716869257, 4.606539561198308, 4.606519411771726, 4.606496980862739, 4.606484405811017, 4.606426889468462, 4.606413181011494, 4.606407457742936, 4.606367603937785, 4.606348744416848, 4.606313099005283, 4.606268454820682, 4.606265310140756, 4.606274333366981, 4.606246547209911, 4.606208985891097, 4.606170353522668, 4.60619781934298, 4.606138715988551, 4.60615772711925, 4.606081006465814, 4.6060659726460775, 4.606045145866198, 4.606093801596226, 4.60602459418468, 4.606056561836829, 4.606034011107225, 4.605998730048155, 4.6060018392709585, 4.605967036271706, 4.605934690817809, 4.605932800586407, 4.60593762642298, 4.605911668141683, 4.605875418736384, 4.605852945034321, 4.605888855762971, 4.605834635710105, 4.605851016900478, 4.605824295679728, 4.605789074530969, 4.605798644285936, 4.605746259444799, 4.605735920637082, 4.605739910174639, 4.605692589588655, 4.605730907733624, 4.605747713186802, 4.605728107843643, 4.6056713287646955, 4.605657912523318, 4.605666280404115, 4.60558026998471, 4.605597593845466, 4.6055999731406185, 4.605574897619394, 4.605561824945303, 4.6055533286852715, 4.605546381534674, 4.605473438898723, 4.605504039617685, 4.605466414720584, 4.605485900243123, 4.605479767383673, 4.605442913984641, 4.6054719325823665, 4.605423128910553, 4.6053915940798245, 4.605436932734954, 4.605389999731993, 4.605372367761074, 4.605335837144118, 4.605353349294418, 4.605354586625711, 4.605320738523434, 4.605295100578895, 4.605301052484757, 4.605315841772618, 4.605284519684621], "test_loss": [4.599309088134766, 4.599250067138672, 4.599192034912109, 4.5991352233886715, 4.599080267333984, 4.599026507568359, 4.598974951171875, 4.598924420166016, 4.598876916503906, 4.5988287841796875, 4.598779571533203, 4.598736907958984, 4.5986940368652345, 4.598652947998047, 4.598608703613281, 4.598566723632812, 4.598527807617187, 4.598487145996094, 4.59844566040039, 4.598405517578125, 4.598366931152344, 4.598325964355468, 4.598287298583984, 4.5982471984863285, 4.598210369873047, 4.598173065185547, 4.598135736083984, 4.59809760131836, 4.5980624633789065, 4.598026837158203, 4.597990551757812, 4.597953253173828, 4.597918426513671, 4.597885870361329, 4.597851745605468, 4.597818023681641, 4.597783557128906, 4.597747430419922, 4.597711724853515, 4.597675885009766, 4.597639819335938, 4.597606652832031, 4.597571240234375, 4.597535809326172, 4.597500524902344, 4.5974669921875, 4.597434008789063, 4.597402185058594, 4.5973669616699215, 4.597332147216797, 4.597299908447265, 4.597268096923828, 4.597232861328125, 4.597198944091797, 4.59716240234375, 4.597127728271484, 4.5970931762695315, 4.597056909179687, 4.597023278808594, 4.596989282226563, 4.596955932617187, 4.596919268798828, 4.596885284423828, 4.596852117919922, 4.596820513916016, 4.596786456298828, 4.596751690673828, 4.59671889038086, 4.596682360839844, 4.596650018310547, 4.596613610839844, 4.596577423095703, 4.596538024902344, 4.596501904296875, 4.59646459350586, 4.596429815673828, 4.596392718505859, 4.59635552368164, 4.596315405273438, 4.596277679443359, 4.596238110351562, 4.596200946044922, 4.596163708496094, 4.596121875, 4.5960828125, 4.596044836425781, 4.596005786132812, 4.595966082763672, 4.595924060058594, 4.595887524414063, 4.595846502685547, 4.595807073974609, 4.595761529541016, 4.595717211914063, 4.595675085449218, 4.595629681396485, 4.595586181640625, 4.595543115234375, 4.595500811767578, 4.595455102539063], "test_acc": [1.06, 1.05, 0.99, 0.99, 0.98, 0.99, 0.95, 0.96, 0.97, 0.93, 0.98, 0.98, 0.98, 0.97, 1.02, 1.01, 1.04, 1.05, 1.07, 1.09, 1.11, 1.1, 1.14, 1.14, 1.13, 1.11, 1.12, 1.11, 1.14, 1.15, 1.13, 1.11, 1.13, 1.13, 1.13, 1.13, 1.13, 1.13, 1.16, 1.19, 1.18, 1.17, 1.2, 1.17, 1.15, 1.18, 1.19, 1.19, 1.2, 1.2, 1.19, 1.2, 1.19, 1.2, 1.23, 1.26, 1.24, 1.22, 1.22, 1.23, 1.23, 1.27, 1.28, 1.3, 1.31, 1.31, 1.31, 1.32, 1.35, 1.37, 1.36, 1.37, 1.37, 1.36, 1.39, 1.39, 1.4, 1.42, 1.41, 1.44, 1.44, 1.43, 1.43, 1.46, 1.49, 1.5, 1.5, 1.52, 1.51, 1.51, 1.52, 1.54, 1.51, 1.52, 1.53, 1.55, 1.55, 1.56, 1.59, 1.59]}