{"train_loss": [4.607283751169841, 4.60723271614466, 4.607112613091102, 4.607106179457444, 4.607010276500995, 4.606950506797204, 4.606862657498091, 4.606828592985105, 4.606788909129607, 4.606680958087628, 4.606617786945441, 4.606610189340054, 4.606440242131551, 4.606436017843393, 4.606431710414397, 4.606392189172598, 4.606303776227511, 4.606252283927722, 4.606207541930369, 4.606125335204296, 4.606074921290079, 4.606011737921299, 4.60595742494632, 4.605905101238153, 4.605868967985495, 4.605781353436983, 4.6057115090199, 4.605649007895054, 4.605641272129157, 4.605556165255033, 4.605525405590351, 4.605411990483602, 4.605333490860768, 4.6053036115108394, 4.605215842907246, 4.605146139095991, 4.605075360567142, 4.605030030470628, 4.604954119217702, 4.6048697386032496, 4.604752011176867, 4.604689426911183, 4.6045690108568245, 4.604486967967107, 4.604438177744547, 4.604278532663981, 4.604218209095491, 4.604095939489511, 4.6039516791319235, 4.603861966499916, 4.603708097262261, 4.603558913255349, 4.603424893892728, 4.603335129909026, 4.6031676231286465, 4.603005338326478, 4.602772684586354, 4.602595452773265, 4.602428997479953, 4.602218945821126, 4.60205089984796, 4.601796114750398, 4.6015756374750385, 4.60127162199754, 4.600950556534987, 4.600720949662038, 4.6004700000469505, 4.6001304161854275, 4.599728189370571, 4.599357952215732, 4.59900973271101, 4.598552972842485, 4.598194864468697, 4.597636557848025, 4.597240719428429, 4.596721833791488, 4.59630560752673, 4.595549159172254, 4.595152999193241, 4.5944810243753285, 4.593948286007612, 4.593354816925832, 4.592625154593052, 4.592044544219971, 4.5914580773084595, 4.590655811016376, 4.590021003820957, 4.589490817143367, 4.588798412909875, 4.588083898104154, 4.5874664380000185, 4.5868520076458275, 4.5862703641255695, 4.58552776605655, 4.584903397926918, 4.584277637188251, 4.5836482854989855, 4.582978403873932, 4.5824223139347176, 4.58185181250939], "test_loss": [4.599260595703125, 4.599148120117188, 4.5990380126953125, 4.598928588867188, 4.59882099609375, 4.598715454101563, 4.5986135437011715, 4.598510626220703, 4.5984076904296876, 4.598306372070312, 4.598200891113281, 4.5980984375, 4.597994177246094, 4.597891729736328, 4.597784576416015, 4.597680377197266, 4.597574505615234, 4.597468420410157, 4.597360119628906, 4.597249896240235, 4.597136553955078, 4.597025231933594, 4.596908294677735, 4.596790570068359, 4.596669006347656, 4.596546405029297, 4.5964196594238285, 4.596289514160156, 4.59615634765625, 4.5960179077148435, 4.595879144287109, 4.595735394287109, 4.595586883544922, 4.59543505859375, 4.59527534790039, 4.595113018798828, 4.594943646240234, 4.594769757080078, 4.594588372802734, 4.594399133300781, 4.594200537109375, 4.593994244384765, 4.593775628662109, 4.59354853515625, 4.593313385009766, 4.5930671142578126, 4.592809423828125, 4.592539129638672, 4.592248059082031, 4.591946594238281, 4.591621008300781, 4.591278240966797, 4.590914422607422, 4.59053236694336, 4.590122473144532, 4.5896884643554685, 4.589225329589844, 4.588723864746094, 4.5882000061035155, 4.587633337402344, 4.587037786865235, 4.586400177001953, 4.585719262695313, 4.584991748046875, 4.584207879638672, 4.583366241455078, 4.58247769165039, 4.581512927246094, 4.580484869384765, 4.57937431640625, 4.578199194335937, 4.5769376953125, 4.575600952148437, 4.57415912475586, 4.572631256103516, 4.5709985107421875, 4.569259942626953, 4.567402429199219, 4.565492120361328, 4.563459033203125, 4.561368859863281, 4.559219946289063, 4.556953973388672, 4.5546552856445315, 4.552345538330078, 4.549962390136718, 4.547576379394531, 4.545230426025391, 4.542853588867188, 4.540465075683594, 4.538078363037109, 4.535757702636719, 4.533453332519532, 4.5311274841308595, 4.528763787841797, 4.526433856201172, 4.524207000732422, 4.521862097167968, 4.519645703125, 4.51734594116211], "test_acc": [1.05, 1.02, 1.01, 0.98, 1.01, 1.04, 1.08, 1.06, 1.1, 1.11, 1.15, 1.15, 1.2, 1.22, 1.23, 1.27, 1.29, 1.31, 1.28, 1.34, 1.36, 1.37, 1.37, 1.39, 1.38, 1.4, 1.4, 1.47, 1.49, 1.48, 1.46, 1.52, 1.54, 1.52, 1.57, 1.56, 1.56, 1.57, 1.58, 1.61, 1.6, 1.56, 1.58, 1.6, 1.56, 1.55, 1.53, 1.54, 1.53, 1.54, 1.55, 1.56, 1.55, 1.51, 1.49, 1.5, 1.46, 1.49, 1.55, 1.56, 1.56, 1.58, 1.59, 1.62, 1.61, 1.61, 1.59, 1.63, 1.62, 1.62, 1.61, 1.61, 1.61, 1.58, 1.59, 1.58, 1.58, 1.57, 1.61, 1.63, 1.58, 1.57, 1.64, 1.72, 1.76, 1.85, 1.84, 1.93, 1.93, 1.91, 1.88, 1.92, 1.91, 1.94, 1.97, 1.99, 2.01, 2.05, 2.09, 2.13]}