{"train_loss": [4.607400462566278, 4.6073379834493, 4.607302537331214, 4.607271815568973, 4.607239195016715, 4.607191727711604, 4.607155446517162, 4.607102152017447, 4.607077663372724, 4.607041471432417, 4.6070245168147945, 4.606982830243233, 4.606949602029262, 4.606936200459798, 4.606900158906594, 4.606885165434617, 4.606853206341083, 4.606832836835812, 4.606799189249674, 4.606773788501055, 4.606756573456984, 4.60674068744366, 4.606710447409214, 4.6066863610194275, 4.606676584635025, 4.606645591442401, 4.606634520261716, 4.606620968305148, 4.606585852305094, 4.606573433753772, 4.606559726519462, 4.606552241398738, 4.6065215612069155, 4.606495760648679, 4.606496898944561, 4.60647875712468, 4.606448931571765, 4.60643827242729, 4.606416240105262, 4.606411900887123, 4.6063916450891735, 4.606381081312131, 4.606373409124521, 4.606351320560162, 4.60634037898137, 4.606326223031068, 4.606315843875592, 4.6063071666619715, 4.6062884673094135, 4.606269848652375, 4.606260582116934, 4.6062449210729355, 4.606237570444743, 4.606221579282712, 4.606218374692476, 4.606211755214593, 4.606195623446734, 4.606183989842733, 4.606166783357278, 4.606161094323182, 4.606151277591021, 4.606137541012886, 4.606117769388052, 4.606121022884662, 4.606107260630681, 4.606091589805407, 4.606089560190837, 4.6060691772363125, 4.606058920346774, 4.606059594032092, 4.606041460770827, 4.606030516746717, 4.606027095745771, 4.606022905692076, 4.606012850541335, 4.606004313933544, 4.606001083667461, 4.605990408628415, 4.605988476826594, 4.605970138158554, 4.605954203238854, 4.605945183680608, 4.605943372922066, 4.605931488672892, 4.605936549260066, 4.605916873002664, 4.605914634313339, 4.605899645731999, 4.605905101238153, 4.605889123525375, 4.60588743870075, 4.605880467096965, 4.605874203412961, 4.60587236942389, 4.605855836623754, 4.605848732972756, 4.605844754439134, 4.605830097198487, 4.605828450276301, 4.605819269327017], "test_loss": [4.599338555908203, 4.599305230712891, 4.599274548339844, 4.5992444763183595, 4.599216491699218, 4.599189953613282, 4.599164215087891, 4.599139569091797, 4.599115618896485, 4.599092553710937, 4.599069604492188, 4.599048303222657, 4.599027545166016, 4.599007427978516, 4.598987756347657, 4.598968646240234, 4.598950164794922, 4.598931256103516, 4.598913708496093, 4.598895568847656, 4.598878894042969, 4.598862158203125, 4.598845385742187, 4.5988295471191405, 4.59881411743164, 4.598799060058594, 4.598783288574219, 4.598768817138672, 4.598753594970703, 4.598738452148438, 4.598723889160156, 4.59870962524414, 4.598695202636719, 4.598679986572265, 4.598665704345703, 4.598651751708984, 4.598637860107422, 4.598623620605469, 4.5986098999023435, 4.598596350097656, 4.598583618164063, 4.598571228027343, 4.598558801269531, 4.598546899414062, 4.598534649658203, 4.5985228637695315, 4.598511529541016, 4.5985003723144535, 4.598489105224609, 4.598478735351563, 4.598467889404297, 4.598457147216797, 4.5984457580566405, 4.598435168457031, 4.598425250244141, 4.598414923095703, 4.598404547119141, 4.598394189453125, 4.598384930419922, 4.5983751953125, 4.5983656188964845, 4.598356237792968, 4.598346813964843, 4.598337225341797, 4.5983275756835935, 4.5983177734375, 4.598308129882812, 4.59829946899414, 4.598290423583984, 4.598281970214844, 4.5982731872558595, 4.598264483642578, 4.5982559875488285, 4.598247045898438, 4.598238079833984, 4.598229034423828, 4.598220587158203, 4.598212463378906, 4.598203668212891, 4.598196002197265, 4.59818642578125, 4.598178442382813, 4.5981699645996095, 4.5981617980957035, 4.598153680419922, 4.598145111083984, 4.598136907958985, 4.598128930664062, 4.598120190429688, 4.598112048339844, 4.59810414428711, 4.598096343994141, 4.598088824462891, 4.598081530761719, 4.598073956298828, 4.598066906738281, 4.5980594482421875, 4.59805185546875, 4.5980443786621095, 4.5980369567871096], "test_acc": [1.07, 1.04, 1.02, 1.01, 1.01, 0.99, 0.96, 0.97, 0.97, 0.97, 0.95, 0.93, 0.91, 0.91, 0.93, 0.95, 0.93, 0.93, 0.93, 0.92, 0.91, 0.89, 0.88, 0.9, 0.89, 0.88, 0.9, 0.91, 0.93, 0.94, 0.92, 0.92, 0.92, 0.93, 0.92, 0.9, 0.9, 0.91, 0.9, 0.9, 0.91, 0.9, 0.91, 0.93, 0.92, 0.93, 0.93, 0.93, 0.94, 0.93, 0.93, 0.93, 0.93, 0.93, 0.93, 0.94, 0.95, 0.96, 0.98, 0.99, 0.96, 0.96, 0.96, 0.93, 0.95, 0.94, 0.91, 0.93, 0.94, 0.94, 0.96, 0.95, 0.96, 0.96, 0.97, 0.97, 0.96, 0.97, 0.97, 0.97, 0.97, 0.98, 0.96, 0.95, 0.94, 0.94, 0.94, 0.93, 0.93, 0.93, 0.95, 0.95, 0.94, 0.94, 0.94, 0.95, 0.96, 0.97, 0.97, 0.97]}