{"train_loss": [4.607356103261312, 4.6073155928880745, 4.607234457211617, 4.607222438469911, 4.607157786687215, 4.607114878678933, 4.607055535683265, 4.607028615169036, 4.607000864469088, 4.606932505583152, 4.606893748503465, 4.606884413499099, 4.606780201349503, 4.606774315467248, 4.606772587849544, 4.606743848018157, 4.606693174900153, 4.606663833520352, 4.606639062441312, 4.606593509820791, 4.6065691776764695, 4.606527466651721, 4.606504703179384, 4.60647625311827, 4.606460884289864, 4.606415398915609, 4.606380855120145, 4.606355264859322, 4.606352466192001, 4.606319280771109, 4.606305811955378, 4.606256326039632, 4.606221567056118, 4.606209075145232, 4.606184815137814, 4.6061583396716, 4.606137778208806, 4.606117222859309, 4.606099742498153, 4.606066237963163, 4.606030212304531, 4.606017595682388, 4.605983011539166, 4.605959041302021, 4.6059575545482145, 4.605906273768499, 4.605898370498266, 4.605861885119707, 4.605834109966572, 4.605818088238056, 4.605793350170821, 4.605758483593281, 4.605733757752638, 4.605733373837594, 4.605708954884456, 4.605682019698314, 4.605630489496084, 4.605626281102499, 4.605605355287209, 4.605583178691375, 4.605563767751058, 4.605529600534684, 4.605521427056728, 4.605474516061636, 4.605422627620208, 4.605425228216709, 4.605407405510927, 4.605390443557348, 4.605344039965899, 4.6053299170274, 4.605287598340939, 4.605251066501324, 4.605246221102201, 4.605188198578664, 4.60516383097722, 4.605145698938614, 4.605155663612561, 4.6050611288119585, 4.605074597627689, 4.605051705776117, 4.60499939918518, 4.604974555969238, 4.604927971424201, 4.604926581260486, 4.604892698923747, 4.604852024714152, 4.604796099051451, 4.604797912255312, 4.604745336679312, 4.6047129569909515, 4.604668892346895, 4.6046252079499075, 4.6045903694935335, 4.604535364493346, 4.6045262238918205, 4.604444203009972, 4.604414768708058, 4.604378732045491, 4.6043414568289736, 4.60427177013495], "test_loss": [4.59929536743164, 4.599218475341797, 4.599144299316406, 4.599071624755859, 4.599000732421875, 4.598931213378906, 4.598865899658203, 4.5988015625, 4.598738854980469, 4.598676550292969, 4.598613073730469, 4.598550067138672, 4.598488818359375, 4.598429864501953, 4.598370245361328, 4.598312438964844, 4.598254504394531, 4.5981959594726565, 4.598139349365234, 4.598081945800781, 4.5980240417480465, 4.597967126464844, 4.597909423828125, 4.597853125, 4.597796813964844, 4.597740802001953, 4.597684265136719, 4.597627770996094, 4.597572357177734, 4.5975166625976565, 4.5974615234375, 4.5974053894042965, 4.597349163818359, 4.59729404296875, 4.597236126708984, 4.5971799621582035, 4.5971233276367185, 4.597067486572266, 4.597009552001953, 4.596951702880859, 4.596892291259766, 4.596833404541016, 4.596773193359375, 4.596712310791015, 4.596652142333984, 4.596589361572265, 4.596528186035156, 4.596466674804687, 4.5964034606933595, 4.596338714599609, 4.596273583984375, 4.596206494140625, 4.596139422607422, 4.596072955322265, 4.596004998779297, 4.59593603515625, 4.595866729736328, 4.5957938659667965, 4.595722210693359, 4.595648913574219, 4.595573767089844, 4.595498052978516, 4.5954199829101565, 4.595342602539063, 4.59526171875, 4.5951812438964845, 4.59509775390625, 4.595012677001953, 4.594925006103516, 4.594835455322266, 4.594745983886718, 4.594653344726562, 4.594559521484375, 4.594460601806641, 4.5943611633300785, 4.594259136962891, 4.594157897949219, 4.594053131103515, 4.593945739746093, 4.593835205078125, 4.593723883056641, 4.593609381103516, 4.593491180419922, 4.593371331787109, 4.593248986816406, 4.593120983886719, 4.592989172363281, 4.592856921386719, 4.592718688964844, 4.5925773376464845, 4.592430438232422, 4.592281750488281, 4.592130383300781, 4.59197109375, 4.591808758544921, 4.591639227294922, 4.591463562011719, 4.591285229492187, 4.591100036621094, 4.590909698486328], "test_acc": [1.08, 1.02, 1.01, 0.99, 0.98, 1.0, 1.01, 1.03, 1.02, 1.02, 1.0, 1.02, 1.07, 1.07, 1.09, 1.11, 1.13, 1.15, 1.15, 1.14, 1.14, 1.14, 1.19, 1.2, 1.2, 1.18, 1.18, 1.16, 1.17, 1.2, 1.19, 1.19, 1.2, 1.21, 1.23, 1.22, 1.23, 1.26, 1.26, 1.25, 1.26, 1.28, 1.31, 1.33, 1.34, 1.37, 1.38, 1.4, 1.44, 1.44, 1.42, 1.41, 1.46, 1.48, 1.48, 1.5, 1.52, 1.54, 1.55, 1.56, 1.57, 1.58, 1.57, 1.56, 1.57, 1.55, 1.55, 1.53, 1.53, 1.53, 1.52, 1.48, 1.49, 1.5, 1.49, 1.48, 1.5, 1.49, 1.48, 1.49, 1.49, 1.49, 1.51, 1.52, 1.51, 1.53, 1.53, 1.53, 1.51, 1.48, 1.49, 1.5, 1.5, 1.52, 1.53, 1.53, 1.56, 1.57, 1.55, 1.53]}