{"train_loss": [4.60726430844038, 4.607215178318513, 4.607187086496598, 4.6071735956729984, 4.607112300090301, 4.607083636063796, 4.6069969739669405, 4.606984766935691, 4.606949576353416, 4.606877676645914, 4.606847723936423, 4.606853688068879, 4.6067592510810265, 4.606770612031985, 4.606715361277263, 4.606716698866624, 4.606686358574109, 4.606688234133598, 4.606621935428717, 4.606568905023428, 4.606543010320419, 4.606530195627457, 4.606499641369551, 4.606478528487377, 4.606456342110267, 4.606442329211113, 4.60638059102572, 4.606366164867694, 4.606362620378152, 4.606319546088194, 4.606299240161211, 4.6062611090831265, 4.606212431345231, 4.6062115595890925, 4.606221607403877, 4.606191484744732, 4.6061507090544085, 4.6061080003396055, 4.6061389568524485, 4.606074265944652, 4.606095675933055, 4.606011862632556, 4.605995686848958, 4.605973038306603, 4.606028400323329, 4.605952053803664, 4.605988403467031, 4.6059654003534565, 4.605924889980218, 4.60592835866488, 4.60589248461601, 4.605856893001459, 4.605853678629948, 4.605858993530274, 4.605829078723223, 4.605791698357998, 4.605767346651126, 4.605805378693801, 4.605746029584836, 4.605766551922529, 4.6057364427126375, 4.605694734133207, 4.60570713067666, 4.605650086280627, 4.605639268190433, 4.60564292271932, 4.605590205314832, 4.6056340853373205, 4.605649333122449, 4.605631559323042, 4.605565731342022, 4.605551009300427, 4.605555981856126, 4.60546403787075, 4.6054804508502665, 4.605486816014999, 4.605455880287366, 4.605440715643076, 4.605428612537873, 4.605420410938752, 4.6053399232717664, 4.6053749830294874, 4.605332455268273, 4.605346987797664, 4.605341279201019, 4.605303292396741, 4.605334015381642, 4.605278340364114, 4.605239050204937, 4.605295147039952, 4.605234203583155, 4.605217361450196, 4.6051701460129175, 4.605188967631413, 4.60519072826092, 4.605148793489505, 4.60512202213972, 4.605129839823796, 4.605144667014097, 4.605103207857181], "test_loss": [4.599305444335937, 4.599243280029297, 4.599181689453125, 4.599121423339843, 4.599063116455078, 4.599005712890625, 4.59895082397461, 4.59889736328125, 4.598846594238282, 4.59879517211914, 4.598742291259765, 4.598696466064453, 4.598650286865235, 4.598605780029297, 4.598557861328125, 4.598512023925781, 4.598469366455078, 4.598425183105468, 4.598380755615234, 4.598336981201172, 4.598295013427735, 4.598250054931641, 4.598208959960938, 4.598164959716797, 4.5981248657226566, 4.598083764648438, 4.598042559814453, 4.5980009094238286, 4.597961950683594, 4.597922973632812, 4.597882531738281, 4.597842236328125, 4.5978037536621095, 4.597767883300781, 4.5977304138183595, 4.597692803955078, 4.597654852294922, 4.5976146240234375, 4.597574890136719, 4.597534228515625, 4.597494250488281, 4.597456146240234, 4.597416076660156, 4.597375421142578, 4.597335345458984, 4.59729653930664, 4.597258422851563, 4.597222485351563, 4.597183135986328, 4.597142816162109, 4.59710615234375, 4.597069439697266, 4.597030505371094, 4.596990460205078, 4.596949755859375, 4.596909747314453, 4.596870886230469, 4.596830096435547, 4.596790246582032, 4.596750848388672, 4.596711413574218, 4.59666860961914, 4.596626391601562, 4.596588006591797, 4.596549963378906, 4.596509173583985, 4.596467956542969, 4.596428875732422, 4.596384399414062, 4.596344787597657, 4.5963023559570315, 4.596257464599609, 4.596209619140625, 4.596165258789062, 4.5961201171875, 4.596078332519531, 4.596031433105469, 4.595985784912109, 4.59593720703125, 4.595889709472656, 4.59584208984375, 4.595794732666016, 4.595747827148437, 4.595695843505859, 4.59564541015625, 4.595597998046875, 4.595547180175782, 4.5954960998535155, 4.595443139648437, 4.595394055175781, 4.595340228271485, 4.595287982177735, 4.595231317138672, 4.595174536132813, 4.595119396972656, 4.595060974121094, 4.595003204345703, 4.594948168945312, 4.594893096923828, 4.594832373046875], "test_acc": [1.04, 1.05, 1.0, 0.99, 0.98, 0.97, 0.95, 0.98, 0.97, 0.97, 0.98, 0.98, 1.01, 1.03, 1.04, 1.06, 1.05, 1.07, 1.09, 1.13, 1.13, 1.16, 1.19, 1.17, 1.15, 1.14, 1.13, 1.14, 1.13, 1.15, 1.16, 1.17, 1.16, 1.16, 1.16, 1.19, 1.19, 1.22, 1.22, 1.22, 1.21, 1.22, 1.2, 1.21, 1.22, 1.2, 1.17, 1.18, 1.18, 1.22, 1.25, 1.25, 1.26, 1.28, 1.26, 1.28, 1.32, 1.33, 1.33, 1.34, 1.34, 1.36, 1.38, 1.38, 1.38, 1.39, 1.37, 1.35, 1.35, 1.39, 1.4, 1.41, 1.44, 1.44, 1.45, 1.45, 1.48, 1.47, 1.5, 1.51, 1.5, 1.47, 1.49, 1.51, 1.51, 1.53, 1.52, 1.52, 1.51, 1.51, 1.52, 1.53, 1.55, 1.58, 1.6, 1.62, 1.58, 1.6, 1.63, 1.62]}