{"train_loss": [4.6073531028551935, 4.607280441430899, 4.607247724288549, 4.607189816694993, 4.607134463236882, 4.607090267768273, 4.6070797003232515, 4.6070453949463674, 4.606983706890008, 4.606967301246447, 4.606940981057974, 4.606909008515187, 4.6069063651256075, 4.606849900270119, 4.60682268509498, 4.606823038443541, 4.606779621808957, 4.606772179481311, 4.606727042564979, 4.606694101675963, 4.606685464810102, 4.606664929023156, 4.606620718882634, 4.606637507218581, 4.606592137996967, 4.606583697979267, 4.6065629897973475, 4.60655259352464, 4.606515550613404, 4.606517921349941, 4.606492994993161, 4.606467062387711, 4.6064386257758505, 4.60641894707313, 4.606438078024449, 4.606403079399696, 4.606392872639192, 4.606384881337484, 4.606369313215598, 4.606339186888475, 4.60631914138794, 4.606332085682795, 4.606294773786496, 4.606262737665421, 4.606264674357879, 4.60625086808816, 4.606240348326854, 4.606235460134653, 4.60622436205546, 4.606205710386619, 4.606206406079806, 4.6061711983802995, 4.606182979926085, 4.606161939180814, 4.606157780916263, 4.606085302890875, 4.606107536951701, 4.606103964340993, 4.606106786238842, 4.606084804045849, 4.606073544575618, 4.606063894125131, 4.606055604494535, 4.6060429194034676, 4.60603654445746, 4.606018835459, 4.606014256599622, 4.606001668098646, 4.606004185554308, 4.605973643522996, 4.60596776008606, 4.605960631981874, 4.605953901241987, 4.605946372105525, 4.60592356584011, 4.605930654819195, 4.605919298758874, 4.605911966470572, 4.605920690145248, 4.6058918659503645, 4.605877694105491, 4.605855971116286, 4.605861355708195, 4.605866992167938, 4.605868859168811, 4.605840074099027, 4.605847169191409, 4.605843359384782, 4.605835797236516, 4.605803121664585, 4.605822691550622, 4.605817404771463, 4.605768928772364, 4.6057820405715555, 4.605785885835306, 4.605770430198082, 4.605767369881654, 4.605743136772743, 4.605745293543889, 4.6057519362523], "test_loss": [4.599338684082031, 4.599305346679688, 4.599273736572266, 4.599241656494141, 4.599213067626953, 4.59918529663086, 4.599158142089844, 4.5991305725097655, 4.599105895996094, 4.599081079101563, 4.5990571044921875, 4.599035949707031, 4.599013983154297, 4.598993566894531, 4.59897173461914, 4.598953466796875, 4.598932727050781, 4.59891372680664, 4.5988954711914065, 4.598876202392578, 4.5988575439453125, 4.598839770507812, 4.598820458984375, 4.598802819824218, 4.598786987304687, 4.598771209716797, 4.598755810546875, 4.598737860107422, 4.598723370361328, 4.598708123779297, 4.598695330810547, 4.598680883789062, 4.598666522216797, 4.598652770996094, 4.5986392578125, 4.598626104736328, 4.598611926269531, 4.598598272705078, 4.598584674072265, 4.598570532226563, 4.598558465576172, 4.598545776367187, 4.598533898925782, 4.598520501708984, 4.598508026123047, 4.598496026611328, 4.598484350585937, 4.598471411132812, 4.598459527587891, 4.59844760131836, 4.598437200927735, 4.598425677490234, 4.598414874267578, 4.598404327392578, 4.598394146728515, 4.598383520507812, 4.598373071289062, 4.598363403320312, 4.5983513671875, 4.598339398193359, 4.5983283386230465, 4.598316998291016, 4.5983076171875, 4.598297686767578, 4.598287109375, 4.598277752685547, 4.598267852783203, 4.598258026123047, 4.5982482421875, 4.598239056396484, 4.598230334472656, 4.59821875, 4.598209130859375, 4.598198516845703, 4.598189758300781, 4.59818134765625, 4.598173040771484, 4.598164849853515, 4.598155883789063, 4.598147595214844, 4.598137603759765, 4.598128625488282, 4.598119439697266, 4.598110693359375, 4.598102502441407, 4.598094299316406, 4.59808662109375, 4.598077819824219, 4.598067462158203, 4.598060424804688, 4.59805132446289, 4.598042840576172, 4.598035186767578, 4.598027722167969, 4.598019854736328, 4.598010980224609, 4.598002258300781, 4.597996008300782, 4.59798822631836, 4.597981097412109], "test_acc": [1.07, 1.04, 1.02, 1.01, 1.0, 0.99, 0.97, 0.98, 0.99, 0.99, 0.98, 0.99, 0.95, 0.95, 0.94, 0.94, 0.95, 0.95, 0.95, 0.93, 0.93, 0.92, 0.91, 0.93, 0.94, 0.94, 0.96, 0.93, 0.9, 0.92, 0.91, 0.91, 0.91, 0.9, 0.9, 0.91, 0.92, 0.95, 0.94, 0.93, 0.94, 0.93, 0.9, 0.91, 0.92, 0.93, 0.92, 0.91, 0.91, 0.9, 0.92, 0.91, 0.93, 0.93, 0.94, 0.94, 0.95, 0.95, 0.95, 0.94, 0.95, 0.96, 0.95, 0.95, 0.95, 0.95, 0.95, 0.97, 0.98, 0.99, 0.98, 0.95, 0.96, 0.96, 0.95, 0.96, 0.96, 0.95, 0.95, 0.94, 0.93, 0.91, 0.9, 0.91, 0.92, 0.92, 0.93, 0.93, 0.95, 0.95, 0.94, 0.93, 0.93, 0.93, 0.94, 0.95, 0.95, 0.96, 0.95, 0.95]}