{"train_loss": [4.607436376962906, 4.607336102999174, 4.60730410478054, 4.607300875737117, 4.6071833500495325, 4.607161497458433, 4.6071331232022015, 4.6071005209898335, 4.607092736317561, 4.606977390631651, 4.6069658695123135, 4.606950369859353, 4.606850805038061, 4.606865044129201, 4.606845865494166, 4.6068039258321125, 4.606746420493493, 4.6067661737784364, 4.606695521183503, 4.606664568338639, 4.606648633418939, 4.606615918721908, 4.606585258092636, 4.606525939550155, 4.606567882880187, 4.606528381200937, 4.6064590038397375, 4.606481608366355, 4.606462825872959, 4.606440484218108, 4.606395809467022, 4.6063648248330145, 4.606335990856856, 4.60631444759858, 4.606307551799676, 4.606281515268179, 4.606248052303608, 4.606240705343393, 4.6062115559211145, 4.606220038731893, 4.606174566806891, 4.606162969882671, 4.606146521446032, 4.6060946061060974, 4.606111336977054, 4.606089107806866, 4.606041988959679, 4.606042113670936, 4.606009841576601, 4.605989907338069, 4.605980441509149, 4.605955627637032, 4.605950508362207, 4.605924426592313, 4.605946192374597, 4.605891671547523, 4.605881468454997, 4.605857709737925, 4.605845896402995, 4.605824150183262, 4.605810891664945, 4.60578950612973, 4.605765835444132, 4.605780498798077, 4.605745442708334, 4.605720259593084, 4.605709836421869, 4.605712835605328, 4.605638834146353, 4.605640232868684, 4.605654864433484, 4.605607003432054, 4.605620364653759, 4.605587037404378, 4.605529260635376, 4.6055478218274235, 4.6055657790257385, 4.605490590364505, 4.605498716158745, 4.605493038128584, 4.60543997715681, 4.605482462124947, 4.605425867667565, 4.60542355072804, 4.605415199964474, 4.605390980304816, 4.6053758083245695, 4.605351784290412, 4.60533853433071, 4.605334960497343, 4.605312884159577, 4.605261088640262, 4.605251648487189, 4.605224842902942, 4.605233443089021, 4.605190349236513, 4.60520116243607, 4.60515710635063, 4.605159291242942, 4.605104989271897], "test_loss": [4.599303094482422, 4.599233850097656, 4.59916875, 4.599103149414063, 4.599038592529297, 4.598978411865234, 4.59892230834961, 4.598865808105469, 4.598812854003906, 4.598758227539062, 4.598704107666015, 4.59865263671875, 4.598601800537109, 4.598553485107422, 4.598505212402344, 4.598455841064453, 4.598408367919922, 4.598359436035156, 4.5983124938964846, 4.598266119384766, 4.598218280029297, 4.598172802734375, 4.598129406738281, 4.598084381103516, 4.598041088867188, 4.5979980285644535, 4.597953399658203, 4.597911120605469, 4.597869458007812, 4.5978273559570315, 4.59778720703125, 4.597743835449219, 4.597701611328125, 4.597660034179688, 4.597617486572266, 4.597576153564453, 4.5975343688964845, 4.5974935485839845, 4.597450762939453, 4.597408990478516, 4.5973650390625, 4.5973241394042965, 4.59728129272461, 4.597238146972656, 4.597195733642578, 4.597154284667969, 4.5971131530761715, 4.597069885253906, 4.597026123046875, 4.596984307861328, 4.59694048461914, 4.596897662353515, 4.596851275634766, 4.596808459472657, 4.596765716552734, 4.596719403076172, 4.5966751159667965, 4.596628674316406, 4.59658369140625, 4.596539532470703, 4.596493475341797, 4.596448718261719, 4.596403851318359, 4.596359161376953, 4.596312213134766, 4.596265466308593, 4.596216479492187, 4.5961676086425785, 4.5961192565917965, 4.59606923828125, 4.596021649169922, 4.595970672607422, 4.595920397949219, 4.5958723449707035, 4.5958165954589845, 4.595764532470703, 4.5957123474121095, 4.5956587890625, 4.59560337524414, 4.595546484375, 4.595491491699219, 4.595436859130859, 4.595379486083984, 4.595320477294922, 4.595262109375, 4.595201885986328, 4.595139819335937, 4.595077392578125, 4.595014672851563, 4.594952502441406, 4.594889947509766, 4.5948249633789064, 4.594758666992187, 4.594691491699218, 4.594625061035156, 4.594555377197266, 4.594485150146484, 4.594412445068359, 4.594339294433594, 4.594263275146484], "test_acc": [1.07, 1.03, 1.01, 1.01, 0.97, 0.99, 1.0, 1.04, 1.01, 0.98, 1.01, 1.01, 1.03, 1.01, 1.01, 1.02, 1.03, 1.06, 1.07, 1.07, 1.07, 1.09, 1.08, 1.09, 1.06, 1.05, 1.04, 1.06, 1.1, 1.1, 1.1, 1.09, 1.09, 1.1, 1.13, 1.13, 1.12, 1.1, 1.1, 1.09, 1.09, 1.08, 1.09, 1.14, 1.16, 1.17, 1.15, 1.2, 1.21, 1.24, 1.23, 1.21, 1.2, 1.21, 1.24, 1.25, 1.27, 1.25, 1.25, 1.24, 1.24, 1.25, 1.28, 1.32, 1.32, 1.31, 1.32, 1.32, 1.34, 1.34, 1.32, 1.33, 1.32, 1.31, 1.33, 1.32, 1.36, 1.38, 1.39, 1.42, 1.43, 1.42, 1.43, 1.45, 1.45, 1.47, 1.46, 1.46, 1.48, 1.49, 1.49, 1.5, 1.51, 1.49, 1.49, 1.48, 1.45, 1.45, 1.43, 1.43]}