{"train_loss": [4.607302317252526, 4.607215585464086, 4.607189103884575, 4.6071212927500405, 4.607058394260895, 4.607011367113162, 4.607012126384637, 4.6069789226238544, 4.606901682340181, 4.606893241099822, 4.606869007990911, 4.6068356624016396, 4.606846325214093, 4.606774174861419, 4.60674729347229, 4.6067608393155615, 4.606707069201347, 4.606708615865463, 4.606652237818792, 4.606613656802055, 4.606611039088323, 4.606590469066913, 4.606534086129604, 4.606570750016433, 4.6065121479523485, 4.6065085765643, 4.606486649390979, 4.6064796606699625, 4.606433627544305, 4.606445953173515, 4.60641809854752, 4.606386968417046, 4.606352587235279, 4.606330842238206, 4.606367831352429, 4.606322952417227, 4.606314346117851, 4.606310112048418, 4.606293743084638, 4.606255169403859, 4.606232909667186, 4.60625885449923, 4.606209701146835, 4.606166153687697, 4.606176622097308, 4.606162554178482, 4.606152945298415, 4.60615165294745, 4.606141014588185, 4.606116226391914, 4.606125538165752, 4.606079196929931, 4.606101445662669, 4.6060767442752155, 4.606076866541153, 4.60597138771644, 4.606010424785125, 4.606009989518386, 4.606017609131642, 4.605989121168088, 4.605978927856836, 4.605969717563727, 4.605962721506755, 4.605949356617072, 4.605943515973213, 4.60592090166532, 4.605918392768273, 4.605905030323909, 4.6059113001212095, 4.605871471991906, 4.605866341713147, 4.605858067977123, 4.605852190653483, 4.605845633531228, 4.605817776459914, 4.605831893285115, 4.605820954151643, 4.605810923454089, 4.605829339149671, 4.6057891845703125, 4.6057707517574995, 4.605740417578281, 4.605752038955688, 4.605766526246682, 4.605772936649812, 4.605730965198615, 4.605746858547896, 4.60574371386797, 4.605735228611873, 4.605691981926943, 4.605724093852899, 4.605715258916219, 4.605650056936802, 4.605671941317045, 4.6056823669335785, 4.605658069023719, 4.605656841473702, 4.605627075831095, 4.605632654825846, 4.605647243597569], "test_loss": [4.599335144042969, 4.599298724365235, 4.599263586425781, 4.599227081298828, 4.599195147705078, 4.59916371459961, 4.599133386230469, 4.5991016967773435, 4.599073974609375, 4.599045275878907, 4.599018109130859, 4.598994458007812, 4.5989689514160155, 4.598945764160156, 4.5989198486328124, 4.598899676513672, 4.598875646972656, 4.5988547912597655, 4.598833880615234, 4.598811236572265, 4.598789416503906, 4.598768585205078, 4.598744958496094, 4.598725213623047, 4.598707330322266, 4.598689477539063, 4.598672595214844, 4.598651989746093, 4.5986353881835935, 4.5986188171386715, 4.5986049987792965, 4.598589495849609, 4.598572894287109, 4.598557049560547, 4.598541412353516, 4.598526428222656, 4.598509411621094, 4.598493951416016, 4.598479046630859, 4.598462609863281, 4.598449914550781, 4.598434887695312, 4.598421405029297, 4.5984058166503905, 4.5983907470703125, 4.598377032470703, 4.598363946533203, 4.5983482971191405, 4.598334197998047, 4.598319439697265, 4.598306384277344, 4.59829282836914, 4.598280999755859, 4.598268005371094, 4.598255279541015, 4.598243493652344, 4.598231213378906, 4.5982201171875, 4.598205023193359, 4.598190362548828, 4.598176226806641, 4.598162280273438, 4.598151293945312, 4.598138226318359, 4.598125274658203, 4.598113635253906, 4.598101495361328, 4.598090417480469, 4.598077954101562, 4.5980672302246095, 4.598056921386719, 4.598042626953125, 4.598030786132813, 4.5980176208496095, 4.598006530761719, 4.5979964050292965, 4.597986322021485, 4.597976641845703, 4.597965637207031, 4.597955218505859, 4.597942004394532, 4.597930578613282, 4.5979185424804685, 4.597906176757813, 4.597895367431641, 4.597883776855468, 4.597874072265625, 4.597863470458984, 4.5978492004394536, 4.597839971923828, 4.597828204345703, 4.597817706298828, 4.59780824584961, 4.59779888305664, 4.597789508056641, 4.597776788330078, 4.5977668334960935, 4.597759136962891, 4.597748950195313, 4.5977394592285155], "test_acc": [1.07, 1.05, 1.02, 1.01, 1.0, 1.01, 0.98, 0.98, 0.99, 0.99, 1.01, 1.01, 1.01, 0.99, 0.96, 0.97, 0.95, 0.96, 0.96, 0.97, 0.96, 0.95, 0.94, 0.93, 0.93, 0.94, 0.94, 0.94, 0.92, 0.92, 0.92, 0.93, 0.94, 0.94, 0.93, 0.95, 0.94, 0.95, 0.94, 0.95, 0.96, 0.94, 0.94, 0.97, 0.98, 0.99, 0.99, 0.99, 0.99, 0.99, 1.0, 0.99, 0.99, 1.0, 1.01, 1.04, 1.04, 1.04, 1.03, 1.04, 1.02, 1.02, 1.0, 1.01, 1.03, 1.03, 1.02, 1.02, 1.01, 1.02, 1.01, 1.01, 1.0, 1.0, 1.0, 1.01, 1.0, 0.99, 1.0, 1.02, 1.02, 1.03, 1.04, 1.04, 1.04, 1.06, 1.05, 1.07, 1.06, 1.08, 1.08, 1.08, 1.09, 1.1, 1.1, 1.1, 1.09, 1.1, 1.11, 1.12]}