{"train_loss": [4.607320721944173, 4.607276605948424, 4.607177607218424, 4.607169998609103, 4.607091467197125, 4.607041783210558, 4.606969675650963, 4.606941059308174, 4.60690927872291, 4.606822786575709, 4.606774484194242, 4.60676736953931, 4.606632505319057, 4.606629607616327, 4.606629742108859, 4.606596796329205, 4.606530270209679, 4.606492327421139, 4.606461511514126, 4.606400462908622, 4.6063663922823395, 4.606316007711949, 4.606282111925957, 4.606246067927434, 4.606224595583402, 4.606161624957354, 4.6061148753533, 4.606075949546618, 4.606075659776345, 4.606023598939944, 4.606007497738569, 4.605932058432163, 4.605881519806691, 4.605867552145933, 4.605821369855832, 4.605780580716256, 4.605745435372377, 4.6057200651902415, 4.605684831814888, 4.6056368962312355, 4.605572879008758, 4.6055487534938715, 4.605489293122903, 4.605449252250867, 4.6054399539262825, 4.605350815944183, 4.60533699622521, 4.605276502707066, 4.605218406823965, 4.605182813986754, 4.605126905441284, 4.605063343048096, 4.605015654441638, 4.604997916099353, 4.604938784623758, 4.604882570413443, 4.604784377415975, 4.604751188327104, 4.604697718987098, 4.604636998054309, 4.604589560093024, 4.604508313154563, 4.604458999633789, 4.604359447039091, 4.60424739519755, 4.604221275525215, 4.604154724952502, 4.604085077383579, 4.603968243721204, 4.603891266309298, 4.603799531398676, 4.60368180886293, 4.6036285180311936, 4.603462491891323, 4.603386168602185, 4.603280955094558, 4.603240965574216, 4.6030148628430485, 4.602971485333565, 4.60283698179783, 4.6027031996311285, 4.602573990210509, 4.6023971251952345, 4.602286338806152, 4.602165695337149, 4.6019686931218855, 4.6017767404898615, 4.601671767846132, 4.601458956645085, 4.601272426507411, 4.601075898683988, 4.600886421937209, 4.600701554616292, 4.600426785151163, 4.600263813214425, 4.599978884672507, 4.599755894832122, 4.5995149111136415, 4.599288419576792, 4.599006414413452], "test_loss": [4.599277960205078, 4.599183258056641, 4.599091052246094, 4.599000378417969, 4.598911376953125, 4.598824340820313, 4.598742205810547, 4.598659490966797, 4.598576721191407, 4.598495001220703, 4.598411883544922, 4.598330889892578, 4.598250189208985, 4.598172027587891, 4.598090863037109, 4.598012506103515, 4.597933685302734, 4.59785419921875, 4.597774224853516, 4.597693756103515, 4.597611444091797, 4.597530999755859, 4.597448229980468, 4.597366479492187, 4.597284643554688, 4.59720228881836, 4.5971191711425785, 4.597033483886719, 4.596948199462891, 4.596860400390625, 4.596772863769531, 4.596682781982422, 4.596592132568359, 4.596501086425781, 4.596404760742187, 4.596308117675782, 4.59620941772461, 4.5961111022949215, 4.596008959960938, 4.59590609741211, 4.595799731445313, 4.595691107177735, 4.595579461669922, 4.595464538574219, 4.595351031494141, 4.59523271484375, 4.5951119140625, 4.594990002441406, 4.594860766601562, 4.594730773925781, 4.594594750976563, 4.594453540039063, 4.594307202148437, 4.5941588439941405, 4.594006604003906, 4.593847296142578, 4.593682672119141, 4.593508544921875, 4.593329443359375, 4.593143646240234, 4.59295386352539, 4.592755975341797, 4.592550103759765, 4.592335266113281, 4.592110119628906, 4.59187685546875, 4.591636413574219, 4.591383050537109, 4.591117108154297, 4.590833221435547, 4.590541528320313, 4.590234448242187, 4.589914703369141, 4.589575866699219, 4.589225146484375, 4.588852398681641, 4.5884680114746095, 4.588058532714844, 4.587636853027344, 4.587192028808594, 4.586730236816407, 4.586245776367187, 4.585732775878906, 4.585194311523438, 4.584636163330078, 4.584044982910156, 4.5834243225097655, 4.5827768005371095, 4.582097827148438, 4.581379425048828, 4.580626568603516, 4.5798498718261715, 4.579038928222657, 4.578182537841797, 4.577291619873047, 4.576356866455078, 4.575370513916016, 4.574346649169922, 4.573275207519531, 4.572174230957032], "test_acc": [1.05, 1.02, 1.02, 1.0, 0.98, 1.02, 1.01, 1.05, 1.08, 1.05, 1.06, 1.11, 1.15, 1.2, 1.18, 1.19, 1.2, 1.21, 1.24, 1.27, 1.25, 1.28, 1.26, 1.28, 1.29, 1.28, 1.28, 1.29, 1.3, 1.33, 1.35, 1.39, 1.43, 1.45, 1.46, 1.47, 1.49, 1.5, 1.48, 1.48, 1.49, 1.51, 1.52, 1.54, 1.55, 1.55, 1.56, 1.57, 1.55, 1.55, 1.54, 1.54, 1.55, 1.56, 1.54, 1.54, 1.54, 1.54, 1.52, 1.53, 1.53, 1.57, 1.53, 1.54, 1.54, 1.53, 1.53, 1.53, 1.55, 1.56, 1.57, 1.58, 1.55, 1.52, 1.5, 1.53, 1.52, 1.52, 1.51, 1.49, 1.49, 1.52, 1.56, 1.55, 1.55, 1.57, 1.6, 1.56, 1.59, 1.59, 1.57, 1.61, 1.61, 1.6, 1.61, 1.61, 1.59, 1.61, 1.6, 1.6]}