{"train_loss": [4.607233668596317, 4.607227444037413, 4.6070529412000605, 4.607061266287779, 4.606954846015343, 4.60693112886869, 4.606922726753431, 4.606828958560259, 4.606799044975868, 4.606691415493305, 4.606647361853184, 4.606647491455078, 4.606492946086786, 4.606505039410713, 4.606504042943318, 4.60646617718232, 4.606388008900177, 4.606343603134155, 4.606305448825543, 4.606242285019312, 4.606208701011462, 4.6061704268822306, 4.6061432165977285, 4.606052492826413, 4.606045474761571, 4.605989375481239, 4.60592993589548, 4.605908741095127, 4.605875635147095, 4.605810347581521, 4.605832307766645, 4.6057193022507885, 4.605675424673619, 4.605646970944527, 4.605616926535582, 4.605560175577799, 4.605546452448919, 4.605452219645183, 4.605421051612267, 4.605369715812879, 4.605320226229154, 4.605251809878227, 4.6052510995131275, 4.60516396913773, 4.6051721646235535, 4.605079670441456, 4.605036350396963, 4.604941540498, 4.60494224964044, 4.604853123884935, 4.604775695311718, 4.60467420846988, 4.6046323605072805, 4.6046182400141005, 4.604551542722262, 4.6044785169454725, 4.604357110537015, 4.604314212310008, 4.604263061132187, 4.604141833231999, 4.6041112801967525, 4.604018001067333, 4.603928850858639, 4.603798053203485, 4.6036915925832895, 4.603622696949885, 4.603563806338188, 4.603442891438802, 4.603325206805498, 4.603159493666428, 4.6031249596522406, 4.602959074118199, 4.602868780722985, 4.602675995459923, 4.602512373068394, 4.602416078860943, 4.602350511306372, 4.602078549067179, 4.601992707374769, 4.601784270848984, 4.601640311265603, 4.601502581131764, 4.601242245160616, 4.601045927634606, 4.600864458084106, 4.6006111793029, 4.600374166782085, 4.600170159951235, 4.5998699029286705, 4.599667201898037, 4.599366393456092, 4.599102407846695, 4.59873415629069, 4.598478147311089, 4.598171836901933, 4.597854573910053, 4.5976664164127445, 4.597244848349155, 4.596983202909812, 4.596559008573874], "test_loss": [4.599273663330078, 4.599174658203125, 4.599076434326172, 4.598979772949218, 4.598885321044922, 4.5987926086425785, 4.598703466796875, 4.598613946533203, 4.598524151611328, 4.598435968017578, 4.598346710205078, 4.59825952758789, 4.598172399902344, 4.5980863098144535, 4.597997711181641, 4.597912683105469, 4.597824676513672, 4.597738177490235, 4.597650463867187, 4.597562213134766, 4.597473999023437, 4.597384484863281, 4.597296032714843, 4.597203674316407, 4.597110656738281, 4.597016870117187, 4.59691957397461, 4.596823156738282, 4.596726007080078, 4.596624713134766, 4.596524835205078, 4.596421514892578, 4.5963173828125, 4.596213751220703, 4.596102825927734, 4.595993450927734, 4.5958826477050785, 4.595770849609375, 4.59565492553711, 4.595537054443359, 4.5954137084960935, 4.595288336181641, 4.595163330078125, 4.595029486083984, 4.5948950439453125, 4.59475673828125, 4.594614758300781, 4.594467767333985, 4.594314111328125, 4.594156280517578, 4.593993762207031, 4.593821697998047, 4.5936469543457035, 4.5934677734375, 4.593281176757812, 4.593087884521484, 4.592888104248047, 4.592675518798828, 4.592457928466797, 4.592230218505859, 4.5919973693847655, 4.5917534790039065, 4.5914972778320315, 4.591230621337891, 4.590947814941407, 4.5906534729003905, 4.590347998046875, 4.590025988769531, 4.589683135986328, 4.589319006347656, 4.588941674804688, 4.588543316650391, 4.5881237731933595, 4.587682116699218, 4.58721845703125, 4.586726336669922, 4.5862158508300785, 4.585663153076172, 4.585095098876953, 4.584490771484375, 4.58386489868164, 4.583208734130859, 4.58251611328125, 4.581782604980469, 4.581016314697266, 4.580198358154297, 4.579341363525391, 4.57845288696289, 4.5775106994628905, 4.576522888183594, 4.57547919921875, 4.574405963134765, 4.5732536743164065, 4.572067559814453, 4.570822088623047, 4.569523358154297, 4.568189068603516, 4.5667875915527345, 4.565350769042968, 4.563875817871094], "test_acc": [1.04, 1.04, 1.03, 1.0, 1.02, 1.03, 1.06, 1.08, 1.09, 1.1, 1.11, 1.11, 1.14, 1.13, 1.12, 1.13, 1.14, 1.15, 1.13, 1.14, 1.17, 1.18, 1.2, 1.2, 1.2, 1.19, 1.21, 1.21, 1.21, 1.23, 1.23, 1.27, 1.26, 1.26, 1.29, 1.33, 1.34, 1.33, 1.34, 1.33, 1.34, 1.37, 1.35, 1.36, 1.34, 1.35, 1.36, 1.39, 1.45, 1.44, 1.43, 1.43, 1.42, 1.45, 1.42, 1.42, 1.43, 1.42, 1.41, 1.42, 1.43, 1.42, 1.42, 1.42, 1.4, 1.4, 1.42, 1.42, 1.42, 1.41, 1.44, 1.44, 1.48, 1.47, 1.5, 1.54, 1.53, 1.53, 1.54, 1.59, 1.59, 1.61, 1.64, 1.62, 1.65, 1.65, 1.65, 1.66, 1.66, 1.68, 1.65, 1.67, 1.66, 1.7, 1.72, 1.72, 1.72, 1.72, 1.72, 1.72]}