{"train_loss": [4.607117240856855, 4.607028519801604, 4.606897695247944, 4.60688861088875, 4.60675918628008, 4.6067065092233515, 4.606652879714966, 4.606559801101684, 4.6065090619600735, 4.606379776734572, 4.6063056811308245, 4.606297261898334, 4.606136101942796, 4.606103827403142, 4.606085724708361, 4.606028241377611, 4.605935849898901, 4.605862972063896, 4.605780731103359, 4.605688367745815, 4.605613413835183, 4.605563007256923, 4.605471614690927, 4.6053846347026335, 4.605308355429234, 4.6052146153572275, 4.6051023238744495, 4.6050214767456055, 4.6049684023245785, 4.604858464461106, 4.604777271319659, 4.604648960553683, 4.60450567587828, 4.604432271077083, 4.604301257011218, 4.604151071646275, 4.6040500885401014, 4.6039097785949705, 4.603751112864567, 4.603615307196593, 4.603430120761578, 4.603263943011944, 4.603066728053949, 4.60285587310791, 4.602695234005267, 4.602442539655245, 4.602217631462293, 4.601981533490695, 4.6016505131354695, 4.601418446271848, 4.60103933383257, 4.600677518355541, 4.600330972671509, 4.599995297652025, 4.599557083080977, 4.599084239128309, 4.598537698158851, 4.598001075402284, 4.597456436890822, 4.596809459343935, 4.596230405416244, 4.595515379538903, 4.594722123023791, 4.593872558153593, 4.592925866444905, 4.592049932479858, 4.5912394560300385, 4.590099060841096, 4.588995998333662, 4.587808520977314, 4.586867487736237, 4.585673738137269, 4.584580091329721, 4.583378832156842, 4.582269900884384, 4.581189768130963, 4.580174486453717, 4.578849753355368, 4.577886656003121, 4.576614025311592, 4.5756147189018055, 4.574599618178148, 4.573306758587177, 4.5721696425706915, 4.571027236107068, 4.5696506439111175, 4.568589829175901, 4.567504840019422, 4.566245590112148, 4.564930869371463, 4.563807976551545, 4.562544144116915, 4.5612509788611, 4.559842109680176, 4.5585214529282005, 4.557281170135889, 4.555892050571931, 4.554453440201589, 4.553296760412363, 4.551772552881485], "test_loss": [4.599246392822265, 4.599118408203125, 4.598991888427735, 4.598865295410156, 4.598741497802735, 4.598617651367188, 4.59849453125, 4.598371423339843, 4.598248236083984, 4.598125634765625, 4.597998944091797, 4.597874389648437, 4.5977472290039065, 4.597620379638672, 4.597488970947266, 4.597357208251953, 4.597222613525391, 4.597084252929688, 4.596942535400391, 4.59679789428711, 4.596648474121094, 4.596495544433593, 4.596337969970703, 4.596175854492188, 4.596008447265625, 4.5958345703125, 4.595654565429688, 4.5954674682617185, 4.595273809814453, 4.595073028564453, 4.594861938476562, 4.594641534423828, 4.594408081054688, 4.5941677673339845, 4.593910998535156, 4.5936389099121095, 4.593352807617188, 4.593051617431641, 4.592732873535156, 4.592392608642578, 4.592028857421875, 4.591641290283203, 4.591227044677734, 4.590780908203125, 4.590302722167968, 4.5897933288574215, 4.589246759033204, 4.588660729980469, 4.588022100830078, 4.587334503173828, 4.586582403564453, 4.585764306640625, 4.584869866943359, 4.583899206542969, 4.5828462585449214, 4.581698718261719, 4.580442584228516, 4.579073193359375, 4.5775938293457035, 4.575971203613281, 4.574226440429688, 4.572326971435547, 4.570266870117187, 4.5680312744140625, 4.565613922119141, 4.563006512451172, 4.56025595703125, 4.557329541015625, 4.5542517700195315, 4.551043365478516, 4.547787756347656, 4.544482305908203, 4.541132061767578, 4.537730505371094, 4.534380914306641, 4.530978948974609, 4.527572808837891, 4.524180126953125, 4.520863134765625, 4.517458966064453, 4.514127374267578, 4.510719079589844, 4.507255474853515, 4.503777972412109, 4.500330084228516, 4.496718530273437, 4.4930838684082035, 4.489484844970703, 4.4858167907714845, 4.4821087890625, 4.478281671142578, 4.474471429443359, 4.470563647460938, 4.466626239013672, 4.4623916076660155, 4.458193115234375, 4.45426314086914, 4.449736199951172, 4.445678295898437, 4.441049230957031], "test_acc": [1.05, 1.04, 1.04, 1.04, 1.05, 1.04, 1.09, 1.11, 1.16, 1.22, 1.22, 1.23, 1.26, 1.24, 1.28, 1.32, 1.33, 1.38, 1.4, 1.39, 1.41, 1.45, 1.49, 1.52, 1.54, 1.56, 1.58, 1.55, 1.55, 1.55, 1.53, 1.52, 1.55, 1.53, 1.54, 1.52, 1.5, 1.5, 1.53, 1.52, 1.55, 1.57, 1.6, 1.61, 1.64, 1.65, 1.62, 1.62, 1.61, 1.63, 1.61, 1.6, 1.6, 1.57, 1.61, 1.59, 1.56, 1.57, 1.59, 1.58, 1.57, 1.55, 1.57, 1.54, 1.61, 1.63, 1.66, 1.72, 1.87, 1.92, 1.92, 1.9, 1.89, 1.98, 2.0, 2.05, 2.07, 2.16, 2.21, 2.24, 2.28, 2.31, 2.38, 2.41, 2.41, 2.5, 2.57, 2.63, 2.66, 2.71, 2.77, 2.79, 2.84, 2.91, 2.95, 3.0, 3.12, 3.14, 3.18, 3.22]}