{"train_loss": [4.60730069111555, 4.607238688835731, 4.607178712502504, 4.607168057026008, 4.607067772058341, 4.607086780743721, 4.607008899786534, 4.606999868001694, 4.606956605422191, 4.606913388081086, 4.6068731063451525, 4.606848453864073, 4.606825816325652, 4.606807031386938, 4.606756481757531, 4.606767106667543, 4.606734365072006, 4.60669355392456, 4.60666454510811, 4.606659835424178, 4.60662946334252, 4.606621873073089, 4.6065660965748325, 4.606539108814338, 4.606541562691713, 4.606511636880728, 4.606466661355435, 4.60647599758246, 4.6064657052358, 4.606429767608643, 4.606414911074516, 4.606423864609156, 4.60636931077028, 4.606326308617225, 4.606364087569408, 4.606319135274642, 4.606297227663871, 4.606321419202365, 4.606287289888431, 4.606278961132734, 4.606214710382315, 4.606225956403292, 4.606209014012263, 4.606191572776208, 4.606189605517265, 4.606179986855922, 4.606149586653098, 4.6061171678396375, 4.606140909439478, 4.606097601621579, 4.606133429209391, 4.6060978644933455, 4.60607943534851, 4.606076014347566, 4.606059772540362, 4.606032377634293, 4.605993609550672, 4.606005896054781, 4.606015012203119, 4.606008279017913, 4.605988561190092, 4.605990055279854, 4.605964254721617, 4.605930097286517, 4.605915707808275, 4.605898171204787, 4.605933565971179, 4.605888731051714, 4.605902507977608, 4.605897512191381, 4.605859969212458, 4.605859952095227, 4.605843575795491, 4.605850980220697, 4.6058187252435925, 4.605803709763747, 4.6058261895791075, 4.605805917886587, 4.605795250183497, 4.605782252091628, 4.60575913649339, 4.605772266632472, 4.605733653826591, 4.605760480196048, 4.605705499649048, 4.605729967508561, 4.605745996573033, 4.605721652202117, 4.6056902616451945, 4.605717980555999, 4.6056899009606775, 4.605682531992595, 4.605636978149414, 4.605656620172354, 4.605643224716187, 4.605633105987158, 4.605621897868621, 4.605620438013322, 4.60561174368247, 4.605581292127952], "test_loss": [4.599325311279297, 4.599277984619141, 4.599233117675781, 4.599189959716797, 4.599146984863281, 4.599108679199219, 4.599069458007812, 4.59903316040039, 4.598996600341797, 4.598961419677734, 4.598925604248047, 4.598891516113281, 4.598858056640625, 4.598826776123047, 4.598794805908203, 4.598765148925781, 4.59873511352539, 4.598703668212891, 4.5986743225097655, 4.598647253417969, 4.598619219970703, 4.598590631103516, 4.5985641845703125, 4.598535559082031, 4.59851005859375, 4.5984830505371095, 4.598456719970703, 4.598431134033203, 4.598405511474609, 4.598378485107422, 4.598353887939453, 4.59832935180664, 4.598304412841797, 4.5982806091308595, 4.598256591796875, 4.598233312988281, 4.598212841796875, 4.598189324951172, 4.5981689453125, 4.598145495605468, 4.59812202758789, 4.598098199462891, 4.598076379394532, 4.598055395507813, 4.598035064697266, 4.598014477539063, 4.5979927612304685, 4.597971948242187, 4.597950762939453, 4.597928686523438, 4.597907647705078, 4.597886358642578, 4.597866589355469, 4.597846978759765, 4.597827471923829, 4.597809497070313, 4.597789245605469, 4.5977672058105465, 4.597745654296875, 4.5977250061035155, 4.597704644775391, 4.59768525390625, 4.5976643371582036, 4.597643347167969, 4.597620581054687, 4.597599920654297, 4.597579736328125, 4.597560638427734, 4.597540454101562, 4.597521490478516, 4.597501379394531, 4.597480981445313, 4.597462744140625, 4.5974419372558595, 4.597423693847656, 4.597402429199219, 4.597383270263672, 4.597362481689453, 4.597342370605468, 4.597321472167969, 4.597301208496094, 4.597281262207031, 4.597261657714844, 4.597240008544922, 4.597219793701172, 4.597199633789063, 4.597177258300781, 4.597157257080078, 4.597137255859375, 4.597117694091797, 4.597097924804688, 4.597076751708984, 4.597056695556641, 4.597037878417969, 4.597015600585937, 4.596995153808594, 4.5969734985351565, 4.596951843261719, 4.596930383300781, 4.596908233642578], "test_acc": [1.07, 1.01, 1.03, 1.0, 1.01, 1.01, 0.99, 0.99, 0.97, 0.95, 0.96, 0.97, 0.96, 0.95, 0.98, 0.98, 0.98, 0.98, 0.96, 0.93, 0.94, 0.96, 0.98, 1.0, 1.03, 1.01, 0.99, 1.01, 1.01, 1.0, 1.0, 1.0, 1.0, 0.99, 0.98, 0.99, 1.01, 1.01, 1.01, 0.98, 0.99, 0.97, 0.97, 0.98, 0.99, 0.99, 0.98, 0.97, 0.98, 0.97, 0.98, 0.99, 0.98, 0.96, 0.97, 0.96, 0.97, 0.97, 0.97, 0.97, 0.99, 0.98, 1.0, 1.01, 1.01, 1.02, 1.01, 1.03, 1.03, 1.04, 1.03, 1.02, 1.02, 1.02, 1.02, 1.02, 1.03, 1.03, 1.05, 1.06, 1.05, 1.04, 1.04, 1.06, 1.07, 1.09, 1.11, 1.1, 1.11, 1.12, 1.12, 1.11, 1.11, 1.11, 1.14, 1.15, 1.13, 1.15, 1.14, 1.13]}