{"train_loss": [4.607369092794565, 4.607323240622496, 4.607287545081896, 4.607261259127886, 4.6072126413003, 4.607180372873942, 4.607124445988582, 4.607100143188085, 4.607067459057539, 4.6070197276580025, 4.606991814344357, 4.6069770433963875, 4.606920869533832, 4.606910688449175, 4.606875154299614, 4.606862496107053, 4.606834789422842, 4.606823234069042, 4.606784223898863, 4.606749254617935, 4.606725557033832, 4.606711496450962, 4.606685049105913, 4.606666385210477, 4.606643428557958, 4.606630885295379, 4.606593797145746, 4.606579941969652, 4.6065651074433935, 4.606538937642024, 4.606522880456386, 4.606499745295598, 4.606469859832372, 4.60645702557686, 4.606456269973363, 4.606436178011772, 4.60641145339379, 4.606387300980397, 4.606393426503891, 4.606359819265513, 4.606363105773926, 4.606318866289579, 4.606305677462847, 4.606291402914585, 4.606306780301607, 4.606268546520135, 4.606276570833646, 4.606258878952418, 4.606238422638331, 4.606236702356583, 4.606209940788073, 4.606190940661308, 4.6061881945683405, 4.606182198646741, 4.6061713499900625, 4.606143835263374, 4.606129335745787, 4.606146251238309, 4.606110984851153, 4.60611321864984, 4.606096705412253, 4.606080901317108, 4.60607894261678, 4.606049854327471, 4.606040549889589, 4.606041984069042, 4.606014971855359, 4.606025228744898, 4.606034733698919, 4.606015501266871, 4.605989093046922, 4.605978480363503, 4.605982682643792, 4.605936606725057, 4.605940271035219, 4.6059381778423605, 4.605923949755155, 4.60591699771392, 4.605914551172501, 4.605905593969883, 4.6058700316991565, 4.605880272694123, 4.605858745330419, 4.605869320111397, 4.605864342665061, 4.605839250026605, 4.605849784459823, 4.605829164309379, 4.605813658543122, 4.605826242153461, 4.605811128860865, 4.605793199783716, 4.6057839650374195, 4.605790023314647, 4.605786445813301, 4.605770112306644, 4.605750895769168, 4.605751101175944, 4.60575509315882, 4.605748952963413], "test_loss": [4.59932763671875, 4.599285137939453, 4.599244177246094, 4.599204742431641, 4.599166900634765, 4.599129968261718, 4.599094836425781, 4.599060528564453, 4.599028509521484, 4.598996026611328, 4.598963604736328, 4.5989347839355466, 4.59890634765625, 4.598878454589844, 4.598850189208984, 4.5988227600097655, 4.598796545410156, 4.598770544433593, 4.5987447814941405, 4.598719702148437, 4.598696142578125, 4.598671246337891, 4.598648352050781, 4.598624139404297, 4.59860239868164, 4.598580401611328, 4.59855927734375, 4.598537664794922, 4.598517053222657, 4.598496063232422, 4.5984757629394535, 4.598453533935547, 4.598432958984375, 4.598414337158203, 4.5983947265625, 4.598375573730468, 4.598355712890625, 4.598336694335938, 4.598317913818359, 4.598297985839844, 4.598278771972656, 4.59826079711914, 4.598242010498047, 4.598222277832031, 4.598204089355469, 4.598186364746094, 4.598169366455078, 4.598153186035156, 4.598136395263672, 4.598119104003906, 4.5981031494140625, 4.598087640380859, 4.598070867919922, 4.598055340576172, 4.598037915039063, 4.598021875, 4.598005834960937, 4.597988647460937, 4.5979742980957035, 4.597959045410156, 4.597943438720703, 4.597927893066406, 4.597911767578125, 4.59789603881836, 4.5978813659667965, 4.5978658203125, 4.597850061035156, 4.597836279296875, 4.597820538330078, 4.597805859375, 4.597790057373047, 4.597774853515625, 4.597759814453125, 4.597743737792968, 4.597729614257813, 4.597715521240234, 4.597700311279297, 4.5976861938476565, 4.597671063232422, 4.597656762695313, 4.597640093994141, 4.597626123046875, 4.597611291503906, 4.597597100830078, 4.597582550048828, 4.597568762207032, 4.597555432128906, 4.597541088867188, 4.597527008056641, 4.597513757324219, 4.59749892578125, 4.597485614013672, 4.5974702026367185, 4.597455108642579, 4.597440661621094, 4.597425946044922, 4.597411907958985, 4.597398162841797, 4.597384942626953, 4.5973703491210935], "test_acc": [1.07, 1.03, 1.01, 1.0, 0.97, 0.97, 0.98, 0.95, 0.97, 0.98, 0.96, 0.97, 0.95, 0.94, 0.96, 0.96, 0.97, 0.98, 0.98, 0.96, 0.97, 0.95, 0.97, 0.98, 0.99, 1.0, 1.0, 0.99, 0.99, 1.0, 1.01, 1.02, 1.03, 1.02, 1.02, 1.04, 1.06, 1.06, 1.04, 1.05, 1.02, 1.01, 1.03, 1.03, 1.05, 1.05, 1.04, 1.04, 1.05, 1.05, 1.04, 1.04, 1.03, 1.03, 1.02, 1.03, 1.06, 1.05, 1.02, 1.03, 1.01, 1.01, 1.03, 1.05, 1.06, 1.04, 1.04, 1.04, 1.05, 1.02, 1.03, 1.05, 1.04, 1.05, 1.04, 1.05, 1.05, 1.04, 1.04, 1.08, 1.09, 1.09, 1.09, 1.11, 1.12, 1.12, 1.14, 1.15, 1.16, 1.16, 1.16, 1.17, 1.17, 1.17, 1.17, 1.17, 1.17, 1.18, 1.19, 1.2]}