{"train_loss": [4.607285421322554, 4.607193823349782, 4.607169306583893, 4.607097938733223, 4.607032389518542, 4.606984297434489, 4.606988679445707, 4.606955640743941, 4.606873158919505, 4.606867196009709, 4.606843607242291, 4.606809766475971, 4.606824641349988, 4.606747085620196, 4.606720225016276, 4.6067382739140434, 4.6066807930286116, 4.6066851628132355, 4.606624871033889, 4.606584116128775, 4.606583417990269, 4.606562706140371, 4.6065020573444855, 4.60654557179182, 4.606482379864424, 4.606480308679434, 4.606457804410885, 4.606451854950342, 4.606402590335944, 4.606418201250908, 4.606389346489539, 4.606356280889266, 4.606319822409215, 4.60629752599276, 4.6063400048476, 4.606291736700596, 4.606283739285591, 4.606280610500238, 4.606263986000648, 4.606222133147411, 4.6061995555193, 4.606229245357024, 4.606176486382117, 4.606128545907827, 4.606142125985561, 4.606127480971508, 4.606118422288161, 4.6061185995737715, 4.606107510053194, 4.606080599320241, 4.606092861371162, 4.606043200615125, 4.606068542676094, 4.6060424144451435, 4.60604413717221, 4.605927581053514, 4.605971815647223, 4.6059723927424505, 4.605981296148055, 4.605950657526652, 4.605940687962067, 4.605931882369212, 4.605925092941676, 4.605911364922156, 4.605905557290102, 4.605880952492738, 4.60587919308589, 4.605866016485752, 4.605872986866878, 4.605830193788577, 4.605825394850511, 4.605816608820206, 4.605810309679081, 4.605803942069029, 4.605774524884346, 4.605791245974027, 4.605780618618696, 4.605769293124859, 4.605790775250166, 4.605747235126985, 4.605726607640585, 4.6056937168806025, 4.605706645280887, 4.605724290701059, 4.60573202035366, 4.605685448035215, 4.6057046071077, 4.605701741194114, 4.605692568803445, 4.605645855879172, 4.60568224466764, 4.6056721369425455, 4.605601813242986, 4.605626086699657, 4.60563933299138, 4.60561109445034, 4.605610506351177, 4.605579384779319, 4.605585808631702, 4.60560257373712], "test_loss": [4.599333959960937, 4.599296392822265, 4.599259948730468, 4.599222088623047, 4.59918901977539, 4.599156268310547, 4.599124829101562, 4.599091754150391, 4.599062982177735, 4.5990330078125, 4.599004840087891, 4.598980487060547, 4.5989537475585935, 4.598929345703125, 4.598902178955078, 4.598881097412109, 4.598855645751953, 4.598833819580078, 4.59881240234375, 4.598788751220703, 4.598765631103515, 4.59874398803711, 4.598719122314453, 4.598698565673828, 4.5986800964355465, 4.598661706542969, 4.598644268798828, 4.598622802734375, 4.59860570678711, 4.598587902832032, 4.598573785400391, 4.598557531738281, 4.598539849853515, 4.598523052978516, 4.598506451416015, 4.5984904296875, 4.598473022460937, 4.598457147216797, 4.598442205810547, 4.598424114990235, 4.598411730957031, 4.5983957702636715, 4.59838159790039, 4.598365545654297, 4.598349945068359, 4.598335083007813, 4.5983214172363285, 4.598305078125, 4.598289678955078, 4.5982743347167965, 4.59826083984375, 4.59824658203125, 4.598234143066406, 4.598220147705078, 4.598207159423828, 4.598194390869141, 4.59818140258789, 4.598169683837891, 4.598153601074219, 4.598138043212891, 4.598123156738281, 4.598108624267578, 4.598096978759766, 4.598083001708984, 4.598069354248047, 4.598056622314453, 4.598043939208984, 4.598032586669922, 4.5980184997558595, 4.59800732421875, 4.597996734619141, 4.5979823425292965, 4.597970330810547, 4.597956188964844, 4.597944873046875, 4.597934521484375, 4.597923419189453, 4.597913232421875, 4.597901135253906, 4.597891076660156, 4.597876525878906, 4.59786357421875, 4.597850616455078, 4.597836853027344, 4.597824615478515, 4.597810931396484, 4.597800189208985, 4.5977893005371095, 4.5977737365722655, 4.59776337890625, 4.597750366210938, 4.5977384521484375, 4.59772861328125, 4.597718493652343, 4.597707958984375, 4.597693719482422, 4.597682495117187, 4.597674133300782, 4.597663159179688, 4.597652581787109], "test_acc": [1.07, 1.05, 1.02, 1.02, 1.0, 1.0, 1.0, 0.99, 0.99, 1.01, 1.02, 1.02, 1.01, 1.01, 0.98, 0.97, 0.95, 0.96, 0.96, 0.98, 0.97, 0.95, 0.95, 0.94, 0.92, 0.93, 0.94, 0.94, 0.93, 0.93, 0.93, 0.95, 0.96, 0.96, 0.96, 0.97, 0.97, 0.98, 0.99, 0.99, 1.0, 1.02, 1.01, 1.01, 1.0, 1.01, 1.01, 1.01, 1.0, 1.0, 1.01, 1.02, 1.02, 1.02, 1.05, 1.08, 1.08, 1.09, 1.09, 1.09, 1.1, 1.1, 1.08, 1.06, 1.06, 1.06, 1.05, 1.04, 1.05, 1.04, 1.05, 1.03, 1.05, 1.06, 1.06, 1.07, 1.07, 1.06, 1.06, 1.06, 1.08, 1.08, 1.09, 1.1, 1.1, 1.11, 1.13, 1.13, 1.14, 1.15, 1.15, 1.14, 1.14, 1.16, 1.17, 1.18, 1.17, 1.17, 1.17, 1.17]}