{"train_loss": [4.607384556990404, 4.607343223767403, 4.607247465084761, 4.607236331548446, 4.60718386601179, 4.607153397340041, 4.607117745815179, 4.607051400649242, 4.607040207202618, 4.606993419696123, 4.606955896279751, 4.6069331731551735, 4.60690338061406, 4.606850035985311, 4.606851019003453, 4.606816816329956, 4.606799551156851, 4.60677001170623, 4.606770301476503, 4.606692091623942, 4.606715945708446, 4.606673748065264, 4.606655633143889, 4.606645569434533, 4.606625554500482, 4.606613838978303, 4.606565169799022, 4.60655667353899, 4.606508322251149, 4.606501328639495, 4.606497357441829, 4.606467258013212, 4.606485656591562, 4.6064451425503465, 4.606429878870646, 4.6064174150809265, 4.6063781567108935, 4.606364262409699, 4.60637926810827, 4.606351385361109, 4.60632616067544, 4.606329800532414, 4.60630476413629, 4.606287347353422, 4.606297639700083, 4.606264225641886, 4.60625, 4.606229624381432, 4.606208634987856, 4.6062100459367805, 4.606185328654754, 4.606175152460734, 4.606136226654053, 4.606162863511305, 4.606147383420895, 4.606103784610063, 4.606097061206133, 4.60609937570034, 4.60610262919695, 4.606068995060065, 4.606067685591869, 4.606056443238869, 4.606018268145048, 4.6060139607160515, 4.606030724598811, 4.606018829345703, 4.60599400691497, 4.605994475193513, 4.605953539334811, 4.605977238141573, 4.605982732772827, 4.60593139575078, 4.6059425170605, 4.605965517728757, 4.605929703590197, 4.605891367105337, 4.605903380956406, 4.605919023660513, 4.605887866631532, 4.605879249328222, 4.605840643858298, 4.605851267545651, 4.605867903049176, 4.605828775503697, 4.605830263480162, 4.605827173819908, 4.605803845478938, 4.605781436577821, 4.605780380200117, 4.605794960413224, 4.605743404535147, 4.605760917908106, 4.605734265156281, 4.605748056754088, 4.605738466213911, 4.605724020493336, 4.6057303942166845, 4.605727683580839, 4.60572535319206, 4.605712829492031], "test_loss": [4.599330413818359, 4.599286730957031, 4.599247692871094, 4.59920830078125, 4.59916908569336, 4.5991322265625, 4.599097467041015, 4.599063684082031, 4.599031506347656, 4.598999499511719, 4.598969000244141, 4.5989396850585935, 4.598910327148437, 4.598881726074219, 4.598853723144531, 4.598825793457031, 4.598799304199218, 4.598771740722656, 4.5987455322265625, 4.598722106933594, 4.598698455810547, 4.598672747802734, 4.598648394775391, 4.598625164794922, 4.5986013488769535, 4.5985789855957035, 4.5985568359375, 4.598533642578125, 4.598512292480469, 4.598491394042969, 4.598470910644531, 4.598450286865234, 4.598431402587891, 4.598413171386719, 4.598393280029297, 4.598372271728516, 4.598352014160156, 4.598331823730469, 4.598311724853516, 4.598293438720703, 4.598275726318359, 4.598257135009765, 4.598240393066407, 4.598221496582031, 4.598200323486328, 4.598181683349609, 4.59816416015625, 4.598146032714844, 4.598130358886719, 4.598112023925781, 4.5980951110839845, 4.5980775207519535, 4.598059686279297, 4.5980417358398435, 4.59802505493164, 4.598008142089844, 4.597989697265625, 4.5979720397949215, 4.597955560302735, 4.597940197753906, 4.597923522949219, 4.597908728027344, 4.597891680908203, 4.5978745849609375, 4.597858392333984, 4.5978426818847655, 4.597827838134766, 4.597812762451172, 4.597796948242188, 4.597781909179687, 4.597765911865235, 4.5977505004882815, 4.597735522460938, 4.597720593261719, 4.5977049133300785, 4.59769144897461, 4.597677209472656, 4.597663421630859, 4.597648602294922, 4.597633184814453, 4.597617181396484, 4.597602508544922, 4.597588555908203, 4.597575469970703, 4.5975599975585935, 4.597547271728516, 4.597531958007813, 4.5975185485839845, 4.5975023498535155, 4.597487316894531, 4.597473193359375, 4.597459930419922, 4.597445672607422, 4.5974317749023434, 4.5974177734375, 4.597403485107422, 4.5973901977539064, 4.597376531982422, 4.597360406494141, 4.597346551513672], "test_acc": [1.07, 1.04, 1.01, 1.01, 1.02, 1.03, 0.99, 0.98, 0.97, 1.01, 0.99, 0.98, 0.98, 0.98, 0.97, 0.98, 0.99, 0.96, 0.94, 0.95, 0.94, 0.96, 0.95, 0.96, 0.98, 0.99, 0.98, 0.98, 0.99, 0.99, 0.97, 0.96, 0.98, 0.99, 0.99, 1.01, 1.03, 1.02, 1.01, 0.99, 1.01, 1.02, 1.04, 1.07, 1.09, 1.09, 1.11, 1.12, 1.11, 1.11, 1.12, 1.14, 1.16, 1.16, 1.14, 1.15, 1.17, 1.18, 1.2, 1.19, 1.19, 1.19, 1.19, 1.18, 1.2, 1.2, 1.21, 1.22, 1.23, 1.24, 1.26, 1.27, 1.28, 1.28, 1.28, 1.29, 1.3, 1.27, 1.29, 1.28, 1.28, 1.31, 1.32, 1.31, 1.29, 1.29, 1.31, 1.31, 1.32, 1.32, 1.32, 1.31, 1.31, 1.31, 1.33, 1.35, 1.35, 1.35, 1.34, 1.33]}