{"train_loss": [4.607204564412435, 4.607146766858223, 4.607050953155909, 4.607033782127576, 4.6069353482662105, 4.6068916785411345, 4.6068733569903255, 4.606806792968359, 4.606783393713144, 4.6066885080093, 4.606636674587543, 4.606619569582817, 4.6065072340843, 4.6064959599421575, 4.606485907236735, 4.6064538747836385, 4.606411840976813, 4.606364687895163, 4.606315101721348, 4.606255267216609, 4.606217490709745, 4.606193194022546, 4.606148729568873, 4.606110267150096, 4.606073006605491, 4.606024348430145, 4.605978219937056, 4.605948142516307, 4.605924547635592, 4.6058937781896345, 4.605836930641761, 4.605804361441197, 4.605730337974353, 4.605710637263763, 4.605667131375044, 4.6055970803285255, 4.605583245937641, 4.605526995047545, 4.605495403974484, 4.605441523820926, 4.605408370189178, 4.605343843117739, 4.605304978444026, 4.605257870600774, 4.605228792092739, 4.605170796467708, 4.6051271780943255, 4.605072835775522, 4.605005457462409, 4.604977217698709, 4.604902483866765, 4.604835119002905, 4.60479773741502, 4.6047533597701635, 4.604683500681168, 4.604622986377814, 4.604521565559583, 4.604470940125294, 4.6044041658059145, 4.604328340139144, 4.604279273595566, 4.604200692054553, 4.604106929974678, 4.604007454407521, 4.603889343066093, 4.603845783380362, 4.603773389718471, 4.603688714443109, 4.603562178978553, 4.603432883971776, 4.603343882927528, 4.603218480868217, 4.603141878812741, 4.602924365263719, 4.602830648422241, 4.602686594694089, 4.602593418268057, 4.602369537108983, 4.602297962628878, 4.602110799153646, 4.601965593680357, 4.601827362256173, 4.601586050864977, 4.601401524666028, 4.601249423393837, 4.6009872473203215, 4.600784024214133, 4.600606086926582, 4.600339665779701, 4.600121308595706, 4.599827202772483, 4.599593222446931, 4.599323081970215, 4.598986016787015, 4.59869755598215, 4.598408544980563, 4.598079715630947, 4.597734582118499, 4.597469095083383, 4.597111673844166], "test_loss": [4.599275830078125, 4.599178967285156, 4.599084063720703, 4.598990570068359, 4.598899090576172, 4.5988092041015625, 4.598724206542968, 4.59863720703125, 4.598548956298828, 4.598463751220703, 4.598377191162109, 4.598293701171875, 4.598210174560547, 4.598128167724609, 4.598044860839844, 4.597963342285157, 4.597880163574219, 4.597797052001953, 4.59771342163086, 4.597628735351562, 4.597543621826172, 4.597458660888672, 4.597373156738281, 4.597286639404297, 4.59719907836914, 4.597110284423828, 4.597020391845703, 4.596928601074219, 4.596836828613282, 4.596743157958985, 4.596648944091797, 4.5965521667480465, 4.596453076171875, 4.596355743408203, 4.596251019287109, 4.596147235107422, 4.596040954589844, 4.595932208251953, 4.595820220947266, 4.595708447265625, 4.59559321899414, 4.595474212646485, 4.595353533935547, 4.595228515625, 4.595102075195313, 4.594970275878906, 4.594836273193359, 4.594699072265625, 4.594553985595703, 4.594406134033203, 4.59425302734375, 4.5940953125, 4.593932000732422, 4.593763214111328, 4.59358916015625, 4.593406036376953, 4.59321558227539, 4.5930155151367185, 4.5928099243164064, 4.592595349121094, 4.592373413085937, 4.592140618896484, 4.591896490478516, 4.591641009521484, 4.591373638916016, 4.591093127441407, 4.590802508544922, 4.59049672241211, 4.59017406616211, 4.589833288574218, 4.5894798583984375, 4.5891075073242185, 4.588716729736328, 4.588302154541015, 4.5878693359375, 4.587409124755859, 4.586929791259766, 4.586420660400391, 4.585889904785156, 4.585325170898438, 4.584740325927735, 4.584127209472657, 4.5834722961425785, 4.582785046386719, 4.582070983886719, 4.581307977294922, 4.58050390625, 4.579658984375, 4.578774444580078, 4.5778408630371095, 4.576850280761719, 4.575827362060547, 4.574744964599609, 4.57359658203125, 4.572387493896485, 4.571138024902344, 4.569831970214843, 4.5684687072753905, 4.567067340087891, 4.565623333740234], "test_acc": [1.04, 1.04, 1.02, 1.0, 1.01, 1.02, 1.06, 1.05, 1.09, 1.09, 1.14, 1.14, 1.13, 1.12, 1.13, 1.11, 1.14, 1.15, 1.15, 1.18, 1.18, 1.2, 1.22, 1.25, 1.24, 1.25, 1.28, 1.32, 1.3, 1.33, 1.33, 1.35, 1.36, 1.34, 1.35, 1.38, 1.41, 1.42, 1.44, 1.43, 1.41, 1.42, 1.4, 1.4, 1.42, 1.43, 1.43, 1.46, 1.47, 1.44, 1.44, 1.47, 1.49, 1.52, 1.54, 1.51, 1.5, 1.49, 1.47, 1.51, 1.5, 1.48, 1.46, 1.45, 1.47, 1.48, 1.48, 1.47, 1.46, 1.45, 1.43, 1.43, 1.42, 1.42, 1.41, 1.43, 1.42, 1.46, 1.47, 1.53, 1.53, 1.57, 1.57, 1.54, 1.55, 1.58, 1.6, 1.6, 1.65, 1.63, 1.62, 1.64, 1.61, 1.59, 1.59, 1.58, 1.62, 1.63, 1.67, 1.68]}