{"train_loss": [4.6072510328048315, 4.607214619563176, 4.607120452783047, 4.607104673141088, 4.607034199054425, 4.607022421176617, 4.60697966111012, 4.606949846561139, 4.606908513338138, 4.606840841586774, 4.606817706425985, 4.6068067819644245, 4.606713753480178, 4.606717093785604, 4.606682521868975, 4.606676237399761, 4.606618326138228, 4.606608093701876, 4.606580443259997, 4.60654882651109, 4.60650064884088, 4.606494138179682, 4.606456382458027, 4.606430892455272, 4.606402426499587, 4.60638583623446, 4.606348633154845, 4.606299719443688, 4.606302780982776, 4.606297554113926, 4.606267147797805, 4.606230250383034, 4.60621406848614, 4.606182218209291, 4.606183893252641, 4.606129303956643, 4.606115176127507, 4.606096425423256, 4.606090976030399, 4.606057363901383, 4.606048202514648, 4.606020657221476, 4.605996608734131, 4.605958422636374, 4.60597036312788, 4.605939464080028, 4.605924162497887, 4.605912343049661, 4.60586621822455, 4.605870007245969, 4.605851001005906, 4.605808442678207, 4.605803931065095, 4.605779276138697, 4.605777351672833, 4.605757746329674, 4.605719664157966, 4.605693620290512, 4.605672886432745, 4.605664604138106, 4.605650347929735, 4.6056491326063105, 4.605614119309646, 4.605583595618223, 4.6055458032167875, 4.6055564635839215, 4.605537666418614, 4.605515844393999, 4.605490985283485, 4.605458999291445, 4.6054442540193214, 4.605417609826112, 4.605405279306265, 4.605373261525081, 4.60535222077981, 4.60536214143802, 4.605344143891946, 4.605291717480391, 4.605293772770808, 4.605282947344658, 4.6052253869863655, 4.605260999386127, 4.605204720374865, 4.605186144510905, 4.605185947662744, 4.60515464146932, 4.605117857761872, 4.605117175517938, 4.605068201896472, 4.605067780078985, 4.6050364995614075, 4.604992630542853, 4.604990488443619, 4.604946932425865, 4.604932227501503, 4.6048900995499045, 4.604871104313777, 4.604847801648654, 4.604844093322754, 4.604801305135092], "test_loss": [4.599301098632813, 4.599230078125, 4.599162884521484, 4.599096447753906, 4.599031665039062, 4.598967620849609, 4.598907830810547, 4.598848986816407, 4.598791174316406, 4.598733874511718, 4.598675915527344, 4.598620916748047, 4.598567016601563, 4.598514416503907, 4.598461260986328, 4.598408807373047, 4.598356579589844, 4.598305987548828, 4.598254772949219, 4.5982036193847655, 4.598152941894531, 4.598103002929688, 4.598053094482422, 4.59800341796875, 4.597955194091797, 4.597906494140625, 4.597856713867188, 4.597806909179687, 4.597759405517579, 4.597711047363282, 4.59766314086914, 4.5976153686523435, 4.597566448974609, 4.597520721435547, 4.5974713256835935, 4.597423083496094, 4.597376428222656, 4.59732963256836, 4.597282116699219, 4.59723251953125, 4.597183813476563, 4.597135681152344, 4.597085192871094, 4.597035711669922, 4.596986169433594, 4.596934741210937, 4.596882989501953, 4.596832061767578, 4.596779766845703, 4.596728564453125, 4.596676153564453, 4.596623284912109, 4.596569696044922, 4.596517163085937, 4.59646318359375, 4.5964083557128905, 4.596352056884766, 4.596294549560547, 4.596238415527344, 4.596181408691407, 4.596123077392578, 4.596066357421875, 4.596007690429688, 4.595948382568359, 4.595888598632812, 4.595827307128906, 4.595765710449219, 4.59570419921875, 4.595641809082031, 4.595577416992188, 4.5955130493164065, 4.595446453857422, 4.595380163574219, 4.595311474609375, 4.595243127441406, 4.595172998046875, 4.5951023742675785, 4.59503037109375, 4.594957904052734, 4.59488246459961, 4.594807177734375, 4.594731207275391, 4.594654235839844, 4.594574609375, 4.594497314453125, 4.5944142944335935, 4.594329382324219, 4.594244360351563, 4.594157507324219, 4.594069146728516, 4.593978594970703, 4.593887231445312, 4.593794763183594, 4.593698333740234, 4.5936016174316405, 4.593501672363281, 4.593401678466797, 4.593297418212891, 4.593192028808594, 4.593085101318359], "test_acc": [1.07, 1.01, 1.01, 0.99, 0.98, 1.0, 1.02, 1.02, 1.01, 1.0, 1.02, 1.01, 1.01, 1.02, 1.01, 1.03, 1.02, 1.04, 1.1, 1.09, 1.11, 1.09, 1.09, 1.09, 1.11, 1.1, 1.1, 1.09, 1.07, 1.11, 1.15, 1.16, 1.16, 1.16, 1.18, 1.2, 1.21, 1.25, 1.23, 1.22, 1.23, 1.24, 1.25, 1.26, 1.27, 1.3, 1.28, 1.32, 1.32, 1.32, 1.32, 1.3, 1.29, 1.29, 1.31, 1.32, 1.34, 1.36, 1.38, 1.38, 1.38, 1.43, 1.44, 1.44, 1.44, 1.46, 1.46, 1.47, 1.49, 1.51, 1.52, 1.54, 1.52, 1.5, 1.5, 1.51, 1.5, 1.49, 1.51, 1.51, 1.5, 1.53, 1.53, 1.52, 1.51, 1.52, 1.53, 1.54, 1.54, 1.55, 1.53, 1.54, 1.53, 1.53, 1.53, 1.52, 1.53, 1.53, 1.54, 1.55]}