{"train_loss": [4.607237266882872, 4.607183656937036, 4.607096991172203, 4.60707944723276, 4.606991051404904, 4.60695069019611, 4.606932353973389, 4.6068725854922565, 4.606851173058534, 4.60676658092401, 4.6067208180060755, 4.606704428257086, 4.60660546253889, 4.606594490393614, 4.606585903656788, 4.606556367874146, 4.606520062226515, 4.606479264528323, 4.606436374859932, 4.606385332498795, 4.606353286596445, 4.606332339995947, 4.606294354414328, 4.60626254203992, 4.606231787265876, 4.606191654694386, 4.606152764344826, 4.606129916508992, 4.606109087283794, 4.606086129408617, 4.606039637785692, 4.606015514716124, 4.605955406335684, 4.605937388004401, 4.605909401331193, 4.605851891101935, 4.605842768840301, 4.605798552586482, 4.6057792296776405, 4.605734463227101, 4.605712824601394, 4.605664868232531, 4.605636504980234, 4.605604158303676, 4.605585471177712, 4.605544878886296, 4.605514764785767, 4.605474869410197, 4.605432258508144, 4.605415519078573, 4.605366007486979, 4.605319322683872, 4.605297731741881, 4.60527361600827, 4.605228424072266, 4.605190756382086, 4.605123556577242, 4.605097780472193, 4.605061620321029, 4.60501584762182, 4.604990651057316, 4.604944781768016, 4.6048942321386095, 4.604833476971358, 4.6047592970041125, 4.604751074619783, 4.604714061052372, 4.604676467944414, 4.604605069527259, 4.604534150392581, 4.604490402417305, 4.604428418477377, 4.6044036486209965, 4.604276400346023, 4.604238387865898, 4.604174496577336, 4.6041414321997225, 4.604018056087005, 4.604003040607159, 4.603921388968443, 4.603848751997337, 4.603798303848658, 4.603676648017688, 4.6035997072855634, 4.603536988527347, 4.603428059357864, 4.603341749386909, 4.603286306674664, 4.603164092088357, 4.603088433925922, 4.602954336313101, 4.602854655339168, 4.602749004119482, 4.60261506667504, 4.602509677104461, 4.602382233203985, 4.602254689045441, 4.602114546604645, 4.602028492169502, 4.601865274478228], "test_loss": [4.599284729003906, 4.5991971374511715, 4.599111450195313, 4.599027551269531, 4.598945361328125, 4.598864465332031, 4.598788568115235, 4.598712432861328, 4.59863540649414, 4.598560180664062, 4.598484204101562, 4.598411053466797, 4.598338519287109, 4.5982673828125, 4.598195819091797, 4.598125958251953, 4.598054333496094, 4.597982702636719, 4.5979125183105465, 4.597840789794922, 4.597769171142578, 4.597698468017578, 4.597627770996094, 4.597556555175781, 4.597484368896485, 4.597411120605469, 4.597338684082032, 4.597265045166016, 4.597191381835938, 4.597118359375, 4.5970439453125, 4.596968035888672, 4.596890887451172, 4.596815869140625, 4.5967346374511715, 4.596655084228516, 4.5965746337890625, 4.596492755126953, 4.596409149169922, 4.596325653076172, 4.5962405822753905, 4.596151885986328, 4.596064392089843, 4.595973461914062, 4.595882659912109, 4.595788928222656, 4.595694128417969, 4.5955994567871095, 4.5955008728027344, 4.595402081298828, 4.595300811767578, 4.595195758056641, 4.595090350341797, 4.5949813171386715, 4.594870501708985, 4.594757098388672, 4.594638684082032, 4.5945162658691405, 4.594392248535156, 4.594263751220703, 4.594132702636719, 4.593998175048828, 4.593856884765625, 4.593712152099609, 4.593561987304687, 4.593406396484375, 4.593246978759765, 4.593083740234375, 4.592913269042969, 4.592735833740234, 4.592555346679688, 4.592366546630859, 4.592171911621094, 4.591964453125, 4.5917508483886715, 4.591526879882813, 4.591296197509766, 4.5910548828125, 4.590808386230469, 4.590547869873047, 4.590282202148438, 4.59000576171875, 4.58971654663086, 4.5894139282226565, 4.589103552246094, 4.588774774169922, 4.588431353759765, 4.588075903320313, 4.58770277709961, 4.587318273925781, 4.586914678955078, 4.586499169921875, 4.586062591552734, 4.585604327392578, 4.585125927734375, 4.584633892822265, 4.5841149169921875, 4.5835733825683596, 4.583009356689453, 4.582425354003906], "test_acc": [1.05, 1.03, 1.02, 1.01, 0.99, 1.01, 1.02, 1.07, 1.06, 1.09, 1.11, 1.11, 1.11, 1.13, 1.12, 1.1, 1.09, 1.11, 1.1, 1.12, 1.13, 1.14, 1.16, 1.15, 1.18, 1.2, 1.22, 1.22, 1.21, 1.25, 1.25, 1.34, 1.34, 1.36, 1.36, 1.36, 1.36, 1.38, 1.34, 1.34, 1.35, 1.37, 1.39, 1.42, 1.43, 1.46, 1.45, 1.42, 1.42, 1.42, 1.42, 1.43, 1.42, 1.43, 1.42, 1.44, 1.44, 1.44, 1.43, 1.45, 1.47, 1.49, 1.47, 1.47, 1.46, 1.44, 1.43, 1.43, 1.43, 1.45, 1.45, 1.47, 1.47, 1.47, 1.47, 1.48, 1.48, 1.47, 1.47, 1.48, 1.47, 1.47, 1.47, 1.44, 1.45, 1.47, 1.46, 1.42, 1.43, 1.45, 1.48, 1.5, 1.51, 1.51, 1.52, 1.56, 1.6, 1.57, 1.58, 1.57]}