{"train_loss": [4.60703416726528, 4.606942034990359, 4.606786501713288, 4.606757126099024, 4.6065940820253815, 4.606518687957372, 4.606485832654513, 4.606366953482994, 4.606316974835518, 4.606156865144388, 4.606049908124484, 4.6060113307757256, 4.605812571598933, 4.605776241498115, 4.605727379138653, 4.60566658729162, 4.6055603296328815, 4.605454315283359, 4.605330239809477, 4.605192167331011, 4.605087914833656, 4.605000999646309, 4.604875315152682, 4.604752254486084, 4.604625277641492, 4.604473792589628, 4.60432172310658, 4.604186432178204, 4.604069545941475, 4.603909375117375, 4.603707688894027, 4.603539649034158, 4.603243253169915, 4.603116797178219, 4.602837511209342, 4.602556853416639, 4.602314536999433, 4.602034880564763, 4.60172247397594, 4.601386846640171, 4.601016351504204, 4.60056670995859, 4.600128241074391, 4.599623494270521, 4.59911973293011, 4.598547093073527, 4.597913854550093, 4.59723318540133, 4.596359160007575, 4.59556423333975, 4.594513779420119, 4.59346704972096, 4.592324036818284, 4.5911055907225, 4.589665376223051, 4.588225076137445, 4.58644118309021, 4.584751098583906, 4.583116108331925, 4.581089222736848, 4.57941833398281, 4.577571296691895, 4.5755450456570355, 4.573498864051623, 4.5716304742372955, 4.5697625991625666, 4.568239962748992, 4.566045918831459, 4.564076894368881, 4.561973223319421, 4.560229790516389, 4.558186131257277, 4.556192050836025, 4.553991609964616, 4.551974286788549, 4.5497459032596685, 4.547775887220334, 4.545258410771688, 4.543372296064328, 4.540687161225539, 4.538738402342185, 4.536531801712819, 4.53381087352068, 4.53123371050908, 4.528614199467194, 4.525388639401167, 4.523235973945031, 4.5207590213188755, 4.517884709284856, 4.5151955029903315, 4.512386828202468, 4.510075146112687, 4.506680607184386, 4.503876012410873, 4.501143089930216, 4.498681833805182, 4.4958592341496395, 4.493280240816948, 4.490833707956168, 4.488377489187779], "test_loss": [4.599230456542969, 4.599086700439453, 4.598942846679687, 4.598799475097656, 4.598659338378906, 4.598516619873047, 4.59837421875, 4.598228802490234, 4.598083270263672, 4.597939569091797, 4.597788751220703, 4.597638208007813, 4.59748530883789, 4.5973306579589845, 4.597167236328125, 4.597003674316406, 4.596832281494141, 4.596656848144531, 4.596472937011718, 4.59628037109375, 4.596083526611328, 4.5958773742675785, 4.595661724853516, 4.5954325561523435, 4.595195587158203, 4.594946203613281, 4.594684698486328, 4.594406024169922, 4.594113854980469, 4.593803259277344, 4.593475793457031, 4.593124938964844, 4.592743188476563, 4.592336724853515, 4.591893212890625, 4.591412939453125, 4.590888970947265, 4.590322644042969, 4.589699871826172, 4.589026763916015, 4.58828076171875, 4.587458386230469, 4.5865521789550785, 4.5855531433105465, 4.584443646240234, 4.583212194824219, 4.5818428039550785, 4.580331341552735, 4.578635278320313, 4.576744549560547, 4.574629241943359, 4.57228525390625, 4.5696562561035154, 4.566729187011719, 4.563507659912109, 4.559999401855468, 4.556187530517578, 4.552129760742187, 4.5479299987792965, 4.543459381103515, 4.538955017089844, 4.534354541015625, 4.529720635986328, 4.525052319335938, 4.520413409423828, 4.515747161865234, 4.511028686523438, 4.50634248046875, 4.501561920166016, 4.496707598876953, 4.491815380859375, 4.486848114013672, 4.481824938964844, 4.476683843994141, 4.471553448486328, 4.466000451660157, 4.460461749267578, 4.454871685791016, 4.449322131347656, 4.443384466552734, 4.437537780761719, 4.43143037109375, 4.425137365722656, 4.41882197265625, 4.412278582763672, 4.405563690185547, 4.398704754638672, 4.3920199584960935, 4.384942633056641, 4.377963873291016, 4.3707838745117185, 4.363929248046875, 4.356886291503907, 4.3497724609375, 4.34244945678711, 4.334926623535156, 4.328425305175781, 4.321224993896484, 4.314504913330078, 4.307657611083984], "test_acc": [1.05, 1.03, 1.05, 1.07, 1.05, 1.11, 1.12, 1.16, 1.22, 1.21, 1.26, 1.25, 1.27, 1.35, 1.35, 1.39, 1.41, 1.41, 1.38, 1.43, 1.47, 1.48, 1.46, 1.47, 1.48, 1.47, 1.45, 1.47, 1.48, 1.48, 1.46, 1.48, 1.49, 1.45, 1.45, 1.46, 1.44, 1.46, 1.49, 1.51, 1.56, 1.56, 1.59, 1.6, 1.64, 1.64, 1.62, 1.62, 1.6, 1.6, 1.54, 1.52, 1.51, 1.47, 1.5, 1.51, 1.58, 1.65, 1.79, 1.88, 1.84, 1.89, 1.95, 2.03, 2.08, 2.18, 2.22, 2.27, 2.37, 2.44, 2.55, 2.57, 2.67, 2.74, 2.76, 2.78, 2.81, 2.87, 2.94, 3.05, 3.15, 3.12, 3.21, 3.32, 3.44, 3.69, 3.85, 4.04, 4.16, 4.41, 4.62, 4.71, 4.84, 4.95, 5.05, 5.04, 5.22, 5.25, 5.38, 5.39]}