{"train_loss": [4.6072185455224455, 4.6071627176724945, 4.607076609440339, 4.607080301871666, 4.6069809131133255, 4.606976430844038, 4.606930867219583, 4.606848996724838, 4.606854172241993, 4.606791228514451, 4.606728715163011, 4.606703722782624, 4.606661459115835, 4.606618607349885, 4.606585816847972, 4.606571032450749, 4.606538210159693, 4.606497751138149, 4.606463792996529, 4.606409206145849, 4.606395311844655, 4.606363668197241, 4.606336906628731, 4.606310618229402, 4.606277645551241, 4.606225034518119, 4.606232194411449, 4.606203398337731, 4.6061577222286125, 4.606121350557376, 4.606121703905937, 4.606046647291917, 4.606047217051188, 4.606014285943447, 4.605970781277388, 4.605944104072375, 4.605924005997487, 4.605869010778574, 4.605856226652096, 4.605790936641204, 4.605820491986397, 4.605790633421678, 4.6057361223758795, 4.605715630604671, 4.60570330619812, 4.605689583069239, 4.60566262342991, 4.605619884148622, 4.605555385198349, 4.605555284940279, 4.605536790994497, 4.605481748091869, 4.605474760593512, 4.6054506350786255, 4.60542384661161, 4.605397821084047, 4.605373970667521, 4.6053387372921675, 4.6052959344325926, 4.6052893724196995, 4.605241092046102, 4.6052049844692915, 4.605188665634547, 4.6051458823375215, 4.6050791019048445, 4.605094728714381, 4.605057886319282, 4.604984909448868, 4.604979325563479, 4.60497025220822, 4.604934247334798, 4.604865706272614, 4.604846660907452, 4.604755593568851, 4.6047565276806175, 4.604756288039378, 4.604698463586661, 4.604671061344636, 4.604631412946261, 4.604571035580757, 4.604551205268273, 4.604529686463185, 4.604451534075615, 4.60439547758836, 4.60442602451031, 4.6043423139131985, 4.604270290717101, 4.604296156076285, 4.604211151905549, 4.604209387608064, 4.604119775234125, 4.604044662377773, 4.603995462564321, 4.6039243991558365, 4.6039172637156955, 4.603854059561705, 4.603779878371801, 4.603664412865272, 4.603674680758745, 4.603578062546559], "test_loss": [4.599292254638672, 4.599210925292969, 4.59913374633789, 4.599058142089843, 4.598982690429687, 4.5989079040527345, 4.59883681640625, 4.598767041015625, 4.598696520996094, 4.5986294860839845, 4.598559991455078, 4.598492767333984, 4.598426776123047, 4.598363934326172, 4.598299090576172, 4.598236236572266, 4.598171942138672, 4.598106896972657, 4.598043389892578, 4.597978912353516, 4.597915545654297, 4.597853143310547, 4.59779448852539, 4.5977311645507815, 4.5976703735351565, 4.597606646728516, 4.597544598388672, 4.5974820007324215, 4.597418615722656, 4.597355792236328, 4.597294573974609, 4.597229937744141, 4.597166705322266, 4.597104663085937, 4.597038482666016, 4.596972058105469, 4.596905895996094, 4.596839758300781, 4.596772857666016, 4.5967052368164065, 4.596636779785157, 4.596567028808594, 4.5964965148925785, 4.596425244140625, 4.5963546020507815, 4.596279180908203, 4.596207763671875, 4.596134143066406, 4.596058709716797, 4.595982922363281, 4.595906433105469, 4.595826672363281, 4.5957482666015625, 4.595667852783203, 4.59558486328125, 4.595501483154297, 4.595415612792968, 4.595327508544922, 4.595240924072265, 4.59515341796875, 4.595063409423828, 4.594970971679688, 4.594876879882812, 4.59478179321289, 4.594682550048828, 4.594583074951172, 4.594480920410156, 4.594376025390625, 4.594269329833985, 4.594160046386719, 4.5940497253417965, 4.593934991455078, 4.593817065429688, 4.593690795898437, 4.593566064453125, 4.593441583251953, 4.593312176513672, 4.593178686523437, 4.593044421386718, 4.592902746582031, 4.5927598205566404, 4.5926131164550785, 4.59246142578125, 4.5923037109375, 4.592144610595703, 4.591976086425781, 4.591804943847656, 4.59163212890625, 4.591452899169922, 4.591265411376953, 4.591071350097656, 4.590875482177735, 4.5906721862792965, 4.590459271240235, 4.590241491699219, 4.590017413330078, 4.589779913330078, 4.589531414794922, 4.589277264404297, 4.589015771484375], "test_acc": [1.05, 1.04, 1.01, 1.01, 1.0, 1.02, 1.02, 1.05, 1.06, 1.08, 1.1, 1.13, 1.1, 1.11, 1.12, 1.1, 1.09, 1.09, 1.11, 1.08, 1.11, 1.12, 1.14, 1.17, 1.16, 1.16, 1.18, 1.19, 1.18, 1.23, 1.26, 1.29, 1.32, 1.3, 1.33, 1.32, 1.35, 1.41, 1.4, 1.41, 1.41, 1.39, 1.37, 1.36, 1.35, 1.38, 1.4, 1.41, 1.41, 1.41, 1.41, 1.42, 1.42, 1.39, 1.38, 1.39, 1.42, 1.44, 1.45, 1.46, 1.45, 1.43, 1.44, 1.44, 1.45, 1.48, 1.49, 1.49, 1.5, 1.5, 1.5, 1.51, 1.49, 1.49, 1.47, 1.46, 1.47, 1.45, 1.41, 1.42, 1.41, 1.41, 1.39, 1.37, 1.35, 1.35, 1.31, 1.31, 1.29, 1.29, 1.31, 1.31, 1.31, 1.29, 1.31, 1.31, 1.32, 1.35, 1.37, 1.37]}