{"train_loss": [4.60713639992934, 4.607069680629633, 4.6069628043052475, 4.606974315643311, 4.606846985450158, 4.606847318013509, 4.606790949748112, 4.60668671192267, 4.606697537348821, 4.60662025427207, 4.6065346143184565, 4.606506399007944, 4.606452764608921, 4.606399959172958, 4.6063553174336755, 4.606338772406945, 4.606294793349046, 4.606238278364524, 4.606191483522073, 4.606116286302224, 4.606097870606643, 4.60605567418612, 4.606026303462493, 4.6059787530165455, 4.60593539751493, 4.605856735278398, 4.605865022463676, 4.605819548093356, 4.605754616321661, 4.605697293159289, 4.6057019527141865, 4.60558283390143, 4.605581833766057, 4.605533654873188, 4.605457856104924, 4.605408575595954, 4.60538012431218, 4.605293942720462, 4.60525827285571, 4.60516002483857, 4.60518378722362, 4.605124060312907, 4.605043566532624, 4.604991722106933, 4.604969709347456, 4.60491639650785, 4.604880251028599, 4.604788299707266, 4.604672605563433, 4.604662516178229, 4.60460877540784, 4.604497234637921, 4.604470109939575, 4.604412230467185, 4.604336034334623, 4.604273754511124, 4.604197449561877, 4.604112396484767, 4.604027869151189, 4.603981081644694, 4.603870243903918, 4.603769502884302, 4.60369908503997, 4.60357620777228, 4.603447026472825, 4.603420538780017, 4.603298079661834, 4.603134725032708, 4.603055620193482, 4.602972284952799, 4.602868567980253, 4.6026637321863415, 4.602546810492491, 4.6023013090476015, 4.602239628327198, 4.602138964335124, 4.601975741753211, 4.6017985918583015, 4.601619391563611, 4.601381831291395, 4.601219557493161, 4.601087820835603, 4.600800849229861, 4.600540499809461, 4.600466857812344, 4.600144465764363, 4.599901427978124, 4.599713252140925, 4.599396951381976, 4.59918009806902, 4.598842551158024, 4.5985479917281715, 4.598223422123835, 4.597829989897899, 4.597598583270342, 4.5973182360331215, 4.596860456466675, 4.596373886939807, 4.596164979690161, 4.595783430490738], "test_loss": [4.59927412109375, 4.599173461914062, 4.599077252197266, 4.59898246459961, 4.598887255859375, 4.598792742919922, 4.59870263671875, 4.598613140869141, 4.59852221069336, 4.598435498046875, 4.5983441589355465, 4.598256024169922, 4.598168170166016, 4.598084301757813, 4.597995733642578, 4.597909704589844, 4.597821472167968, 4.597733251953125, 4.597643225097657, 4.597552960205078, 4.597464739990234, 4.597376086425781, 4.59729052734375, 4.597196887207032, 4.597104541015625, 4.597006884765625, 4.596909039306641, 4.596811480712891, 4.596712420654297, 4.596611529541016, 4.596513049316406, 4.596406622314453, 4.596301934814453, 4.5961962890625, 4.596085430908203, 4.595971142578125, 4.595857415771484, 4.5957392211914065, 4.595618798828125, 4.595496478271484, 4.595368548583984, 4.595233782958984, 4.595100482177735, 4.594960821533203, 4.594821649169922, 4.594672265625, 4.594525952148437, 4.5943717102050785, 4.594209594726562, 4.594046472167968, 4.5938774108886715, 4.593698052978516, 4.593517407226562, 4.593330407714844, 4.593133752441406, 4.592933331298828, 4.592722424316406, 4.592502935791016, 4.592277655029297, 4.592043872070312, 4.591799938964844, 4.591544488525391, 4.5912749938964845, 4.5909930603027345, 4.590702337646484, 4.590396435546875, 4.5900779174804685, 4.589739984130859, 4.589389050292969, 4.589017321777344, 4.588630950927734, 4.5882148254394535, 4.587777508544922, 4.587314910888672, 4.586827331542969, 4.586316149902344, 4.585785491943359, 4.585220324707032, 4.584622906494141, 4.583986889648438, 4.583323150634766, 4.582632165527344, 4.581894482421875, 4.581110852050781, 4.5803156799316405, 4.5794522583007815, 4.5785591003417965, 4.577604656982422, 4.576608123779297, 4.575566778564453, 4.57446557006836, 4.573327911376953, 4.572125830078125, 4.570867742919922, 4.569557818603515, 4.568218170166015, 4.566795153808593, 4.565309118652344, 4.563785668945313, 4.562256231689453], "test_acc": [1.06, 1.04, 0.99, 0.99, 1.03, 1.04, 1.07, 1.11, 1.12, 1.15, 1.14, 1.14, 1.1, 1.13, 1.17, 1.12, 1.14, 1.2, 1.2, 1.24, 1.23, 1.27, 1.28, 1.28, 1.32, 1.36, 1.38, 1.43, 1.44, 1.45, 1.45, 1.45, 1.47, 1.43, 1.41, 1.42, 1.44, 1.42, 1.42, 1.43, 1.42, 1.42, 1.41, 1.41, 1.42, 1.44, 1.42, 1.41, 1.42, 1.42, 1.42, 1.43, 1.42, 1.4, 1.4, 1.36, 1.36, 1.37, 1.37, 1.34, 1.34, 1.32, 1.33, 1.35, 1.36, 1.37, 1.36, 1.34, 1.35, 1.35, 1.36, 1.37, 1.37, 1.4, 1.4, 1.4, 1.41, 1.41, 1.42, 1.43, 1.45, 1.44, 1.45, 1.46, 1.49, 1.53, 1.55, 1.57, 1.56, 1.55, 1.58, 1.58, 1.59, 1.61, 1.59, 1.6, 1.63, 1.65, 1.67, 1.71]}