{"train_loss": [4.607246830524542, 4.607196491192549, 4.607168898215661, 4.607156839126196, 4.607092949060293, 4.607064193334335, 4.606971818972856, 4.606960916519165, 4.606924942212227, 4.606848332820794, 4.606817129330757, 4.606826732097528, 4.606725195126656, 4.6067400345435505, 4.606680316191453, 4.606683627153054, 4.606652893164219, 4.606656172336677, 4.606584534278283, 4.606527698957003, 4.6065011342366535, 4.60648782925728, 4.606456556075659, 4.606434105604123, 4.606411820191603, 4.606395950072851, 4.606329705164983, 4.606314300879454, 4.606313167474209, 4.606266066966913, 4.606243928273519, 4.606203652650882, 4.606150611241659, 4.606151661506066, 4.606162374447553, 4.606130244181706, 4.606085514410948, 4.606038642540956, 4.6060726777101175, 4.606001823376387, 4.606026047926683, 4.60593460889963, 4.605916648033338, 4.605891881844936, 4.605953730069674, 4.605869634334858, 4.605910435701028, 4.605887425251496, 4.605841955771813, 4.605843982941065, 4.60580768829737, 4.605767750128722, 4.605763445145045, 4.605767847941472, 4.605734826356937, 4.605695467728835, 4.6056687306135125, 4.60570748647054, 4.60564304009462, 4.605667484723605, 4.605632668275099, 4.605583823032868, 4.605598022998907, 4.605538569963896, 4.605526201541608, 4.605527603931916, 4.6054692855248085, 4.605518321501903, 4.605530488185393, 4.605514992200411, 4.6054384598365194, 4.605420859654744, 4.605423035988441, 4.605323968789516, 4.60533859424102, 4.60534809919504, 4.605310136843951, 4.605292514654306, 4.605275798455263, 4.605265789765578, 4.605177840208396, 4.605215361179449, 4.605166984215761, 4.605175776359363, 4.605170547045194, 4.605130447485508, 4.605160554250081, 4.605096296163706, 4.605049816767375, 4.605116852735862, 4.6050372710594765, 4.605023612731542, 4.604963095982869, 4.6049829739790695, 4.604982958084498, 4.604932375443288, 4.604900065446511, 4.604912304266906, 4.604925612914257, 4.604871317056509], "test_loss": [4.5993016296386715, 4.599236114501953, 4.599171166992187, 4.599107104492187, 4.599045587158203, 4.5989847595214846, 4.5989262451171875, 4.598869097900391, 4.598815905761719, 4.5987615966796875, 4.598705010986328, 4.598656420898437, 4.598607147216797, 4.598559356689453, 4.598508087158203, 4.598458972167969, 4.598412670898438, 4.598364886474609, 4.598317333984375, 4.598269964599609, 4.598224700927735, 4.5981769958496095, 4.598132220458984, 4.598084088134765, 4.598039709472657, 4.59799501953125, 4.597949285888672, 4.597903002929687, 4.597860772705078, 4.597817919921875, 4.597773828125, 4.597729382324219, 4.597687548828125, 4.597648071289062, 4.597605291748047, 4.597563970947266, 4.597519848632812, 4.597475286865234, 4.597430456542969, 4.597384484863281, 4.597339599609375, 4.597296417236328, 4.597251202392578, 4.597205383300781, 4.597160540771484, 4.597117010498047, 4.597073156738281, 4.597032843017578, 4.596988635253906, 4.596941741943359, 4.596900537109375, 4.596857312011719, 4.596813330078125, 4.596766693115234, 4.596719708251953, 4.596673364257812, 4.596627020263672, 4.596578582763672, 4.5965319396972655, 4.596484979248046, 4.596437188720703, 4.596386077880859, 4.596335845947266, 4.596290838623047, 4.596244744873047, 4.596195721435547, 4.596145397949218, 4.5960976623535155, 4.596045025634766, 4.595996856689453, 4.595944775390625, 4.595890032958985, 4.595832586669922, 4.595777880859375, 4.5957213989257815, 4.5956674011230465, 4.595611541748047, 4.595554681396484, 4.595494415283203, 4.595435479736328, 4.59537474975586, 4.595316192626953, 4.595257098388672, 4.5951930603027344, 4.59513115234375, 4.595070770263672, 4.595005462646484, 4.594941119384766, 4.594874597167968, 4.594812463378906, 4.594743640136719, 4.594678558349609, 4.594606750488281, 4.594536322021485, 4.594465045166015, 4.594389453125, 4.594312994384766, 4.594239770507812, 4.594166400146484, 4.594088427734375], "test_acc": [1.03, 1.05, 1.0, 1.0, 0.97, 0.97, 0.97, 0.98, 0.97, 0.96, 0.99, 1.01, 1.03, 1.03, 1.03, 1.06, 1.08, 1.11, 1.14, 1.13, 1.16, 1.16, 1.2, 1.17, 1.12, 1.15, 1.16, 1.17, 1.16, 1.14, 1.17, 1.18, 1.2, 1.21, 1.2, 1.22, 1.21, 1.23, 1.24, 1.25, 1.25, 1.25, 1.21, 1.2, 1.21, 1.23, 1.25, 1.26, 1.26, 1.25, 1.28, 1.31, 1.31, 1.32, 1.33, 1.33, 1.34, 1.37, 1.38, 1.37, 1.38, 1.38, 1.38, 1.4, 1.42, 1.42, 1.44, 1.46, 1.46, 1.46, 1.48, 1.49, 1.49, 1.48, 1.47, 1.46, 1.47, 1.5, 1.51, 1.52, 1.5, 1.5, 1.55, 1.55, 1.59, 1.6, 1.57, 1.53, 1.57, 1.56, 1.61, 1.59, 1.6, 1.61, 1.6, 1.61, 1.63, 1.64, 1.64, 1.63]}