{"train_loss": [4.6074246920072115, 4.607345227706126, 4.607286386000804, 4.607265516427847, 4.607211637496948, 4.607159892106668, 4.607147538356292, 4.607072546543219, 4.607057665555905, 4.606975887983273, 4.606936482894115, 4.606963696846595, 4.606894361055814, 4.606864451139401, 4.606830208118145, 4.6067800680796305, 4.6067571664467835, 4.606725863921336, 4.606685933088645, 4.606640941668779, 4.606647091645461, 4.606604927014082, 4.606587345172198, 4.606527250241011, 4.606517925017919, 4.606477764325264, 4.606492180702014, 4.606469681324103, 4.606385414416973, 4.6064101806053745, 4.606372015292828, 4.606388061474531, 4.606312281046158, 4.606323022108811, 4.6062898501371725, 4.606259116148338, 4.606259383910742, 4.606197847464146, 4.606214570999145, 4.606182547104664, 4.606143809587527, 4.606107686116145, 4.606119630275629, 4.606084081454155, 4.6060971382336735, 4.606051057424301, 4.60601617372953, 4.606008446522248, 4.605993242752858, 4.605972161659827, 4.605922833467141, 4.605900936860305, 4.605888998814118, 4.605886526596852, 4.605876368742723, 4.605858845588489, 4.605779051169371, 4.605794891944298, 4.605789457223354, 4.6057272874391995, 4.605756548123482, 4.60572460370186, 4.605721218158037, 4.605675343978099, 4.605608812967936, 4.605645322799683, 4.605628970953134, 4.605613910234892, 4.605594636232425, 4.605538599307721, 4.60555419921875, 4.605530506525284, 4.605510267844567, 4.605484380477514, 4.605462011924157, 4.605423951760317, 4.605450653418517, 4.605390252822485, 4.605377150804569, 4.60537466391539, 4.6053440142900515, 4.605328836196509, 4.605301473079583, 4.605302862020639, 4.605276661652785, 4.605254773604564, 4.605256570913853, 4.605220967072707, 4.605192689406566, 4.605197304945726, 4.605131282561865, 4.605107081242097, 4.605096499125163, 4.605076377819746, 4.6050704271365435, 4.605028964311648, 4.605043175281622, 4.604981067853096, 4.604997781606821, 4.604918641310472], "test_loss": [4.5993036254882815, 4.599234643554688, 4.599167938232422, 4.599101989746094, 4.599036529541015, 4.59897388305664, 4.598913720703125, 4.598855572509765, 4.5987984069824215, 4.598741064453125, 4.598685675048828, 4.598631958007813, 4.598576184082031, 4.598524182128906, 4.598473236083985, 4.598423065185547, 4.5983729064941405, 4.598321911621094, 4.598272027587891, 4.598221173095703, 4.598171398925781, 4.59812339477539, 4.598074072265625, 4.598025811767578, 4.597979937744141, 4.597930712890625, 4.597883959960938, 4.597836309814453, 4.597789233398437, 4.597741931152344, 4.597696417236328, 4.597650958251953, 4.597605285644531, 4.597560418701172, 4.597512524414062, 4.5974664184570315, 4.597421356201172, 4.597376654052734, 4.597330963134765, 4.5972854675292965, 4.597238830566406, 4.597193621826172, 4.597147235107422, 4.59710082397461, 4.597054412841797, 4.5970057800292965, 4.5969608032226565, 4.596913403320312, 4.596867523193359, 4.59682080078125, 4.59677367553711, 4.5967257202148435, 4.5966761108398435, 4.596629681396484, 4.596581604003906, 4.596531860351562, 4.596483142089844, 4.596431762695312, 4.596381805419922, 4.596330139160156, 4.596280169677734, 4.596226672363281, 4.596176428222656, 4.596122985839844, 4.5960695251464845, 4.596014855957031, 4.595959747314454, 4.595903967285156, 4.595848803710937, 4.5957928588867185, 4.595736859130859, 4.595679663085938, 4.595623156738281, 4.595564996337891, 4.595504193115234, 4.595443011474609, 4.595383013916016, 4.595322613525391, 4.595259600830079, 4.5951955688476565, 4.595132116699219, 4.5950657043457035, 4.594998852539063, 4.594933117675781, 4.594864953613281, 4.594795025634766, 4.5947224853515625, 4.594651318359375, 4.594576391601563, 4.594502734375, 4.594424420166016, 4.59434814453125, 4.594267712402344, 4.59418662109375, 4.594105499267578, 4.59402103881836, 4.593937786865235, 4.59385287475586, 4.593766107177735, 4.593675744628906], "test_acc": [1.05, 1.04, 1.02, 1.01, 0.97, 0.97, 1.01, 1.02, 1.02, 1.02, 1.03, 1.04, 1.05, 1.07, 1.09, 1.11, 1.13, 1.1, 1.1, 1.08, 1.08, 1.07, 1.09, 1.07, 1.06, 1.08, 1.09, 1.08, 1.08, 1.09, 1.11, 1.13, 1.13, 1.12, 1.12, 1.13, 1.12, 1.15, 1.19, 1.21, 1.2, 1.2, 1.23, 1.26, 1.28, 1.29, 1.28, 1.27, 1.29, 1.28, 1.29, 1.28, 1.28, 1.3, 1.3, 1.3, 1.31, 1.33, 1.35, 1.36, 1.35, 1.33, 1.35, 1.33, 1.33, 1.33, 1.35, 1.36, 1.37, 1.36, 1.37, 1.37, 1.36, 1.37, 1.39, 1.4, 1.4, 1.4, 1.42, 1.42, 1.41, 1.42, 1.41, 1.42, 1.47, 1.46, 1.47, 1.47, 1.47, 1.45, 1.45, 1.46, 1.49, 1.5, 1.52, 1.54, 1.53, 1.51, 1.53, 1.52]}