{"train_loss": [4.6073961441333475, 4.607330314929669, 4.60726280823732, 4.607257797779181, 4.607195548522166, 4.607160686835265, 4.607140965339465, 4.6071021654667, 4.607062969452295, 4.607018584471483, 4.60697928575369, 4.606967225441566, 4.60689630141625, 4.606894257129767, 4.606867389189891, 4.606843607242291, 4.606819434043689, 4.606782674789429, 4.606767798692752, 4.606744876274695, 4.606720744646513, 4.606692788539789, 4.606662775919988, 4.606650828092526, 4.606631920887874, 4.606596598258386, 4.606575728685428, 4.60656020335662, 4.606547349538559, 4.606524833043417, 4.606515807371873, 4.606493123372396, 4.606457122166952, 4.606439319023719, 4.606428150030283, 4.606424491833418, 4.606399860137548, 4.606370326800224, 4.606354829592583, 4.6063428756518245, 4.6063317017677505, 4.606314668899928, 4.606291170609303, 4.606274615801298, 4.606266401975583, 4.606248307839418, 4.606232246985802, 4.606224516110543, 4.606194102458465, 4.60619332240178, 4.606173374713996, 4.6061589448879925, 4.606139898300171, 4.606134159137041, 4.6061211317013475, 4.606106564937494, 4.606093561954987, 4.6060765510950334, 4.606055797674717, 4.606059740751218, 4.6060459063603325, 4.606029748916626, 4.606019035975138, 4.606008821878678, 4.60598998558827, 4.605982018739749, 4.605994379826081, 4.605960563512949, 4.605943107604981, 4.605928276746701, 4.605920691367907, 4.605909793804853, 4.605911976251846, 4.605889784984099, 4.605881791237073, 4.605873231398753, 4.605870887560722, 4.605843135638115, 4.605833532871344, 4.60584052159236, 4.605795956880618, 4.605815329918495, 4.60579291612674, 4.605780970744598, 4.605774375719902, 4.605770677175277, 4.605751678271171, 4.60575601871197, 4.60573977079147, 4.6057448631677875, 4.605724191665649, 4.605695874874408, 4.605696546114408, 4.60568526219099, 4.6056883004995495, 4.605666622748742, 4.6056614924699835, 4.605654761730096, 4.605651134099716, 4.6056239458230825], "test_loss": [4.599320300292969, 4.59926845703125, 4.599219396972656, 4.599172277832031, 4.599126446533203, 4.599081384277344, 4.599038409423828, 4.598997491455078, 4.598956817626953, 4.59891728515625, 4.598878601074219, 4.598840783691406, 4.598803387451172, 4.598767053222656, 4.598731365966797, 4.598696759033203, 4.598662469482422, 4.598629016113281, 4.598596697998047, 4.598563726806641, 4.5985317749023435, 4.5984994995117185, 4.598468060302735, 4.598436633300781, 4.598406878662109, 4.598375518798828, 4.598345306396484, 4.598316790771484, 4.598288610839844, 4.598260681152344, 4.598232092285156, 4.598204431152344, 4.598175604248047, 4.598148181152344, 4.598119451904297, 4.598092248535156, 4.598065765380859, 4.598039556884766, 4.598013385009765, 4.5979868591308595, 4.5979603576660155, 4.597935021972656, 4.597909289550781, 4.597883508300781, 4.597858148193359, 4.5978336486816405, 4.59780912475586, 4.597783984375, 4.5977589233398435, 4.597734216308594, 4.597709033203125, 4.59768515625, 4.597658892822266, 4.597633978271484, 4.597610180664063, 4.597585565185547, 4.5975611328125, 4.59753646850586, 4.597512414550781, 4.597487194824219, 4.5974622924804684, 4.597438000488281, 4.597414221191406, 4.597390167236328, 4.597365783691406, 4.597341442871094, 4.597318634033203, 4.597295086669922, 4.597270452880859, 4.597245581054687, 4.597223071289062, 4.597198638916016, 4.597175048828125, 4.597150927734375, 4.597126788330078, 4.597101904296875, 4.597078704833985, 4.597053839111328, 4.597028643798828, 4.597003698730469, 4.596978454589844, 4.596953839111328, 4.59692993774414, 4.596904693603515, 4.596879150390625, 4.596853839111328, 4.596828851318359, 4.596804339599609, 4.59677982788086, 4.596754315185547, 4.596729577636719, 4.596704443359375, 4.596678912353515, 4.596652734375, 4.596627038574219, 4.596600933837891, 4.596575921630859, 4.596550244140625, 4.5965242858886715, 4.596496594238281], "test_acc": [1.07, 1.05, 1.03, 1.01, 1.0, 1.01, 0.99, 0.98, 0.98, 0.99, 1.01, 0.99, 0.99, 0.96, 0.96, 0.96, 0.97, 0.97, 0.95, 0.95, 0.95, 0.96, 0.97, 0.97, 0.96, 0.96, 0.94, 0.96, 0.97, 1.0, 0.99, 1.0, 1.0, 0.99, 0.98, 1.0, 1.01, 1.03, 1.01, 1.03, 1.03, 1.03, 1.02, 1.03, 1.03, 1.04, 1.04, 1.05, 1.05, 1.06, 1.08, 1.1, 1.09, 1.09, 1.1, 1.1, 1.11, 1.12, 1.12, 1.1, 1.13, 1.12, 1.13, 1.14, 1.16, 1.15, 1.15, 1.15, 1.16, 1.17, 1.17, 1.18, 1.18, 1.18, 1.19, 1.21, 1.24, 1.23, 1.22, 1.24, 1.27, 1.27, 1.28, 1.31, 1.35, 1.37, 1.36, 1.38, 1.4, 1.38, 1.38, 1.36, 1.38, 1.37, 1.41, 1.41, 1.39, 1.41, 1.43, 1.45]}