{"train_loss": [4.607333969458556, 4.6072876930236815, 4.607223377472315, 4.6071997801462805, 4.607136239760961, 4.60710072517395, 4.607078228241358, 4.60703259125734, 4.607010579720521, 4.606952125598223, 4.606917783541557, 4.606898532769619, 4.6068340497139175, 4.606818777475602, 4.606806607124133, 4.606781227160723, 4.606754350662231, 4.606725185345381, 4.606694373106345, 4.606660930926983, 4.606636977807069, 4.606620573386168, 4.606593083112668, 4.606571478721423, 4.606549423168867, 4.606524041982797, 4.606497938205035, 4.606483263847156, 4.606464952077621, 4.606450030742548, 4.606421441298265, 4.606407009026943, 4.606375704056178, 4.606356637905805, 4.606346951998197, 4.606312052408854, 4.60630442790496, 4.606279463645739, 4.60627078520946, 4.606243884257781, 4.606231834949591, 4.606209663244394, 4.6061935620430186, 4.606176349444267, 4.606168105052068, 4.606149527965448, 4.606131744384766, 4.606110757436507, 4.606094140272874, 4.606086854445628, 4.606067547431359, 4.60604413717221, 4.606034700687115, 4.606026594455425, 4.606010863719843, 4.605992570290199, 4.605964735226753, 4.6059586622776125, 4.605945975963886, 4.60593316982954, 4.605921708620512, 4.605905527946277, 4.6058919478685425, 4.605867997193948, 4.605842289557824, 4.605848191334651, 4.605839889477461, 4.605830117983696, 4.60580902955471, 4.605788288360987, 4.605774298692361, 4.60576191559816, 4.605758869953645, 4.60572411219279, 4.605719796205178, 4.605711229030902, 4.605707150239211, 4.605674276596461, 4.605676813614674, 4.605673514879667, 4.605641198769594, 4.605649537306565, 4.605609462200067, 4.605611568842178, 4.605594550646268, 4.605582555135091, 4.60557411634005, 4.605571940006354, 4.605553109829242, 4.60554820329715, 4.60552075337141, 4.605500850922022, 4.605486072638096, 4.605481697962834, 4.6054709189977405, 4.605452076594035, 4.605442827175825, 4.605425299130953, 4.6054231338011915, 4.60539623774015], "test_loss": [4.599311450195312, 4.59925107421875, 4.599192956542969, 4.599136706542969, 4.5990819702148436, 4.599028533935547, 4.598978198242188, 4.598928814697266, 4.598880108642578, 4.59883251953125, 4.598784686279297, 4.5987389892578125, 4.598693688964843, 4.598650012207031, 4.598606823730469, 4.598565002441406, 4.5985236206054685, 4.598483044433594, 4.598442755126953, 4.598401989746094, 4.598362719726563, 4.598322784423828, 4.5982838623046876, 4.598244488525391, 4.598206323242188, 4.5981671875, 4.598129351806641, 4.598091918945313, 4.598054821777343, 4.598018450927734, 4.597981719970703, 4.597945239257813, 4.597908221435547, 4.597873254394531, 4.597836462402344, 4.597800897216797, 4.597766064453125, 4.597731451416015, 4.597697222900391, 4.5976629638671875, 4.597628527832032, 4.597594622802735, 4.597559918212891, 4.597525506591797, 4.597491485595703, 4.597457293701172, 4.597423815917969, 4.597389404296875, 4.597355096435547, 4.597320513916015, 4.597286669921875, 4.597252954101562, 4.597218048095703, 4.597183422851563, 4.597149285888672, 4.5971146545410155, 4.597079962158203, 4.597043798828125, 4.597008312988281, 4.596972717285157, 4.596937536621094, 4.5969020446777344, 4.5968663757324215, 4.59683062133789, 4.596794262695313, 4.5967571105957035, 4.596720660400391, 4.596684497070313, 4.5966469787597655, 4.596609259033203, 4.5965721130371096, 4.59653392944336, 4.596497125244141, 4.596458685302735, 4.596419958496094, 4.5963816040039065, 4.596342535400391, 4.5963018615722655, 4.5962624267578125, 4.596222106933594, 4.596182073974609, 4.5961414916992185, 4.59610062866211, 4.596059509277344, 4.5960186584472655, 4.595977111816406, 4.595934533691406, 4.595893444824219, 4.595850256347656, 4.595807159423829, 4.595763317871094, 4.59572035522461, 4.595675018310547, 4.5956298522949215, 4.5955846374511715, 4.595537493896485, 4.5954904418945315, 4.595442901611328, 4.595395574951172, 4.595346954345703], "test_acc": [1.07, 1.05, 1.02, 1.0, 0.99, 0.99, 0.99, 0.99, 0.99, 1.01, 1.02, 1.03, 1.04, 1.01, 1.01, 0.99, 0.98, 1.0, 1.01, 1.03, 1.02, 1.02, 1.04, 1.06, 1.09, 1.07, 1.06, 1.07, 1.08, 1.08, 1.07, 1.06, 1.08, 1.07, 1.08, 1.07, 1.09, 1.13, 1.14, 1.14, 1.21, 1.25, 1.23, 1.22, 1.25, 1.25, 1.25, 1.26, 1.27, 1.26, 1.27, 1.28, 1.25, 1.26, 1.26, 1.25, 1.26, 1.3, 1.31, 1.32, 1.32, 1.35, 1.38, 1.39, 1.4, 1.44, 1.42, 1.43, 1.43, 1.44, 1.44, 1.45, 1.45, 1.43, 1.42, 1.43, 1.43, 1.44, 1.44, 1.47, 1.47, 1.47, 1.48, 1.47, 1.48, 1.52, 1.51, 1.51, 1.53, 1.55, 1.55, 1.56, 1.57, 1.56, 1.56, 1.55, 1.52, 1.52, 1.51, 1.52]}