{"train_loss": [4.607236065008702, 4.607194190147595, 4.607144476817204, 4.607127238542605, 4.607079510811047, 4.6070511279962005, 4.607004143641546, 4.606919873066437, 4.606906163386809, 4.606872649070544, 4.606825966712756, 4.606764690692608, 4.606731573740642, 4.6067142034188295, 4.606727047455617, 4.606654639121814, 4.606653263630011, 4.606601817791279, 4.606577373162294, 4.606528882491283, 4.606502513396435, 4.606490418849847, 4.606494778853197, 4.606443215639163, 4.60640932352115, 4.6063585220239105, 4.606327676773072, 4.6063229157374455, 4.606309944544083, 4.6063516445648975, 4.60628985625047, 4.606270176325089, 4.606215082070766, 4.6061504058348826, 4.606209349020934, 4.606122315235627, 4.606161956298045, 4.606113977921315, 4.606109319589077, 4.606099643462744, 4.606080374350914, 4.606045572574322, 4.606009791447566, 4.605974994561611, 4.605975918892103, 4.605963779107118, 4.605910745033851, 4.6059135241386215, 4.605869173392271, 4.605868577957153, 4.605860441158979, 4.605839327054146, 4.605833494968904, 4.605782735042083, 4.605750389588185, 4.605776355205438, 4.605723112057417, 4.605768422591381, 4.605725323848235, 4.60571882541363, 4.605665984520545, 4.6056760518978805, 4.605666430791219, 4.605607134256608, 4.605600954936101, 4.605588700221135, 4.605573176114987, 4.605563660157032, 4.605532028736213, 4.6055190440935965, 4.605488800391173, 4.605482524480575, 4.605455089226747, 4.6054439874795765, 4.605447525855823, 4.605444982724312, 4.605406149839744, 4.605380158546644, 4.60539245238671, 4.605357887806036, 4.605345468032055, 4.605307109539325, 4.605307189012185, 4.605316711083437, 4.605282886211689, 4.605229112429496, 4.605248368092072, 4.60522419489347, 4.605230997770261, 4.605207037314391, 4.605168150632809, 4.605117745277209, 4.605130698130681, 4.6051180851765166, 4.605115359868758, 4.605100808999477, 4.605076121061276, 4.605022328939193, 4.60506759423476, 4.605022624822763], "test_loss": [4.599306494140625, 4.599238885498047, 4.599174340820312, 4.599109393310547, 4.5990478210449215, 4.598988604736328, 4.5989317687988285, 4.598876770019531, 4.59882236328125, 4.598770092773438, 4.598716326904297, 4.59866400756836, 4.598611071777344, 4.59856318359375, 4.598509783935547, 4.598462231445312, 4.598414385986328, 4.598365942382813, 4.598320947265625, 4.598274877929687, 4.59823095703125, 4.59818500366211, 4.598140869140625, 4.598097039794922, 4.598052215576172, 4.5980061950683595, 4.597961083984375, 4.597918328857422, 4.5978767150878905, 4.597833990478516, 4.597792407226563, 4.59775033569336, 4.597705767822266, 4.597662396240234, 4.597620495605469, 4.597579309082032, 4.597538293457031, 4.597496783447266, 4.597453643798828, 4.597410430908203, 4.597368487548828, 4.597327569580078, 4.597283337402343, 4.597240148925781, 4.59719662475586, 4.597154296875, 4.597113140869141, 4.597072875976562, 4.5970305236816404, 4.596987188720703, 4.596943347167969, 4.596900695800781, 4.596855474853515, 4.5968136291503905, 4.596770574951172, 4.596726922607422, 4.596680511474609, 4.5966363037109375, 4.596592541503906, 4.59654808959961, 4.596504705810547, 4.596458532714844, 4.596414904785156, 4.5963685363769535, 4.596322186279297, 4.5962765014648435, 4.59622905883789, 4.596182141113281, 4.596132653808594, 4.596080712890625, 4.5960332397460935, 4.59598427734375, 4.595933428955078, 4.595881671142578, 4.5958291564941405, 4.5957791015625, 4.595726062011718, 4.59567080078125, 4.595618408203125, 4.595563116455078, 4.595508068847656, 4.595448724365235, 4.595389929199219, 4.59533432006836, 4.595276501464844, 4.595216912841797, 4.59515385131836, 4.595092633056641, 4.595029974365234, 4.594967028808593, 4.594903253173828, 4.594838488769531, 4.594772326660157, 4.5947037109375, 4.594633508300781, 4.594562585449219, 4.5944931579589845, 4.594417901611328, 4.594347619628906, 4.594275061035156], "test_acc": [1.05, 1.02, 1.02, 1.01, 0.98, 1.02, 1.02, 1.02, 0.98, 0.99, 1.01, 1.04, 1.07, 1.06, 1.08, 1.08, 1.08, 1.1, 1.13, 1.11, 1.13, 1.12, 1.12, 1.15, 1.11, 1.12, 1.13, 1.13, 1.13, 1.16, 1.17, 1.18, 1.2, 1.17, 1.19, 1.18, 1.2, 1.18, 1.21, 1.22, 1.26, 1.25, 1.27, 1.3, 1.31, 1.3, 1.33, 1.33, 1.34, 1.35, 1.36, 1.37, 1.36, 1.36, 1.37, 1.37, 1.37, 1.37, 1.38, 1.35, 1.35, 1.36, 1.36, 1.38, 1.38, 1.38, 1.37, 1.37, 1.37, 1.37, 1.38, 1.38, 1.38, 1.37, 1.37, 1.36, 1.35, 1.36, 1.37, 1.41, 1.4, 1.41, 1.38, 1.38, 1.38, 1.37, 1.41, 1.42, 1.44, 1.44, 1.45, 1.46, 1.46, 1.44, 1.44, 1.44, 1.43, 1.44, 1.45, 1.43]}