{"train_loss": [4.6073349035703215, 4.607242480302468, 4.607145788730719, 4.6071720490088826, 4.607082034380008, 4.607044238310594, 4.607035888769688, 4.606990364270333, 4.606936954840636, 4.606874851080088, 4.606820726394654, 4.606822199699206, 4.606702681076833, 4.606722651995145, 4.606689632855929, 4.6066623064187855, 4.606633416200295, 4.606579119119889, 4.606568808433337, 4.606536661050258, 4.606506767028417, 4.6064669071099695, 4.606420926558665, 4.606412688279764, 4.606392120703672, 4.606330830011612, 4.606303652738913, 4.606289215576955, 4.6062801740108394, 4.606244763349875, 4.606235125125983, 4.606200142395802, 4.606127390494714, 4.606111011749658, 4.606088464688032, 4.606096367958265, 4.606056476250673, 4.606010240163559, 4.605978722450061, 4.6059646166287935, 4.605944209221082, 4.605921489764483, 4.605878534072485, 4.605847252332247, 4.605840130341359, 4.605812014066256, 4.605780916947585, 4.605760142742059, 4.605699853408031, 4.605709469624054, 4.605660978953043, 4.6056465845841625, 4.605590695601244, 4.6055901576311165, 4.605572925469814, 4.605535624577449, 4.605516965572651, 4.605474293537629, 4.605436024299035, 4.605435701516958, 4.605413419772417, 4.605377967541035, 4.605354746794089, 4.6053253846290785, 4.605277175169725, 4.605261137546637, 4.605289535033397, 4.605209055925027, 4.605163477628659, 4.60511504197732, 4.605111344655355, 4.6050665170718466, 4.605067146741427, 4.605004641948602, 4.604982277063223, 4.604940176010132, 4.604953238902948, 4.604862222916041, 4.604827130146516, 4.6048272511897945, 4.604718130062788, 4.6047639382191194, 4.6047024641281515, 4.604648866408911, 4.604616606541169, 4.604585300347744, 4.604506620993981, 4.604526989276593, 4.6044594556857374, 4.604442936334855, 4.6043722323882275, 4.604276040884165, 4.6042569001515705, 4.604199405816885, 4.604184225278023, 4.604091522021172, 4.604063300597362, 4.6040085535783035, 4.603988470175327, 4.603871181683663], "test_loss": [4.599294006347656, 4.599215289306641, 4.599139831542969, 4.5990655090332035, 4.59899409790039, 4.5989221008300785, 4.598853143310547, 4.598786560058594, 4.598719787597656, 4.598654425048828, 4.598590240478516, 4.598526342773438, 4.59846318359375, 4.5984005310058595, 4.598337036132812, 4.598275091552734, 4.59821439819336, 4.598152844238281, 4.598093676757813, 4.598032287597656, 4.5979708984375, 4.597910211181641, 4.597850341796875, 4.597791418457032, 4.597732458496094, 4.597671514892578, 4.5976122314453125, 4.59755224609375, 4.597494219970703, 4.597436486816406, 4.597376263427734, 4.597316833496094, 4.597254528808594, 4.597192846679688, 4.597129193115235, 4.597068426513672, 4.597005584716797, 4.596945043945312, 4.596881225585937, 4.596817816162109, 4.596752172851563, 4.596687060546875, 4.596621545410156, 4.5965552978515625, 4.5964891052246095, 4.596422601318359, 4.596353912353516, 4.596285778808594, 4.596213916015625, 4.596142584228516, 4.596069506835938, 4.595997357177734, 4.595920812988282, 4.59584457397461, 4.595768688964844, 4.595689959716797, 4.595610729980469, 4.595529284667969, 4.595449157714844, 4.595365277099609, 4.595282385253906, 4.595197125244141, 4.595110369873047, 4.595021600341797, 4.594930120849609, 4.594839099121094, 4.59474712524414, 4.59465054321289, 4.594552478027344, 4.594450677490235, 4.594348388671875, 4.59424447631836, 4.594136865234375, 4.5940256042480465, 4.593911614990234, 4.593793377685547, 4.5936765930175785, 4.593554296875, 4.593427972412109, 4.5932984375, 4.593164337158203, 4.593032604980468, 4.59289580078125, 4.5927525329589844, 4.592605816650391, 4.592455072021484, 4.592295208740234, 4.592135443115234, 4.591969848632813, 4.591797631835938, 4.591620202636719, 4.591436364746094, 4.591248107910157, 4.591053735351562, 4.590852728271484, 4.59064326171875, 4.590428735351563, 4.590206481933594, 4.589979901123047, 4.5897428466796875], "test_acc": [1.05, 1.04, 1.02, 1.02, 0.98, 0.98, 0.99, 1.01, 1.02, 1.05, 1.05, 1.05, 1.03, 1.02, 1.03, 1.04, 1.05, 1.09, 1.1, 1.07, 1.08, 1.11, 1.11, 1.09, 1.09, 1.11, 1.11, 1.13, 1.16, 1.13, 1.16, 1.2, 1.18, 1.21, 1.22, 1.23, 1.25, 1.25, 1.26, 1.22, 1.24, 1.26, 1.26, 1.25, 1.28, 1.33, 1.34, 1.36, 1.37, 1.35, 1.37, 1.38, 1.38, 1.38, 1.39, 1.4, 1.38, 1.41, 1.42, 1.42, 1.44, 1.45, 1.47, 1.48, 1.48, 1.49, 1.51, 1.54, 1.55, 1.57, 1.58, 1.57, 1.57, 1.59, 1.59, 1.58, 1.58, 1.61, 1.59, 1.63, 1.64, 1.64, 1.66, 1.63, 1.65, 1.64, 1.63, 1.65, 1.64, 1.66, 1.65, 1.67, 1.68, 1.69, 1.75, 1.75, 1.73, 1.72, 1.73, 1.7]}