{"train_loss": [4.60734770725935, 4.6073273084102535, 4.607225289711585, 4.607215248010097, 4.607148533601027, 4.607123393278855, 4.6071067797832, 4.607048857517731, 4.607024033864339, 4.606960361431806, 4.606931114196778, 4.60692043915773, 4.606834783309545, 4.606832501827142, 4.606824142504961, 4.606795730346288, 4.606756295913305, 4.606727054791572, 4.606701663824228, 4.606668477180676, 4.60664882904444, 4.6066238623399, 4.606605968719873, 4.60656093450693, 4.6065549679291555, 4.606525099583161, 4.606497090902084, 4.606484459608029, 4.606463395632231, 4.606436707423284, 4.606439537879748, 4.606392774826441, 4.606371617928529, 4.606351466056628, 4.6063490060659555, 4.6063191364973015, 4.60631141051268, 4.606269811972593, 4.6062633905655295, 4.606239651411007, 4.606225100541726, 4.606198658087314, 4.60619618220207, 4.6061709269499165, 4.606175749118512, 4.606145139840933, 4.606125530829797, 4.606096039062892, 4.606106893832867, 4.606072972371028, 4.606051822809072, 4.606024907185481, 4.606008426959698, 4.606013941153502, 4.60599881930229, 4.605980326579167, 4.605942775041629, 4.605944364498823, 4.605938194959592, 4.605911027468168, 4.605903829672398, 4.605888281113062, 4.605878065793942, 4.605838890564748, 4.605824807974009, 4.605817119891827, 4.60582281381656, 4.605801150737665, 4.6057790450560745, 4.605752841020242, 4.605765551787156, 4.605734915611071, 4.605735657765315, 4.605697472890218, 4.60567664488768, 4.605686601003011, 4.605694278081258, 4.605648202162523, 4.605649640009953, 4.605638913619212, 4.605613706050775, 4.605618111292521, 4.605579934976039, 4.605582269032796, 4.60555905073117, 4.605559478661953, 4.605533947088779, 4.605530539537088, 4.605505931071746, 4.605509013396043, 4.605488065572885, 4.605468632624699, 4.605443730721107, 4.605433320999145, 4.605428114915505, 4.60540491495377, 4.605411232434786, 4.605386331753853, 4.6053879383282785, 4.605347404724513], "test_loss": [4.599310369873047, 4.599248529052734, 4.599188818359375, 4.599130895996094, 4.599075085449218, 4.599020489501953, 4.598968859863281, 4.598917492675781, 4.5988676025390625, 4.598818157958984, 4.598768542480469, 4.598720111083985, 4.598673455810547, 4.598628668212891, 4.598584100341797, 4.598541107177734, 4.598497607421875, 4.5984550476074215, 4.598413415527344, 4.598371038818359, 4.598329846191406, 4.5982883972167965, 4.598247735595703, 4.598206182861328, 4.59816591796875, 4.5981257446289066, 4.598085089111328, 4.598046142578125, 4.598007537841797, 4.5979678833007815, 4.597930364990234, 4.597891729736328, 4.597853497314453, 4.59781630859375, 4.597778082275391, 4.59774072265625, 4.597704223632812, 4.597667413330078, 4.5976309387207035, 4.597594775390625, 4.5975573486328125, 4.597521563720703, 4.597485205078125, 4.597448901367187, 4.597413275146485, 4.597377178955078, 4.597342236328125, 4.597305438232421, 4.597268566894531, 4.597232318115235, 4.597196429443359, 4.597159045410156, 4.597121264648438, 4.597084790039062, 4.5970496032714845, 4.597013720703125, 4.596977740478516, 4.596941149902344, 4.596903369140625, 4.596865856933594, 4.596829455566406, 4.596791955566406, 4.596754705810547, 4.596716741943359, 4.596677520751953, 4.596638842773437, 4.596599755859375, 4.596559661865235, 4.596521362304688, 4.596480493164062, 4.596441668701172, 4.59640073852539, 4.596360522460937, 4.596319903564453, 4.596278100585938, 4.5962376892089845, 4.596196423339844, 4.596153973388672, 4.596112896728515, 4.59606923828125, 4.596026843261718, 4.595983850097657, 4.595940283203125, 4.595896899414062, 4.595853466796875, 4.595810009765625, 4.595764038085938, 4.595718676757812, 4.595671746826172, 4.595626263427734, 4.595579479980469, 4.595532653808593, 4.595483776855469, 4.595433837890625, 4.595385815429688, 4.59533519897461, 4.59528583984375, 4.595236187744141, 4.5951869140625, 4.595135217285156], "test_acc": [1.06, 1.04, 1.03, 1.01, 0.99, 0.98, 0.99, 1.01, 1.0, 1.0, 1.01, 1.01, 1.04, 1.03, 1.01, 1.02, 1.02, 1.01, 1.01, 1.01, 1.03, 1.05, 1.03, 1.06, 1.09, 1.09, 1.08, 1.06, 1.06, 1.06, 1.08, 1.08, 1.08, 1.06, 1.08, 1.09, 1.11, 1.09, 1.13, 1.1, 1.11, 1.14, 1.13, 1.13, 1.14, 1.16, 1.18, 1.18, 1.2, 1.22, 1.22, 1.23, 1.24, 1.22, 1.23, 1.22, 1.23, 1.26, 1.25, 1.25, 1.24, 1.24, 1.25, 1.27, 1.29, 1.28, 1.27, 1.27, 1.27, 1.28, 1.3, 1.3, 1.33, 1.34, 1.35, 1.37, 1.37, 1.35, 1.36, 1.39, 1.41, 1.44, 1.45, 1.46, 1.45, 1.45, 1.46, 1.46, 1.46, 1.43, 1.41, 1.4, 1.39, 1.38, 1.38, 1.4, 1.4, 1.42, 1.42, 1.44]}