{"train_loss": [4.607323026657104, 4.607263591961983, 4.607205982697316, 4.607191239870511, 4.607099926777375, 4.607110512562287, 4.607039352563711, 4.607026276221642, 4.606984960115873, 4.606943397032909, 4.606905022645608, 4.6068795901078445, 4.606856396259405, 4.606836111117632, 4.606789348064325, 4.606794550479987, 4.606763046215742, 4.606725349181738, 4.606697160769731, 4.60668961207072, 4.606660985946656, 4.606651633825058, 4.606600864116962, 4.606575224949763, 4.606574123333662, 4.606546486341037, 4.606505477122772, 4.606510564608452, 4.60649930758354, 4.606466644238203, 4.606451197159596, 4.606456405688554, 4.606408098416451, 4.606369000214797, 4.606398526216164, 4.6063582921639465, 4.6063369127420275, 4.606356395819248, 4.606324420831142, 4.606315547992022, 4.60625960276677, 4.606267106227386, 4.606250370465792, 4.606233856005546, 4.606229810225658, 4.60621984677437, 4.606192914033548, 4.606163833080194, 4.6061820555955935, 4.606144029666216, 4.606172621555817, 4.606141047599988, 4.606122774955554, 4.6061185298821865, 4.606103322444818, 4.606078146665524, 4.606044552876399, 4.606054719289144, 4.606060778789031, 4.606053299781603, 4.60603506626227, 4.6060341663849655, 4.606012076597947, 4.605981335273156, 4.605968743104201, 4.605952228643956, 4.605980956248748, 4.605941088994344, 4.605952570988582, 4.605946374550844, 4.605913465450971, 4.605913190352611, 4.605897240760999, 4.605903377288427, 4.60587290250338, 4.605861581900181, 4.605878411806547, 4.6058615537790155, 4.605851223529913, 4.60583890523666, 4.605818439141298, 4.605828577432877, 4.605794663306995, 4.605817353419768, 4.605769938689011, 4.605789200464884, 4.605803082539485, 4.60578098541651, 4.605752526796781, 4.605775197347005, 4.6057511329650875, 4.605745177391248, 4.605704421263475, 4.605720273042336, 4.605710415962415, 4.605700041697576, 4.605690866861588, 4.60568829927689, 4.605679842141958, 4.6056547213823364], "test_loss": [4.599328265380859, 4.599283850097656, 4.599242132568359, 4.599201824951172, 4.599161883544922, 4.599126361083984, 4.599090020751953, 4.599056268310547, 4.599022296142578, 4.598989630126953, 4.598956732177735, 4.598925830078125, 4.59889487915039, 4.59886630859375, 4.598837176513672, 4.5988096984863285, 4.598782214355468, 4.598753948974609, 4.598727294921875, 4.598702032470703, 4.5986763305664065, 4.598650616455078, 4.5986265991210935, 4.598600622558593, 4.598577221679688, 4.598552716064453, 4.598528674316406, 4.59850546875, 4.598482568359375, 4.598458245849609, 4.598436212158203, 4.59841469116211, 4.598392431640625, 4.598371130371094, 4.598349890136719, 4.59832904663086, 4.598310302734375, 4.598289678955078, 4.598270989990234, 4.5982500854492185, 4.598229852294922, 4.598209051513672, 4.598189477539062, 4.5981710876464845, 4.598152655029297, 4.598134649658203, 4.59811517944336, 4.598096478271485, 4.598078247070313, 4.598059167480469, 4.598040747070312, 4.598021905517578, 4.598004443359375, 4.597987292480469, 4.597970318603515, 4.597954473876953, 4.597937005615234, 4.597917687988281, 4.59789853515625, 4.597880822753906, 4.597863500976563, 4.597846887207031, 4.59782846069336, 4.597810949707031, 4.597792010498047, 4.59777445678711, 4.59775679321289, 4.59774052734375, 4.597723834228516, 4.59770796508789, 4.597690649414062, 4.597673712158203, 4.597658880615234, 4.597641595458985, 4.59762666015625, 4.597608776855469, 4.597593377685547, 4.597576666259766, 4.597559930419922, 4.597542816162109, 4.597526147460938, 4.5975088684082035, 4.5974925476074215, 4.597475708007813, 4.597459698486328, 4.597442864990234, 4.597424310302735, 4.597407611083985, 4.597391857910156, 4.597376153564453, 4.597360174560547, 4.597343914794922, 4.597328588867187, 4.597312915039063, 4.597295037841797, 4.597278088378906, 4.597260241699218, 4.597243103027344, 4.597225701904297, 4.59720786743164], "test_acc": [1.07, 1.01, 1.03, 1.0, 1.01, 1.0, 0.98, 0.99, 0.97, 0.96, 0.97, 0.96, 0.97, 0.95, 0.97, 0.98, 0.98, 0.97, 0.96, 0.95, 0.94, 0.93, 0.93, 0.94, 0.98, 0.99, 1.0, 0.97, 0.99, 0.99, 0.97, 0.97, 0.97, 0.96, 0.98, 0.97, 0.99, 0.99, 0.99, 0.98, 0.96, 0.96, 0.96, 0.95, 0.96, 0.95, 0.96, 0.98, 0.98, 0.97, 0.96, 0.98, 0.98, 0.98, 0.98, 0.96, 0.98, 0.96, 0.97, 0.97, 0.97, 0.95, 0.92, 0.94, 0.94, 0.94, 0.96, 0.96, 0.95, 0.95, 0.94, 0.94, 0.95, 0.95, 0.95, 0.95, 0.95, 0.97, 0.97, 0.98, 0.99, 0.99, 0.98, 0.97, 0.97, 0.98, 0.99, 0.99, 0.98, 0.97, 0.97, 0.97, 0.97, 0.99, 1.02, 1.04, 1.04, 1.05, 1.06, 1.04]}