{"train_loss": [4.607308775339371, 4.607217205487765, 4.607199984330397, 4.607185022647564, 4.607168341905643, 4.607105407959375, 4.607064947715172, 4.606982995302249, 4.606970919095553, 4.606930197202242, 4.606936614941328, 4.606874972123366, 4.606833262321277, 4.606847130946624, 4.606794049189641, 4.606796763493464, 4.6067552383129415, 4.606739808351565, 4.606690640327258, 4.6066579977671305, 4.606652196248373, 4.606643243936392, 4.60659745656527, 4.606569182567108, 4.606574531701895, 4.606528064532157, 4.606525796499008, 4.60652516193879, 4.606458873015184, 4.606459612724109, 4.606450864596245, 4.606460213049864, 4.606404325289604, 4.606360845076732, 4.6063961346944176, 4.606373993555705, 4.606317119109325, 4.606314115035228, 4.6062758739178, 4.606292343139648, 4.606263301311395, 4.606259559973692, 4.606263132584401, 4.606223721381945, 4.606216175128252, 4.606199460151868, 4.606202725875072, 4.606196508652125, 4.606163994471232, 4.606136861214271, 4.606127143517519, 4.6061073022011, 4.606107786374214, 4.606081170302171, 4.606094328562419, 4.606095872781215, 4.606071034455911, 4.606056701219999, 4.606032838576879, 4.606031467975714, 4.606024975654407, 4.606005789683415, 4.605965410134731, 4.605992057995919, 4.605967711179685, 4.6059415878393715, 4.605949020385742, 4.6059187558981085, 4.605901006551889, 4.60592023164798, 4.605888859430949, 4.605869093919412, 4.6058762550354, 4.605877846937913, 4.605863428115844, 4.605859286968524, 4.605864231403057, 4.605852484091734, 4.605855126258654, 4.60582255705809, 4.605785333193266, 4.605778845762595, 4.60578015645345, 4.605761057291275, 4.605789557481423, 4.605746352366912, 4.605753314189422, 4.605723956915049, 4.60574901898702, 4.605724491217198, 4.605729202123789, 4.605715478994908, 4.605714181753306, 4.605730407665938, 4.605691304573646, 4.605683977175982, 4.605676492055257, 4.605646593142779, 4.605659503203172, 4.605640773284129], "test_loss": [4.5993265014648435, 4.599281353759766, 4.599239904785156, 4.5991985229492185, 4.5991602233886715, 4.599124133300781, 4.599088659667968, 4.5990537292480465, 4.599019342041015, 4.598987255859375, 4.598953021240234, 4.598922283935547, 4.59889189453125, 4.598861474609375, 4.598833526611328, 4.598805474853515, 4.598777783203125, 4.5987505554199215, 4.598726281738282, 4.598700036621094, 4.598675512695313, 4.598650512695312, 4.598625140380859, 4.59860107421875, 4.598576940917969, 4.598554095458985, 4.598528228759766, 4.598508117675781, 4.598484295654297, 4.598461999511719, 4.5984404846191405, 4.598418365478516, 4.598396368408203, 4.598372723388672, 4.598351287841797, 4.598329772949219, 4.598308544921875, 4.598286419677734, 4.598265069580078, 4.598245275878906, 4.5982254699707035, 4.598205853271485, 4.598185705566406, 4.598166107177734, 4.598145373535156, 4.598126501464844, 4.5981089294433595, 4.598092608642578, 4.5980740173339845, 4.598057952880859, 4.598041430664063, 4.598023052978515, 4.5980029296875, 4.597984857177734, 4.597967944335937, 4.597951232910156, 4.5979339782714845, 4.597915814208984, 4.597900378417969, 4.597882305908203, 4.597866778564453, 4.597851147460937, 4.5978354064941405, 4.59781923828125, 4.597801770019531, 4.597783880615235, 4.597766479492187, 4.597751440429687, 4.5977356872558595, 4.5977204895019534, 4.597703771972657, 4.597688049316406, 4.597673303222656, 4.597657641601563, 4.597639556884766, 4.597622009277344, 4.597606555175782, 4.597592547607422, 4.5975760559082035, 4.59756177368164, 4.597542883300782, 4.5975294921875, 4.597511608886719, 4.5974964538574215, 4.597482080078125, 4.5974634765625, 4.597447015380859, 4.597431170654297, 4.597414038085938, 4.597400341796875, 4.597385241699219, 4.597370025634766, 4.597354138183594, 4.597340319824219, 4.597324908447265, 4.597311389160156, 4.597294903564453, 4.597278344726562, 4.597262738037109, 4.597245111083985], "test_acc": [1.06, 1.02, 1.02, 1.03, 0.99, 1.0, 0.99, 0.98, 0.94, 0.96, 0.94, 0.94, 0.96, 0.95, 0.95, 0.96, 0.98, 1.0, 0.97, 0.97, 0.96, 0.97, 0.96, 0.97, 0.97, 0.96, 0.95, 0.94, 0.95, 0.96, 0.94, 0.96, 0.96, 0.97, 0.95, 0.95, 0.94, 0.93, 0.95, 0.96, 0.97, 0.98, 0.98, 0.98, 0.98, 0.96, 0.97, 0.98, 1.03, 1.02, 1.0, 1.0, 1.0, 1.02, 1.04, 1.05, 1.06, 1.06, 1.07, 1.07, 1.07, 1.07, 1.06, 1.1, 1.1, 1.1, 1.08, 1.06, 1.06, 1.09, 1.06, 1.06, 1.06, 1.08, 1.09, 1.08, 1.08, 1.07, 1.07, 1.09, 1.11, 1.1, 1.08, 1.08, 1.07, 1.1, 1.09, 1.13, 1.13, 1.15, 1.16, 1.15, 1.14, 1.14, 1.16, 1.16, 1.17, 1.18, 1.16, 1.16]}