{"train_loss": [4.607433794706296, 4.607325359491202, 4.607293845445682, 4.607293978715554, 4.607165227792202, 4.607144360664563, 4.607116289627858, 4.607082843780518, 4.607077537438808, 4.606950012842814, 4.606939661808503, 4.606925167181553, 4.606815543541542, 4.606834711172642, 4.606815074040339, 4.60676957766215, 4.60670765485519, 4.606731270521115, 4.606654026569465, 4.606620581944783, 4.606604131062825, 4.606569422208346, 4.6065369043594755, 4.606471204757691, 4.606520473040067, 4.6064769647060295, 4.606398361157148, 4.606427480012942, 4.606407589790148, 4.606382805261856, 4.6063344429700805, 4.606297689829117, 4.606266121986585, 4.606244501700768, 4.606236054347112, 4.606208588526799, 4.606171148251264, 4.606163786619137, 4.606128566693037, 4.606140694251427, 4.606087958507048, 4.606078541584504, 4.606058014356173, 4.605999019818428, 4.606018872138781, 4.605995600040142, 4.6059421209188605, 4.605940283261813, 4.605903833340376, 4.605883322006616, 4.605870030476496, 4.605843589244745, 4.605834018267118, 4.605806803091978, 4.605831566835061, 4.605765026043623, 4.60575600037208, 4.605725558598836, 4.605713170613998, 4.605688406870915, 4.605672056247027, 4.6056481275803005, 4.605619655511318, 4.60563828884027, 4.605592326628856, 4.605564300830547, 4.605549183869973, 4.6055534888536505, 4.605468573937049, 4.605465536851149, 4.6054849404555105, 4.605423082449497, 4.605438811962421, 4.605400525606596, 4.605324807533851, 4.605345986439631, 4.605367857370621, 4.60527734267406, 4.605281013097518, 4.605271176802806, 4.605213676354824, 4.605259413596912, 4.605190005669227, 4.605180950653859, 4.605168667817727, 4.605137307827289, 4.605114578589415, 4.605083076770489, 4.605061654555492, 4.605056068224784, 4.605025187516824, 4.604963142443926, 4.604946520389655, 4.604907714403593, 4.604919813840818, 4.604854878401145, 4.6048606982597935, 4.604807038184924, 4.604800940782596, 4.604734190916404], "test_loss": [4.599297576904297, 4.599223022460937, 4.5991521850585935, 4.599081140136719, 4.599011206054688, 4.598945477294922, 4.59888466796875, 4.59882290649414, 4.5987649963378905, 4.598705377197265, 4.598645874023438, 4.598589068603515, 4.598533093261719, 4.598479742431641, 4.598425805664062, 4.598370544433593, 4.598317962646484, 4.598263299560547, 4.598211889648438, 4.598160192871093, 4.598107446289062, 4.598055914306641, 4.5980076171875, 4.597958001708984, 4.597909008789062, 4.597860699462891, 4.597809973144531, 4.597761901855469, 4.597714654541016, 4.597666833496094, 4.597620935058594, 4.597571520996094, 4.597521563720703, 4.597473571777344, 4.597424005126953, 4.597375659179687, 4.597327258300782, 4.597278955078125, 4.5972275512695315, 4.597178247070312, 4.597126452636719, 4.59707885131836, 4.597028094482422, 4.596975915527344, 4.596925622558594, 4.596875372314453, 4.596824963378906, 4.596772650146485, 4.5967195556640625, 4.596667657470703, 4.596613977050781, 4.5965615783691405, 4.596505279541016, 4.596452136230469, 4.596400262451172, 4.5963427978515625, 4.596286840820312, 4.596227905273437, 4.596171490478516, 4.596115399169922, 4.596057830810547, 4.596000537109375, 4.59594213256836, 4.5958849060058595, 4.5958248046875, 4.595765264892578, 4.595702392578125, 4.595640087890625, 4.595577032470703, 4.595511138916016, 4.595447595214844, 4.595378344726562, 4.595310961914063, 4.595243658447266, 4.595169329833984, 4.595097631835937, 4.59502705078125, 4.5949529235839845, 4.594876147460938, 4.594798852539062, 4.594722595214844, 4.59464663696289, 4.594566326904297, 4.59448349609375, 4.594400646972656, 4.594313293457032, 4.59422431640625, 4.594134399414062, 4.594042840576172, 4.5939515075683595, 4.593859222412109, 4.59376586303711, 4.593668328857422, 4.593566296386719, 4.5934662475585935, 4.593358087158203, 4.593249163818359, 4.5931353149414065, 4.59302105102539, 4.592904193115235], "test_acc": [1.07, 1.02, 1.0, 1.0, 0.97, 1.0, 1.01, 1.04, 1.0, 0.99, 1.01, 1.01, 1.05, 1.05, 1.1, 1.07, 1.1, 1.11, 1.1, 1.09, 1.08, 1.1, 1.09, 1.09, 1.08, 1.11, 1.1, 1.09, 1.12, 1.15, 1.14, 1.15, 1.14, 1.16, 1.16, 1.13, 1.12, 1.11, 1.11, 1.12, 1.17, 1.18, 1.22, 1.25, 1.24, 1.24, 1.26, 1.24, 1.24, 1.25, 1.22, 1.2, 1.24, 1.27, 1.27, 1.3, 1.3, 1.32, 1.3, 1.32, 1.37, 1.36, 1.37, 1.38, 1.38, 1.39, 1.4, 1.42, 1.42, 1.47, 1.45, 1.45, 1.44, 1.45, 1.46, 1.49, 1.47, 1.48, 1.47, 1.47, 1.47, 1.48, 1.47, 1.46, 1.45, 1.46, 1.46, 1.47, 1.46, 1.46, 1.46, 1.45, 1.45, 1.42, 1.43, 1.43, 1.42, 1.41, 1.41, 1.42]}