{"train_loss": [4.606972014598357, 4.606859939526289, 4.606704963781895, 4.606655328701704, 4.606520639321743, 4.606428524164053, 4.606353081189669, 4.606240182045179, 4.606162821940886, 4.605984722039638, 4.60588621481871, 4.605855863522261, 4.605642277155167, 4.605557468609932, 4.6055198693886785, 4.605435628157395, 4.605289294169499, 4.60517430305481, 4.605020689352965, 4.604892651240031, 4.6047475778139555, 4.604618127529438, 4.604465314669487, 4.604308808155549, 4.604161936197525, 4.603986405103635, 4.603753479933127, 4.603553511546209, 4.603392015359341, 4.6031496622623544, 4.602949922512739, 4.602661233070569, 4.602322721481324, 4.602084591449835, 4.601719955297617, 4.601305811221783, 4.600910924031184, 4.6005107965224825, 4.600007329842983, 4.599476257960002, 4.598876918890538, 4.598249214123457, 4.597480803269606, 4.59665714655167, 4.595861175732735, 4.594874670566656, 4.593791369902782, 4.592703584524301, 4.591288638726259, 4.589864622018276, 4.588177432769384, 4.586433340952946, 4.584578960369795, 4.582665006931012, 4.580579862839136, 4.578416263140165, 4.576144714844532, 4.5737322636139695, 4.571582296567086, 4.569076055135483, 4.566986540036324, 4.564687573604095, 4.562235603577052, 4.559814744117933, 4.557304165913508, 4.554987988105187, 4.552847791329408, 4.550070928915953, 4.547468407948812, 4.544628332822751, 4.542237336818989, 4.539426474693494, 4.536403179168701, 4.533702532450358, 4.530704635228866, 4.52753444696084, 4.5248295502784925, 4.521076927429591, 4.518247774319771, 4.514573092338367, 4.511654903949835, 4.508767958176442, 4.504986414542565, 4.501204817111676, 4.497792763587756, 4.494149456268702, 4.4905530330462335, 4.488005271324744, 4.484202960821299, 4.481137131421994, 4.478151246828911, 4.475527509053548, 4.471823788911868, 4.468915758377467, 4.466477793913621, 4.46349983215332, 4.46119479521727, 4.4587836351150125, 4.455953750854883, 4.453857783782176], "test_loss": [4.59922299194336, 4.599069940185547, 4.5989168212890625, 4.598763470458985, 4.598613244628906, 4.598457214355469, 4.598303198242188, 4.598147314453125, 4.597989514160156, 4.597830938720703, 4.597666125488281, 4.59749833984375, 4.597326593017578, 4.597151568603516, 4.5969669677734375, 4.596779193115235, 4.596583312988281, 4.596379949951172, 4.596165753173828, 4.595941284179688, 4.5957084655761715, 4.595461889648438, 4.595201202392579, 4.594923596191406, 4.594632244873047, 4.594324725341797, 4.593997277832031, 4.593643121337891, 4.593269348144531, 4.592862145996094, 4.5924275146484375, 4.591959710693359, 4.591447467041015, 4.5908908386230465, 4.590280169677734, 4.589600817871093, 4.588843664550781, 4.588026318359375, 4.587114733886719, 4.586102270507813, 4.584975616455078, 4.583715570068359, 4.582300134277344, 4.580729772949219, 4.578960015869141, 4.576983837890625, 4.5747712707519534, 4.572326818847657, 4.569591101074219, 4.566526708984375, 4.563098840332032, 4.559345422363282, 4.555216583251953, 4.550801617431641, 4.546126330566406, 4.541239819335938, 4.5361837890625, 4.531003485107422, 4.5258372741699215, 4.5204911682128905, 4.515250506591797, 4.50993989868164, 4.504480847167969, 4.4990203674316405, 4.493532489013672, 4.487847937011718, 4.4819241088867185, 4.476179754638672, 4.469918713378906, 4.463700671386719, 4.457327185058594, 4.450913958740235, 4.444325036621094, 4.437337408447266, 4.430574420166016, 4.423370153808594, 4.41574306640625, 4.408151391601563, 4.4005310852050785, 4.392738757324219, 4.384885095214844, 4.376884661865234, 4.368786706542969, 4.360468188476562, 4.352091418457031, 4.3441780639648435, 4.3357362487792965, 4.3280057556152345, 4.32023687133789, 4.312484167480469, 4.304877581787109, 4.297653137207031, 4.290763958740234, 4.282953356933594, 4.276339678955078, 4.2691860656738285, 4.262973150634766, 4.2565023193359375, 4.250166748046875, 4.243797216796875], "test_acc": [1.06, 1.05, 1.06, 1.13, 1.11, 1.14, 1.18, 1.22, 1.27, 1.3, 1.31, 1.3, 1.33, 1.36, 1.41, 1.45, 1.49, 1.57, 1.58, 1.61, 1.64, 1.64, 1.66, 1.7, 1.7, 1.71, 1.68, 1.68, 1.67, 1.69, 1.71, 1.72, 1.73, 1.69, 1.74, 1.76, 1.79, 1.79, 1.79, 1.77, 1.78, 1.77, 1.76, 1.74, 1.75, 1.68, 1.58, 1.61, 1.65, 1.65, 1.69, 1.77, 1.82, 1.8, 1.83, 1.86, 1.89, 1.94, 1.99, 1.99, 2.06, 2.07, 2.1, 2.15, 2.24, 2.36, 2.51, 2.6, 2.7, 2.77, 2.79, 2.91, 3.0, 3.05, 3.1, 3.23, 3.37, 3.6, 3.83, 3.96, 4.13, 4.42, 4.61, 4.79, 4.92, 4.94, 4.96, 5.15, 5.17, 5.19, 5.28, 5.4, 5.6, 5.66, 5.78, 5.84, 5.88, 6.04, 6.2, 6.29]}