{"train_loss": [4.607243021940573, 4.60718666712443, 4.607111136118571, 4.6070864176138855, 4.607022563005105, 4.606981518329718, 4.606947368230575, 4.606897605993809, 4.606867438096266, 4.606790597622211, 4.606757135880299, 4.606749458802052, 4.606657865719917, 4.606632486979167, 4.6066324209555605, 4.606605495550694, 4.606557992788462, 4.606528082872049, 4.6064822624891235, 4.606453252450014, 4.606419922755315, 4.606389951705933, 4.606356279666607, 4.606329950919518, 4.6063084920247395, 4.6062699648050165, 4.60622791143564, 4.606205298350408, 4.606185184380947, 4.606156395643185, 4.606140010784834, 4.606103174503033, 4.606062034460215, 4.606040377494616, 4.606023877706283, 4.605979317885179, 4.605963614048102, 4.605926161545973, 4.605903120529957, 4.605874584882687, 4.60584915968088, 4.6058244338402385, 4.605787636683537, 4.605754253191826, 4.605749050776164, 4.605709583331377, 4.605682606574817, 4.605650096061902, 4.605615261273506, 4.605599089157887, 4.605566394023406, 4.605522948044997, 4.605506823613093, 4.605487212156638, 4.605465656671768, 4.60543106396993, 4.60538347928952, 4.605364532959767, 4.60532753039629, 4.6053005096239925, 4.605277150716537, 4.605245365240635, 4.60521831879249, 4.6051687179467615, 4.605108207311385, 4.605097666764871, 4.605076101498726, 4.605051171473968, 4.605009383421677, 4.604960917203854, 4.604932573514107, 4.60487545698117, 4.604856142630944, 4.604791521414732, 4.604745057912973, 4.604721582852877, 4.604718218094264, 4.604625584528996, 4.604611100905981, 4.604564655744112, 4.604499853574312, 4.604489264121423, 4.604416723740407, 4.604357389303354, 4.604326747013972, 4.604268934787848, 4.604204812416664, 4.604173902364877, 4.604099605022332, 4.604078317299868, 4.603982136799739, 4.6039239186507, 4.603870474986541, 4.603779411315918, 4.603736294232882, 4.603633252168313, 4.603583310200618, 4.6035128079927885, 4.603469660343268, 4.603354021219107], "test_loss": [4.599290344238281, 4.599207641601563, 4.599127661132813, 4.599049084472656, 4.598972265625, 4.598896423339844, 4.598824548339843, 4.598753173828125, 4.598682977294922, 4.598613372802735, 4.598543237304687, 4.598474798583984, 4.598407763671875, 4.598342065429687, 4.598275549316406, 4.5982106506347655, 4.598145098876953, 4.59807905883789, 4.5980146484375, 4.5979493041992185, 4.597883728027344, 4.597819250488281, 4.597755871582031, 4.597692004394531, 4.597627954101562, 4.5975637573242185, 4.597499102783203, 4.597432794189453, 4.597368011474609, 4.5973034118652345, 4.597239044189453, 4.597173156738282, 4.597107629394531, 4.597042547607422, 4.596973559570312, 4.596905242919922, 4.59683681640625, 4.596768273925782, 4.596697766113281, 4.5966271362304685, 4.596555078125, 4.596481927490235, 4.596408172607422, 4.596333441162109, 4.596259191894531, 4.596181085205078, 4.596104333496093, 4.596027893066406, 4.595948602294922, 4.5958680908203124, 4.59578609008789, 4.59570132446289, 4.595616131591797, 4.5955302734375, 4.5954430969238285, 4.595353894042969, 4.595262780761718, 4.595170208740234, 4.595076190185547, 4.594979162597657, 4.59488134765625, 4.594780419921875, 4.594676306152344, 4.594571466064453, 4.594462927246094, 4.594353039550781, 4.5942390625, 4.594123986816406, 4.594004406738281, 4.59387880859375, 4.593753527832031, 4.593622442626953, 4.593488720703125, 4.593349047851563, 4.5932064453125, 4.593059405517578, 4.592910290527343, 4.5927550354003905, 4.5925963012695314, 4.5924304077148435, 4.59226275024414, 4.592087811279296, 4.591908026123047, 4.591719348144531, 4.591528198242187, 4.591328057861328, 4.59111806640625, 4.590903356933594, 4.590680450439453, 4.590451483154297, 4.590212683105468, 4.589968914794922, 4.589716986083984, 4.589449346923828, 4.589175524902344, 4.588890930175781, 4.5885954833984375, 4.588290832519531, 4.587976696777344, 4.587650048828125], "test_acc": [1.05, 1.03, 1.02, 1.01, 0.97, 1.0, 1.01, 1.03, 1.02, 1.05, 1.08, 1.05, 1.05, 1.08, 1.08, 1.1, 1.11, 1.13, 1.14, 1.14, 1.14, 1.14, 1.15, 1.14, 1.13, 1.14, 1.13, 1.15, 1.19, 1.19, 1.2, 1.18, 1.22, 1.24, 1.26, 1.27, 1.3, 1.32, 1.35, 1.35, 1.37, 1.39, 1.4, 1.42, 1.44, 1.49, 1.47, 1.5, 1.5, 1.49, 1.5, 1.55, 1.57, 1.55, 1.54, 1.51, 1.5, 1.5, 1.51, 1.5, 1.52, 1.52, 1.51, 1.52, 1.53, 1.54, 1.56, 1.56, 1.58, 1.57, 1.59, 1.59, 1.59, 1.6, 1.6, 1.6, 1.62, 1.62, 1.61, 1.6, 1.58, 1.58, 1.6, 1.62, 1.61, 1.64, 1.66, 1.64, 1.67, 1.67, 1.65, 1.66, 1.62, 1.61, 1.62, 1.61, 1.63, 1.62, 1.64, 1.68]}