{"train_loss": [4.607403636590028, 4.607357442073333, 4.607317590713501, 4.607285539920514, 4.6072399249443645, 4.607204921428973, 4.607157940742297, 4.6071282032208565, 4.60709569759858, 4.607054112507747, 4.607025327437963, 4.60700374138661, 4.6069590006119165, 4.606941169347518, 4.606909458453838, 4.606891437677237, 4.606864381447816, 4.606847195747571, 4.60681501290737, 4.606785003955547, 4.606761850454869, 4.606745036443074, 4.6067201492113945, 4.606700683251406, 4.606678249897101, 4.606663130491208, 4.606633605712499, 4.606617800394694, 4.606600833550478, 4.606578577481783, 4.606561847833487, 4.606541916040274, 4.606517199980907, 4.6065019057347225, 4.606495395073524, 4.606477165222168, 4.606456482716096, 4.60643600317148, 4.606432972198878, 4.606408121646979, 4.606404029406034, 4.606371790323502, 4.606358687082927, 4.606345149798271, 4.606347840871567, 4.60632073818109, 4.606319030125936, 4.606303597719242, 4.606286438917502, 4.606280930836996, 4.606259611325386, 4.606243348732972, 4.606237552104852, 4.606228692714985, 4.606218950565045, 4.606197093083308, 4.606184529035519, 4.6061907389225105, 4.606164241448427, 4.60616137553484, 4.606148190376086, 4.606134827931722, 4.606129642633292, 4.606107951433231, 4.606099195969411, 4.606096600263546, 4.606076626899915, 4.606077378835433, 4.606080525960678, 4.606064919936351, 4.606046348963028, 4.606035826756404, 4.606034189615494, 4.60600518935766, 4.606001610633655, 4.605998144394312, 4.605987212596795, 4.605979333779751, 4.605974924870027, 4.605966131503766, 4.6059429376553265, 4.605945739990625, 4.605929960348667, 4.60593271500025, 4.60592685846182, 4.605909398885873, 4.6059112096444155, 4.605897024350289, 4.605885755098783, 4.605889214002169, 4.605879474297548, 4.605864395239414, 4.605857037275266, 4.605858078981057, 4.605853232359275, 4.605841486270611, 4.605827040550036, 4.605823431259546, 4.605823372571896, 4.605818527172773], "test_loss": [4.599334948730469, 4.599299078369141, 4.599264990234375, 4.59923212890625, 4.599200921630859, 4.599170812988281, 4.599142102050782, 4.599113934326172, 4.599087658691406, 4.599061590576172, 4.599035693359375, 4.599012567138672, 4.598989459228515, 4.598967199707031, 4.598944659423828, 4.59892300415039, 4.598901837158203, 4.598881121826172, 4.598860363769531, 4.598840130615234, 4.598820825195313, 4.5988009094238285, 4.598782427978516, 4.5987638671875, 4.5987466796875, 4.598729504394531, 4.598712701416016, 4.5986960510253905, 4.598679779052734, 4.5986630249023435, 4.5986468078613285, 4.598629510498047, 4.598613598632813, 4.59859849243164, 4.598582800292969, 4.598567785644531, 4.598552490234375, 4.598537548828125, 4.598522509765625, 4.598507305908203, 4.598492272949219, 4.598478271484375, 4.598464031982422, 4.598449310302734, 4.598435522460938, 4.598421942138672, 4.598408874511719, 4.598396301269531, 4.598383532714844, 4.598370611572266, 4.598358422851563, 4.59834644165039, 4.59833447265625, 4.5983228088378905, 4.598310473632813, 4.598298779296875, 4.59828701171875, 4.598275018310547, 4.598264361572266, 4.598252966308594, 4.598241455078125, 4.598229852294922, 4.598218463134765, 4.598207427978515, 4.598196875, 4.598185357666016, 4.598174377441406, 4.598164514160156, 4.598153643798828, 4.5981430908203125, 4.598132238769531, 4.598121960449219, 4.598111767578125, 4.598100451660156, 4.598090692138672, 4.598080462646484, 4.598069885253906, 4.598060150146484, 4.598049920654297, 4.598040002441406, 4.598029638671875, 4.598019897460937, 4.598009930419922, 4.5980005859375, 4.597991107177735, 4.597981408691406, 4.5979720397949215, 4.597963104248047, 4.597953979492187, 4.597944873046875, 4.597935308837891, 4.5979260803222655, 4.597916796875, 4.597907543945312, 4.5978980590820315, 4.597888714599609, 4.597879333496094, 4.597870324707031, 4.597861199951172, 4.597852185058594], "test_acc": [1.07, 1.04, 1.01, 0.99, 0.99, 0.98, 0.98, 0.99, 1.0, 0.99, 0.94, 0.94, 0.93, 0.9, 0.95, 0.95, 0.96, 0.96, 0.95, 0.95, 0.96, 0.97, 0.95, 0.94, 0.94, 0.94, 0.91, 0.93, 0.92, 0.92, 0.92, 0.95, 0.96, 0.95, 0.96, 0.96, 0.95, 0.93, 0.93, 0.94, 0.93, 0.93, 0.93, 0.91, 0.89, 0.89, 0.9, 0.9, 0.92, 0.91, 0.94, 0.95, 0.96, 0.95, 0.94, 0.94, 0.94, 0.94, 0.95, 0.97, 0.98, 1.0, 0.98, 0.97, 0.97, 1.01, 0.98, 0.98, 1.01, 1.01, 1.01, 1.02, 1.02, 1.02, 1.05, 1.08, 1.06, 1.05, 1.04, 1.05, 1.04, 1.03, 1.03, 1.03, 1.03, 1.02, 1.02, 1.03, 1.04, 1.04, 1.05, 1.04, 1.04, 1.04, 1.03, 1.04, 1.05, 1.05, 1.05, 1.04]}