{"train_loss": [4.60710760874626, 4.607066512719179, 4.60692805265769, 4.606918109991612, 4.6068161377540005, 4.606811490425697, 4.6067542369549095, 4.6067183726873155, 4.6066582728654915, 4.606554895792252, 4.606523003944984, 4.606518741754385, 4.60637106406383, 4.606384101280799, 4.6063310366410475, 4.606326972521268, 4.6062333412659475, 4.60622276526231, 4.606177798295632, 4.606121774820181, 4.606040741847112, 4.606038006758078, 4.605970758046859, 4.605930312474569, 4.605878630662576, 4.605848674285106, 4.605776832042596, 4.60568388058589, 4.605702950404241, 4.605676890642215, 4.605622176634959, 4.605548226527679, 4.605499027936887, 4.605463517017854, 4.605434384712806, 4.605325750204233, 4.605303507584792, 4.605256127088498, 4.605228733405089, 4.60515418786269, 4.6051170960450785, 4.605057157614293, 4.604986245815571, 4.604908593495687, 4.604913454789382, 4.604820261246119, 4.604756525235298, 4.60470964602935, 4.604591862360636, 4.604584640111678, 4.604507502531394, 4.604395052102896, 4.604342695382925, 4.604263717700274, 4.604207040102054, 4.604125469158857, 4.6039890863956545, 4.60388163908934, 4.603797350174341, 4.603711869166448, 4.60362353691688, 4.603542002653464, 4.603410905446761, 4.603274607047057, 4.603116826522045, 4.603038319563255, 4.6029132610712296, 4.602786333133013, 4.602622142204871, 4.602419288341816, 4.602301177000388, 4.602092689122909, 4.601952110192714, 4.6017173424745215, 4.601550014202411, 4.601381085469172, 4.601211028221326, 4.600937684377034, 4.600751661643004, 4.60047009908236, 4.600213920153104, 4.600083914781228, 4.599702387589675, 4.599434991983267, 4.599233317986513, 4.598822363829002, 4.598472461944971, 4.598196211839333, 4.59778392131512, 4.597464275360108, 4.597084936728844, 4.596743211990748, 4.596395034056443, 4.595875161733383, 4.595472528995612, 4.595037937164307, 4.594606296832745, 4.5941888527992445, 4.593828184176714, 4.593430473865607], "test_loss": [4.599270831298828, 4.599168713378906, 4.599070068359375, 4.598971722412109, 4.5988760131835935, 4.598780871582031, 4.598689825439453, 4.598597515869141, 4.598505987548828, 4.598415435791016, 4.598322467041015, 4.59823364868164, 4.598144451904297, 4.598056506347656, 4.597964739990235, 4.597872784423828, 4.59778130493164, 4.597690563964844, 4.597600122070313, 4.597507470703125, 4.5974130554199215, 4.59732045288086, 4.597225378417969, 4.597128894042969, 4.597030871582032, 4.596930609130859, 4.596827404785156, 4.596721807861329, 4.596619049072266, 4.596511682128906, 4.596403527832031, 4.59629072265625, 4.596174383544922, 4.596062725830078, 4.595942279052735, 4.595821697998047, 4.595700256347656, 4.595572137451172, 4.595444177246094, 4.595311962890625, 4.595175286865234, 4.595035797119141, 4.594891375732422, 4.594742102050781, 4.594591650390625, 4.594431774902343, 4.594265435791016, 4.594096368408203, 4.593918670654297, 4.593737414550781, 4.593546282958984, 4.59334775390625, 4.593137469482422, 4.59292103881836, 4.592698449707031, 4.592462335205078, 4.592212548828125, 4.5919466369628905, 4.591674682617188, 4.591387042236328, 4.59108589477539, 4.590768725585938, 4.590436151123047, 4.590085729980469, 4.589714978027343, 4.5893208740234375, 4.5889118408203124, 4.588480438232422, 4.588019818115234, 4.587525378417968, 4.58701669921875, 4.586473718261718, 4.585901196289062, 4.585289196777344, 4.584648132324219, 4.583966461181641, 4.583249786376953, 4.582495697021485, 4.581700982666016, 4.5808485290527345, 4.579967718505859, 4.579051458740234, 4.578064501953125, 4.577034222412109, 4.575957995605469, 4.574806860351562, 4.573597796630859, 4.572333947753906, 4.57100892944336, 4.569614514160156, 4.568155151367187, 4.566652557373047, 4.565092608642578, 4.563471514892578, 4.561784503173828, 4.560080023193359, 4.5583338439941405, 4.556529907226563, 4.554730352783203, 4.552925653076172], "test_acc": [1.05, 1.02, 0.99, 0.97, 1.02, 1.02, 1.04, 1.07, 1.09, 1.12, 1.14, 1.1, 1.12, 1.13, 1.16, 1.16, 1.18, 1.17, 1.18, 1.22, 1.2, 1.22, 1.25, 1.26, 1.25, 1.22, 1.26, 1.3, 1.32, 1.36, 1.34, 1.34, 1.36, 1.38, 1.39, 1.4, 1.42, 1.43, 1.4, 1.38, 1.39, 1.41, 1.44, 1.45, 1.43, 1.46, 1.45, 1.46, 1.47, 1.51, 1.51, 1.51, 1.48, 1.48, 1.47, 1.48, 1.47, 1.48, 1.48, 1.47, 1.46, 1.49, 1.48, 1.48, 1.49, 1.49, 1.48, 1.46, 1.42, 1.43, 1.44, 1.44, 1.48, 1.48, 1.55, 1.57, 1.57, 1.54, 1.56, 1.54, 1.54, 1.55, 1.54, 1.52, 1.54, 1.55, 1.55, 1.54, 1.54, 1.52, 1.56, 1.59, 1.6, 1.62, 1.62, 1.66, 1.65, 1.68, 1.7, 1.73]}