{"train_loss": [4.587697721138978, 4.562291117203541, 4.5417653817396895, 4.523632943324554, 4.508183578344492, 4.4953813186058635, 4.483931964483016, 4.4750160853068035, 4.466992329328488, 4.459226454221286, 4.452831075130365, 4.446944302778977, 4.441361451760317, 4.436565534885113, 4.4312349038246355, 4.427139920454759, 4.422583709618984, 4.418272384007772, 4.414692665980413, 4.410481542196029, 4.407288819092971, 4.403689350225987, 4.400778574821277, 4.397944837961441, 4.395572312672933, 4.392351154180673, 4.390429957707723, 4.387599633290217, 4.38536130464994, 4.383086247321887, 4.381412436411931, 4.379896264198499, 4.377869543662438, 4.376192668768076, 4.374846828900851, 4.372927647370559, 4.371866959791917, 4.370803548128177, 4.369707281161578, 4.367982323964437, 4.36687459334349, 4.365458674308581, 4.364628365100958, 4.363719190695347, 4.362525081634521, 4.361667766326513, 4.360840389056084, 4.359674918345916, 4.359457183495546, 4.358310635884603, 4.351434208796575, 4.348724364011716, 4.34786605712695, 4.347070955618834, 4.346733832970644, 4.346195881183331, 4.345870760159615, 4.345386462333875, 4.345085564637795, 4.34466870259016, 4.3445177958561825, 4.344252596146021, 4.3439037433037395, 4.343799803807185, 4.343382950318166, 4.3430982467455745, 4.342915718372051, 4.3427305747301155, 4.342412188114264, 4.3422344513428515, 4.341958774664463, 4.341753891186836, 4.341583629754873, 4.341470319796831, 4.341215954071436, 4.3410493545043165, 4.340848017961551, 4.340680595544669, 4.34039704983051, 4.340259533662063, 4.340068285281841, 4.339966855904994, 4.339711733353444, 4.339580142192352, 4.339421916619325, 4.3392538523062685, 4.339153861999511, 4.338882633355948, 4.338830878184392, 4.338654471666385, 4.338393708987113, 4.338332352271447, 4.338151305761093, 4.33803152915759, 4.337845012469169, 4.337742891067114, 4.337570301691691, 4.337430841494829, 4.337268566473936, 4.337198154742901], "test_loss": [4.078891052246094, 3.810875607299805, 3.583387582397461, 3.4500247985839843, 3.3313771087646487, 3.3023823822021483, 3.236979293823242, 3.090414202880859, 3.0945739440917968, 3.0547994537353516, 2.9472958282470705, 2.9455849029541015, 2.9087671112060547, 2.8824766357421874, 2.9171369201660156, 2.8991737762451173, 2.8202701232910155, 2.7902032775878904, 2.7789072814941407, 2.7561060516357423, 2.812792578125, 2.783700015258789, 2.77967971496582, 2.831866812133789, 2.797527886962891, 2.812426614379883, 2.822416064453125, 2.8127172393798827, 2.8426230407714845, 2.8663038604736326, 2.837472344970703, 2.8014298431396485, 2.8546442169189454, 2.831468942260742, 2.858216278076172, 2.8564167572021484, 2.8804376190185548, 2.8661556274414064, 2.8703884307861327, 2.8896410888671875, 2.8498204528808593, 2.8876069763183594, 2.8444770935058594, 2.8778627105712893, 2.8947355224609375, 2.868191213989258, 2.905035842895508, 2.8952719635009765, 2.9101810546875, 2.8805354858398435, 2.8648969360351564, 2.88176549987793, 2.8834834533691405, 2.8839462768554687, 2.8966863708496096, 2.9030130462646486, 2.914560223388672, 2.9160029357910155, 2.923717221069336, 2.932433334350586, 2.946038134765625, 2.9402365692138672, 2.9424048889160157, 2.939337939453125, 2.9432272766113283, 2.9510720123291017, 2.950780142211914, 2.9538763732910156, 2.959028125, 2.9717796844482423, 2.9683753173828125, 2.957043835449219, 2.9841067504882814, 2.9746521392822265, 2.9812039611816408, 2.9820586212158204, 2.9858239501953125, 2.9874489624023437, 2.9764745697021486, 2.987353723144531, 2.972994662475586, 2.9940447570800783, 2.9962174346923827, 2.9813367401123045, 2.988845733642578, 2.9907658111572264, 3.0036141204833986, 2.9981149291992186, 3.002425939941406, 2.9981515563964845, 3.0067746276855467, 3.01362028503418, 3.0088560821533203, 3.0013332092285157, 3.0098058685302735, 3.0062233154296876, 3.010947622680664, 3.018782241821289, 3.0183326385498046, 3.0149549682617187], "test_acc": [18.77, 28.58, 37.21, 44.97, 48.69, 51.14, 51.79, 58.21, 56.88, 59.5, 61.29, 62.58, 63.95, 64.81, 63.3, 64.94, 66.87, 66.69, 67.55, 68.22, 67.52, 67.87, 67.34, 67.64, 67.93, 67.49, 68.38, 68.36, 67.79, 67.36, 67.63, 68.12, 67.45, 67.02, 67.31, 68.14, 68.05, 67.78, 67.33, 67.48, 68.27, 66.82, 67.14, 67.56, 67.32, 67.41, 67.0, 66.98, 66.42, 67.32, 68.88, 69.16, 68.84, 69.0, 68.85, 68.82, 68.75, 68.75, 68.68, 68.5, 68.53, 68.38, 68.33, 68.12, 68.21, 68.3, 68.28, 68.08, 68.15, 67.92, 67.93, 67.96, 67.55, 67.77, 67.35, 67.38, 67.33, 67.43, 67.61, 67.02, 67.5, 67.28, 67.04, 67.28, 66.95, 67.05, 67.05, 66.89, 66.88, 66.88, 66.53, 66.66, 66.98, 66.98, 66.63, 66.68, 66.45, 66.54, 66.5, 66.74]}