{"train_loss": [4.607363781562218, 4.607290135897123, 4.607262347294734, 4.607238436967899, 4.6072124310028855, 4.607159136503171, 4.607121639985305, 4.607057191164065, 4.607038085888593, 4.607000298377795, 4.606993112808619, 4.60694351440821, 4.6069072515536575, 4.60690480134426, 4.606862375063774, 4.606854932736128, 4.606818963319827, 4.606801442610911, 4.60676127580496, 4.606733729289128, 4.606720853463197, 4.606708494822184, 4.606672102365739, 4.606646347045898, 4.606643388210199, 4.6066055884728065, 4.606599147503193, 4.606590379812778, 4.606543353887704, 4.6065358699896395, 4.606524522487934, 4.606524171584692, 4.606483607414441, 4.606451155589177, 4.606465532840827, 4.606445887149909, 4.6064058352739385, 4.606398494427021, 4.606370599453266, 4.606374015563573, 4.606350295971602, 4.606342735045995, 4.606339690624139, 4.606311333485139, 4.606301818749843, 4.606286907196045, 4.6062808758173235, 4.60627364500975, 4.606250564868634, 4.606227976236588, 4.6062196230277035, 4.606202208690155, 4.606198290066842, 4.6061784939888195, 4.606181466273773, 4.606178344824375, 4.606158677125588, 4.606146265910222, 4.606125919635479, 4.606122919229361, 4.606113859323355, 4.606098186052763, 4.606070446356749, 4.6060832891708765, 4.606065843044183, 4.6060467353233925, 4.606049052262917, 4.606023078087048, 4.606011098470443, 4.606019185139583, 4.6059955279032385, 4.605981856126052, 4.605982674085177, 4.605980805861644, 4.60596996698624, 4.605962655483148, 4.6059626921629295, 4.605951316540057, 4.605952149171095, 4.605927682534242, 4.605904346857315, 4.605895004516992, 4.605896814052875, 4.605881831584832, 4.605896122027666, 4.605868106010632, 4.605868903184549, 4.605848638827984, 4.605862366847503, 4.605840755120302, 4.605843460865509, 4.605834629596808, 4.605830377187484, 4.605834359389085, 4.605809286313179, 4.605802051837628, 4.605798514684041, 4.605777914096148, 4.605781126022339, 4.605769147628393], "test_loss": [4.5993336608886715, 4.599295703125, 4.5992608154296875, 4.59922607421875, 4.5991939880371095, 4.599163677978516, 4.5991339721679685, 4.599105236816406, 4.5990771484375, 4.599050561523438, 4.599023229980468, 4.598998193359375, 4.598973455810547, 4.598949304199219, 4.598926586914063, 4.598904333496094, 4.598882562255859, 4.598860662841797, 4.598840319824219, 4.598818737792969, 4.59879926147461, 4.598779241943359, 4.598759155273438, 4.598740051269531, 4.598720904541016, 4.598702978515625, 4.5986833984375, 4.5986664001464845, 4.598647967529297, 4.598630340576172, 4.598613208007812, 4.598595892333984, 4.598578594970703, 4.59856064453125, 4.598544158935547, 4.598527960205078, 4.598511401367188, 4.59849453125, 4.598478198242187, 4.598461907958985, 4.598446929931641, 4.598432019042969, 4.598416912841797, 4.598402252197266, 4.598386657714844, 4.598372192382812, 4.598358947753907, 4.598345471191406, 4.598331549072266, 4.59831898803711, 4.598306219482422, 4.5982925476074215, 4.598277661132813, 4.598264215087891, 4.598251763916015, 4.598239202880859, 4.598226220703125, 4.598212731933594, 4.598201080322266, 4.598187768554688, 4.598176263427734, 4.598164733886719, 4.598152984619141, 4.5981405700683595, 4.598128045654297, 4.598115246582031, 4.598102331542969, 4.5980912292480465, 4.59807958984375, 4.5980686218261715, 4.598057391357422, 4.598046118164063, 4.598035437011719, 4.598024005126953, 4.598011773681641, 4.598000775146485, 4.597989501953125, 4.597979400634766, 4.59796826171875, 4.597958477783203, 4.597945703125, 4.597935766601562, 4.597923974609375, 4.597913250732422, 4.597903228759765, 4.597891430664062, 4.597880493164062, 4.59787041015625, 4.597858361816407, 4.5978482055664065, 4.5978384094238285, 4.597828442382813, 4.597818121337891, 4.597809356689453, 4.597799267578125, 4.597790167236328, 4.597780047607422, 4.597769946289063, 4.59775990600586, 4.597749261474609], "test_acc": [1.07, 1.04, 1.02, 1.0, 0.99, 0.98, 0.96, 0.96, 0.95, 0.99, 0.95, 0.94, 0.93, 0.92, 0.96, 0.97, 0.96, 0.96, 0.95, 0.91, 0.92, 0.9, 0.9, 0.91, 0.93, 0.95, 0.98, 0.97, 0.96, 0.96, 0.95, 0.94, 0.91, 0.91, 0.92, 0.92, 0.91, 0.9, 0.9, 0.92, 0.92, 0.91, 0.91, 0.92, 0.92, 0.91, 0.93, 0.94, 0.92, 0.93, 0.94, 0.95, 0.95, 0.97, 0.98, 0.97, 0.96, 0.98, 0.98, 0.96, 0.98, 1.0, 0.99, 0.98, 0.99, 1.0, 1.02, 1.01, 1.03, 1.04, 1.04, 1.02, 1.03, 1.03, 1.04, 1.06, 1.04, 1.05, 1.05, 1.05, 1.05, 1.05, 1.06, 1.04, 1.02, 1.02, 1.0, 1.0, 1.0, 0.99, 1.0, 1.0, 1.01, 1.01, 1.01, 1.0, 1.0, 0.99, 0.99, 1.0]}