{"train_loss": [4.607317080864539, 4.607270370385586, 4.6072393992008305, 4.607220416191296, 4.60716619858375, 4.607136607781435, 4.607066081120418, 4.607048685122759, 4.60701513779469, 4.606956319319896, 4.606928256841806, 4.606923900506435, 4.606849390421158, 4.606850075110411, 4.6068064371744795, 4.606801162621914, 4.6067720865591975, 4.6067681679358845, 4.606716980078281, 4.606673547549126, 4.606648853497627, 4.606637009596214, 4.606608581542969, 4.60658937234145, 4.606566705459204, 4.606555453324929, 4.606506416125176, 4.6064932187398275, 4.606483641648904, 4.606449514780289, 4.606433191054907, 4.6064025316482935, 4.606364272190974, 4.606356915449485, 4.606362932156294, 4.606338584117401, 4.6063065761174915, 4.606274933692736, 4.606294545149192, 4.606246173076141, 4.60625966267708, 4.606196081944001, 4.606182528764774, 4.606164732957498, 4.606199995676676, 4.606143747231899, 4.606166652532724, 4.606145960245377, 4.606118198541495, 4.606119933495155, 4.606087689521985, 4.606061511162, 4.606060849703275, 4.606061360774896, 4.606043256857457, 4.606009811010116, 4.605990925813333, 4.6060208467336805, 4.605974666888898, 4.605984893211952, 4.605962201876518, 4.6059378636189, 4.605940711192596, 4.605899271598229, 4.6058892641312035, 4.605892963898488, 4.605855413583609, 4.605882257070297, 4.605897699258266, 4.605876528911102, 4.6058349548242035, 4.605821750102899, 4.6058330548115265, 4.605760158636631, 4.6057741862076975, 4.605774763302925, 4.605754616321661, 4.605745355899518, 4.605742117074819, 4.605734865482037, 4.605676544629611, 4.605698942526793, 4.605668256221674, 4.6056875742398775, 4.605682744735327, 4.605647946626712, 4.605672272657737, 4.605636804531782, 4.605613909012232, 4.605642614609156, 4.605613503089318, 4.6055953527108215, 4.605574327860123, 4.605586813657712, 4.605585934565617, 4.605560697653355, 4.605537529480763, 4.6055422575045855, 4.605552695347712, 4.605535362928341], "test_loss": [4.599316558837891, 4.5992643249511715, 4.599212969970703, 4.599163385009765, 4.5991155151367185, 4.599068365478516, 4.599023150634766, 4.598979022216797, 4.598937933349609, 4.598896252441406, 4.598854272460938, 4.598816772460937, 4.598780139160156, 4.59874423828125, 4.598706384277344, 4.598670837402344, 4.5986369018554685, 4.598602642822265, 4.598567742919922, 4.5985342956542965, 4.598501873779297, 4.5984676147460934, 4.5984359375, 4.5984025451660155, 4.598372875976563, 4.598342456054688, 4.5983121215820315, 4.5982814758300785, 4.598253436279297, 4.598224621582031, 4.598195544433594, 4.598165087890625, 4.598136071777343, 4.598109741210937, 4.598082360839844, 4.598055358886719, 4.5980274169921875, 4.597998675537109, 4.597970428466797, 4.597941687011719, 4.5979132690429685, 4.597886541748047, 4.597859356689453, 4.597830358886719, 4.597802978515625, 4.597776922607422, 4.597751324462891, 4.597726879882813, 4.597700549316406, 4.5976742736816405, 4.597650323486328, 4.597626580810547, 4.597600354003906, 4.597576483154297, 4.597549615478516, 4.597524133300781, 4.597498547363282, 4.597472259521484, 4.59744810180664, 4.597423272705078, 4.597398590087891, 4.5973728576660156, 4.597346936035156, 4.597321264648437, 4.597296997070313, 4.59727060546875, 4.597244573974609, 4.5972205322265625, 4.597195007324219, 4.5971715515136715, 4.597145886230469, 4.597120721435547, 4.59709282836914, 4.597066516113281, 4.597041400146485, 4.5970170776367185, 4.596991156005859, 4.596965856933593, 4.596937817382813, 4.5969119140625, 4.596884100341797, 4.596858740234375, 4.596833276367187, 4.596805816650391, 4.596779187011719, 4.596756292724609, 4.596730914306641, 4.596704266357422, 4.596677606201172, 4.596653332519531, 4.59662709350586, 4.596600567626953, 4.596570910644531, 4.596542443847656, 4.596515954589844, 4.596488317871094, 4.5964626159667965, 4.596436181640625, 4.596409948730469, 4.596381127929687], "test_acc": [1.06, 1.04, 1.01, 1.0, 0.99, 0.98, 0.96, 0.95, 0.97, 0.95, 0.94, 0.98, 0.97, 0.97, 0.96, 0.97, 0.97, 0.99, 1.01, 1.0, 1.03, 1.03, 1.05, 1.08, 1.1, 1.1, 1.09, 1.08, 1.1, 1.11, 1.08, 1.06, 1.07, 1.08, 1.06, 1.1, 1.1, 1.11, 1.12, 1.12, 1.1, 1.11, 1.1, 1.08, 1.09, 1.09, 1.11, 1.12, 1.11, 1.12, 1.14, 1.14, 1.15, 1.19, 1.17, 1.15, 1.15, 1.13, 1.14, 1.17, 1.17, 1.17, 1.19, 1.21, 1.2, 1.23, 1.25, 1.26, 1.28, 1.29, 1.28, 1.31, 1.3, 1.29, 1.29, 1.34, 1.34, 1.33, 1.36, 1.36, 1.35, 1.36, 1.37, 1.37, 1.37, 1.37, 1.38, 1.38, 1.39, 1.39, 1.39, 1.41, 1.39, 1.39, 1.39, 1.39, 1.38, 1.41, 1.43, 1.44]}