{"train_loss": [4.6071892713889095, 4.607117629662538, 4.6070124320494825, 4.6070054641136755, 4.606902524752495, 4.606861607233683, 4.606819832630647, 4.6067474621992845, 4.6067102884634945, 4.606609087723952, 4.606556007189629, 4.606551737663073, 4.60642719024267, 4.606406832963993, 4.606400475135216, 4.606358767778445, 4.606293832338773, 4.606245058010786, 4.60618967643151, 4.606126698469504, 4.60608044281984, 4.606052089348817, 4.6059926106379585, 4.6059394420721596, 4.605897366694915, 4.6058385946811775, 4.605772798489301, 4.605730313521165, 4.605708029331305, 4.605649258540227, 4.605609899912125, 4.6055395040756615, 4.605465228740986, 4.60543126081809, 4.605373168602968, 4.605296694926727, 4.6052645463209885, 4.605196774311555, 4.605132090739715, 4.605082415311765, 4.605007489522298, 4.604944533568162, 4.604873795387072, 4.604794064546243, 4.604756744091327, 4.6046574323605265, 4.604585472742716, 4.604510870957986, 4.604404793030176, 4.6043472424531595, 4.604232523991511, 4.604122569010808, 4.604040775543604, 4.603968422229474, 4.603866155330952, 4.603742456436157, 4.60360210002997, 4.603485175890801, 4.603361018498739, 4.603237281701504, 4.603122974053408, 4.602972513590103, 4.602819277690007, 4.602633457917434, 4.602411564802512, 4.602279910063133, 4.602143464944302, 4.6019281387329105, 4.601693220627614, 4.601432539866521, 4.601247890178974, 4.600977078462258, 4.600765240498078, 4.600409100605892, 4.600143452179737, 4.599867332898653, 4.59962081420116, 4.59918847939907, 4.598918935580131, 4.598530080990914, 4.598175820326194, 4.597822162432548, 4.597345028168116, 4.5969105965051895, 4.596537860234578, 4.595964847466885, 4.595505321942843, 4.595063987145057, 4.5945212327517, 4.594017585118611, 4.593501794032561, 4.592981679622944, 4.592503156417456, 4.591885984860934, 4.591386642211523, 4.5908313567821795, 4.590307225936498, 4.589751851253021, 4.589324989074316, 4.588769100873899], "test_loss": [4.5992669677734375, 4.599160070800782, 4.59905531616211, 4.5989511047363285, 4.598849157714843, 4.5987489074707035, 4.5986519714355465, 4.598553656005859, 4.598456243896484, 4.598360150146484, 4.598261822509766, 4.598165997314453, 4.5980697448730465, 4.597974853515625, 4.597876379394531, 4.59777998046875, 4.597683282470703, 4.597585394287109, 4.597486334228516, 4.597385772705078, 4.597283703613281, 4.597180407714844, 4.597076336669922, 4.596968786621094, 4.596859118652343, 4.596748962402343, 4.596635766601563, 4.596520471191406, 4.596405212402344, 4.596286151123047, 4.5961662231445315, 4.596041070556641, 4.595914306640625, 4.595786041259766, 4.595651013183594, 4.595513623046875, 4.595372534179687, 4.5952278503417965, 4.595076629638672, 4.594923229980469, 4.5947619079589845, 4.5945948791503906, 4.59442265625, 4.5942440002441405, 4.594059997558594, 4.593867584228516, 4.593667468261719, 4.593459893798828, 4.593239532470703, 4.5930116149902345, 4.592769689941406, 4.592515728759766, 4.592249377441406, 4.591973419189453, 4.591682159423828, 4.5913754760742185, 4.591052252197265, 4.590704913330078, 4.590343115234375, 4.589959515380859, 4.589559301757813, 4.589136474609375, 4.588687866210938, 4.588213427734375, 4.587707250976562, 4.587167834472656, 4.586603649902344, 4.585998620605468, 4.585354449462891, 4.58466068725586, 4.583932720947265, 4.58315571899414, 4.582330285644531, 4.581448608398437, 4.5805169860839845, 4.579529272460937, 4.578481622314453, 4.577360870361328, 4.5761937866210936, 4.574944927978516, 4.573639178466797, 4.572254016113281, 4.570775280761719, 4.569216430664063, 4.567587902832031, 4.565860168457031, 4.564061346435547, 4.562199420166015, 4.5602814514160155, 4.558315325927734, 4.556306146240234, 4.55427260131836, 4.552208972167969, 4.550121893310547, 4.547999676513672, 4.545879016113282, 4.543789428710937, 4.541662176513672, 4.539592193603515, 4.537489910888672], "test_acc": [1.04, 1.03, 1.03, 0.99, 1.01, 1.02, 1.05, 1.07, 1.1, 1.14, 1.15, 1.19, 1.17, 1.13, 1.18, 1.19, 1.22, 1.26, 1.26, 1.28, 1.28, 1.32, 1.33, 1.36, 1.39, 1.41, 1.43, 1.44, 1.44, 1.48, 1.49, 1.55, 1.58, 1.52, 1.51, 1.54, 1.52, 1.54, 1.56, 1.54, 1.56, 1.55, 1.56, 1.57, 1.57, 1.53, 1.54, 1.52, 1.53, 1.52, 1.53, 1.52, 1.52, 1.51, 1.52, 1.49, 1.48, 1.5, 1.55, 1.52, 1.55, 1.58, 1.6, 1.61, 1.57, 1.58, 1.6, 1.61, 1.58, 1.62, 1.61, 1.6, 1.58, 1.61, 1.61, 1.62, 1.62, 1.62, 1.6, 1.61, 1.59, 1.58, 1.6, 1.58, 1.59, 1.6, 1.58, 1.67, 1.78, 1.85, 1.91, 2.01, 2.0, 2.0, 2.01, 2.05, 2.05, 2.15, 2.14, 2.13]}