{"train_loss": [4.60714383492103, 4.6071048504266985, 4.606978432337443, 4.606968076412494, 4.606874920771673, 4.60686952150785, 4.6068167943220875, 4.606783678592779, 4.606729493997036, 4.606636201418363, 4.606608026455611, 4.606602813036014, 4.60646992463332, 4.606481744081546, 4.6064349040006975, 4.60643144876529, 4.606348159985664, 4.60633943142035, 4.606300341777312, 4.606252771768815, 4.606181619106195, 4.606179534471952, 4.606121771152203, 4.606087052516449, 4.606043601647402, 4.606019231600639, 4.605958596254006, 4.605879771403777, 4.605895752784534, 4.605879385043413, 4.605834185771453, 4.605772137030577, 4.605736029453767, 4.6057018011044235, 4.605685035999005, 4.605593622647799, 4.605576978585659, 4.605542116898757, 4.6055241328019365, 4.605465184725248, 4.605441767130142, 4.6053954637967625, 4.605341960222293, 4.605280664639595, 4.6052916172223215, 4.605223825650337, 4.605181739269159, 4.605152291517991, 4.605060914846567, 4.605061683899317, 4.605012721281785, 4.604929790741358, 4.60490290812957, 4.604847182983007, 4.604815811988635, 4.604765504445785, 4.604669914490137, 4.60460390433287, 4.60455134954208, 4.604505033982106, 4.604452679707454, 4.604413078992795, 4.604329612927559, 4.60424282122881, 4.6041420068496315, 4.60411958694458, 4.604040850125826, 4.603975102840326, 4.603884822894365, 4.603770324511406, 4.603708702478653, 4.6035903759491745, 4.603525292567718, 4.6033919481130745, 4.603306353397858, 4.603237178998116, 4.603158167081001, 4.602999843695225, 4.6029244410686, 4.602782467084054, 4.602633555730184, 4.60260774783599, 4.60239845544864, 4.602266638095562, 4.602190144856771, 4.601983937239035, 4.601797817914914, 4.601683265734941, 4.601463408347888, 4.601318772633871, 4.601131133544139, 4.600948995198959, 4.60079468091329, 4.600526044307611, 4.600327462416429, 4.600078126711723, 4.599861961755997, 4.599649192125369, 4.599460043051304, 4.599216397603353], "test_loss": [4.599278308105469, 4.599184295654297, 4.59909345703125, 4.599003326416016, 4.598915612792969, 4.598828558349609, 4.598746447753906, 4.5986636474609375, 4.598580676269531, 4.598498767089843, 4.5984156127929685, 4.598336444091797, 4.598257354736328, 4.598178576660156, 4.598098352050782, 4.598016937255859, 4.597936169433594, 4.5978572509765625, 4.597777801513672, 4.59769760131836, 4.597616149902343, 4.5975373779296875, 4.597456677246094, 4.597375665283203, 4.597294134521484, 4.597211517333984, 4.597125701904297, 4.5970384765625, 4.596953521728516, 4.59686547241211, 4.596776745605469, 4.596686303710937, 4.596592291259766, 4.5965019165039065, 4.596405169677734, 4.596308178710937, 4.596212622070312, 4.596113824462891, 4.596013098144531, 4.595909967041016, 4.5958032775878905, 4.595695568847656, 4.595584844970703, 4.595471789550781, 4.595361169433594, 4.595244512939453, 4.595123516845703, 4.594999938964844, 4.594872033691407, 4.594745123291015, 4.594614489746093, 4.594476434326172, 4.594334753417969, 4.59418798828125, 4.594040209960937, 4.5938849426269535, 4.59372319946289, 4.593554583740234, 4.593381494140625, 4.593201794433594, 4.593015911865234, 4.592822674560547, 4.592623431396484, 4.592415447998047, 4.592199334716797, 4.5919714965820315, 4.591736108398438, 4.591491436767578, 4.591234899902344, 4.590959912109375, 4.590679791259766, 4.590383984375, 4.590075445556641, 4.589750952148438, 4.589410961914062, 4.58905346069336, 4.588680993652344, 4.588293011474609, 4.587886303710937, 4.587457604980469, 4.5870138671875, 4.586553240966797, 4.586062298583984, 4.58555103149414, 4.585023126220703, 4.584458294677734, 4.583865344238281, 4.583243658447266, 4.582591668701172, 4.581910510253906, 4.581197576904297, 4.580461291503906, 4.5796911254882815, 4.5788806030273435, 4.578028216552735, 4.577140325927735, 4.576215454101563, 4.575251098632813, 4.574244268798828, 4.573209271240234], "test_acc": [1.06, 1.02, 1.01, 0.97, 1.0, 1.03, 1.03, 1.07, 1.07, 1.07, 1.11, 1.13, 1.1, 1.12, 1.09, 1.13, 1.13, 1.14, 1.16, 1.15, 1.15, 1.18, 1.19, 1.21, 1.22, 1.24, 1.22, 1.21, 1.23, 1.28, 1.31, 1.34, 1.35, 1.37, 1.35, 1.34, 1.32, 1.35, 1.35, 1.36, 1.35, 1.39, 1.37, 1.39, 1.38, 1.4, 1.41, 1.44, 1.45, 1.44, 1.46, 1.47, 1.46, 1.44, 1.47, 1.49, 1.49, 1.51, 1.52, 1.53, 1.53, 1.55, 1.54, 1.51, 1.53, 1.52, 1.51, 1.53, 1.53, 1.52, 1.53, 1.52, 1.52, 1.52, 1.52, 1.54, 1.5, 1.49, 1.49, 1.47, 1.49, 1.49, 1.49, 1.48, 1.51, 1.5, 1.51, 1.54, 1.57, 1.56, 1.56, 1.57, 1.55, 1.55, 1.51, 1.5, 1.51, 1.5, 1.51, 1.5]}