{"train_loss": [4.607162162585136, 4.6071571044432815, 4.606931368509929, 4.606942958098191, 4.606804538384462, 4.606773900985718, 4.606762762558766, 4.60663914680481, 4.606596968724177, 4.606455258834056, 4.606391629194602, 4.60639021213238, 4.606184169573662, 4.606193785789685, 4.606185622093005, 4.606138135225345, 4.606017666596633, 4.605953792425303, 4.605896043777466, 4.605797958374024, 4.605743572039482, 4.605679496129354, 4.605633581601657, 4.6054923717792215, 4.605462633035121, 4.605374352137248, 4.605270932270931, 4.605223087164072, 4.605161663202139, 4.605046900724753, 4.605050219022311, 4.604864861414983, 4.604768191851102, 4.604711925066434, 4.604622069383279, 4.604513729535617, 4.604445591951028, 4.604286099702884, 4.6041785154587185, 4.604061406697983, 4.6039342721303305, 4.603771336873373, 4.603716350213075, 4.603504772675343, 4.603454880836683, 4.603244686126709, 4.603098156513312, 4.602867348988851, 4.6027507341825045, 4.60253330499698, 4.602275021870931, 4.601975779655652, 4.6017798387087305, 4.601627653073042, 4.601322587331136, 4.601043495765099, 4.600680092053536, 4.600359992491893, 4.600054092896291, 4.599586153030396, 4.599322924247155, 4.5988639758183405, 4.598379170588958, 4.597857378690671, 4.597311753493089, 4.596768755790515, 4.596312368833102, 4.595619898576003, 4.594922480216393, 4.594098641322209, 4.593550211344009, 4.592727668468768, 4.591993050697522, 4.5911154490250805, 4.590167776743571, 4.5893817901611325, 4.588667858563936, 4.587512077429356, 4.5867841317103455, 4.585816708589212, 4.585070271369738, 4.584293113610683, 4.583142844224588, 4.582268980221871, 4.581452449162801, 4.580244432351528, 4.579526726404826, 4.57857778378022, 4.577556224969717, 4.576614800477639, 4.575655781917083, 4.574854122064052, 4.573557922167656, 4.5726867382342995, 4.571547222137451, 4.570875066365951, 4.5700011999179155, 4.568881284273588, 4.567886716891557, 4.566826088000567], "test_loss": [4.59925107421875, 4.599129077148437, 4.599007202148438, 4.598885339355469, 4.598767071533203, 4.598649670410156, 4.598533740234375, 4.598416973876953, 4.598299993896484, 4.598184503173828, 4.598065747070312, 4.59794755859375, 4.597826873779296, 4.597706341552734, 4.597583911132812, 4.597466345214844, 4.597341656494141, 4.597216296386719, 4.59709033203125, 4.5969599243164065, 4.596826232910156, 4.596688623046875, 4.596550079345703, 4.5964063537597655, 4.596256561279297, 4.596103881835938, 4.595944177246094, 4.595782525634766, 4.595613885498047, 4.595438659667969, 4.595258740234375, 4.595068902587891, 4.59487113647461, 4.5946704833984375, 4.594457104492188, 4.594236004638672, 4.594002508544922, 4.593762414550781, 4.593510034179688, 4.59324673461914, 4.592966339111328, 4.592668566894531, 4.592358642578125, 4.592025451660156, 4.591679943847656, 4.591314129638672, 4.590928533935547, 4.59051460571289, 4.590070648193359, 4.589600640869141, 4.589089135742188, 4.588541760253906, 4.587949041748047, 4.587318615722657, 4.5866330627441405, 4.585900408935547, 4.585109326171875, 4.584248828125, 4.583326373291015, 4.582317486572266, 4.581254412841797, 4.5800937561035155, 4.578841650390625, 4.577502349853516, 4.576052557373047, 4.574482769775391, 4.572808148193359, 4.571002069091797, 4.569046014404297, 4.566917163085938, 4.564700903320312, 4.562347485351562, 4.559872515869141, 4.557270959472656, 4.554557098388672, 4.5517852478027345, 4.548933044433594, 4.545952642822265, 4.5430082336425786, 4.539981433105469, 4.536980480957031, 4.533986285400391, 4.530962121582031, 4.527904754638672, 4.524906103515625, 4.521787805175781, 4.518661962890625, 4.515639471435547, 4.512542224121094, 4.509396533203125, 4.5062423461914065, 4.503229815673828, 4.4999158203125, 4.496746142578125, 4.493346295166016, 4.489998193359375, 4.486789880371094, 4.48327953491211, 4.480033813476562, 4.476402911376953], "test_acc": [1.05, 1.05, 1.03, 1.06, 1.04, 1.08, 1.09, 1.12, 1.11, 1.16, 1.16, 1.19, 1.19, 1.22, 1.25, 1.24, 1.23, 1.24, 1.26, 1.27, 1.26, 1.26, 1.28, 1.31, 1.32, 1.34, 1.34, 1.36, 1.34, 1.36, 1.38, 1.37, 1.36, 1.37, 1.41, 1.43, 1.44, 1.42, 1.43, 1.43, 1.44, 1.44, 1.44, 1.44, 1.45, 1.43, 1.42, 1.4, 1.42, 1.41, 1.45, 1.49, 1.48, 1.45, 1.5, 1.56, 1.55, 1.57, 1.62, 1.64, 1.65, 1.64, 1.7, 1.74, 1.75, 1.73, 1.69, 1.66, 1.67, 1.68, 1.64, 1.65, 1.66, 1.7, 1.7, 1.72, 1.76, 1.81, 1.88, 1.98, 1.99, 2.06, 2.04, 2.18, 2.19, 2.29, 2.4, 2.39, 2.44, 2.46, 2.5, 2.56, 2.64, 2.72, 2.76, 2.75, 2.76, 2.85, 2.88, 2.91]}