{"train_loss": [4.607259172048324, 4.607199957431891, 4.607115937501956, 4.607106392200176, 4.607025241851806, 4.6069909829359785, 4.606956011209732, 4.606898837211805, 4.6068693478902185, 4.60679156596844, 4.606752109527588, 4.606746062254294, 4.606651317156278, 4.606635220845541, 4.6066312264173455, 4.606598746470916, 4.606551423439613, 4.606517089941563, 4.606477609047523, 4.6064335541847425, 4.606402858098348, 4.606382757578141, 4.606341339991643, 4.6063077376439026, 4.60628143457266, 4.606241009785578, 4.6061999345437075, 4.6061761256976, 4.606160247020233, 4.606128855240651, 4.60610469915928, 4.606064768326588, 4.606018620270949, 4.605997833838829, 4.605973008962778, 4.6059282021644785, 4.605914331093812, 4.605874117826804, 4.605849285614796, 4.605821680411315, 4.605787344467946, 4.605758770918235, 4.605724415412316, 4.605687002035288, 4.6056764663794105, 4.605631998257759, 4.605600893803132, 4.605568709740272, 4.605528953747871, 4.605510067328429, 4.605468267049545, 4.605425022809934, 4.605399503463354, 4.605382425357134, 4.605349335303673, 4.605310023136628, 4.605258692227877, 4.605233752421844, 4.60519909247374, 4.605166916969495, 4.605136158527472, 4.605097658206255, 4.605062457842704, 4.605006708242954, 4.60493319951571, 4.604924431825295, 4.60490117195325, 4.604857909373748, 4.604802147547404, 4.6047465067643385, 4.604709822092301, 4.604650471760676, 4.60462823892251, 4.6045341638418344, 4.604483956557054, 4.60445678784297, 4.604436069879776, 4.604325679632334, 4.604300061250345, 4.604249280538315, 4.604169900600727, 4.604132769658015, 4.604045609938793, 4.603977650862474, 4.60393267533718, 4.60384572713803, 4.603773558445466, 4.6037260740231245, 4.603627560688899, 4.6035761943230264, 4.603468585625673, 4.603372152035053, 4.603308051671737, 4.6031914319747536, 4.603133627084586, 4.6029994377723105, 4.602911815887842, 4.6028092702229815, 4.602745658923418, 4.602611458607209], "test_loss": [4.599287115478516, 4.599201086425781, 4.599117919921875, 4.5990357421875, 4.598955480957032, 4.598876354980469, 4.598801379394531, 4.598727282714844, 4.598653277587891, 4.598580041503906, 4.598505926513672, 4.598434649658203, 4.59836416015625, 4.59829564819336, 4.598225836181641, 4.598157263183594, 4.598088342285156, 4.5980188781738285, 4.597950476074219, 4.597881164550781, 4.5978112976074215, 4.59774273071289, 4.597674987792969, 4.597606658935547, 4.597537573242188, 4.597468634033203, 4.597399261474609, 4.597328051757812, 4.597258587646484, 4.59718822631836, 4.597118646240235, 4.597046868896484, 4.596975268554687, 4.59690365600586, 4.596827490234375, 4.59675224609375, 4.596676904296875, 4.596601641845703, 4.5965235229492185, 4.596445104980469, 4.596365014648438, 4.596284161376953, 4.596203204345703, 4.596119488525391, 4.596035955810547, 4.595948785400391, 4.595861267089844, 4.595773992919922, 4.595683764648437, 4.595592840576172, 4.5954999816894535, 4.59540375366211, 4.595306451416016, 4.595207275390625, 4.59510767211914, 4.595005145263672, 4.594899108886719, 4.594790356445312, 4.594679504394532, 4.594566357421875, 4.594451141357422, 4.59433291015625, 4.594209893798828, 4.594084606933594, 4.593953564453125, 4.593819525146484, 4.593681311035156, 4.593539501953125, 4.5933922607421875, 4.593239294433594, 4.593084790039063, 4.5929235656738285, 4.59275849609375, 4.592584387207031, 4.5924037719726565, 4.5922171875, 4.592025476074219, 4.591826922607422, 4.591621313476563, 4.5914072265625, 4.591188043212891, 4.590960205078125, 4.590724530029297, 4.590476513671875, 4.590223266601562, 4.589957043457031, 4.589679266357422, 4.589393029785156, 4.589094610595703, 4.5887852478027344, 4.588461791992187, 4.588128173828125, 4.58778257446289, 4.587418585205078, 4.5870419738769534, 4.58665181274414, 4.58624365234375, 4.585820965576172, 4.58538505859375, 4.584931658935547], "test_acc": [1.05, 1.03, 1.03, 1.0, 0.99, 1.0, 1.01, 1.04, 1.07, 1.08, 1.08, 1.1, 1.12, 1.11, 1.14, 1.13, 1.13, 1.14, 1.15, 1.17, 1.16, 1.15, 1.16, 1.2, 1.17, 1.16, 1.18, 1.21, 1.23, 1.22, 1.24, 1.25, 1.27, 1.3, 1.32, 1.32, 1.34, 1.35, 1.39, 1.45, 1.48, 1.49, 1.48, 1.47, 1.49, 1.51, 1.49, 1.51, 1.52, 1.5, 1.49, 1.47, 1.46, 1.46, 1.47, 1.45, 1.46, 1.46, 1.47, 1.47, 1.48, 1.49, 1.51, 1.52, 1.53, 1.53, 1.5, 1.5, 1.52, 1.53, 1.54, 1.55, 1.55, 1.54, 1.56, 1.56, 1.53, 1.5, 1.51, 1.54, 1.55, 1.53, 1.52, 1.52, 1.5, 1.51, 1.52, 1.52, 1.54, 1.53, 1.52, 1.55, 1.57, 1.55, 1.55, 1.54, 1.55, 1.56, 1.58, 1.6]}