{"train_loss": [4.584050403497158, 4.554068770775428, 4.529887891427064, 4.5098225092276545, 4.492950087327223, 4.479128281275432, 4.468253577061189, 4.458433252725846, 4.450077479924911, 4.442568118755634, 4.436049800041395, 4.430017869900435, 4.424395989149045, 4.419034795272045, 4.413994337962224, 4.409975863725711, 4.405789459668673, 4.401071446981185, 4.3978409216954155, 4.394099491070478, 4.390717463615613, 4.387973111715072, 4.385132910655095, 4.381868698658088, 4.379628179012201, 4.377369403839111, 4.375213735531538, 4.372687515845666, 4.3710769237616125, 4.369264200406197, 4.367505831596179, 4.366542289195917, 4.3645351361005735, 4.363285389924661, 4.362115391706809, 4.360925818712284, 4.36015733327621, 4.358716721412463, 4.357825064047789, 4.3570405446566065, 4.356116271630311, 4.354930559794108, 4.354411050600883, 4.353677657934336, 4.3524775859637135, 4.351858783379579, 4.351720520166251, 4.350587320327759, 4.350722902249068, 4.350046970905402, 4.344177834192911, 4.341932432468121, 4.34111539278275, 4.340715266496707, 4.340307508370815, 4.340001635673719, 4.339794573417077, 4.339427582422892, 4.339216938996926, 4.338968488497612, 4.3389064642099235, 4.33862969325139, 4.3384191757593396, 4.338327399278298, 4.338126815893712, 4.337969896120903, 4.33777618652735, 4.337682676315308, 4.337480807915712, 4.337355031722631, 4.3372696265196184, 4.337112711637448, 4.33694799985641, 4.336833166464781, 4.336696940201979, 4.336586741912059, 4.336490936768361, 4.336308637032142, 4.336209464684511, 4.336103129998231, 4.335966153022571, 4.33586559906984, 4.335748011026627, 4.335624888004401, 4.335592778523763, 4.3354553308242405, 4.335351607738397, 4.335164781717154, 4.335127711907411, 4.334989445026104, 4.334926490294627, 4.334829938106048, 4.334726431430915, 4.334671044961, 4.334565429198436, 4.3344454643053885, 4.33440314072829, 4.33428292396741, 4.334191852960831, 4.334097112753453], "test_loss": [4.023218435668945, 3.718284677124023, 3.467918161010742, 3.4233825592041014, 3.305919305419922, 3.2075239501953123, 3.141293371582031, 3.037667593383789, 2.943621011352539, 3.006665771484375, 2.910554052734375, 2.880871682739258, 2.8256108795166015, 2.841253903198242, 2.7969424224853516, 2.8776065002441404, 2.7226970703125, 2.7446377960205077, 2.759052096557617, 2.701609271240234, 2.733730828857422, 2.718926931762695, 2.7286686889648437, 2.7553089904785155, 2.7451077697753905, 2.7505132263183594, 2.773465170288086, 2.75109255065918, 2.725026119995117, 2.7547669525146485, 2.766832843017578, 2.7106499328613283, 2.756510433959961, 2.764694470214844, 2.7669613891601563, 2.773062127685547, 2.803560192871094, 2.766232565307617, 2.7992247283935545, 2.800379901123047, 2.7680514282226563, 2.77962041015625, 2.7863349609375, 2.7966902282714843, 2.7746223815917967, 2.7850086486816408, 2.797784567260742, 2.797067709350586, 2.7806048400878907, 2.7950810546875, 2.763741217041016, 2.7747085266113283, 2.772244839477539, 2.7766569244384764, 2.793761654663086, 2.8030219970703123, 2.7978558807373046, 2.8037895385742186, 2.803159814453125, 2.815515264892578, 2.8135763610839843, 2.822428143310547, 2.82697236328125, 2.8261944427490233, 2.8422026123046873, 2.830996844482422, 2.8318117767333986, 2.837884844970703, 2.8476719024658204, 2.8520692749023437, 2.8457199920654297, 2.846605712890625, 2.8601086364746093, 2.857095388793945, 2.861901287841797, 2.8612332611083984, 2.870422479248047, 2.8643804779052733, 2.871303598022461, 2.8727427673339845, 2.870903872680664, 2.864280743408203, 2.872243640136719, 2.8656482788085937, 2.867148062133789, 2.868638003540039, 2.866990884399414, 2.8858935089111326, 2.8813769134521485, 2.8817480529785158, 2.877825476074219, 2.8880182983398437, 2.874910250854492, 2.8828429443359376, 2.8778595123291018, 2.883314114379883, 2.883356362915039, 2.8833899291992187, 2.8775939544677733, 2.8839322326660155], "test_acc": [21.82, 29.73, 40.11, 44.41, 49.82, 51.77, 52.77, 58.56, 59.66, 59.34, 63.0, 63.02, 65.73, 65.19, 65.4, 64.5, 67.34, 67.26, 68.39, 68.41, 68.66, 68.75, 68.43, 69.28, 68.87, 68.51, 68.82, 69.45, 69.81, 69.6, 69.36, 69.59, 69.15, 68.55, 68.87, 69.02, 68.82, 69.45, 69.31, 69.42, 69.84, 69.35, 68.92, 69.01, 69.0, 69.24, 69.42, 69.34, 68.96, 69.6, 71.84, 72.18, 71.77, 72.07, 71.62, 71.8, 71.9, 71.87, 71.74, 71.87, 71.89, 71.29, 71.65, 71.79, 71.6, 71.73, 71.26, 71.56, 71.23, 71.46, 71.55, 71.59, 71.35, 71.11, 71.27, 70.85, 71.39, 70.82, 71.11, 71.09, 71.04, 70.99, 71.15, 71.1, 71.11, 71.13, 70.88, 70.76, 71.0, 70.83, 70.87, 70.81, 70.86, 70.55, 70.8, 70.67, 70.48, 70.53, 70.73, 70.66]}