{"train_loss": [4.590788145554371, 4.569133254809257, 4.55099194600032, 4.534858752519656, 4.52035947457338, 4.508395581367688, 4.498069551663521, 4.489192779247578, 4.481839942932129, 4.4745862496204865, 4.468348591144268, 4.462514887100611, 4.4569084473145315, 4.4521976605439795, 4.447152376174927, 4.442817833484748, 4.438280391693115, 4.433888825392112, 4.429719047057323, 4.425690829448211, 4.4226652377691025, 4.418952236420069, 4.415520355028984, 4.412263173323411, 4.409221596595568, 4.406347626906175, 4.403453730314206, 4.401371836050963, 4.398623932324923, 4.396524006281144, 4.3943615033076355, 4.392324217771873, 4.390514174485818, 4.388256851832072, 4.386496826318594, 4.385001545685988, 4.383597498673659, 4.381470665564904, 4.380373039001074, 4.3783583714411805, 4.377063858814728, 4.375572818364852, 4.374319813801692, 4.373011305393317, 4.371634464997512, 4.370701207870092, 4.369244148792364, 4.368147301062559, 4.3669379735604315, 4.3657755032563825, 4.3582514078189165, 4.35490322357569, 4.353878125166282, 4.352819854785235, 4.352261440570538, 4.351597177065336, 4.35124499858954, 4.350688845072037, 4.35041501949995, 4.349877369709504, 4.349582812724969, 4.349263413747152, 4.348854884123191, 4.348561143875122, 4.348214677663949, 4.347983658619416, 4.347683599667671, 4.347430199843187, 4.346966921977508, 4.346801840953338, 4.3465877386239855, 4.34622595738142, 4.346016469368568, 4.34573363157419, 4.345511279962001, 4.345266951047457, 4.344932666191688, 4.344713079012357, 4.3445660285460646, 4.344268424694355, 4.344038048768655, 4.343723994034987, 4.34356046456557, 4.343378163606692, 4.3432255854973425, 4.342994864781698, 4.342681182959141, 4.342526768415402, 4.342348782221476, 4.342136334150266, 4.342010083565345, 4.34183702713404, 4.341585813424526, 4.341429671263083, 4.341204889004047, 4.340996612646641, 4.340842440189459, 4.340744931881244, 4.340486718446781, 4.340278709851779], "test_loss": [4.088680331420899, 3.8726957733154297, 3.633675344848633, 3.529916473388672, 3.3957798217773436, 3.3459324035644533, 3.2939378479003905, 3.1750992156982423, 3.0624158874511718, 3.0940458892822265, 3.024714926147461, 3.0447077056884764, 2.960468380737305, 2.9364076751708983, 2.9313388244628906, 2.9412699615478517, 2.8698147857666014, 2.8367447509765626, 2.875144400024414, 2.8508352294921875, 2.8300861297607423, 2.864558856201172, 2.841447247314453, 2.884629232788086, 2.8366072174072268, 2.8641782012939454, 2.913055352783203, 2.904335873413086, 2.8902149017333985, 2.8785803192138673, 2.8938543731689452, 2.8987263916015626, 2.9322152893066407, 2.9171379272460936, 2.9065759307861327, 2.91768092956543, 2.951305609130859, 2.939783502197266, 2.961732189941406, 2.956646710205078, 2.9516537170410158, 2.9794846221923827, 2.9514296295166016, 2.9747422149658203, 2.980006262207031, 2.988372055053711, 3.0028493743896485, 2.989705792236328, 2.9876344635009766, 3.0335322601318357, 2.983662985229492, 2.9948842041015626, 2.991969543457031, 3.0011988098144533, 3.004249627685547, 3.010956442260742, 3.027214163208008, 3.02890715637207, 3.0300895568847657, 3.038248941040039, 3.0363628845214845, 3.0460993438720703, 3.0542222106933594, 3.0485554931640624, 3.061110827636719, 3.06183671875, 3.0589915100097658, 3.0555796997070312, 3.077309378051758, 3.0727911163330077, 3.077010369873047, 3.073088055419922, 3.07902646484375, 3.0853983428955076, 3.0789212799072265, 3.0864659088134765, 3.0898861206054686, 3.0884141326904295, 3.0876520294189453, 3.0958466094970705, 3.090930499267578, 3.0894298522949217, 3.0989267578125, 3.091970794677734, 3.0972410980224607, 3.0948532287597654, 3.1078496795654296, 3.100725518798828, 3.1103043853759766, 3.109684390258789, 3.10960263671875, 3.1123771484375, 3.105767999267578, 3.111951043701172, 3.115586633300781, 3.1189259033203127, 3.121291275024414, 3.118111685180664, 3.118979815673828, 3.124222537231445], "test_acc": [18.92, 26.2, 35.09, 42.71, 45.9, 48.54, 52.75, 56.87, 58.25, 58.87, 61.11, 59.69, 63.39, 63.36, 62.97, 64.68, 64.41, 65.74, 66.82, 66.57, 67.57, 66.94, 66.66, 66.7, 66.49, 66.21, 66.88, 66.78, 67.04, 67.28, 67.25, 66.69, 66.53, 67.05, 66.73, 66.88, 66.11, 66.92, 65.55, 66.04, 66.08, 65.13, 65.83, 65.96, 65.21, 64.78, 65.11, 65.65, 65.03, 64.75, 67.08, 67.03, 67.1, 66.88, 66.93, 66.61, 66.55, 66.58, 66.21, 66.17, 66.13, 65.76, 66.16, 65.62, 65.8, 65.66, 65.52, 65.67, 65.43, 65.37, 65.17, 65.34, 65.04, 64.85, 64.87, 64.81, 64.67, 64.62, 64.58, 64.41, 64.75, 64.64, 64.45, 64.47, 64.61, 64.17, 64.31, 64.4, 63.83, 64.12, 64.13, 63.95, 64.04, 64.02, 63.77, 63.83, 63.79, 63.96, 63.55, 63.84]}