{"train_loss": [4.607163848632421, 4.607101249694824, 4.607001737447885, 4.607011033327152, 4.606893583444449, 4.606892706797673, 4.606840517582038, 4.606744229487884, 4.606753629293197, 4.606681666007408, 4.6066045663295645, 4.6065778365501995, 4.606528470455072, 4.606479236407158, 4.606439518317198, 4.606423864609156, 4.606384134292602, 4.6063335932218115, 4.606292072931925, 4.606224591915424, 4.606208078677838, 4.6061700820922855, 4.60614191079751, 4.606102981322851, 4.6060639246916155, 4.605995568250998, 4.606004290703016, 4.6059649161803415, 4.6059077177292265, 4.60585939578521, 4.6058633303030945, 4.60576140452654, 4.6057615145658835, 4.605720039514395, 4.605657007755378, 4.605617200411283, 4.6055930834550125, 4.605519363207695, 4.605493386586507, 4.6054088164598515, 4.605437226173205, 4.605392102706126, 4.605321113879864, 4.605284111316387, 4.6052672056051405, 4.605232095718383, 4.60520108296321, 4.60513060031793, 4.605036113201043, 4.60503268853212, 4.604994506102342, 4.604907650825305, 4.604891640100724, 4.604848608603844, 4.604796006129338, 4.604750098937597, 4.6046991360493195, 4.604636445412269, 4.604574081225273, 4.604548542316143, 4.604465725483038, 4.604394988524608, 4.604354359553411, 4.604270853140416, 4.604168132635263, 4.604169862698286, 4.604088335770827, 4.603970769735483, 4.6039291797540125, 4.603885712990394, 4.603819464414547, 4.603684080564059, 4.603618060625516, 4.603446555748964, 4.603429077833127, 4.603389180012238, 4.6032808670630825, 4.603180527075743, 4.603079447379479, 4.602934206449069, 4.602850769727658, 4.602780258961213, 4.602602527080438, 4.602449148129194, 4.6024308436956165, 4.602238552386944, 4.60208955177894, 4.602026752325204, 4.601829549593803, 4.6017307489346235, 4.6015236793420256, 4.601345408268464, 4.601172063289544, 4.600946754064315, 4.600843795140585, 4.600672171666072, 4.600416292288364, 4.6001179462824116, 4.600029287582789, 4.599777455207629], "test_loss": [4.599280163574218, 4.599185998535156, 4.599096215820312, 4.599007482910157, 4.598919158935547, 4.598831134033203, 4.598747924804687, 4.59866586303711, 4.598582177734375, 4.598502575683594, 4.598418609619141, 4.5983373718261715, 4.5982572509765625, 4.598180682373047, 4.598100860595703, 4.598022375488282, 4.597942065429687, 4.597861547851562, 4.597781140136719, 4.597700567626953, 4.597620208740234, 4.597541638183594, 4.59746607055664, 4.597383801269531, 4.597302947998047, 4.597219177246094, 4.597134741210938, 4.597050073242188, 4.59696469116211, 4.596878454589843, 4.596793292236328, 4.59670263671875, 4.596614813232422, 4.596526867675781, 4.596434375, 4.596339642333985, 4.5962460998535155, 4.5961487609863285, 4.596049108886719, 4.595948907470703, 4.5958455993652345, 4.595738677978516, 4.595632147216797, 4.595520056152344, 4.595410833740234, 4.595292529296875, 4.595177081298828, 4.595058020019532, 4.594934240722656, 4.594809307861328, 4.594680804443359, 4.5945466613769534, 4.594410614013672, 4.594271899414062, 4.594129473876953, 4.593981481933594, 4.593826147460938, 4.593667419433594, 4.593506085205078, 4.593340063476562, 4.5931672119140625, 4.592987213134766, 4.592802044677734, 4.5926089782714845, 4.592412921142578, 4.592210144042968, 4.591999060058594, 4.591777563476563, 4.59154917602539, 4.59131118774414, 4.591069464111328, 4.590809759521484, 4.590541076660156, 4.590253955078125, 4.5899594909667965, 4.589653857421875, 4.589337182617188, 4.589002978515625, 4.588651812744141, 4.588281500244141, 4.587894293212891, 4.587496490478515, 4.587073992919922, 4.5866267944335934, 4.586170568847656, 4.585684185791016, 4.585179437255859, 4.584642578125, 4.584087030029297, 4.5835072143554685, 4.582897583007813, 4.5822654052734375, 4.581599835205078, 4.580901434326172, 4.580178521728516, 4.579431439208984, 4.5786372009277345, 4.577798962402344, 4.576929345703125, 4.576035034179688], "test_acc": [1.06, 1.04, 1.02, 0.99, 1.02, 1.04, 1.07, 1.08, 1.09, 1.1, 1.13, 1.13, 1.16, 1.14, 1.11, 1.11, 1.11, 1.13, 1.15, 1.18, 1.21, 1.23, 1.22, 1.21, 1.25, 1.26, 1.27, 1.31, 1.35, 1.37, 1.38, 1.42, 1.43, 1.44, 1.45, 1.47, 1.46, 1.41, 1.42, 1.42, 1.41, 1.41, 1.39, 1.41, 1.41, 1.42, 1.41, 1.4, 1.4, 1.41, 1.43, 1.45, 1.46, 1.48, 1.48, 1.44, 1.42, 1.41, 1.4, 1.39, 1.38, 1.38, 1.38, 1.36, 1.37, 1.36, 1.34, 1.33, 1.34, 1.33, 1.34, 1.34, 1.37, 1.37, 1.38, 1.4, 1.4, 1.38, 1.39, 1.4, 1.41, 1.41, 1.42, 1.4, 1.41, 1.42, 1.45, 1.45, 1.47, 1.47, 1.47, 1.47, 1.49, 1.48, 1.5, 1.53, 1.56, 1.57, 1.59, 1.58]}