{"train_loss": [4.60738839002756, 4.607337126365075, 4.607279348373413, 4.607244407213651, 4.607194449351384, 4.6071671987191225, 4.607132225770217, 4.6070878823598225, 4.607058589886396, 4.607010923287807, 4.606975227747208, 4.60696305617308, 4.6069083715096495, 4.606894127527872, 4.6068696718949536, 4.606846423026843, 4.606820392608642, 4.60679140824538, 4.606765154080513, 4.606734678072807, 4.606703325418326, 4.606695541968713, 4.6066692291161955, 4.606651160655877, 4.606624108094436, 4.60660877716847, 4.6065748740465216, 4.6065651771349785, 4.606548925546499, 4.606528913057767, 4.606522535666441, 4.606492738234691, 4.606467968378311, 4.606447029113769, 4.606441304622552, 4.606414920855791, 4.606408058068691, 4.606379850094135, 4.606368216490134, 4.606352858665662, 4.606332133366512, 4.606320386055188, 4.606308388098692, 4.6062840315011835, 4.606285098882822, 4.606256897021563, 4.606246851652097, 4.606237833316509, 4.606213462047088, 4.606203702779917, 4.606188620053805, 4.606169201777532, 4.606159567221617, 4.606157198930398, 4.606146011597071, 4.606125720342001, 4.606108370805398, 4.606100526222816, 4.606088864497649, 4.606084068004901, 4.606067212422689, 4.60605417520572, 4.606048620664156, 4.606028908949632, 4.606010715778058, 4.6060080149234865, 4.606000380638318, 4.605986635501568, 4.60597649476467, 4.605964630078047, 4.60594218327449, 4.605938943227132, 4.6059319569514345, 4.605915614886162, 4.605906179623726, 4.605898380279541, 4.605896855623294, 4.6058772906278955, 4.60587732119438, 4.605869971788847, 4.605839971395639, 4.6058471789726845, 4.605828082255828, 4.605828665464353, 4.605819138502463, 4.6058116142566385, 4.605799218935844, 4.605794357642149, 4.605784886922592, 4.605784278038221, 4.605757545813536, 4.60574158277267, 4.605744111232268, 4.605722791720659, 4.605735501264914, 4.605712750019172, 4.605712918746166, 4.605708619875785, 4.605694029881404, 4.605680107459044], "test_loss": [4.5993224731445315, 4.599273022460937, 4.599225738525391, 4.599180340576172, 4.5991357238769535, 4.599093170166015, 4.599052801513672, 4.599013604736328, 4.598975177001953, 4.598937963867187, 4.598900732421875, 4.598865362548828, 4.59882998046875, 4.598796368408203, 4.598763275146484, 4.5987306640625, 4.598698498535156, 4.598667065429687, 4.598636627197266, 4.598605969238282, 4.598576354980469, 4.598546643066406, 4.5985183410644535, 4.5984894470214845, 4.598461907958985, 4.598433679199219, 4.5984060729980465, 4.598378820800781, 4.598352081298828, 4.598326672363282, 4.598301971435547, 4.598276806640625, 4.598251300048828, 4.598226220703125, 4.598200891113281, 4.598176208496094, 4.598151507568359, 4.5981276428222655, 4.598104357910156, 4.5980805541992185, 4.598057330322265, 4.598034857177734, 4.598012286376953, 4.597989013671875, 4.597966241455078, 4.597944012451172, 4.597921704101562, 4.597899658203125, 4.597877313232422, 4.597854974365235, 4.5978325134277345, 4.597810668945312, 4.597787872314453, 4.597766314697266, 4.59774482421875, 4.597724194335938, 4.597703106689453, 4.597681262207031, 4.597659399414063, 4.597638067626953, 4.5976167663574214, 4.597595623779297, 4.59757465209961, 4.597553601074218, 4.597532427978516, 4.597510693359375, 4.597489422607421, 4.597468713378906, 4.597447143554687, 4.597426458740235, 4.59740537109375, 4.597383831787109, 4.597362811279297, 4.597340881347656, 4.597320068359375, 4.5972984375, 4.597277655029297, 4.597255712890625, 4.597234405517578, 4.5972132446289065, 4.5971912780761715, 4.5971701721191405, 4.597149383544922, 4.597127801513672, 4.597106414794922, 4.597084704589844, 4.597063397216797, 4.597042535400391, 4.59702119140625, 4.597000177001953, 4.5969788879394535, 4.596957208251953, 4.596934979248047, 4.596912481689453, 4.5968911193847655, 4.596869128417969, 4.596847796630859, 4.5968261901855465, 4.596804632568359, 4.596782043457031], "test_acc": [1.07, 1.04, 1.03, 1.01, 1.0, 1.01, 0.99, 0.98, 0.97, 0.98, 0.98, 0.95, 0.96, 0.97, 0.96, 0.97, 0.96, 0.98, 0.98, 0.99, 0.95, 1.0, 0.98, 0.99, 1.0, 0.98, 0.99, 1.01, 1.0, 1.01, 1.02, 1.04, 1.04, 1.03, 1.03, 1.03, 1.01, 1.0, 0.99, 1.0, 1.02, 1.02, 1.03, 0.99, 1.0, 1.03, 1.06, 1.08, 1.1, 1.11, 1.13, 1.13, 1.14, 1.14, 1.17, 1.17, 1.17, 1.18, 1.16, 1.15, 1.18, 1.19, 1.19, 1.2, 1.23, 1.23, 1.23, 1.22, 1.2, 1.18, 1.2, 1.21, 1.24, 1.24, 1.25, 1.24, 1.24, 1.24, 1.25, 1.27, 1.27, 1.28, 1.29, 1.29, 1.3, 1.32, 1.32, 1.32, 1.31, 1.32, 1.32, 1.32, 1.32, 1.31, 1.31, 1.34, 1.36, 1.36, 1.38, 1.37]}