{"train_loss": [4.6072697773957865, 4.607198613729232, 4.607107241948445, 4.607070696659577, 4.606993336555285, 4.606976043261015, 4.606931631381695, 4.606863718766433, 4.606828248195159, 4.606744992427337, 4.606686669129592, 4.606698818695851, 4.60658781345074, 4.606592226028442, 4.606560369638296, 4.606529876513359, 4.606494468297714, 4.606444587462987, 4.606404671302209, 4.606345273286868, 4.606289412425115, 4.606296052688207, 4.606251527101565, 4.606223970804459, 4.606175966751882, 4.6061572625086855, 4.606077293249277, 4.606069507354345, 4.606048845633483, 4.606012976475251, 4.606021443391458, 4.60594498194181, 4.6058837902851595, 4.605852081836798, 4.605841344442123, 4.605778928903433, 4.605777004437569, 4.605714774743104, 4.605684055426182, 4.605651425092648, 4.605606777240069, 4.605580810400156, 4.6055459548265505, 4.6054873527624665, 4.60549200009077, 4.605410854633038, 4.60539122850467, 4.605365558770987, 4.605286357341669, 4.605256375288352, 4.605208861522185, 4.605165288387201, 4.6051155933967, 4.605110386090401, 4.60507092842689, 4.6050092648237175, 4.604941562505869, 4.604896234854674, 4.604850067236485, 4.604814759278908, 4.60476297109555, 4.604701855243781, 4.604668476642707, 4.604592522596701, 4.60449498738998, 4.604469302984384, 4.604413829705654, 4.604337008794149, 4.604293588491586, 4.60421245159247, 4.6041169044299, 4.604051896853325, 4.604015921323727, 4.603884310600085, 4.603817242842454, 4.603733955285488, 4.603687917269193, 4.603550004959106, 4.60351390960889, 4.603419945790217, 4.60327158341041, 4.603241076836219, 4.603101370884822, 4.602993600796431, 4.602929742519672, 4.60279811101082, 4.602640804877648, 4.602571596243442, 4.602408346763024, 4.602314810875135, 4.60214689817184, 4.601995905851706, 4.601887853328998, 4.60166110258836, 4.601593637466431, 4.601392717850514, 4.601270306416047, 4.601091304192177, 4.600940760588035, 4.60074880917867], "test_loss": [4.599281665039062, 4.599190808105469, 4.599101177978516, 4.599013690185547, 4.598927642822265, 4.598843463134766, 4.598764349365235, 4.598684191894531, 4.598604296875, 4.598526965332031, 4.598447924804687, 4.598371881103516, 4.598295642089844, 4.598221612548828, 4.598146282958984, 4.598070721435547, 4.597995916748047, 4.597920147705078, 4.597845391845703, 4.597769622802734, 4.597692700195313, 4.597616955566406, 4.59754213256836, 4.5974666870117185, 4.597390716552734, 4.597314178466797, 4.597236248779297, 4.5971566101074215, 4.5970767211914065, 4.59699663696289, 4.596916119384765, 4.596833959960938, 4.596751739501953, 4.596668920898438, 4.5965810424804685, 4.596492333984375, 4.596404302978516, 4.596316040039063, 4.596225811767578, 4.596132904052735, 4.596039587402344, 4.595943951416015, 4.595846575927735, 4.595746362304688, 4.5956456726074215, 4.595542291259766, 4.595436291503907, 4.595329736328125, 4.59521694946289, 4.595101800537109, 4.59498511352539, 4.594864935302734, 4.594740789794922, 4.594612713623047, 4.594483135986328, 4.594348419189453, 4.5942090759277345, 4.594064685058593, 4.593913482666015, 4.593756982421875, 4.593598895263672, 4.593434527587891, 4.593262799072265, 4.593088616943359, 4.592906719970703, 4.592717919921875, 4.592522283935547, 4.5923183776855465, 4.592107470703125, 4.591885510253906, 4.591657971191406, 4.591421325683593, 4.5911771728515625, 4.590917962646484, 4.59064916381836, 4.590365234375, 4.590072845458985, 4.58976509399414, 4.58944697265625, 4.589114849853516, 4.58876904296875, 4.588412158203125, 4.5880356140136715, 4.587642413330078, 4.5872385070800785, 4.586812518310547, 4.58636171875, 4.585896832275391, 4.585406976318359, 4.5848966796875, 4.584368176269531, 4.583820385742188, 4.583245324707031, 4.582640753173828, 4.582017932128906, 4.5813640808105465, 4.5806877746582035, 4.579982928466797, 4.579247900390625, 4.578485021972656], "test_acc": [1.04, 1.02, 1.02, 0.99, 0.97, 1.01, 1.03, 1.06, 1.07, 1.07, 1.1, 1.11, 1.12, 1.13, 1.12, 1.17, 1.16, 1.14, 1.15, 1.15, 1.17, 1.19, 1.2, 1.21, 1.23, 1.24, 1.26, 1.26, 1.27, 1.27, 1.3, 1.3, 1.31, 1.32, 1.36, 1.36, 1.37, 1.37, 1.4, 1.37, 1.4, 1.41, 1.41, 1.4, 1.41, 1.41, 1.43, 1.44, 1.44, 1.45, 1.48, 1.47, 1.48, 1.49, 1.5, 1.48, 1.47, 1.47, 1.47, 1.47, 1.47, 1.5, 1.49, 1.46, 1.46, 1.46, 1.47, 1.49, 1.49, 1.49, 1.48, 1.49, 1.48, 1.45, 1.46, 1.49, 1.51, 1.51, 1.51, 1.49, 1.47, 1.47, 1.52, 1.56, 1.55, 1.57, 1.57, 1.56, 1.6, 1.62, 1.59, 1.61, 1.59, 1.59, 1.61, 1.62, 1.6, 1.58, 1.58, 1.57]}