{"train_loss": [4.607225869252131, 4.607158273305648, 4.607000215236957, 4.606988932536199, 4.6068602378551775, 4.6067786302322, 4.606659880662575, 4.606609425177941, 4.606550557796772, 4.606402408159696, 4.606304418123686, 4.606287505076482, 4.606055940725865, 4.60603735263531, 4.606010543383085, 4.605950063314193, 4.6058126400678585, 4.605726525722406, 4.605641785646096, 4.605509267709194, 4.605412771762945, 4.605309574420636, 4.605196070059752, 4.605093347109281, 4.605003765301826, 4.6048452157240645, 4.604704206417768, 4.604564441778721, 4.604499205564841, 4.604317802037948, 4.604216752908169, 4.6039862180367495, 4.6037858351683, 4.603671268316416, 4.603441194387583, 4.603232389841324, 4.602999047743968, 4.602834727213933, 4.602579779502673, 4.602281756278796, 4.601933558781941, 4.601634219976572, 4.601208981489524, 4.600866894844251, 4.600502871244382, 4.59999319712321, 4.599566691961044, 4.599025363188524, 4.598375283754789, 4.597772193566347, 4.59697660177182, 4.596199186031635, 4.595342323107597, 4.594530719365829, 4.593484042241023, 4.592401381028004, 4.591122178542308, 4.589781844310272, 4.5885382102086, 4.5870243170322516, 4.585721464646168, 4.584160974698189, 4.582635040772267, 4.58093786239624, 4.579294473696978, 4.577826594083737, 4.576506544993474, 4.574797296524048, 4.573154438458956, 4.571599155817276, 4.570221186906863, 4.568605821560591, 4.567050880040878, 4.565487744258, 4.563993126306778, 4.562462513263409, 4.560974503786136, 4.558916025895339, 4.55762594174116, 4.555634578069051, 4.554251994842138, 4.5525984739645935, 4.550606360802283, 4.548795838233752, 4.546801799382919, 4.544641949580266, 4.542925684268658, 4.541038642785488, 4.539026724986541, 4.536696283633892, 4.53470155275785, 4.532727503165221, 4.530474741030962, 4.5280615244156275, 4.526108565697303, 4.524028835541163, 4.5216608512095915, 4.519350536052997, 4.517413883942824, 4.515190837322137], "test_loss": [4.599234143066406, 4.5990945251464845, 4.598955725097656, 4.598817559814453, 4.598681274414062, 4.598545031738281, 4.5984095764160156, 4.5982730590820315, 4.598137609863281, 4.598000634765625, 4.597856549072266, 4.597712530517578, 4.597567413330078, 4.597421575927735, 4.59726732788086, 4.5971115051269535, 4.596951428222656, 4.596786303710937, 4.596615240478515, 4.5964384887695315, 4.596254748535157, 4.596067810058594, 4.595870190429688, 4.5956650085449215, 4.595451287841797, 4.595225366210937, 4.5949888671875, 4.594738037109375, 4.59447529296875, 4.594195928955078, 4.593904626464844, 4.5935927001953125, 4.593258557128906, 4.592906671142578, 4.592527313232422, 4.592116510009766, 4.591675610351563, 4.591207672119141, 4.590698034667969, 4.590142236328125, 4.589538031005859, 4.588874755859375, 4.58814096069336, 4.58734521484375, 4.5864685363769535, 4.58550849609375, 4.584443328857422, 4.583281732177734, 4.581989215087891, 4.580555212402344, 4.578956079101562, 4.577202178955078, 4.575256939697265, 4.573118035888672, 4.5707599060058595, 4.56816400756836, 4.565294842529297, 4.562144311523437, 4.558801586914062, 4.5551821228027345, 4.551454632568359, 4.547570861816406, 4.543605505371094, 4.5395897766113285, 4.5355403686523434, 4.531489147949219, 4.527368078613281, 4.5233883361816405, 4.519345123291016, 4.515319683837891, 4.511308001708985, 4.507332104492187, 4.503336383056641, 4.499147003173828, 4.495110375976562, 4.490848681640625, 4.48631968383789, 4.481922955322266, 4.477555145263672, 4.473024938964843, 4.468555029296875, 4.463795178222656, 4.458882781982422, 4.453892919921875, 4.44896058959961, 4.4435841125488285, 4.438404577636719, 4.433197625732422, 4.4276305786132815, 4.421981231689453, 4.41622935180664, 4.410540710449219, 4.404620660400391, 4.398476086425781, 4.392302404785156, 4.386186907958985, 4.380342816162109, 4.374030352783203, 4.368071270751953, 4.361675030517578], "test_acc": [1.05, 1.05, 1.02, 1.0, 1.04, 1.08, 1.09, 1.13, 1.17, 1.21, 1.23, 1.26, 1.3, 1.37, 1.35, 1.39, 1.39, 1.44, 1.46, 1.5, 1.52, 1.54, 1.55, 1.56, 1.56, 1.57, 1.6, 1.59, 1.58, 1.6, 1.57, 1.54, 1.51, 1.5, 1.5, 1.52, 1.52, 1.54, 1.57, 1.57, 1.57, 1.57, 1.57, 1.59, 1.59, 1.57, 1.56, 1.6, 1.58, 1.58, 1.57, 1.58, 1.56, 1.53, 1.5, 1.45, 1.46, 1.5, 1.49, 1.58, 1.68, 1.77, 1.88, 1.84, 1.91, 1.94, 1.88, 1.92, 1.95, 2.0, 2.03, 2.11, 2.19, 2.26, 2.34, 2.39, 2.5, 2.59, 2.76, 2.78, 2.86, 2.83, 2.94, 3.01, 3.1, 3.16, 3.15, 3.28, 3.29, 3.45, 3.55, 3.72, 3.91, 4.08, 4.36, 4.48, 4.67, 4.8, 4.88, 4.9]}