{"train_loss": [4.60730301905901, 4.607194243944608, 4.60707984092908, 4.6071187569544865, 4.60701214105655, 4.606969080215845, 4.606964266605866, 4.606912046823746, 4.606848168984437, 4.606774226213113, 4.606710029259706, 4.606715007928702, 4.606568412291698, 4.606595843877548, 4.6065559240487906, 4.606524291405311, 4.606489704816769, 4.606421636923765, 4.606411404487414, 4.6063698475177475, 4.606332239737878, 4.606283937356411, 4.606225129885551, 4.606215285032223, 4.606189554165571, 4.606109952926635, 4.606076288223266, 4.606054784090091, 4.606045647156544, 4.605998870653984, 4.6059809195689665, 4.605933477939703, 4.6058348276676275, 4.605815159968841, 4.60577735656347, 4.605785960417528, 4.605728693497487, 4.605673617583054, 4.6056189598181305, 4.60560196240743, 4.605564909714919, 4.605529950215266, 4.605467755977924, 4.60542002091041, 4.605407176873623, 4.605363351870806, 4.60530775021284, 4.6052743862836785, 4.6051803515507626, 4.605187469873673, 4.605105508902134, 4.605078997978797, 4.604988387914804, 4.604974580422426, 4.604941846162845, 4.6048732635302425, 4.6048323765779156, 4.604753283965282, 4.604692171781491, 4.604661058768248, 4.6046213590181795, 4.604552558752206, 4.60449721507537, 4.6044209040128266, 4.604334695522602, 4.604289817810058, 4.604306900806916, 4.604158070148566, 4.604064419330695, 4.603958861033122, 4.603926662298349, 4.603824490767259, 4.603776346108853, 4.603648272538797, 4.603569980768057, 4.603448641605866, 4.603426214364859, 4.6032467915461615, 4.603145006375435, 4.603075529978826, 4.602868813734788, 4.6028998093727305, 4.602733469009399, 4.60257743810996, 4.602465757956872, 4.6023351094661615, 4.602128498370831, 4.602094886241815, 4.601903513150337, 4.601770107562725, 4.6016054899264605, 4.601367726692787, 4.601220360780373, 4.60101123100672, 4.6008966800494075, 4.600637934758113, 4.60047193307143, 4.600267179195697, 4.600100539280818, 4.59979528158139], "test_loss": [4.599280688476562, 4.599188439941407, 4.59909921875, 4.59901044921875, 4.598925927734375, 4.598840008544922, 4.59875791015625, 4.598676733398437, 4.598595770263672, 4.598515808105469, 4.598437615966797, 4.5983585998535155, 4.5982803527832035, 4.598202197265625, 4.5981224975585935, 4.598044842529297, 4.597966949462891, 4.5978876953125, 4.597810424804687, 4.597731469726562, 4.597651300048828, 4.597571069335937, 4.5974918029785155, 4.597411883544922, 4.597331414794922, 4.5972482849121095, 4.5971661437988285, 4.597082861328125, 4.597001104736328, 4.596918060302734, 4.596831390380859, 4.596745538330078, 4.596656451416016, 4.596567620849609, 4.596474298095703, 4.596382299804688, 4.5962881713867185, 4.59619526977539, 4.596096130371094, 4.595998718261718, 4.595896112060547, 4.595793176269531, 4.595686022949219, 4.595577746582031, 4.595469396972656, 4.595359069824219, 4.595242315673828, 4.59512470703125, 4.595000958251953, 4.594877264404297, 4.594748760986328, 4.594617669677734, 4.594478900146484, 4.59433960571289, 4.594199493408203, 4.594051806640625, 4.593899987792969, 4.593738555908203, 4.593576397705078, 4.593407879638672, 4.593237481689453, 4.593059252929687, 4.59287646484375, 4.592681274414063, 4.592480932617187, 4.592275085449219, 4.592066424560547, 4.591842199707031, 4.59160814819336, 4.591360052490234, 4.591105767822266, 4.590839947509766, 4.590559106445313, 4.590266326904297, 4.589960583496094, 4.589634405517578, 4.589300561523437, 4.588948553466797, 4.588583251953125, 4.58820015258789, 4.587800372314453, 4.587389990234375, 4.586957598876953, 4.586503747558594, 4.586034332275391, 4.585537261962891, 4.585005603027343, 4.584461138916016, 4.583885290527344, 4.583281292724609, 4.582656652832031, 4.582004595947265, 4.581314172363281, 4.5805923828125, 4.579845440673828, 4.579058209228515, 4.578243438720703, 4.577389862060547, 4.5764998046875, 4.575562567138672], "test_acc": [1.04, 1.05, 1.02, 1.02, 1.01, 1.01, 1.01, 1.04, 1.05, 1.06, 1.07, 1.08, 1.09, 1.09, 1.08, 1.13, 1.14, 1.13, 1.13, 1.12, 1.12, 1.14, 1.15, 1.15, 1.13, 1.16, 1.18, 1.17, 1.23, 1.25, 1.28, 1.29, 1.3, 1.33, 1.36, 1.38, 1.36, 1.38, 1.4, 1.4, 1.39, 1.43, 1.42, 1.45, 1.48, 1.52, 1.55, 1.57, 1.58, 1.58, 1.54, 1.56, 1.55, 1.59, 1.57, 1.57, 1.56, 1.54, 1.56, 1.59, 1.62, 1.65, 1.65, 1.68, 1.71, 1.75, 1.75, 1.74, 1.72, 1.7, 1.75, 1.72, 1.74, 1.77, 1.78, 1.74, 1.73, 1.76, 1.78, 1.81, 1.81, 1.81, 1.82, 1.8, 1.82, 1.84, 1.85, 1.85, 1.84, 1.88, 1.88, 1.84, 1.81, 1.79, 1.78, 1.77, 1.76, 1.78, 1.83, 1.87]}