{"train_loss": [4.60731934889769, 4.607237442945823, 4.607208936642378, 4.607144537950173, 4.607084213159023, 4.607038197150597, 4.607035310451801, 4.60700178757692, 4.606929772939438, 4.60691880201682, 4.606893891554613, 4.606861031361115, 4.606867307271713, 4.6068005280616955, 4.606773557418432, 4.606782794610048, 4.606732577543992, 4.606731074895614, 4.6066785237728025, 4.606641896565756, 4.606637358054137, 4.606616927415897, 4.606564595149114, 4.6065946236634865, 4.606540467188909, 4.606535420050988, 4.606513992945353, 4.606505801127507, 4.606462880892631, 4.6064718393179085, 4.606444964042077, 4.606415589650472, 4.6063833028842245, 4.606362197338006, 4.6063933360270966, 4.6063517961746605, 4.606342747272589, 4.606337181727091, 4.606321113537519, 4.606285512141692, 4.606263963992779, 4.606285817806537, 4.606240559846927, 4.606201171875, 4.606208749917838, 4.606194801819631, 4.6061848053565395, 4.606182368596395, 4.6061716739947975, 4.606149192956778, 4.606155507992476, 4.60611282373086, 4.606131603778937, 4.606108343906891, 4.60610688771957, 4.606012410383958, 4.606045821996836, 4.606044529645871, 4.606050749314137, 4.606024290965154, 4.606013986391899, 4.606004436199481, 4.605997118583092, 4.605984003115923, 4.605977900822958, 4.605957289231129, 4.6059540051680345, 4.6059407503176955, 4.6059460444328115, 4.605908967287112, 4.605903933598445, 4.605896040109488, 4.605890197020311, 4.60588303834964, 4.605856915009327, 4.605868541277372, 4.60585740285042, 4.605848517784706, 4.605863709327502, 4.605827276523296, 4.605810482074053, 4.605783171531481, 4.605792722946558, 4.6058043589958775, 4.605809253301376, 4.605771649189484, 4.605784573921791, 4.605781110127767, 4.605773305892944, 4.605733453310453, 4.60576148155408, 4.605753974425487, 4.605693996869601, 4.605713302661211, 4.605721224271334, 4.605700357143696, 4.605698338533059, 4.605670378758357, 4.60567475221096, 4.605686761171389], "test_loss": [4.599336334228516, 4.599300958251953, 4.599266845703125, 4.599231909179688, 4.599201129150391, 4.59917084350586, 4.599141345214844, 4.5991112365722655, 4.59908447265625, 4.599056958007813, 4.5990308532714845, 4.599008111572266, 4.598984155273437, 4.598961749267578, 4.598937237548828, 4.598917724609375, 4.598894689941406, 4.598874639892578, 4.598854504394531, 4.5988330078125, 4.598812384033203, 4.598792315673828, 4.598770275878906, 4.5987510620117185, 4.598733795166016, 4.598716845703125, 4.59870029296875, 4.598680859375, 4.59866498413086, 4.598648742675781, 4.5986357421875, 4.598620904541016, 4.598605346679688, 4.598590130615235, 4.598575549316406, 4.5985611328125, 4.598545294189453, 4.598530438232422, 4.598515924072266, 4.598500231933594, 4.598487860107422, 4.598473559570312, 4.598460681152344, 4.5984453125, 4.598431457519531, 4.59841859741211, 4.59840595703125, 4.598391259765625, 4.598378094482422, 4.598364660644531, 4.598352465820312, 4.59833916015625, 4.598327526855469, 4.5983150268554684, 4.5983033325195315, 4.5982917785644535, 4.598279956054688, 4.5982695556640625, 4.5982552307128906, 4.598241302490234, 4.59822802734375, 4.598215087890625, 4.59820458984375, 4.598192712402343, 4.598180676269531, 4.59816987915039, 4.598158447265625, 4.598147424316406, 4.598135632324219, 4.598125579833984, 4.598115637207031, 4.598102056884765, 4.598090966796875, 4.598078253173828, 4.598068280029297, 4.5980588195800784, 4.598049383544922, 4.598039636230469, 4.598028991699219, 4.598019299316406, 4.598007751464844, 4.597997174072265, 4.5979864929199215, 4.597975360107422, 4.597965557861328, 4.5979549560546875, 4.597945977783203, 4.597935858154297, 4.597923120117187, 4.597914758300782, 4.597904260253906, 4.597894122314453, 4.597885150146484, 4.597876812744141, 4.597867761230469, 4.59785648803711, 4.597846722412109, 4.597839367675781, 4.5978302490234375, 4.5978220825195315], "test_acc": [1.07, 1.05, 1.02, 1.02, 1.0, 1.0, 0.98, 0.98, 0.98, 0.99, 1.01, 1.0, 1.01, 0.97, 0.95, 0.97, 0.96, 0.95, 0.96, 0.95, 0.94, 0.95, 0.94, 0.92, 0.95, 0.95, 0.95, 0.95, 0.92, 0.91, 0.91, 0.92, 0.93, 0.93, 0.92, 0.9, 0.92, 0.92, 0.93, 0.95, 0.96, 0.96, 0.95, 0.94, 0.93, 0.94, 0.93, 0.94, 0.94, 0.95, 0.95, 0.96, 0.98, 0.97, 0.97, 0.99, 1.02, 1.02, 1.01, 1.02, 1.0, 1.0, 1.0, 1.0, 1.01, 1.03, 1.02, 1.01, 0.99, 1.0, 0.98, 0.98, 0.98, 0.99, 1.0, 1.0, 1.0, 1.01, 1.0, 0.99, 0.99, 0.99, 0.99, 0.99, 1.0, 1.04, 1.04, 1.04, 1.04, 1.03, 1.04, 1.03, 1.03, 1.04, 1.04, 1.04, 1.07, 1.07, 1.08, 1.08]}