{"train_loss": [4.607326983182858, 4.607241513178899, 4.607220879579201, 4.607203118006388, 4.6071834075145235, 4.6071238126510226, 4.6070844601362175, 4.607008476746388, 4.606994197307489, 4.6069545354598604, 4.606956539398585, 4.606898943583171, 4.606859127680461, 4.606867641057724, 4.606818213829627, 4.6068176844181155, 4.606778011566553, 4.606762116994613, 4.6067158857981365, 4.606685247176733, 4.606677011343149, 4.606667187275031, 4.606624537247878, 4.606596990732046, 4.606599828524467, 4.606556149018116, 4.60655280993535, 4.606549292344313, 4.60648968403156, 4.60648761284657, 4.606478128677759, 4.606484345900706, 4.606433671560043, 4.606393976700612, 4.606422203015058, 4.606400936077803, 4.606349843587631, 4.606345582619691, 4.60631101437104, 4.606322850936499, 4.606295558733818, 4.606290675432254, 4.606292052146716, 4.606256658602984, 4.60624846067184, 4.6062323643611025, 4.606232374142378, 4.606225687418228, 4.606196701832307, 4.6061710871182955, 4.6061622155018345, 4.606143018526908, 4.606142143102793, 4.606118023701203, 4.60612767415169, 4.606127622799995, 4.606104683264708, 4.606091000483587, 4.606068267577734, 4.606066477604402, 4.6060591893318374, 4.606041142879389, 4.6060050401932155, 4.606026938022711, 4.606005244377332, 4.605981631156726, 4.60598755983206, 4.605958107190254, 4.605942706572704, 4.605958427527012, 4.6059297781724196, 4.605911967693231, 4.605916970815414, 4.605917540574685, 4.605904905612652, 4.605899435434586, 4.60590242605943, 4.605890723986503, 4.605893267118014, 4.6058633877680855, 4.6058308638059176, 4.605823178169055, 4.605825452315502, 4.605807414421668, 4.6058308222354984, 4.6057935629135525, 4.605798090421237, 4.605772141921214, 4.605793496889945, 4.605768824846317, 4.605773655573527, 4.605761861801147, 4.605759554642898, 4.605771298286243, 4.605737512539594, 4.605729709527432, 4.605724280919784, 4.605697536468506, 4.6057068812541475, 4.605691156631861], "test_loss": [4.599328912353515, 4.5992860534667965, 4.599246844482422, 4.599207849121094, 4.599171417236328, 4.599137078857422, 4.599103607177734, 4.599070837402344, 4.599038537597656, 4.599008081054688, 4.59897621459961, 4.598947424316406, 4.598919049072266, 4.598890979003906, 4.5988648376464845, 4.598838580322266, 4.598812841796875, 4.598787506103515, 4.598764697265625, 4.59874033203125, 4.598717456054687, 4.598694360351563, 4.59867080078125, 4.598648370361328, 4.598625860595703, 4.598604656982422, 4.598580908203125, 4.598561303710937, 4.598539361572266, 4.598518579101563, 4.59849878540039, 4.598478253173828, 4.5984581787109375, 4.598436260986328, 4.5984167419433595, 4.598397302246093, 4.5983773071289065, 4.598356756591797, 4.598336944580078, 4.598318450927734, 4.59829990234375, 4.598281579589844, 4.598262786865234, 4.598245349121094, 4.598226623535156, 4.598209588623047, 4.598193725585937, 4.598178393554687, 4.598161218261719, 4.59814712524414, 4.598131842041016, 4.598114929199219, 4.598096844482422, 4.598080310058593, 4.598065045166016, 4.59804970703125, 4.598033990478515, 4.598018194580078, 4.598004266357422, 4.597987963867188, 4.597973468017578, 4.5979590942382815, 4.597944958496094, 4.597929693603516, 4.597913940429687, 4.597897277832031, 4.597881134033203, 4.59786734008789, 4.597853198242188, 4.59783994140625, 4.597825427246094, 4.597811608886719, 4.597798254394531, 4.597783874511719, 4.597768292236328, 4.5977530090332035, 4.5977390808105465, 4.5977262634277345, 4.59771127319336, 4.597699060058594, 4.5976828125, 4.597670782470703, 4.597655395507813, 4.597641723632813, 4.597628540039063, 4.597612554931641, 4.5975981567382815, 4.597584686279297, 4.5975689453125, 4.5975568481445315, 4.597543115234375, 4.597529443359375, 4.597515386962891, 4.597503259277344, 4.59749033203125, 4.5974783569335935, 4.5974642944335935, 4.597449865722656, 4.597436151123047, 4.597421099853515], "test_acc": [1.06, 1.01, 1.02, 1.03, 1.0, 0.98, 0.96, 0.98, 0.97, 0.96, 0.94, 0.94, 0.94, 0.93, 0.96, 0.95, 0.97, 1.0, 0.97, 0.96, 0.96, 0.95, 0.95, 0.95, 0.95, 0.96, 0.95, 0.94, 0.97, 0.96, 0.97, 0.96, 0.95, 0.95, 0.94, 0.94, 0.94, 0.94, 0.93, 0.93, 0.96, 0.94, 0.95, 0.95, 0.94, 0.93, 0.94, 0.93, 0.94, 0.96, 0.98, 1.0, 0.98, 0.97, 0.98, 0.98, 0.99, 1.0, 1.0, 1.0, 1.02, 1.04, 1.05, 1.06, 1.07, 1.08, 1.07, 1.05, 1.05, 1.05, 1.07, 1.08, 1.06, 1.08, 1.07, 1.08, 1.08, 1.09, 1.09, 1.08, 1.08, 1.07, 1.08, 1.06, 1.05, 1.04, 1.04, 1.04, 1.04, 1.05, 1.06, 1.06, 1.06, 1.07, 1.08, 1.09, 1.12, 1.13, 1.14, 1.16]}