{"train_loss": [4.607302351486989, 4.607255173952152, 4.607146025926639, 4.607139395444821, 4.60705264776181, 4.606998384915865, 4.606918846032558, 4.606887902968969, 4.606852628023196, 4.606755863091885, 4.6067008299705305, 4.606693928058331, 4.606542156904172, 4.60653926164676, 4.606538166143955, 4.606502259083284, 4.6064256961529075, 4.606381592383752, 4.60634479767237, 4.606274049710005, 4.606232731158917, 4.606176884969075, 4.606134056433653, 4.6060910200461365, 4.606063664265168, 4.605989505083133, 4.605932876391289, 4.605883819628985, 4.605881996643849, 4.605815311578604, 4.605793732863206, 4.6057012020013275, 4.605639610535059, 4.605620235051864, 4.6055559635162355, 4.605503518764789, 4.605454506018223, 4.6054224894596985, 4.605370291685447, 4.605308844492986, 4.605222713030302, 4.605184546495095, 4.605101152566763, 4.605043960228945, 4.605022897475805, 4.604904200480535, 4.604875257687691, 4.604792144971016, 4.60470142364502, 4.604646313496125, 4.604555639853844, 4.6044602601956095, 4.604382497836382, 4.604339540921725, 4.604245575880393, 4.604151629178952, 4.604006482393314, 4.603925148646037, 4.603832225310497, 4.603724612945165, 4.603638860506889, 4.603497457504273, 4.603395287195841, 4.603225102791419, 4.603042872746785, 4.602955188506689, 4.602829807232588, 4.602676150737665, 4.602459495495527, 4.602291685495621, 4.602117525002895, 4.601895194175916, 4.60174649311946, 4.601452427643996, 4.601287657175309, 4.601042679028633, 4.600896235001393, 4.600490309641912, 4.6003356358943845, 4.600028709264902, 4.599765788591825, 4.59947265233749, 4.599095483926626, 4.598804558240451, 4.598513395358355, 4.598065157425709, 4.597671107756786, 4.597366901544424, 4.596922261898334, 4.59647719676678, 4.596053423025669, 4.595646065932054, 4.5952459995563215, 4.5947072457044555, 4.594306678038377, 4.593808110555013, 4.59336328017406, 4.5928928876534485, 4.592492548624675, 4.592063850011581], "test_loss": [4.599269323730469, 4.59916557006836, 4.599064556884765, 4.598964495849609, 4.598865997314453, 4.598769836425781, 4.598678198242188, 4.598585504150391, 4.59849273071289, 4.598401263427735, 4.5983073608398435, 4.5982157958984375, 4.598123767089843, 4.5980345886230465, 4.597941473388672, 4.5978510986328125, 4.597759149169922, 4.597666760253906, 4.5975730407714845, 4.597478704833985, 4.597382385253907, 4.59728793334961, 4.597189770507812, 4.59709111328125, 4.596990789794922, 4.596890045166016, 4.59678734741211, 4.596681652832031, 4.596575573730469, 4.596465435791016, 4.596354943847656, 4.596241790771485, 4.596126782226563, 4.59600849609375, 4.595884185791015, 4.595760345458984, 4.5956314819335935, 4.595500793457031, 4.595366027832031, 4.595228900146484, 4.595085546875, 4.594938116455078, 4.594784887695313, 4.594626745605469, 4.594465704345703, 4.594297564697266, 4.594122735595703, 4.593943432617188, 4.593752764892578, 4.593557305908203, 4.593350274658203, 4.593134033203125, 4.592908471679688, 4.59267451171875, 4.592430133056641, 4.5921753234863285, 4.591905676269532, 4.591616717529297, 4.591316888427734, 4.5910020935058595, 4.590674151611328, 4.590327880859375, 4.589960571289063, 4.589573120117188, 4.58916353149414, 4.588726611328125, 4.588272637939453, 4.587790997314453, 4.587276086425781, 4.58672621459961, 4.586151531982422, 4.5855403381347655, 4.584893090820312, 4.584203796386719, 4.583484649658203, 4.582714825439453, 4.5819015625, 4.581028588867188, 4.5801225219726565, 4.57914921875, 4.578139605712891, 4.577078033447266, 4.575946588134766, 4.574752783203125, 4.573502301025391, 4.572157391357422, 4.570749578857422, 4.569271099853515, 4.567734545898437, 4.56611957397461, 4.5644421325683595, 4.562736285400391, 4.560986572265625, 4.559184088134765, 4.557341351318359, 4.555476727294922, 4.5535993591308594, 4.551712176513671, 4.549838134765625, 4.547960864257813], "test_acc": [1.05, 1.02, 1.02, 0.99, 0.98, 1.01, 1.06, 1.06, 1.08, 1.1, 1.12, 1.16, 1.18, 1.19, 1.21, 1.21, 1.21, 1.25, 1.27, 1.29, 1.31, 1.3, 1.33, 1.31, 1.32, 1.3, 1.36, 1.37, 1.41, 1.43, 1.46, 1.48, 1.48, 1.48, 1.47, 1.48, 1.51, 1.51, 1.54, 1.55, 1.55, 1.56, 1.56, 1.55, 1.55, 1.53, 1.53, 1.52, 1.54, 1.59, 1.57, 1.56, 1.56, 1.51, 1.49, 1.49, 1.5, 1.51, 1.56, 1.56, 1.55, 1.57, 1.55, 1.53, 1.47, 1.46, 1.5, 1.51, 1.51, 1.53, 1.56, 1.56, 1.6, 1.59, 1.56, 1.56, 1.6, 1.59, 1.59, 1.61, 1.61, 1.6, 1.58, 1.6, 1.58, 1.57, 1.59, 1.61, 1.61, 1.65, 1.66, 1.59, 1.58, 1.61, 1.69, 1.75, 1.78, 1.89, 1.87, 1.94]}