{"train_loss": [4.607467080385257, 4.60739714671404, 4.607316135748839, 4.60729871896597, 4.607232387249287, 4.607201403837937, 4.607133909372183, 4.607082085731702, 4.607054891341772, 4.6070009133754635, 4.6069474000197195, 4.606931411303007, 4.606858963844104, 4.606835535245064, 4.606838760620509, 4.6067831662984995, 4.606756259233523, 4.606741444269816, 4.606707981305244, 4.606636019242115, 4.606656531798534, 4.60658597946167, 4.606569523689075, 4.6065594734289705, 4.606545010591165, 4.606505938065358, 4.606443745050675, 4.606415815842458, 4.606376694410275, 4.606377052649473, 4.60638678135016, 4.606362966390757, 4.606317550708086, 4.606275376295432, 4.606247170766195, 4.606207027190771, 4.606203728455764, 4.606146629040058, 4.606181197288709, 4.60612790890229, 4.606119835682405, 4.606084536283444, 4.606082504223554, 4.605997017102363, 4.60598732263614, 4.606058269891983, 4.6059569468865025, 4.605927005180946, 4.605882070003411, 4.605932784691835, 4.605915942558876, 4.60581036958939, 4.605840905507406, 4.605838934580485, 4.605816232241117, 4.605740486047207, 4.605730029864189, 4.605725095210931, 4.605709331463545, 4.6057016861744415, 4.605668830871582, 4.6056892932989655, 4.605612615438608, 4.605606315074823, 4.60556922692519, 4.605563400953244, 4.605542876170232, 4.60547543550149, 4.605477813573984, 4.605460027547983, 4.605478096008301, 4.605445979191707, 4.6053938963474375, 4.605372524261474, 4.6053500383328165, 4.605347616244585, 4.605361663378202, 4.605241023577177, 4.6052547430380795, 4.605274545229398, 4.605236795621041, 4.60520348915687, 4.605167981905815, 4.605158034349099, 4.605125049444346, 4.605105397640131, 4.60512149150555, 4.605119553590432, 4.60508824128371, 4.605063335712139, 4.6050180545220005, 4.605007527424739, 4.604939179542737, 4.604930935150538, 4.604902339592958, 4.604872663204486, 4.604878941560403, 4.604814295891003, 4.604780554160094, 4.604762755907499], "test_loss": [4.599299926757812, 4.599227124023438, 4.599158551025391, 4.599091314697266, 4.599025299072266, 4.59895991821289, 4.598898358154297, 4.598838110351562, 4.598779034423828, 4.5987191589355465, 4.598658514404297, 4.598601818847656, 4.5985442138671875, 4.598491644287109, 4.598437744140625, 4.5983848510742185, 4.598329528808594, 4.598275830078125, 4.598224530029297, 4.5981718444824216, 4.598121575927735, 4.598069134521484, 4.598018493652344, 4.597968017578125, 4.597920111083984, 4.597868780517578, 4.597818676757813, 4.5977693420410155, 4.597721759033203, 4.597674267578125, 4.597629772949219, 4.597582891845703, 4.597534094238282, 4.597488305664062, 4.597438995361328, 4.597391723632812, 4.597342962646485, 4.597294927978516, 4.597246661376953, 4.597199694824218, 4.597149774169922, 4.597102575683594, 4.597055108642578, 4.597007391357422, 4.59695853881836, 4.596911981201172, 4.596862829589844, 4.596814294433594, 4.596763934326172, 4.596714593505859, 4.596662957763672, 4.59660947265625, 4.596557116699219, 4.596508148193359, 4.5964567016601565, 4.5964042175292965, 4.5963502075195315, 4.596294738769531, 4.59624150390625, 4.596186676025391, 4.596132971191406, 4.596078833007812, 4.596022399902344, 4.595963555908203, 4.595905212402344, 4.5958474975585935, 4.59578705444336, 4.595728369140625, 4.595666955566406, 4.595604260253906, 4.5955436950683595, 4.595477593994141, 4.595413488769531, 4.59534711303711, 4.595279937744141, 4.595213989257813, 4.595148516845703, 4.595075714111328, 4.5950029113769535, 4.594929724121093, 4.594855993652343, 4.594782330322266, 4.5947025146484375, 4.594624163818359, 4.594545208740234, 4.594468493652344, 4.594385876464844, 4.594301959228516, 4.594217401123047, 4.594130187988282, 4.594042999267578, 4.59395473022461, 4.593864208984375, 4.593769940185547, 4.593676672363281, 4.5935797607421875, 4.593482464599609, 4.593380615234375, 4.593277874755859, 4.593172332763672], "test_acc": [1.05, 1.02, 1.03, 0.99, 0.99, 1.01, 1.06, 1.08, 1.09, 1.07, 1.05, 1.05, 1.09, 1.11, 1.13, 1.09, 1.13, 1.1, 1.12, 1.12, 1.08, 1.09, 1.09, 1.04, 1.09, 1.1, 1.14, 1.17, 1.15, 1.19, 1.16, 1.19, 1.21, 1.22, 1.23, 1.25, 1.25, 1.22, 1.25, 1.26, 1.27, 1.29, 1.35, 1.35, 1.36, 1.36, 1.38, 1.41, 1.43, 1.46, 1.47, 1.48, 1.47, 1.46, 1.46, 1.47, 1.49, 1.5, 1.52, 1.49, 1.49, 1.5, 1.49, 1.49, 1.49, 1.47, 1.49, 1.47, 1.47, 1.48, 1.46, 1.47, 1.47, 1.46, 1.46, 1.46, 1.46, 1.47, 1.48, 1.48, 1.47, 1.47, 1.46, 1.48, 1.48, 1.49, 1.48, 1.48, 1.48, 1.48, 1.46, 1.49, 1.47, 1.46, 1.48, 1.46, 1.45, 1.44, 1.43, 1.42]}