{"train_loss": [4.6072706760504305, 4.6071434314434345, 4.607009244576479, 4.607058709707015, 4.606933539952987, 4.606882644310976, 4.606879576658591, 4.6068180414346545, 4.606740986995208, 4.606652665749574, 4.606576056358142, 4.606582359167246, 4.606406129934849, 4.6064377601330095, 4.606386747115698, 4.606349405875573, 4.606304811820006, 4.606219779528105, 4.606205215209569, 4.60615116021572, 4.606102336981357, 4.606040640366383, 4.605965243853055, 4.605949136538383, 4.605912176767985, 4.605810142174745, 4.605763475711529, 4.605730125231621, 4.605714930020846, 4.605647609172723, 4.605614122977624, 4.605544488857954, 4.605411897561489, 4.605384467198299, 4.605315769635714, 4.605316574145586, 4.605232335359622, 4.605159430626111, 4.605061828173124, 4.6050375583844305, 4.6049627438569685, 4.604902979043814, 4.604802775994325, 4.604727031023074, 4.604685549858289, 4.604617153069912, 4.60450289677351, 4.604439471318171, 4.604285861284305, 4.604267941988431, 4.604115226941231, 4.604047838846842, 4.603885672642634, 4.603834657180004, 4.603753026326498, 4.6036118250626785, 4.603498138525548, 4.603312021646744, 4.603201395426041, 4.603070448606442, 4.602978630554982, 4.602806587708302, 4.602668260916685, 4.602458413441976, 4.602260692302997, 4.6021055319370365, 4.602044505339403, 4.60171527618017, 4.601470979054769, 4.601204169102204, 4.601064878854996, 4.600786273907392, 4.600527024880433, 4.6002228431212595, 4.599955919461372, 4.59958078066508, 4.599391453082745, 4.5989479468419, 4.598625068175487, 4.598290708737496, 4.5977950438474995, 4.597659787153586, 4.5971691975226765, 4.596697074939043, 4.5962804293021176, 4.595810170051379, 4.595185431455954, 4.594897085581071, 4.594349392866477, 4.5938154403979965, 4.59336860485566, 4.5927279729109545, 4.592132454652052, 4.591545150218866, 4.5911380058679825, 4.590468802818886, 4.589969050578582, 4.5893813720116245, 4.588882407163962, 4.588170722814707], "test_loss": [4.599267578125, 4.599161181640625, 4.599058062744141, 4.598954919433594, 4.5988559204101565, 4.5987560791015625, 4.598658483886719, 4.598561865234375, 4.5984648498535154, 4.598368792724609, 4.598273358154297, 4.5981775085449215, 4.598082025146485, 4.597985607910156, 4.5978863952636715, 4.597789862060547, 4.597691857910156, 4.597593811035156, 4.597494915771485, 4.597394555664063, 4.597292346191407, 4.597186322021485, 4.597080572509766, 4.596973077392578, 4.596863970947266, 4.596753326416016, 4.596640014648438, 4.596525671386718, 4.596410681152344, 4.596292028808594, 4.596168804931641, 4.596042413330078, 4.595909765625, 4.5957789245605465, 4.595638958740234, 4.595497894287109, 4.595351141357422, 4.595203540039062, 4.595048352050782, 4.594893560791015, 4.594727447509766, 4.594555871582031, 4.594380462646485, 4.594199963378906, 4.594010211181641, 4.593818200683594, 4.5936138061523435, 4.593402740478516, 4.593177960205078, 4.592948168945313, 4.592703338623047, 4.592446514892578, 4.592172863769531, 4.5918927734375, 4.591599877929688, 4.591287957763672, 4.590960205078125, 4.590604791259766, 4.590238348388672, 4.5898470886230465, 4.589445635986328, 4.589013787841797, 4.5885619445800785, 4.588083544921875, 4.587570239257812, 4.587027435302734, 4.5864627685546875, 4.585853448486328, 4.585206164550781, 4.584516125488281, 4.583794500732422, 4.583028491210937, 4.582206298828125, 4.581336779785156, 4.580418975830078, 4.579431799316406, 4.578395477294922, 4.577290625, 4.576139935302734, 4.574903833007813, 4.573605078125, 4.57226474609375, 4.570831280517578, 4.569326647949219, 4.567757440185547, 4.566095428466797, 4.564334027099609, 4.56254169921875, 4.5606849670410154, 4.558732751464844, 4.556743780517579, 4.554705346679688, 4.55257465209961, 4.550409631347656, 4.548206195068359, 4.545974194335938, 4.5437611511230465, 4.541487646484375, 4.539259197998047, 4.536936273193359], "test_acc": [1.04, 1.04, 1.05, 1.01, 1.02, 1.06, 1.06, 1.07, 1.09, 1.11, 1.1, 1.11, 1.13, 1.13, 1.11, 1.14, 1.14, 1.16, 1.19, 1.2, 1.21, 1.21, 1.22, 1.22, 1.26, 1.31, 1.33, 1.37, 1.39, 1.43, 1.46, 1.5, 1.49, 1.51, 1.48, 1.5, 1.5, 1.51, 1.54, 1.56, 1.58, 1.57, 1.57, 1.58, 1.57, 1.6, 1.62, 1.64, 1.64, 1.64, 1.67, 1.72, 1.77, 1.78, 1.79, 1.82, 1.79, 1.81, 1.8, 1.77, 1.8, 1.78, 1.78, 1.76, 1.77, 1.78, 1.8, 1.8, 1.82, 1.81, 1.8, 1.8, 1.78, 1.85, 1.83, 1.88, 1.9, 1.92, 1.96, 1.95, 1.92, 1.94, 1.85, 1.76, 1.8, 1.8, 1.78, 1.79, 1.81, 1.86, 1.87, 1.86, 1.85, 1.84, 1.87, 1.88, 1.88, 1.9, 1.91, 1.93]}