{"train_loss": [4.607352504974757, 4.607305491276277, 4.607245540618896, 4.607227382904444, 4.6071646017906, 4.607143704096476, 4.607107362991724, 4.607053881425124, 4.607041470209757, 4.606996960517687, 4.606957845198802, 4.6069316387176515, 4.606899842237815, 4.606866475863335, 4.60684094673548, 4.6068226337432865, 4.606796690133902, 4.606768682675484, 4.6067444703517815, 4.606711792334532, 4.606693973296728, 4.606671975209163, 4.606648160249759, 4.606631568761972, 4.606605974833171, 4.606578633724115, 4.606572315020439, 4.606552286637135, 4.606524698550885, 4.6065046139252495, 4.606492992547842, 4.606458616256714, 4.606452460166736, 4.606428647652651, 4.606409233044356, 4.606392090137188, 4.6063751611954125, 4.606350017205263, 4.60634055748964, 4.6063094383631, 4.606314701911731, 4.606301061923688, 4.606275609823373, 4.606262918619009, 4.60625120309683, 4.606247127973116, 4.606219427402203, 4.606207713102683, 4.60617691553556, 4.606175058315962, 4.606167612320338, 4.606146047054193, 4.606137214562832, 4.606124742214496, 4.606115385202261, 4.606097771571233, 4.606087651619545, 4.60607454593365, 4.606056223160182, 4.606050595259055, 4.606031529108683, 4.6060200177706205, 4.606012778404431, 4.60599459868211, 4.605967250237098, 4.605978422898513, 4.605965487162272, 4.605940592594636, 4.605940359066694, 4.605935631042872, 4.6059200323545015, 4.60590388346941, 4.605893298907158, 4.60587877982702, 4.605868658652672, 4.605868048545641, 4.605852163754976, 4.60585809243031, 4.605837250978519, 4.605831152353531, 4.605816976840679, 4.605816951164832, 4.605792258335994, 4.605783521212064, 4.6057911579425515, 4.605777513063871, 4.605753902288583, 4.605763813165518, 4.605748127668332, 4.605754226293319, 4.605732103494497, 4.605713750154544, 4.605699063570071, 4.605696304027851, 4.605698043872149, 4.605688361632518, 4.605668477523021, 4.605654453619932, 4.605660271033263, 4.605645621128572], "test_loss": [4.599322509765625, 4.5992726257324215, 4.599225598144531, 4.599180267333985, 4.599136090087891, 4.599092492675782, 4.599051678466797, 4.599011853027344, 4.598972192382813, 4.598934576416015, 4.598896313476563, 4.598859582519531, 4.598823413085937, 4.598789764404297, 4.598755645751953, 4.598722692871093, 4.598689794921875, 4.598657641601562, 4.598625561523438, 4.598594000244141, 4.598564392089844, 4.598534228515625, 4.598505487060547, 4.598475323486328, 4.598447143554687, 4.598417565917969, 4.5983890625, 4.598361706542969, 4.598334411621094, 4.598307159423828, 4.5982806640625, 4.598253704833985, 4.598226983642578, 4.59820209350586, 4.598176123046875, 4.598149835205078, 4.598124725341797, 4.598099481201172, 4.598075250244141, 4.598050262451172, 4.598025860595703, 4.598001727294922, 4.597977093505859, 4.597951782226563, 4.597927587890625, 4.597903326416016, 4.597880847167969, 4.5978572631835934, 4.597834362792969, 4.597810754394532, 4.5977870544433594, 4.597763287353516, 4.597739672851563, 4.597716314697266, 4.597692913818359, 4.597670196533203, 4.5976478515625, 4.597624737548828, 4.597601678466797, 4.597579522705078, 4.597557586669922, 4.597535333251953, 4.597513970947266, 4.597492309570312, 4.59747085571289, 4.597448260498047, 4.5974269958496095, 4.597404528808593, 4.597382452392578, 4.597361804199219, 4.597340753173828, 4.597318328857422, 4.597296710205078, 4.5972735168457035, 4.597250854492187, 4.597229345703125, 4.5972075805664065, 4.597185382080078, 4.597163055419922, 4.597139721679688, 4.5971172973632815, 4.5970954406738285, 4.597073040771484, 4.597049578857422, 4.597026800537109, 4.597004376220703, 4.596982299804687, 4.596960998535156, 4.59693896484375, 4.596917120361328, 4.596894696044922, 4.59687236328125, 4.596850457763672, 4.59682685546875, 4.596804522705078, 4.596782250976562, 4.596760162353515, 4.596736572265625, 4.5967132873535155, 4.596689324951172], "test_acc": [1.07, 1.04, 1.03, 1.02, 0.99, 1.0, 0.99, 0.98, 0.98, 0.99, 0.99, 0.99, 1.0, 0.99, 0.99, 0.97, 0.99, 0.97, 0.96, 0.97, 0.97, 1.01, 1.0, 0.99, 1.01, 1.0, 1.0, 0.98, 1.02, 1.03, 1.05, 1.06, 1.06, 1.07, 1.05, 1.03, 1.04, 1.04, 1.04, 1.03, 1.01, 1.04, 1.08, 1.11, 1.12, 1.14, 1.15, 1.17, 1.17, 1.17, 1.17, 1.18, 1.19, 1.21, 1.2, 1.21, 1.22, 1.22, 1.24, 1.23, 1.24, 1.25, 1.25, 1.25, 1.25, 1.24, 1.26, 1.28, 1.27, 1.28, 1.31, 1.28, 1.29, 1.3, 1.31, 1.32, 1.33, 1.32, 1.33, 1.33, 1.33, 1.34, 1.35, 1.37, 1.38, 1.38, 1.4, 1.4, 1.39, 1.4, 1.41, 1.41, 1.41, 1.43, 1.42, 1.42, 1.44, 1.46, 1.47, 1.46]}