{"train_loss": [4.607299437889686, 4.607252153983483, 4.607222277078873, 4.6072053652543286, 4.607148968867767, 4.6071198646838845, 4.607044135607206, 4.607028638399564, 4.606994573886578, 4.606931683956049, 4.606903255902804, 4.606902387814644, 4.606821506451338, 4.606825684278439, 4.606778642458793, 4.6067756775097966, 4.606746002343985, 4.606744263722346, 4.606688455434946, 4.606641979706593, 4.606616878509522, 4.606605197221805, 4.606575935314863, 4.606556197924491, 4.606533747452956, 4.606522069833217, 4.60646879978669, 4.606455481358063, 4.606447806725135, 4.606410800493681, 4.60639324921828, 4.606360329114474, 4.606318905414679, 4.606313701776358, 4.606321530464368, 4.6062954389131985, 4.606260744730632, 4.606225694754185, 4.606249482815082, 4.606195800732344, 4.606212312747271, 4.6061420342861075, 4.60612800916036, 4.606108694810134, 4.606150673597287, 4.6060880037454455, 4.606115425550021, 4.606093835830689, 4.606062951454749, 4.606065445679885, 4.606031500987518, 4.606002382131723, 4.60600148103176, 4.606004514449682, 4.605982791460478, 4.605947617995433, 4.6059271641266655, 4.6059603776687235, 4.60591037212274, 4.6059233494294, 4.605898897464459, 4.605869800616533, 4.605875461529463, 4.605828738823915, 4.60581843547332, 4.6058223895537544, 4.605780550149771, 4.605812981189826, 4.605829966373933, 4.605808881612925, 4.605760646477724, 4.605746979591174, 4.60575773410308, 4.605678019156823, 4.605694604531313, 4.60569549707266, 4.605672951233693, 4.605661955857888, 4.605657015091333, 4.605649873537895, 4.605583857267331, 4.605610703199337, 4.605576881995568, 4.605596942168016, 4.605591764205541, 4.605555948844323, 4.605582849796002, 4.6055406289222915, 4.6055142720540365, 4.605549974930592, 4.605514109440339, 4.605495534799037, 4.605467711962186, 4.60548261373471, 4.605483266634819, 4.605454695530427, 4.605429783845559, 4.605435647719946, 4.605448254560813, 4.605424578984579], "test_loss": [4.599312878417969, 4.599257244873047, 4.599202575683594, 4.599149572753906, 4.5990982971191405, 4.599047778320313, 4.598999639892578, 4.598952166748047, 4.598907708740234, 4.598862786865235, 4.598817083740235, 4.598776727294922, 4.598736932373047, 4.59869877319336, 4.598657470703125, 4.598618853759765, 4.598582312011719, 4.598544738769531, 4.598506732177734, 4.5984696166992185, 4.598434387207031, 4.5983971557617185, 4.598362078857422, 4.598325079345703, 4.598291302490234, 4.598257629394531, 4.598223608398437, 4.598189587402344, 4.598157934570312, 4.598126232910157, 4.598093115234375, 4.598059411621094, 4.598027752685547, 4.597998681640625, 4.597967913818359, 4.597937890625, 4.597907141113281, 4.597875006103515, 4.5978431884765625, 4.597811071777344, 4.597778955078125, 4.597749298095703, 4.597718634033203, 4.59768696899414, 4.597655981445312, 4.597627160644532, 4.59759814453125, 4.597570196533203, 4.597539807128906, 4.597508801269531, 4.597480694580078, 4.597454028320312, 4.597423504638672, 4.597396130371094, 4.597364617919922, 4.597334735107422, 4.597305242919922, 4.5972744079589845, 4.597246185302734, 4.597217248535157, 4.5971893798828125, 4.597158435058594, 4.597129162597656, 4.5970998046875, 4.597071264648437, 4.597041076660156, 4.597010302734375, 4.596982360839844, 4.5969512756347655, 4.596923571777344, 4.596893481445313, 4.596863757324218, 4.596831506347656, 4.596800823974609, 4.596770977783203, 4.596740484619141, 4.596710913085937, 4.596680413818359, 4.596647338867188, 4.596616137695312, 4.5965831726074216, 4.596552288818359, 4.596521026611328, 4.596488488769531, 4.596456274414063, 4.596427648925781, 4.596396398925782, 4.5963628967285155, 4.596329077148438, 4.5962988403320315, 4.596265997314453, 4.596234088134765, 4.596197564697266, 4.596162438964844, 4.596130139160156, 4.596095379638672, 4.596061694335938, 4.596028619384765, 4.59599638671875, 4.595960552978515], "test_acc": [1.06, 1.04, 1.0, 0.99, 0.99, 0.99, 0.95, 0.95, 0.96, 0.91, 0.97, 0.98, 0.98, 0.97, 0.97, 0.99, 1.01, 1.03, 1.04, 1.06, 1.06, 1.05, 1.08, 1.13, 1.11, 1.13, 1.11, 1.11, 1.1, 1.09, 1.1, 1.12, 1.12, 1.11, 1.11, 1.13, 1.14, 1.14, 1.14, 1.14, 1.11, 1.11, 1.12, 1.13, 1.15, 1.17, 1.19, 1.18, 1.17, 1.17, 1.17, 1.19, 1.17, 1.22, 1.21, 1.2, 1.2, 1.18, 1.19, 1.21, 1.21, 1.24, 1.22, 1.23, 1.23, 1.23, 1.24, 1.26, 1.29, 1.32, 1.33, 1.34, 1.33, 1.33, 1.34, 1.36, 1.36, 1.37, 1.38, 1.37, 1.37, 1.39, 1.39, 1.37, 1.38, 1.39, 1.39, 1.41, 1.41, 1.43, 1.43, 1.45, 1.44, 1.46, 1.45, 1.45, 1.45, 1.51, 1.52, 1.54]}