{"train_loss": [4.6072799951602255, 4.607227435478797, 4.607159127944555, 4.607133766321035, 4.6070757731413225, 4.607037236140324, 4.607004642486572, 4.606959027510423, 4.606930535878891, 4.606863375199147, 4.6068326583275425, 4.606822916177603, 4.60674350689619, 4.6067196320264765, 4.606717054660503, 4.606691953463432, 4.606650560330122, 4.606623990719135, 4.606583530474932, 4.606558264218844, 4.606529572071174, 4.606502590423975, 4.6064729641645386, 4.6064502227000705, 4.606431278815636, 4.606398130074526, 4.606363331965911, 4.606344712086213, 4.606325626373291, 4.606301837089735, 4.606287124829414, 4.606257353073511, 4.606224119968903, 4.606203645314926, 4.6061936891995945, 4.606157474028758, 4.606143503922683, 4.606112242967654, 4.606096677291087, 4.606072273009863, 4.606052465927907, 4.60603429598686, 4.606005153900537, 4.605979725030752, 4.605975989806346, 4.605948208539914, 4.605924822733953, 4.605899385305551, 4.6058739503224695, 4.605863232490344, 4.605840516701723, 4.60580855516287, 4.605797048715445, 4.605783291352101, 4.6057704522059515, 4.605746205647787, 4.605711857477824, 4.6056998314001625, 4.605673896349393, 4.605659421284994, 4.60564262683575, 4.605623119305342, 4.605607992563492, 4.605572482867118, 4.605531907692933, 4.605527349618765, 4.6055183875255095, 4.605504216903295, 4.605478638869066, 4.605451999566494, 4.605432219383044, 4.605396829507289, 4.605390534034142, 4.6053513331291, 4.60532433680999, 4.605316927494147, 4.605320597917606, 4.605263203840989, 4.605261128988022, 4.605242090958815, 4.6051940856835785, 4.6052055982443, 4.605160072522286, 4.605136960592025, 4.605119368968865, 4.6050964844532505, 4.605066156387329, 4.605056074338082, 4.605019321197118, 4.605021064709394, 4.604962735298352, 4.604937467819605, 4.604910270984356, 4.604875011933156, 4.604863807482597, 4.604808767025287, 4.604797255687225, 4.604764906565348, 4.604755154634133, 4.604695113499959], "test_loss": [4.599299853515625, 4.599227014160157, 4.599156964111328, 4.599087951660156, 4.599021179199219, 4.598955187988281, 4.598892681884766, 4.598831097412109, 4.598771429443359, 4.598711737060547, 4.598652301025391, 4.5985940795898435, 4.598537115478516, 4.598481744384766, 4.598426092529297, 4.598371545410156, 4.598317303466797, 4.59826343383789, 4.598210638427735, 4.598156805419922, 4.5981035339355465, 4.598050708007812, 4.597999133300782, 4.597947241210938, 4.597896075439453, 4.5978443359375, 4.597792395019531, 4.597740002441406, 4.597688848876953, 4.597638189697266, 4.597588305664062, 4.597538439941406, 4.5974877746582035, 4.597438385009766, 4.597386157226563, 4.597335467529297, 4.597285369873047, 4.597235693359375, 4.597183776855469, 4.597132403564453, 4.597081024169922, 4.597028924560547, 4.596976489257813, 4.596923333740234, 4.596870599365235, 4.596815692138672, 4.596762542724609, 4.5967083984375, 4.596653588867188, 4.596598327636719, 4.596542364501953, 4.596485229492187, 4.596427770996094, 4.596371466064453, 4.596314642333985, 4.596256176757812, 4.596197009277343, 4.5961365234375, 4.596077331542968, 4.596015563964844, 4.595954876708984, 4.595893280029297, 4.595831140136719, 4.595767895507812, 4.595703259277344, 4.595637689208984, 4.595570971679687, 4.595504235839844, 4.595435101318359, 4.595364178466797, 4.5952932800292965, 4.5952206848144534, 4.5951475952148435, 4.5950719909667965, 4.59499580078125, 4.5949181518554685, 4.594840362548828, 4.594759729003906, 4.594677471923828, 4.594593688964844, 4.594510534667969, 4.5944256042480465, 4.594338604736328, 4.59424887084961, 4.59415874633789, 4.594065313720703, 4.593968096923828, 4.593870947265625, 4.593770874023438, 4.593670489501953, 4.593567260742187, 4.593463458251954, 4.593356787109375, 4.593246234130859, 4.5931339294433595, 4.59301689453125, 4.592898742675781, 4.5927768859863285, 4.592653308105469, 4.592526507568359], "test_acc": [1.06, 1.03, 1.02, 0.99, 0.97, 0.99, 1.0, 1.02, 1.02, 1.02, 1.01, 1.01, 1.02, 1.02, 1.07, 1.06, 1.07, 1.09, 1.09, 1.1, 1.13, 1.13, 1.11, 1.1, 1.13, 1.13, 1.14, 1.14, 1.15, 1.16, 1.19, 1.19, 1.2, 1.18, 1.2, 1.2, 1.21, 1.21, 1.21, 1.25, 1.26, 1.27, 1.27, 1.27, 1.28, 1.3, 1.33, 1.34, 1.34, 1.34, 1.36, 1.35, 1.36, 1.41, 1.43, 1.44, 1.45, 1.46, 1.48, 1.47, 1.46, 1.44, 1.44, 1.45, 1.45, 1.46, 1.46, 1.47, 1.47, 1.45, 1.45, 1.46, 1.47, 1.48, 1.48, 1.5, 1.5, 1.5, 1.51, 1.52, 1.5, 1.5, 1.5, 1.52, 1.54, 1.54, 1.55, 1.59, 1.57, 1.56, 1.6, 1.59, 1.58, 1.58, 1.61, 1.6, 1.6, 1.61, 1.58, 1.59]}