{"train_loss": [4.60739053946275, 4.607346702233339, 4.607301131272927, 4.607268871405186, 4.607226644418178, 4.607191780285958, 4.607154644452608, 4.607105365166297, 4.607079677092723, 4.607047134790665, 4.607013465196658, 4.606975436821962, 4.606946494029119, 4.606921774301774, 4.60690935697311, 4.606869340554262, 4.60685171347398, 4.606820871891119, 4.606796993353428, 4.6067682339594915, 4.606744799247155, 4.606727393468221, 4.606712785133949, 4.606684810687334, 4.606661921281081, 4.606635676897489, 4.606614056611672, 4.606597735331609, 4.606581149957119, 4.606583726100433, 4.606552861287043, 4.606536201330331, 4.6065117334708185, 4.606482657408103, 4.606486050287883, 4.606452790284768, 4.606452210744222, 4.606427746552687, 4.6064179237072285, 4.606407691270877, 4.606392666009756, 4.606369985678257, 4.606355882302308, 4.606335628949679, 4.606329033924983, 4.606314759376722, 4.606292224541688, 4.6062836084610375, 4.606263699898353, 4.606256297918466, 4.606247690396431, 4.606231642992069, 4.6062256140586655, 4.606201319816785, 4.606187783754789, 4.606188033177302, 4.60616705478766, 4.606171627533741, 4.606152226374699, 4.606144901422354, 4.606124033072056, 4.606119594818506, 4.606108444164961, 4.606090089602348, 4.6060829773927345, 4.606074756231063, 4.606065180362799, 4.606055954175118, 4.60604240099589, 4.606037197357569, 4.606017798643846, 4.6060128652132475, 4.606003941022433, 4.605995425199851, 4.605991241259453, 4.605981430640587, 4.605969556172689, 4.605960366664789, 4.6059562780918215, 4.605948185309385, 4.6059368072411955, 4.605926989286374, 4.605917162772936, 4.605917532016069, 4.605905408125658, 4.605888606340457, 4.605892187509781, 4.605883320783957, 4.60588089013711, 4.605871605261778, 4.605856460180038, 4.605845123682267, 4.605841806607368, 4.6058392060108675, 4.605832646443294, 4.605829573900271, 4.605815254113613, 4.605805492401123, 4.605809321770301, 4.605797570791], "test_loss": [4.5993341796875, 4.599295874023437, 4.599259753417969, 4.599224993896485, 4.599192254638672, 4.599160760498047, 4.599130841064453, 4.599101434326172, 4.599073266601563, 4.59904546508789, 4.599018872070313, 4.598993359375, 4.598968231201172, 4.598944342041015, 4.598919506835937, 4.5988966064453125, 4.598873620605469, 4.598851104736328, 4.598830004882813, 4.598808605957031, 4.598788366699218, 4.598767352294922, 4.598747344970703, 4.598728381347656, 4.598709368896484, 4.598690228271485, 4.598671612548828, 4.598653747558593, 4.598636663818359, 4.598619189453125, 4.598602374267578, 4.598585083007812, 4.598568023681641, 4.598550671386719, 4.598534173583984, 4.598518316650391, 4.598502600097656, 4.598486859130859, 4.598471350097657, 4.598455645751953, 4.598439379882812, 4.598424853515625, 4.598408996582031, 4.598394128417969, 4.59837914428711, 4.598364416503906, 4.598350189208984, 4.598337286376953, 4.598323620605469, 4.598310516357422, 4.598297729492187, 4.5982852478027345, 4.598271234130859, 4.59825922241211, 4.598246234130859, 4.59823324584961, 4.598220477294922, 4.598208435058594, 4.59819658203125, 4.598184362792969, 4.598172088623047, 4.5981602905273435, 4.5981488647460935, 4.5981369140625, 4.598125531005859, 4.598114233398437, 4.598102880859375, 4.598091076660157, 4.598079376220703, 4.598067523193359, 4.598056414794922, 4.598045581054688, 4.598034033203125, 4.598022955322266, 4.598011108398437, 4.5980004272460935, 4.597989428710937, 4.597978759765625, 4.597968212890625, 4.597956817626953, 4.597946173095703, 4.597935131835937, 4.597924377441406, 4.597914190673828, 4.597903112792968, 4.597892181396484, 4.597880932617188, 4.597870471191406, 4.59785966796875, 4.597849096679687, 4.597838842773437, 4.597828436279297, 4.597818286132813, 4.597808227539063, 4.597798272705078, 4.597788104248047, 4.5977783813476565, 4.597768280029297, 4.597758465576172, 4.597748773193359], "test_acc": [1.07, 1.03, 1.03, 0.99, 1.01, 0.99, 1.0, 0.99, 0.99, 0.95, 0.96, 0.95, 0.95, 0.94, 0.95, 0.97, 0.96, 0.94, 0.94, 0.95, 0.94, 0.94, 0.95, 0.94, 0.95, 0.95, 0.95, 0.96, 0.95, 0.96, 0.96, 0.96, 0.96, 0.96, 0.94, 0.93, 0.94, 0.94, 0.95, 0.95, 0.95, 0.94, 0.91, 0.91, 0.92, 0.94, 0.94, 0.94, 0.96, 0.95, 0.94, 0.94, 0.96, 0.96, 0.97, 0.98, 0.98, 1.01, 0.99, 0.99, 1.0, 1.02, 1.02, 1.05, 1.05, 1.05, 1.05, 1.04, 1.05, 1.08, 1.08, 1.08, 1.07, 1.06, 1.05, 1.06, 1.06, 1.06, 1.06, 1.07, 1.06, 1.08, 1.08, 1.08, 1.09, 1.09, 1.1, 1.1, 1.11, 1.11, 1.13, 1.13, 1.14, 1.14, 1.13, 1.14, 1.15, 1.14, 1.16, 1.17]}