{"train_loss": [4.607365230413584, 4.607311460299369, 4.607248435876309, 4.607214570656801, 4.60716063792889, 4.607136766727154, 4.607101096862402, 4.60705345593966, 4.607024236825796, 4.606970793161636, 4.606932245156703, 4.606926003480569, 4.606861339471279, 4.606851784388224, 4.606827523158147, 4.606804341536302, 4.606777534729395, 4.606746411934877, 4.606718488839957, 4.606684221365513, 4.606649580979958, 4.606646056052966, 4.606617674460778, 4.606599401816344, 4.606569905158801, 4.606555092640412, 4.6065148439162815, 4.6065078062888904, 4.606492000971085, 4.606470631330441, 4.6064684293208975, 4.606432615182339, 4.606403325154231, 4.6063809186984335, 4.606377734893408, 4.606346549743261, 4.606342643346542, 4.606309182827289, 4.606298372073051, 4.606281330646612, 4.606258189372527, 4.60624668659308, 4.606234285158989, 4.606205221322867, 4.606210011702317, 4.606176115916326, 4.60616648258307, 4.60615751070854, 4.60612763380393, 4.606117658126048, 4.606100127635858, 4.606079306969276, 4.606067382372343, 4.606068514554929, 4.606056283070491, 4.606033493922307, 4.606011300209241, 4.606002987348116, 4.605989930568597, 4.605986663622734, 4.605967330932617, 4.605951740802863, 4.605947542190552, 4.60592309389359, 4.605899502680852, 4.605897017014333, 4.605889860788981, 4.605874182627751, 4.6058619107955545, 4.605848427307912, 4.605820138637836, 4.605816014607748, 4.605811123970227, 4.605787881215414, 4.6057786097893345, 4.605769657477355, 4.605770792105259, 4.605741433608226, 4.605745749595838, 4.60573545113588, 4.60569599102705, 4.60570867122748, 4.60568459217365, 4.60568538078895, 4.605674389081123, 4.605664700728196, 4.605648600749481, 4.605645593007406, 4.605630189944536, 4.605630839176667, 4.6055963418422605, 4.605574089441544, 4.605578961739173, 4.605548563981667, 4.605567762179253, 4.605535391049507, 4.605538101685353, 4.605532235365647, 4.60551398839706, 4.605492368111244], "test_loss": [4.599314361572266, 4.599256671142578, 4.599201123046875, 4.599147741699219, 4.5990947814941405, 4.599044006347656, 4.598996276855469, 4.598949749755859, 4.598904034423828, 4.598859423828125, 4.598814361572265, 4.598771246337891, 4.598728503417969, 4.598687841796875, 4.598647546386719, 4.598607708740234, 4.598569226074218, 4.598530822753906, 4.598493035888672, 4.598454888916016, 4.598418481445313, 4.598381762695312, 4.598346252441406, 4.598310144042968, 4.598275256347656, 4.598239923095703, 4.59820464477539, 4.598169476318359, 4.598134942626953, 4.598102117919922, 4.598070178222656, 4.598037573242188, 4.598004156494141, 4.597971508789063, 4.597938458251953, 4.597905993652343, 4.597874255371094, 4.5978433166503905, 4.5978125427246095, 4.597781256103516, 4.597750280761718, 4.597719903564453, 4.597688739013672, 4.597657647705078, 4.597626641845703, 4.597596936035156, 4.597566662597656, 4.5975359985351565, 4.597505615234375, 4.597474676513672, 4.597443597412109, 4.597413494873047, 4.59738125, 4.597351165771484, 4.59732114868164, 4.597291455078125, 4.597260876464844, 4.597229486083984, 4.5971986633300785, 4.597168603515625, 4.597138726806641, 4.597108197021484, 4.597078002929687, 4.59704775390625, 4.597016607666015, 4.596984442138672, 4.596952807617187, 4.596921441650391, 4.596889624023437, 4.596857275390625, 4.5968254211425785, 4.596792456054687, 4.596760601806641, 4.59672749633789, 4.596695257568359, 4.596662719726562, 4.596630059814453, 4.596596392822265, 4.596562854003906, 4.59652939453125, 4.596495483398438, 4.596462023925781, 4.5964283386230465, 4.59639419555664, 4.596360150146484, 4.596325695800782, 4.596291107177734, 4.596257580566406, 4.596222668457031, 4.596187237548828, 4.596152075195312, 4.596116424560547, 4.596080297851563, 4.596043682861328, 4.596007373046875, 4.595969982910156, 4.595933325195312, 4.595895123291015, 4.595857562255859, 4.595818585205078], "test_acc": [1.07, 1.04, 1.03, 1.0, 0.99, 0.99, 0.98, 0.97, 1.0, 0.98, 0.99, 0.99, 1.0, 1.0, 1.0, 1.0, 1.0, 1.01, 1.02, 1.01, 1.02, 1.0, 0.98, 1.03, 1.05, 1.06, 1.09, 1.1, 1.1, 1.09, 1.09, 1.09, 1.08, 1.07, 1.06, 1.06, 1.02, 1.04, 1.04, 1.07, 1.07, 1.08, 1.08, 1.09, 1.14, 1.16, 1.21, 1.21, 1.23, 1.22, 1.23, 1.22, 1.21, 1.22, 1.24, 1.25, 1.25, 1.29, 1.3, 1.29, 1.28, 1.27, 1.28, 1.28, 1.3, 1.31, 1.32, 1.33, 1.34, 1.34, 1.34, 1.35, 1.37, 1.39, 1.4, 1.45, 1.47, 1.49, 1.46, 1.46, 1.49, 1.49, 1.48, 1.49, 1.49, 1.48, 1.48, 1.5, 1.5, 1.53, 1.55, 1.54, 1.55, 1.54, 1.54, 1.54, 1.52, 1.51, 1.51, 1.51]}