{"train_loss": [4.6072805820367275, 4.607239311169355, 4.607191957571568, 4.607171614964803, 4.607126391239655, 4.607097249153333, 4.607053922995543, 4.6069808470897184, 4.606964626067724, 4.6069321473439535, 4.606890573257055, 4.606836755459125, 4.606805842962021, 4.606786745022505, 4.606794683749859, 4.606731394009713, 4.6067262429457445, 4.606682131840633, 4.606658007548406, 4.606616531274257, 4.6065915254446175, 4.606579038424369, 4.6065780321757, 4.606534814834594, 4.606504904918181, 4.606462479860355, 4.606435047051845, 4.606427022738335, 4.606413445105919, 4.606446323639307, 4.606393134288298, 4.606375733400003, 4.60633176167806, 4.606277590531569, 4.606320887345534, 4.606250838744335, 4.606279283914811, 4.6062378467657625, 4.606234919719207, 4.6062262131617615, 4.606208175267929, 4.606177995143793, 4.606150842324281, 4.606120223265428, 4.606121555964152, 4.606108680138221, 4.606065206038646, 4.606065621742835, 4.606030114491781, 4.606029380896152, 4.606023289607122, 4.6060044899964945, 4.606000537138719, 4.605956362455319, 4.605932131791726, 4.605951576966506, 4.605911643688495, 4.6059440747285505, 4.6059080502925775, 4.605903718410394, 4.605860317670382, 4.6058684080075, 4.605859302863097, 4.605815186867347, 4.605810261995364, 4.6058013145740215, 4.605789068417671, 4.605779351943578, 4.6057555565467245, 4.6057499469854895, 4.605720768219386, 4.605717995227912, 4.6056977834457005, 4.60569007457831, 4.605692880581587, 4.605688461890588, 4.605662063451914, 4.605643939971924, 4.605651475221682, 4.605627386386578, 4.605617524416019, 4.605593662995559, 4.605588476474469, 4.6055985695276505, 4.60557119785211, 4.605533756353917, 4.605553433833978, 4.605536891252567, 4.605541660846808, 4.605525230750059, 4.6054963393089094, 4.605463558588273, 4.605472113535955, 4.6054672008905655, 4.605465388909364, 4.605460421244303, 4.605440378189087, 4.605407964266264, 4.605435375066904, 4.605404570163825], "test_loss": [4.599314379882813, 4.599255206298828, 4.599198669433593, 4.599142559814453, 4.599089569091797, 4.599038885498047, 4.5989904235839845, 4.598942864990234, 4.598896264648437, 4.598851226806641, 4.598805645751953, 4.598761419677734, 4.598716912841797, 4.598676190185547, 4.598631512451172, 4.598591876220703, 4.598551678466797, 4.598511840820312, 4.598474481201172, 4.598436065673829, 4.598399139404297, 4.5983617370605465, 4.598326000976562, 4.598290203857422, 4.598254278564453, 4.598217102050781, 4.59818076171875, 4.598145819091797, 4.598112426757813, 4.598077575683594, 4.5980440002441405, 4.5980111328125, 4.597975390625, 4.597941333007813, 4.597908435058594, 4.5978751953125, 4.597843249511719, 4.597810467529297, 4.597777593994141, 4.5977455993652345, 4.597712890625, 4.597681665039063, 4.597647607421875, 4.5976143676757815, 4.597581829833985, 4.597551483154297, 4.597520660400391, 4.597491198730469, 4.597460375976563, 4.597428973388672, 4.597397583007813, 4.5973677734375, 4.597336029052735, 4.597306604003906, 4.5972755432128904, 4.597244396972656, 4.597212872314453, 4.597182708740235, 4.597152154541016, 4.597120617675781, 4.597090380859375, 4.597059722900391, 4.59703060913086, 4.597000280761719, 4.596970050048828, 4.596939801025391, 4.5969094482421875, 4.596877661132813, 4.596846612548828, 4.596813323974609, 4.59678286743164, 4.596751556396485, 4.596718640136719, 4.596686212158203, 4.596654071044922, 4.596623870849609, 4.59659057006836, 4.596557360839844, 4.596524383544922, 4.596490185546875, 4.596456475830078, 4.596421270751953, 4.596387701416016, 4.59635283203125, 4.596317901611328, 4.596282708740234, 4.596245495605468, 4.596209094238281, 4.596172766113281, 4.596137841796875, 4.596102490234375, 4.596064611816407, 4.596028619384765, 4.595990295410156, 4.595953649902344, 4.595913995361328, 4.5958763732910155, 4.595836193847656, 4.595799017333984, 4.595760437011719], "test_acc": [1.07, 1.02, 1.01, 1.0, 1.0, 0.97, 0.99, 1.02, 1.0, 0.98, 0.98, 0.98, 0.96, 0.99, 1.03, 1.03, 1.06, 1.1, 1.09, 1.1, 1.09, 1.07, 1.09, 1.08, 1.1, 1.1, 1.11, 1.1, 1.09, 1.07, 1.06, 1.09, 1.1, 1.12, 1.14, 1.14, 1.13, 1.11, 1.12, 1.13, 1.16, 1.18, 1.19, 1.23, 1.26, 1.25, 1.27, 1.26, 1.27, 1.26, 1.26, 1.24, 1.24, 1.26, 1.26, 1.26, 1.29, 1.29, 1.29, 1.31, 1.34, 1.34, 1.34, 1.34, 1.33, 1.33, 1.37, 1.35, 1.33, 1.32, 1.33, 1.32, 1.32, 1.32, 1.35, 1.36, 1.38, 1.4, 1.4, 1.4, 1.42, 1.43, 1.43, 1.46, 1.46, 1.48, 1.48, 1.48, 1.48, 1.49, 1.48, 1.5, 1.51, 1.54, 1.53, 1.53, 1.53, 1.52, 1.52, 1.51]}