{"train_loss": [4.607299431776389, 4.607250220959003, 4.607181062453832, 4.607172859632052, 4.60709693859785, 4.607083842693231, 4.607045108844073, 4.606981535446949, 4.606977361287826, 4.606926364165086, 4.606879768616114, 4.60685494740804, 4.606820053931994, 4.606783762956277, 4.606756874231192, 4.606741122710399, 4.606713600647756, 4.606682219872108, 4.60665539472531, 4.606616148581872, 4.606600925249931, 4.606576289886084, 4.606551274275168, 4.606533549382136, 4.606505552927653, 4.60647019973168, 4.606470359900059, 4.606448870438796, 4.606415686240563, 4.606391285627316, 4.606383669682038, 4.606336319752229, 4.606334378169133, 4.6063076960734834, 4.606282424926758, 4.606261839010776, 4.606245441925831, 4.606210543559148, 4.606203534052923, 4.606159713940743, 4.606176899640988, 4.606160216453748, 4.606124667632274, 4.606111054542737, 4.606099630013491, 4.606097258054293, 4.606066925097735, 4.606048228190495, 4.6060070013388605, 4.606008019814125, 4.605998472067026, 4.60597054041349, 4.605962398724678, 4.605947784277109, 4.605937825716459, 4.605916864444048, 4.605906663796841, 4.605888543984829, 4.605861519544552, 4.605859894630236, 4.605833078042055, 4.605817496470916, 4.60580977782225, 4.605785374763684, 4.605748037191538, 4.605763896306356, 4.605749087455945, 4.605710632373125, 4.605713076469225, 4.605712275627332, 4.6056914745233, 4.605660083966377, 4.605654135728494, 4.6056235521267626, 4.605615415328589, 4.605620340200571, 4.605596468998836, 4.605598575640947, 4.605574297293638, 4.605556478255834, 4.605545097742326, 4.605545750642434, 4.605508907024677, 4.605491240819295, 4.605509646733602, 4.6054872219379135, 4.605450254831559, 4.605474853515625, 4.605443846873748, 4.605454442439935, 4.60541765384185, 4.605388009242523, 4.605370328365228, 4.605356981815436, 4.605364556190295, 4.6053458531697595, 4.605319658915202, 4.605288136311066, 4.605302943938818, 4.605272502165574], "test_loss": [4.5993105407714845, 4.599247937011719, 4.59918916015625, 4.5991315795898435, 4.599075518798828, 4.599019592285156, 4.5989670654296875, 4.598916296386719, 4.598865069580079, 4.598815948486328, 4.59876572265625, 4.598717456054687, 4.598670092773437, 4.598625915527344, 4.598580786132812, 4.59853676147461, 4.5984920837402345, 4.598448779296875, 4.598405615234375, 4.598362518310547, 4.59832144165039, 4.598280438232422, 4.598241430664062, 4.598199841308594, 4.598160339355469, 4.598118920898438, 4.598078662109375, 4.598039282226562, 4.598000701904297, 4.597961737060547, 4.597924670410157, 4.597886224365235, 4.597847991943359, 4.597811737060547, 4.597773718261719, 4.597735278320313, 4.597697833251953, 4.597660095214843, 4.597622381591797, 4.597584039306641, 4.597546691894531, 4.597509271240234, 4.597470776367188, 4.597432495117188, 4.597394989013672, 4.597356225585938, 4.5973209899902345, 4.597283349609375, 4.597246179199219, 4.597208337402344, 4.597170471191406, 4.597131494140625, 4.597093627929688, 4.59705625, 4.597018353271484, 4.596981079101562, 4.596944445800781, 4.596905841064453, 4.59686802368164, 4.596830615234375, 4.596792706298828, 4.596754870605468, 4.596716400146485, 4.596678271484375, 4.596639916992188, 4.596599890136718, 4.596560235595703, 4.596519195556641, 4.59647763671875, 4.596437670898437, 4.596397497558594, 4.596354675292969, 4.596313220214844, 4.596268890380859, 4.596226702880859, 4.596185906982422, 4.596142529296875, 4.596097222900391, 4.596052740478515, 4.596007000732422, 4.59596279296875, 4.595917761230469, 4.595872668457031, 4.595825549316406, 4.595779779052735, 4.595732543945313, 4.595684429931641, 4.595638983154297, 4.595591259765625, 4.595543969726562, 4.595495812988282, 4.5954461181640625, 4.595397424316406, 4.595345697021484, 4.5952946533203125, 4.5952427917480465, 4.595192260742188, 4.595138342285156, 4.595084918212891, 4.595030102539062], "test_acc": [1.07, 1.04, 1.01, 1.01, 0.99, 0.98, 1.02, 1.02, 1.0, 1.0, 1.02, 1.03, 1.06, 1.05, 1.05, 1.04, 1.02, 1.03, 1.05, 1.07, 1.05, 1.04, 1.03, 1.08, 1.1, 1.1, 1.09, 1.09, 1.08, 1.1, 1.1, 1.09, 1.1, 1.1, 1.14, 1.12, 1.14, 1.17, 1.2, 1.23, 1.22, 1.23, 1.23, 1.26, 1.28, 1.28, 1.28, 1.27, 1.28, 1.32, 1.33, 1.34, 1.35, 1.33, 1.38, 1.4, 1.39, 1.39, 1.39, 1.43, 1.43, 1.42, 1.39, 1.38, 1.39, 1.4, 1.41, 1.42, 1.44, 1.46, 1.45, 1.46, 1.47, 1.44, 1.44, 1.46, 1.45, 1.47, 1.48, 1.48, 1.48, 1.5, 1.5, 1.49, 1.49, 1.49, 1.49, 1.48, 1.52, 1.52, 1.52, 1.52, 1.53, 1.53, 1.53, 1.53, 1.53, 1.52, 1.5, 1.5]}