{"train_loss": [4.607034479043422, 4.606987025187566, 4.606822648415199, 4.60681166037535, 4.606689876165145, 4.60668450379983, 4.606616091116881, 4.606572595009437, 4.60649877572671, 4.6063726339584745, 4.60633028103755, 4.606326251152234, 4.6061451080517894, 4.6061576647636215, 4.606087017059326, 4.606079003749749, 4.6059606527670836, 4.605942856959808, 4.605881909835033, 4.6058051182673525, 4.6057004097180485, 4.605688952176999, 4.605598371456831, 4.60554234675872, 4.605465667675703, 4.605417691744291, 4.605314364800086, 4.605184877835788, 4.605202116110386, 4.605151107983711, 4.605065814042702, 4.604954400429359, 4.604866085297022, 4.604818959113879, 4.6047514719840805, 4.6045955523466455, 4.604536975958409, 4.604447143505781, 4.604384529896271, 4.604255222662902, 4.60416776339213, 4.604055364315326, 4.603918376335731, 4.603783068290124, 4.603740119934082, 4.603558905919393, 4.603418780595828, 4.603296178426498, 4.603081074739114, 4.603009260617769, 4.602805894460434, 4.602586952845256, 4.602396902671227, 4.602217168074388, 4.602027962757991, 4.601797486574222, 4.601469641465407, 4.6011746455461555, 4.60093733836443, 4.600629615783691, 4.600341776089791, 4.60003636555794, 4.5996506336407785, 4.5992514304625685, 4.598785862555871, 4.598414896696042, 4.598009263552152, 4.597516613740187, 4.596962366348658, 4.59631213530516, 4.595851036218496, 4.5951349881979136, 4.5945450758322695, 4.593800561856001, 4.593157478479239, 4.592481525127704, 4.5917579064002405, 4.5909377440428125, 4.590241476205679, 4.589307118684817, 4.5885969345386215, 4.588008814591628, 4.587011340948251, 4.586254218908457, 4.585519675719432, 4.58449732707097, 4.583752431624975, 4.582963227003049, 4.582106816462981, 4.5812935327872255, 4.580541982406225, 4.579812727219019, 4.579057933122684, 4.578005371338282, 4.5771575450897215, 4.576394320756961, 4.575541009658422, 4.574659673984234, 4.573965622828557, 4.573147933911055], "test_loss": [4.599255456542969, 4.599137536621094, 4.599022845458984, 4.5989081604003905, 4.598796594238281, 4.598683953857422, 4.598574395751953, 4.5984639709472654, 4.598355078125, 4.598244384765625, 4.5981303955078126, 4.598021228027344, 4.597909436035156, 4.597798614501953, 4.5976826782226565, 4.597567547607422, 4.597451385498047, 4.597333911132813, 4.5972134765625, 4.597092193603515, 4.596967047119141, 4.596840301513672, 4.596709185791016, 4.596576330566406, 4.5964396362304685, 4.596298803710938, 4.596151306152343, 4.596001513671875, 4.595850952148438, 4.595694879150391, 4.595534661865234, 4.5953664916992185, 4.595188739013672, 4.595013427734375, 4.5948258483886715, 4.594632769775391, 4.594431475830078, 4.5942200134277345, 4.594002502441406, 4.593770239257813, 4.593528247070313, 4.593272253417969, 4.593000250244141, 4.592716815185547, 4.592420318603516, 4.592101776123047, 4.591769537353516, 4.59141767578125, 4.59104437866211, 4.590647265625, 4.590213580322265, 4.58975458984375, 4.589251330566406, 4.588723809814453, 4.588165789794922, 4.587563311767578, 4.586909881591797, 4.586201446533203, 4.585456634521484, 4.584649114990234, 4.58377880859375, 4.582847900390625, 4.581842626953125, 4.580768212890625, 4.579603533935547, 4.578348425292969, 4.577017901611328, 4.575575970458984, 4.57403515625, 4.572358843994141, 4.570604010009766, 4.568710888671875, 4.566693725585938, 4.564545465087891, 4.562290496826172, 4.5599208923339845, 4.557450897216797, 4.554909503173828, 4.552330261230469, 4.549627789306641, 4.546951025390625, 4.544256921386719, 4.541501879882812, 4.538774615478515, 4.536014263916016, 4.533266381835937, 4.530473754882813, 4.52770591430664, 4.52494404296875, 4.522149108886719, 4.5194443969726565, 4.516728369140625, 4.513981219482422, 4.511257830810547, 4.508332977294922, 4.505541186523438, 4.5028584167480465, 4.499867736816406, 4.497083410644532, 4.494161328125], "test_acc": [1.04, 1.01, 1.0, 1.02, 1.03, 1.04, 1.09, 1.12, 1.12, 1.16, 1.16, 1.16, 1.17, 1.22, 1.23, 1.23, 1.27, 1.27, 1.29, 1.27, 1.27, 1.3, 1.27, 1.33, 1.37, 1.38, 1.39, 1.39, 1.39, 1.39, 1.42, 1.42, 1.42, 1.4, 1.43, 1.44, 1.44, 1.46, 1.48, 1.49, 1.49, 1.5, 1.49, 1.51, 1.51, 1.49, 1.51, 1.48, 1.51, 1.48, 1.47, 1.47, 1.46, 1.45, 1.42, 1.42, 1.47, 1.46, 1.47, 1.48, 1.51, 1.5, 1.51, 1.55, 1.57, 1.57, 1.6, 1.59, 1.59, 1.57, 1.6, 1.58, 1.57, 1.58, 1.62, 1.62, 1.69, 1.67, 1.7, 1.72, 1.76, 1.92, 1.95, 2.08, 2.11, 2.14, 2.17, 2.15, 2.18, 2.15, 2.2, 2.2, 2.3, 2.28, 2.35, 2.41, 2.49, 2.52, 2.63, 2.7]}