{"train_loss": [4.607302463971651, 4.60726117354173, 4.607214633012429, 4.607192352490547, 4.607148095888969, 4.6071182177617, 4.607076498178335, 4.607008634469448, 4.606990847220787, 4.606958653376653, 4.6069191394708096, 4.6068687915802, 4.606838741057959, 4.606818600189992, 4.606823408909333, 4.606764612442408, 4.606757382857494, 4.606716469006661, 4.606692503660153, 4.606654004561595, 4.606629456006564, 4.606616347875351, 4.606612507502238, 4.606573069401277, 4.606544814965663, 4.6065062718513685, 4.60648019864009, 4.6064704687167435, 4.6064566648923435, 4.606484052462456, 4.6064355361155975, 4.606418423774915, 4.6063795480972685, 4.606330375182323, 4.606365609780336, 4.606303845919095, 4.606326176570012, 4.6062884220710165, 4.606285093992184, 4.606276266391461, 4.606259119816316, 4.606230708880302, 4.606207170241919, 4.606178992833847, 4.606179379194211, 4.606165796671158, 4.606127175306662, 4.606125873174423, 4.606093697670179, 4.606092742773202, 4.606086542667486, 4.606068241901887, 4.606064444321852, 4.606024143023369, 4.606002986125457, 4.606019120338636, 4.605983589857052, 4.606010676652957, 4.605977960733267, 4.60597363618704, 4.6059349157871345, 4.605941425225674, 4.605931297938029, 4.605893269563333, 4.605889033048581, 4.605880659054487, 4.605869170946953, 4.605859882403642, 4.605838597126496, 4.605834912031125, 4.605807320276896, 4.605804700117845, 4.605787723492353, 4.6057799473786964, 4.605781189600626, 4.605775558031523, 4.605753251833794, 4.6057388268984285, 4.605744002415584, 4.605724393404447, 4.605713984905145, 4.605694378339328, 4.605687749080169, 4.605697256479508, 4.605673107734093, 4.605640737827008, 4.6056588295178535, 4.605645280006605, 4.605648317092505, 4.605633933727558, 4.605607987672855, 4.6055823485056555, 4.605587038627037, 4.605585045692248, 4.605582018387623, 4.6055798787337086, 4.605560230597471, 4.605534777274499, 4.605556182372264, 4.605529928207398], "test_loss": [4.599318286132813, 4.599263299560547, 4.599210754394531, 4.599159246826172, 4.599110400390625, 4.599063726806641, 4.599019116210937, 4.598975396728515, 4.598932214355469, 4.598890338134765, 4.598848931884766, 4.598808715820312, 4.598768444824219, 4.5987312194824215, 4.59869067993164, 4.59865474243164, 4.598618212890625, 4.598581610107422, 4.59854755859375, 4.59851284790039, 4.598479504394532, 4.598445440673828, 4.598413775634766, 4.598382043457031, 4.598349969482422, 4.598316302490234, 4.598284051513672, 4.598253137207031, 4.598223425292969, 4.598192596435547, 4.598161828613281, 4.59813271484375, 4.598101843261719, 4.598071099853516, 4.598041949462891, 4.598012609863281, 4.597985003662109, 4.5979568359375, 4.597928723144531, 4.597900244140625, 4.597871862792969, 4.597845343017578, 4.597816491699219, 4.597787951660156, 4.597760186767578, 4.597734069824218, 4.597707275390625, 4.597681909179688, 4.597655895996094, 4.597629040527344, 4.597602362060547, 4.597577294921875, 4.5975505676269535, 4.597525750732422, 4.597499243164062, 4.597473229980468, 4.597447857666015, 4.597422662353516, 4.597396789550781, 4.597370776367187, 4.597345251464843, 4.597320727539063, 4.597298004150391, 4.597272631835938, 4.597248315429687, 4.597224237060547, 4.597199237060547, 4.597173681640625, 4.597148107910156, 4.597120715332031, 4.59709619140625, 4.597071105957031, 4.597043829345703, 4.597017681884766, 4.59699105834961, 4.596966748046875, 4.596941644287109, 4.596915112304687, 4.5968888488769535, 4.596860559082031, 4.596833837890625, 4.596805737304687, 4.596778436279297, 4.596751440429688, 4.596723645019531, 4.5966967163085934, 4.596668334960937, 4.596639599609375, 4.596611749267578, 4.596584539794922, 4.596557727050781, 4.5965300537109375, 4.596502850341797, 4.596473431396484, 4.5964465393066405, 4.596416857910156, 4.596389416503906, 4.596360601806641, 4.596333087158203, 4.59630385131836], "test_acc": [1.07, 1.03, 1.01, 1.0, 1.01, 0.97, 0.99, 1.02, 1.01, 0.98, 0.96, 0.96, 0.97, 0.96, 0.98, 1.01, 1.03, 1.04, 1.08, 1.11, 1.1, 1.08, 1.09, 1.09, 1.08, 1.08, 1.09, 1.1, 1.11, 1.1, 1.08, 1.09, 1.09, 1.08, 1.08, 1.09, 1.08, 1.06, 1.07, 1.08, 1.08, 1.09, 1.14, 1.16, 1.18, 1.17, 1.17, 1.17, 1.2, 1.24, 1.26, 1.25, 1.23, 1.23, 1.23, 1.25, 1.26, 1.27, 1.27, 1.27, 1.28, 1.28, 1.29, 1.3, 1.33, 1.33, 1.33, 1.32, 1.33, 1.31, 1.31, 1.31, 1.31, 1.33, 1.35, 1.37, 1.39, 1.42, 1.42, 1.42, 1.42, 1.41, 1.43, 1.42, 1.42, 1.41, 1.42, 1.44, 1.46, 1.48, 1.47, 1.45, 1.48, 1.49, 1.49, 1.51, 1.51, 1.52, 1.52, 1.53]}