{"train_loss": [4.607153421793228, 4.607073838894184, 4.60695637189425, 4.60694897602766, 4.606833435938909, 4.606787350238898, 4.606740341431055, 4.606658458709717, 4.606615257263184, 4.606500712419168, 4.606438125708165, 4.606432705659133, 4.606290698662782, 4.606265562008589, 4.606254655886919, 4.606206324161628, 4.606128904147026, 4.606069530584874, 4.6060022904322695, 4.605926282589252, 4.605868339538574, 4.60583087847783, 4.605757786677434, 4.6056900537931, 4.605634159919543, 4.605561224619548, 4.605475044250488, 4.605417360403599, 4.605383857091268, 4.605303046642206, 4.605247974395752, 4.605152901625022, 4.605052502950032, 4.605003200433193, 4.604916730293861, 4.604812785906669, 4.6047552964626215, 4.604660858252109, 4.604558999721821, 4.604480787423941, 4.6043651336278675, 4.604263300773425, 4.6041490567036165, 4.604023005412175, 4.603943300247193, 4.603789245165311, 4.603664412865272, 4.6035345933376215, 4.603348835920676, 4.603235886647151, 4.603032994881654, 4.602836479284824, 4.6026724766462275, 4.602523152033488, 4.602311556155865, 4.602079974688016, 4.6018111400115185, 4.601558192571004, 4.601310333838829, 4.6010253771757466, 4.600776149065067, 4.600454636109181, 4.6001026728214365, 4.599719256621141, 4.59926657187633, 4.5989130778190415, 4.598570915368887, 4.598050237313295, 4.597531283207429, 4.596933202254466, 4.596471711916801, 4.595836187020327, 4.595271131319877, 4.5945169094281315, 4.593855816278702, 4.593188622058967, 4.5925401809888005, 4.591651887160081, 4.591015117596357, 4.5901515826200825, 4.589444945408748, 4.5887196491926145, 4.587829501812275, 4.58705991598276, 4.58634317104633, 4.5853890272287225, 4.58465871933179, 4.5839370800898624, 4.583106561807486, 4.5823008916316885, 4.581563888451992, 4.580787229537964, 4.580037851822682, 4.579129462364392, 4.578341800738603, 4.57757878058996, 4.576769726092999, 4.57592108922127, 4.5752484138195335, 4.574367315341265], "test_loss": [4.599256774902344, 4.599139166259766, 4.599023791503906, 4.5989080078125, 4.5987960083007815, 4.598684063720703, 4.598574725341797, 4.598464630126953, 4.598354467773437, 4.598245874023437, 4.598134197998047, 4.598023815917969, 4.597912945556641, 4.597802905273437, 4.597688946533203, 4.5975765563964845, 4.597461639404297, 4.597345190429688, 4.597226574707031, 4.5971057495117185, 4.596982000732422, 4.596856640625, 4.596728552246094, 4.596597509765625, 4.596462677001953, 4.5963248046875, 4.5961822998046875, 4.596035559082031, 4.595885144042969, 4.595730310058594, 4.5955708190917965, 4.595405932617187, 4.595234936523437, 4.595061590576172, 4.594877465820312, 4.594686767578125, 4.594488494873047, 4.594282489013672, 4.594067718505859, 4.5938436157226565, 4.593605670166015, 4.593356677246094, 4.593092852783204, 4.592813354492187, 4.592521984863281, 4.592212036132812, 4.591888537597656, 4.591547796630859, 4.591180383300781, 4.5907948913574215, 4.59037689819336, 4.5899323608398435, 4.589460369873047, 4.588962268066406, 4.58842583618164, 4.587852252197266, 4.587232885742187, 4.586563946533203, 4.585853564453125, 4.585082427978516, 4.584263153076172, 4.583380950927735, 4.582430572509765, 4.581410314941406, 4.580308026123046, 4.579123309326172, 4.577867926025391, 4.576500305175781, 4.575029528808594, 4.573436987304688, 4.571753070068359, 4.569946057128906, 4.568010150146485, 4.565938690185547, 4.563755895996094, 4.561467620849609, 4.559079730224609, 4.556588519287109, 4.554061804199219, 4.551435089111328, 4.548813635253906, 4.54615068359375, 4.543420318603515, 4.540698822021485, 4.538013751220703, 4.535277947998047, 4.532529968261719, 4.52982890625, 4.527141650390625, 4.524471441650391, 4.52176484375, 4.519107244873047, 4.516457006835937, 4.513781494140625, 4.510998095703125, 4.508203155517578, 4.505566510009766, 4.502671978759766, 4.499992510986328, 4.497087036132813], "test_acc": [1.04, 1.04, 1.02, 1.01, 1.04, 1.03, 1.06, 1.09, 1.11, 1.16, 1.17, 1.2, 1.19, 1.25, 1.23, 1.24, 1.24, 1.29, 1.33, 1.34, 1.35, 1.4, 1.43, 1.46, 1.46, 1.49, 1.49, 1.54, 1.53, 1.55, 1.58, 1.59, 1.57, 1.56, 1.52, 1.54, 1.54, 1.54, 1.52, 1.52, 1.52, 1.55, 1.54, 1.52, 1.51, 1.51, 1.54, 1.55, 1.56, 1.58, 1.59, 1.59, 1.6, 1.59, 1.58, 1.6, 1.59, 1.59, 1.61, 1.59, 1.57, 1.58, 1.59, 1.6, 1.57, 1.6, 1.61, 1.63, 1.6, 1.62, 1.59, 1.58, 1.59, 1.64, 1.61, 1.68, 1.72, 1.81, 1.95, 1.98, 2.02, 2.02, 1.98, 2.03, 2.05, 2.1, 2.11, 2.16, 2.26, 2.28, 2.27, 2.32, 2.31, 2.38, 2.42, 2.42, 2.44, 2.53, 2.56, 2.58]}