{"train_loss": [4.607373332977295, 4.6073334265977905, 4.607260002234043, 4.607244651745527, 4.60718560341077, 4.607144927978515, 4.607091060051551, 4.607063722610474, 4.6070365807948965, 4.6069758782019985, 4.606940525006025, 4.606929013667963, 4.606838844984006, 4.606830418415559, 4.606826112209222, 4.606798680623372, 4.60675405844664, 4.606727466827784, 4.606703931857378, 4.60666446685791, 4.6066422120118755, 4.606604715494009, 4.606584787368774, 4.606558568661029, 4.606544124163114, 4.606504857234466, 4.6064750512441, 4.60645231344761, 4.606447546298687, 4.606419910528721, 4.606406332896306, 4.606365433717385, 4.606336851609059, 4.606323266640688, 4.606304732347146, 4.606281610635611, 4.606263635097406, 4.606244771908491, 4.606231160041613, 4.6062028481410096, 4.606173871113704, 4.606163013898409, 4.606135320663452, 4.606114940154247, 4.606114032940987, 4.60607454593365, 4.606064644837991, 4.6060363329373875, 4.606014371529604, 4.606002669456678, 4.605984976352789, 4.6059566558935705, 4.605937417348226, 4.605936379310412, 4.605919072566889, 4.60589684461936, 4.6058566252390545, 4.605857329490857, 4.605840726999136, 4.605825128310766, 4.605811221782978, 4.6057848673600414, 4.6057829783513, 4.605745638333834, 4.605708286089775, 4.605711320730356, 4.60570281346639, 4.605691857215685, 4.605659311245649, 4.60565213056711, 4.60561902217376, 4.605595485980694, 4.605594045687944, 4.605556376775106, 4.605538239845862, 4.605530709486741, 4.605540724289723, 4.605473979314168, 4.6054880264477855, 4.6054827286646915, 4.605438923224424, 4.605428512279804, 4.605398162206014, 4.605406006788596, 4.605381796910213, 4.605363949751243, 4.605327337216108, 4.605334484882844, 4.605306235337869, 4.605287529872014, 4.605265679726234, 4.6052375072088, 4.6052196991749295, 4.605189883403289, 4.605193407107622, 4.6051445569747536, 4.605135938448783, 4.605116715798011, 4.6051042935787105, 4.605057545197316], "test_loss": [4.599303997802735, 4.599235809326172, 4.599170391845703, 4.599106695556641, 4.599044384765625, 4.598983624267579, 4.5989263671875, 4.598870587158203, 4.59881650390625, 4.598762872314453, 4.598707940673828, 4.598654125976562, 4.59860166015625, 4.598551342773438, 4.598500598144531, 4.598451263427735, 4.598402734375, 4.598354016113281, 4.5983063415527345, 4.598257897949218, 4.598210607910156, 4.598163256835938, 4.598115887451172, 4.598069598388672, 4.598023394775391, 4.597977136230469, 4.597930737304687, 4.597885235595703, 4.597840344238281, 4.5977954650878905, 4.597751843261719, 4.5977078125, 4.597662915039063, 4.597619604492188, 4.597573992919922, 4.597529913330078, 4.5974861511230465, 4.5974431640625, 4.597399401855469, 4.597355413818359, 4.5973110778808595, 4.5972672424316405, 4.597222589111328, 4.597178381347656, 4.597133697509766, 4.597087982177734, 4.597044116210937, 4.596999261474609, 4.5969536437988285, 4.5969073181152345, 4.596860369873047, 4.596813604736328, 4.5967653930664065, 4.596718658447266, 4.596671826171875, 4.596625030517578, 4.5965779296875, 4.596528527832032, 4.596480108642578, 4.596431262207031, 4.596381372070312, 4.596332543945312, 4.596281750488282, 4.596231298828125, 4.5961791625976565, 4.5961271606445315, 4.596073577880859, 4.596020739746094, 4.595965631103516, 4.595910925292968, 4.595856536865234, 4.59579966430664, 4.595743603515625, 4.595685791015625, 4.595628509521484, 4.595570031738281, 4.595512109375, 4.595451165771484, 4.595390209960938, 4.595327416992188, 4.595265435791015, 4.5952015625, 4.595137524414063, 4.595072271728515, 4.595007281494141, 4.594939086914063, 4.5948690490722655, 4.594799743652343, 4.594728448486328, 4.594656866455078, 4.5945833312988285, 4.594509130859375, 4.594433038330078, 4.594355212402344, 4.594277447509765, 4.594195989990235, 4.5941135070800785, 4.59403060913086, 4.593946728515625, 4.593860668945313], "test_acc": [1.08, 1.03, 1.02, 0.99, 0.98, 1.0, 0.99, 1.01, 1.02, 1.0, 0.99, 1.01, 1.0, 1.02, 1.04, 1.03, 1.04, 1.05, 1.08, 1.09, 1.1, 1.09, 1.13, 1.12, 1.12, 1.14, 1.14, 1.15, 1.15, 1.16, 1.16, 1.16, 1.16, 1.19, 1.18, 1.19, 1.17, 1.17, 1.17, 1.18, 1.19, 1.18, 1.19, 1.2, 1.2, 1.24, 1.24, 1.23, 1.22, 1.23, 1.25, 1.26, 1.26, 1.27, 1.31, 1.33, 1.34, 1.35, 1.37, 1.41, 1.42, 1.44, 1.43, 1.46, 1.47, 1.47, 1.48, 1.48, 1.5, 1.51, 1.51, 1.51, 1.5, 1.52, 1.51, 1.5, 1.5, 1.49, 1.49, 1.49, 1.49, 1.48, 1.46, 1.46, 1.46, 1.45, 1.47, 1.47, 1.46, 1.47, 1.47, 1.49, 1.48, 1.48, 1.49, 1.47, 1.47, 1.47, 1.47, 1.48]}