{"train_loss": [4.607469525704017, 4.6073918929466835, 4.607300983331142, 4.607285450666379, 4.60721139663305, 4.607178867780245, 4.607102561608339, 4.607045381497114, 4.607016221070901, 4.606954677288349, 4.606893748503465, 4.606878665777353, 4.606794145779732, 4.6067711145449906, 4.606777100685315, 4.606713561522655, 4.606682893557426, 4.606666704324575, 4.606630215278039, 4.606543965217394, 4.606571067907871, 4.606486573586097, 4.6064701569386015, 4.606459226363745, 4.606445023952387, 4.606396536949354, 4.606322227380215, 4.606289235139505, 4.606243304717235, 4.606245670563135, 4.606261526009975, 4.606230077988062, 4.606173329475599, 4.606127542104477, 4.606086661265446, 4.606038757470938, 4.60603652489491, 4.605967024045113, 4.6060074366056005, 4.605941844597841, 4.605931228246444, 4.6058876392168875, 4.605883573874449, 4.605781781367766, 4.605764990586501, 4.605852843553592, 4.605726272631914, 4.605690393692408, 4.605627161417252, 4.605689998773428, 4.605660824897962, 4.60552889628288, 4.605565016086285, 4.60556786488264, 4.605535883781237, 4.605435379957542, 4.6054133879832735, 4.605407425073477, 4.605387451709845, 4.605371679403843, 4.605331228940915, 4.605352204885238, 4.6052498230567345, 4.605228886237511, 4.60517528851827, 4.605173641596085, 4.605137063295413, 4.605049008589525, 4.605042303525485, 4.6050077218275804, 4.605033006423559, 4.604973105895214, 4.60490363805722, 4.604868715237348, 4.604832945114527, 4.604824294799413, 4.604837642571865, 4.604658433718559, 4.604664035943839, 4.604691097063896, 4.604631833541087, 4.604580242205889, 4.6045047588837456, 4.6044938063010195, 4.604437180054494, 4.604414778489333, 4.604401971132328, 4.604392522420639, 4.604336009881435, 4.604283923369188, 4.604218299572285, 4.604190564766908, 4.604085617799026, 4.604042788040943, 4.604010661443074, 4.603945988875169, 4.603934691502498, 4.603821217708099, 4.603759739949153, 4.603719018055842], "test_loss": [4.599290551757813, 4.599208264160156, 4.599130590820312, 4.599054412841797, 4.598979168701172, 4.598903723144531, 4.598833386230469, 4.598764752197265, 4.598695721435547, 4.598626135253906, 4.5985558959960935, 4.598489453125, 4.598422698974609, 4.598360461425782, 4.598295611572266, 4.598232946777344, 4.598167681884766, 4.598103283691406, 4.598041967773438, 4.597979870605469, 4.597918859863281, 4.5978557434082035, 4.5977955810546876, 4.597733642578125, 4.597674572753906, 4.597611419677734, 4.597549847412109, 4.59748755493164, 4.597427380371093, 4.597368951416016, 4.597311163330078, 4.597251226806641, 4.597189831542969, 4.597132342529297, 4.597068341064453, 4.597005834960937, 4.5969439758300785, 4.596880767822266, 4.596816998291016, 4.596753234863281, 4.596686987304688, 4.596623022460937, 4.596557177734375, 4.596492602539063, 4.596426519775391, 4.596362048339844, 4.596293853759765, 4.596226831054688, 4.596154455566406, 4.596084918212891, 4.596013110351563, 4.595938458251953, 4.595862689208984, 4.595790234375, 4.595714276123047, 4.595635583496094, 4.595554736328125, 4.595472894287109, 4.595392352294922, 4.595308978271484, 4.595225354003906, 4.595139849853515, 4.595050482177735, 4.5949564453125, 4.594859100341797, 4.594765740966797, 4.5946654602050785, 4.594565167236328, 4.594462109375, 4.594356628417969, 4.5942514038085935, 4.59413994140625, 4.594027514648437, 4.593911383056641, 4.593791864013672, 4.593673413085938, 4.593556384277344, 4.593427941894531, 4.593297351074218, 4.593164978027343, 4.593030090332031, 4.592892572021484, 4.59274526977539, 4.592598388671875, 4.592445483398437, 4.592293432617187, 4.592131726074219, 4.591968804931641, 4.591801098632812, 4.591625573730469, 4.591449908447266, 4.59126767578125, 4.591081475830078, 4.590886218261719, 4.590689819335937, 4.590483734130859, 4.590273272705078, 4.590051983642578, 4.589826531982422, 4.589595959472656], "test_acc": [1.05, 1.02, 1.01, 1.0, 1.0, 1.05, 1.08, 1.1, 1.09, 1.11, 1.12, 1.12, 1.12, 1.12, 1.15, 1.13, 1.13, 1.13, 1.1, 1.09, 1.12, 1.16, 1.17, 1.17, 1.19, 1.2, 1.22, 1.2, 1.22, 1.24, 1.21, 1.22, 1.2, 1.21, 1.27, 1.29, 1.28, 1.3, 1.31, 1.31, 1.33, 1.39, 1.4, 1.44, 1.45, 1.48, 1.49, 1.48, 1.47, 1.46, 1.48, 1.47, 1.45, 1.44, 1.42, 1.42, 1.4, 1.4, 1.39, 1.39, 1.41, 1.42, 1.42, 1.42, 1.42, 1.43, 1.44, 1.44, 1.44, 1.42, 1.43, 1.41, 1.4, 1.38, 1.36, 1.36, 1.36, 1.36, 1.36, 1.37, 1.35, 1.37, 1.35, 1.34, 1.34, 1.33, 1.34, 1.35, 1.35, 1.34, 1.34, 1.35, 1.37, 1.39, 1.4, 1.38, 1.38, 1.39, 1.38, 1.37]}