{"train_loss": [4.60725695169889, 4.607249086331098, 4.6070903778076175, 4.60709625024062, 4.606999166195209, 4.606976353816497, 4.606967386832604, 4.606882198040302, 4.606854541485126, 4.606756831438114, 4.60671745569278, 4.606716344295404, 4.606576851086738, 4.606587588481414, 4.60658659079136, 4.60655109332158, 4.606483508379031, 4.606443544534536, 4.606409873717871, 4.60635511080424, 4.606326226699046, 4.606292368815495, 4.6062686969072395, 4.606190210733658, 4.606186127051329, 4.60613753367693, 4.606087418091603, 4.60607032653613, 4.606040993714944, 4.605987421671549, 4.606008045489972, 4.605912022712904, 4.605876541137695, 4.605851513300187, 4.605832606095534, 4.605784792777819, 4.605775900376149, 4.6056954652835165, 4.605675627635075, 4.6056344423538595, 4.605597755236503, 4.605543893422836, 4.605545410743127, 4.605481636829865, 4.6054920147626826, 4.605418310409937, 4.605387564194508, 4.605313779146243, 4.605325624270317, 4.605254463049081, 4.605199976456471, 4.605124864822779, 4.605094905999991, 4.605093717575073, 4.605051176364605, 4.605000399320554, 4.604906264329568, 4.604888776632456, 4.604860196969448, 4.604776532833393, 4.604759205304659, 4.604699381803855, 4.604649173296415, 4.604554336498945, 4.604489205433772, 4.604453577139439, 4.604424782288381, 4.604350489836473, 4.604284795125325, 4.604175953987317, 4.604180155044947, 4.604073777565589, 4.60403875204233, 4.6039151827494305, 4.603816871154002, 4.603787507766333, 4.603773651367579, 4.603604476879805, 4.6035767237345375, 4.603460975793692, 4.603388163982293, 4.603321606073624, 4.603178713871882, 4.603084621673975, 4.602989981724666, 4.6028781475164955, 4.602741318482619, 4.602649353712033, 4.6024888258713945, 4.602411953608195, 4.602250644488213, 4.602111608554155, 4.601917018645849, 4.601799090703328, 4.601656199724246, 4.601481396112686, 4.6014170047564384, 4.601191151447785, 4.601093513537676, 4.600839786040477], "test_loss": [4.599280944824219, 4.599189630126953, 4.599099249267578, 4.599010577392578, 4.598924188232422, 4.5988392272949215, 4.598758349609375, 4.598676605224609, 4.598595599365234, 4.598515142822266, 4.598433911132813, 4.598355474853515, 4.598277404785156, 4.598201055908203, 4.598122680664063, 4.5980477661132815, 4.597970434570312, 4.597894805908203, 4.59781806640625, 4.597739685058594, 4.597661535644531, 4.59758505859375, 4.597509326171875, 4.597430859375, 4.5973521484375, 4.597271673583984, 4.59719028930664, 4.597109149169922, 4.59702836303711, 4.596944909667969, 4.596863665771484, 4.59677904663086, 4.596695434570313, 4.596611492919922, 4.596522064208984, 4.596433038330078, 4.5963439331054685, 4.596253918457031, 4.596161767578125, 4.596069006347657, 4.595971612548828, 4.595873150634765, 4.595776373291016, 4.595673706054687, 4.595572540283203, 4.595468939208985, 4.595362878417968, 4.595255419921875, 4.5951443237304685, 4.595032104492187, 4.594915856933594, 4.594793414306641, 4.5946702392578125, 4.594545202636719, 4.5944159362792965, 4.594283020019531, 4.594145642089844, 4.59400288696289, 4.593857556152344, 4.593707446289063, 4.5935554077148435, 4.59339750366211, 4.5932328918457035, 4.593064324951172, 4.592887084960937, 4.592705133056641, 4.592519152832031, 4.592326293945312, 4.592124694824219, 4.591912182617188, 4.591697888183594, 4.591471948242187, 4.591237567138672, 4.590993640136719, 4.590737799072266, 4.590473596191406, 4.590199810791016, 4.589907415771484, 4.5896092163085935, 4.589293090820313, 4.588968676757813, 4.588630419921875, 4.588273376464843, 4.587899627685547, 4.587508819580078, 4.587097412109375, 4.586664666748047, 4.586218041992187, 4.58574476928711, 4.585256958007813, 4.584739056396485, 4.584206628417968, 4.583638763427734, 4.5830538452148435, 4.582440893554687, 4.581804357910157, 4.581147644042969, 4.580459271240234, 4.5797468933105465, 4.578998669433593], "test_acc": [1.04, 1.02, 1.02, 1.0, 1.01, 1.04, 1.04, 1.06, 1.05, 1.08, 1.09, 1.08, 1.12, 1.12, 1.1, 1.12, 1.1, 1.09, 1.08, 1.13, 1.12, 1.15, 1.17, 1.14, 1.18, 1.17, 1.17, 1.17, 1.16, 1.17, 1.19, 1.18, 1.22, 1.24, 1.27, 1.28, 1.25, 1.26, 1.27, 1.3, 1.33, 1.34, 1.37, 1.37, 1.35, 1.35, 1.35, 1.36, 1.35, 1.36, 1.36, 1.35, 1.36, 1.38, 1.44, 1.44, 1.44, 1.45, 1.46, 1.46, 1.45, 1.45, 1.43, 1.41, 1.41, 1.41, 1.42, 1.41, 1.42, 1.41, 1.4, 1.4, 1.4, 1.42, 1.42, 1.42, 1.41, 1.42, 1.43, 1.45, 1.46, 1.46, 1.46, 1.5, 1.52, 1.53, 1.53, 1.56, 1.56, 1.56, 1.55, 1.56, 1.56, 1.58, 1.59, 1.61, 1.65, 1.64, 1.65, 1.67]}