{"train_loss": [4.6070123293460945, 4.606911370693109, 4.606770912806193, 4.606728185751499, 4.606606808686868, 4.60652610705449, 4.606460433128553, 4.606360863416623, 4.606294640516624, 4.606135574976603, 4.606052616315011, 4.6060311586428915, 4.605841082793016, 4.605772148034512, 4.605749186491355, 4.605680985328479, 4.6055578305171085, 4.605465640777196, 4.6053393816336605, 4.605239539268689, 4.605123610374255, 4.605024598195002, 4.604906780291826, 4.604790576299032, 4.604680686119275, 4.60454953511556, 4.60437250259595, 4.6042341012221115, 4.604123091086363, 4.603955878966894, 4.603823954019791, 4.603621633236225, 4.6033890553009815, 4.603244006328094, 4.603009917185857, 4.602738145681528, 4.602506432166466, 4.602254975147736, 4.601952567467323, 4.601637282738319, 4.601288025195782, 4.600936180505997, 4.600495959550907, 4.600025095083775, 4.59962895711263, 4.5990815627269255, 4.598521945415399, 4.597955053280561, 4.597183939126822, 4.5964870599599985, 4.5955925709162, 4.594654684800368, 4.593716879380055, 4.59270512629778, 4.5915675994677425, 4.590311631178245, 4.58891051243513, 4.58740733342293, 4.585934791809473, 4.584209724572989, 4.582731745793269, 4.581043185943212, 4.579239381887974, 4.577458677536402, 4.575632069661067, 4.573918272898747, 4.572460354291476, 4.570493426689735, 4.568709103266398, 4.5667164668058735, 4.565183315521631, 4.5632795321635715, 4.561329478483934, 4.5595271049401696, 4.557618944461529, 4.555643546275603, 4.5538854892437275, 4.551508305622981, 4.549781639148027, 4.547350153556237, 4.545537548798781, 4.543634117566622, 4.541172060599694, 4.538694290014414, 4.53639357884725, 4.533752355820093, 4.53135990362901, 4.529312103222578, 4.52667285601298, 4.524176466770661, 4.5218075960110395, 4.519426443637946, 4.5165777805523994, 4.513921213150025, 4.511534529465895, 4.509013932790512, 4.506686346347515, 4.504249818508441, 4.501799419598702, 4.499532187290681], "test_loss": [4.599232751464844, 4.599089782714843, 4.5989475952148435, 4.598805487060547, 4.598666381835938, 4.598524017333984, 4.598382263183594, 4.598239324951172, 4.598097296142578, 4.597954083251953, 4.597804931640625, 4.597656140136719, 4.597504541015625, 4.59735072631836, 4.5971892517089845, 4.597026293945312, 4.596858569335938, 4.596685333251953, 4.596505462646484, 4.596316259765625, 4.596121032714843, 4.595919476318359, 4.595708673095703, 4.595486224365234, 4.5952550964355465, 4.595012994384765, 4.594756317138672, 4.594482281494141, 4.5941966430664065, 4.593892547607422, 4.593573419189453, 4.593233880615235, 4.592869482421875, 4.592482556152344, 4.59206279296875, 4.5916064208984375, 4.591112030029297, 4.590585015869141, 4.5900069519042965, 4.589375042724609, 4.588683941650391, 4.587930511474609, 4.5871001098632815, 4.586189178466797, 4.585183337402344, 4.584077709960938, 4.582853350830078, 4.581511553955078, 4.580022918701172, 4.578362878417969, 4.57652152709961, 4.574495574951172, 4.5722536376953125, 4.569785461425782, 4.567086224365235, 4.564128118896484, 4.560905773925781, 4.557379089355469, 4.553648162841797, 4.549649835205078, 4.545537664794922, 4.541295080566406, 4.536914184570312, 4.5325212463378906, 4.528071319580078, 4.523583770751953, 4.51905078125, 4.5146002746582035, 4.509963928222656, 4.505323791503907, 4.500692163085938, 4.496051452636719, 4.49132060546875, 4.4863504272460935, 4.4815571533203125, 4.476482470703125, 4.471162982177734, 4.465836370849609, 4.460529943847656, 4.455020025634766, 4.449561077880859, 4.443724029541015, 4.437885473632813, 4.431845922851562, 4.425705242919922, 4.419548052978516, 4.412980297851562, 4.406671862792969, 4.400099346923828, 4.393575860595703, 4.386783947753906, 4.380256262207031, 4.373523724365234, 4.366689807128906, 4.3598512817382815, 4.353014056396485, 4.3466198364257815, 4.339980847167968, 4.333491064453125, 4.326811999511719], "test_acc": [1.05, 1.03, 1.05, 1.11, 1.08, 1.08, 1.11, 1.16, 1.23, 1.26, 1.3, 1.29, 1.28, 1.29, 1.34, 1.36, 1.44, 1.44, 1.48, 1.56, 1.57, 1.57, 1.6, 1.62, 1.62, 1.64, 1.67, 1.66, 1.7, 1.7, 1.64, 1.66, 1.66, 1.66, 1.71, 1.71, 1.75, 1.72, 1.72, 1.76, 1.74, 1.75, 1.77, 1.75, 1.75, 1.75, 1.75, 1.74, 1.75, 1.72, 1.66, 1.63, 1.64, 1.63, 1.64, 1.66, 1.74, 1.78, 1.85, 1.82, 1.84, 1.92, 1.89, 1.97, 2.04, 1.97, 2.06, 2.05, 2.07, 2.18, 2.19, 2.32, 2.42, 2.48, 2.6, 2.66, 2.75, 2.82, 2.9, 2.97, 3.04, 3.09, 3.14, 3.19, 3.31, 3.44, 3.67, 3.85, 4.11, 4.16, 4.32, 4.64, 4.7, 4.82, 4.92, 5.02, 5.13, 5.2, 5.3, 5.21]}