{"train_loss": [4.607005645067264, 4.606882766576914, 4.606704606765356, 4.6066822125361515, 4.606504200666379, 4.606422223800268, 4.606340008515578, 4.6062026708554, 4.606119933495155, 4.605934220093947, 4.605809733806512, 4.6057786672543255, 4.6055451588752945, 4.605474086908194, 4.605409645422911, 4.6053032508263225, 4.605142420988816, 4.604999993397639, 4.604842193310077, 4.604663276672364, 4.604504823684692, 4.604371090424366, 4.604173948825934, 4.603971972832313, 4.60378376642863, 4.60355589328668, 4.6032837562071975, 4.603033909430871, 4.602832744060419, 4.60250307229849, 4.602214936721019, 4.601832191760724, 4.601376346441415, 4.60103913698441, 4.60054075779059, 4.599966946626321, 4.599423166421744, 4.598826266557742, 4.598081078896156, 4.597315027774909, 4.596403025358152, 4.595415279192802, 4.594233536108947, 4.593002541859945, 4.591666203278762, 4.590108361611, 4.588346965496356, 4.586544626187056, 4.584308497111002, 4.582046326612815, 4.5794662817930565, 4.576972868503669, 4.574277539130969, 4.571782220938267, 4.569017110726772, 4.56626187471243, 4.563476684765938, 4.560605407372499, 4.558084749564147, 4.555001355440188, 4.552431373107128, 4.549549371768267, 4.546527685263218, 4.543390732545119, 4.540203386698014, 4.5373939428574, 4.534523248672485, 4.530948498310187, 4.52750682097215, 4.5237586033649935, 4.520601067176232, 4.516847758415418, 4.512910954157511, 4.509323299848116, 4.505090162081596, 4.500968766823793, 4.497473039382544, 4.492551312079796, 4.4886701755034615, 4.484289732957498, 4.4806111714778805, 4.47730941650195, 4.472439412581615, 4.468272078342927, 4.464340780942868, 4.460456789456881, 4.456758999213195, 4.4540024573986345, 4.4498170106838915, 4.446649040319981, 4.443836922523303, 4.441059200580304, 4.4370535226968615, 4.434068460953541, 4.431874777720525, 4.428741354820056, 4.426065138058784, 4.423581685775366, 4.420926469411605, 4.418636163075765], "test_loss": [4.599215618896484, 4.599054919433594, 4.598894549560547, 4.598732495117187, 4.598573077392578, 4.598408374023437, 4.5982451171875, 4.598079376220703, 4.5979109985351565, 4.597740759277344, 4.597561712646485, 4.597381072998047, 4.59719296875, 4.597002227783203, 4.596799133300781, 4.596591174316406, 4.5963713012695315, 4.596142895507812, 4.59590341796875, 4.595651788330078, 4.595385815429688, 4.5951022521972655, 4.594800256347656, 4.594478900146484, 4.594138897705078, 4.593774462890625, 4.593382958984375, 4.5929556640625, 4.592499359130859, 4.591996350097657, 4.591443481445313, 4.590838214111328, 4.590172009277344, 4.589436584472656, 4.588617315673828, 4.58769638671875, 4.5866623229980465, 4.585515423583985, 4.584219921875, 4.582760980224609, 4.5811196838378905, 4.579256274414062, 4.577123156738281, 4.574733935546875, 4.572032806396485, 4.568995513916016, 4.565567095947266, 4.561739727783203, 4.557464215087891, 4.552778350830078, 4.54771820678711, 4.5424493896484375, 4.5369314758300785, 4.531381042480469, 4.525724725341797, 4.51999966430664, 4.514182037353516, 4.508335321044922, 4.502564184570312, 4.4964203369140625, 4.490433941650391, 4.484230493164063, 4.477875012207031, 4.471364501953125, 4.464837719726562, 4.458036419677734, 4.450895074462891, 4.443818798828125, 4.436249035644531, 4.428547320556641, 4.420759033203125, 4.41277265625, 4.404492523193359, 4.395963073730469, 4.387398126220703, 4.378300042724609, 4.369120849609375, 4.359825347900391, 4.35073784790039, 4.341422216796875, 4.3323098693847655, 4.323488104248047, 4.3142881652832035, 4.3054031494140625, 4.29636821899414, 4.288192211914063, 4.279673583984375, 4.271968206787109, 4.264320361328125, 4.256593255615234, 4.249475256347656, 4.242431713867187, 4.235708776855469, 4.228216827392578, 4.221926501464844, 4.214598480224609, 4.208549200439453, 4.202119989013672, 4.196270489501953, 4.190517010498047], "test_acc": [1.06, 1.05, 1.08, 1.11, 1.11, 1.17, 1.22, 1.26, 1.26, 1.28, 1.31, 1.38, 1.44, 1.45, 1.45, 1.47, 1.44, 1.52, 1.58, 1.57, 1.55, 1.52, 1.52, 1.53, 1.54, 1.55, 1.54, 1.58, 1.63, 1.63, 1.69, 1.68, 1.65, 1.66, 1.64, 1.63, 1.66, 1.69, 1.68, 1.72, 1.62, 1.61, 1.64, 1.56, 1.48, 1.47, 1.54, 1.61, 1.71, 1.85, 1.81, 1.84, 1.84, 1.86, 1.88, 2.01, 2.07, 2.16, 2.21, 2.26, 2.32, 2.45, 2.54, 2.67, 2.74, 2.76, 2.85, 2.9, 3.0, 3.1, 3.15, 3.28, 3.39, 3.65, 3.76, 4.03, 4.29, 4.5, 4.73, 4.84, 5.04, 5.22, 5.14, 5.29, 5.38, 5.54, 5.48, 5.6, 5.8, 5.85, 5.86, 6.03, 6.24, 6.27, 6.49, 6.47, 6.83, 6.96, 6.98, 7.11]}