{"train_loss": [4.607432160010704, 4.607362766754933, 4.607309006421994, 4.607284776981061, 4.607236093129867, 4.607188882583227, 4.607172347337771, 4.607108459717188, 4.607091139524411, 4.607023467773046, 4.606987322293795, 4.6070007862188875, 4.606944091503436, 4.606915604762542, 4.60688381928664, 4.6068415751824014, 4.606820176197933, 4.606791985340608, 4.606758628747402, 4.606720524567824, 4.606720858353835, 4.60668440476442, 4.606668059031168, 4.6066199547205215, 4.606607037324172, 4.606575959768051, 4.606582401960324, 4.606562292881501, 4.6064970676715555, 4.606512166292239, 4.606480148511055, 4.606489091041761, 4.6064307799706095, 4.606434105604123, 4.606410603645521, 4.6063846037938045, 4.60638106174958, 4.6063324708205, 4.6063435114347016, 4.606317490797776, 4.606288913580087, 4.606258880175077, 4.60626723705194, 4.6062402175023, 4.606246032470312, 4.6062129962138645, 4.60618113493308, 4.606177184520623, 4.606163636232034, 4.606147310061332, 4.606112006994394, 4.606093146250799, 4.606086233334664, 4.606079798478347, 4.606070689665965, 4.606059068288559, 4.605999699617043, 4.606011345447638, 4.60600664921296, 4.605963324277829, 4.605980650583903, 4.6059616455665005, 4.605954839021732, 4.605924367904663, 4.605874674136822, 4.6059025104229265, 4.605890116324791, 4.605882193492009, 4.605863955082038, 4.605827393898597, 4.605836193378155, 4.605820784201989, 4.605802610592964, 4.605789009730021, 4.605775131323399, 4.605749209721883, 4.605765781647119, 4.6057232991243025, 4.605717122249114, 4.605719057718913, 4.605695522748507, 4.60569259814727, 4.605670740665533, 4.605672095372126, 4.605657374553191, 4.60564392774533, 4.605651253920335, 4.605623915256598, 4.605612134933471, 4.605611518713144, 4.605575720469157, 4.605556635978894, 4.605556177481627, 4.605546261714055, 4.605542895732782, 4.6055211165012455, 4.605531311035156, 4.605492842503083, 4.605508521886972, 4.605462302917089], "test_loss": [4.599314221191406, 4.599256085205078, 4.599200146484375, 4.599145483398438, 4.599091302490234, 4.599039758300782, 4.598990441894531, 4.598942840576172, 4.59889614868164, 4.598849554443359, 4.598804217529297, 4.598761126708984, 4.598716241455078, 4.598674395751953, 4.598633471679688, 4.598593542480469, 4.598554174804687, 4.598514660644531, 4.59847515258789, 4.598436260986328, 4.598397998046875, 4.598360815429688, 4.598323364257812, 4.5982855041503905, 4.598250170898438, 4.598212469482422, 4.598177142333984, 4.598141424560547, 4.598105487060547, 4.598070892333984, 4.598036779785156, 4.598002838134765, 4.597969281005859, 4.597936291503906, 4.597901794433594, 4.59786782836914, 4.597835131835938, 4.597802355957032, 4.597770574951172, 4.5977384399414065, 4.5977057922363285, 4.597673803710937, 4.597641217041016, 4.597608203125, 4.597577038574219, 4.597543896484375, 4.597513372802735, 4.597481677246094, 4.597450579833985, 4.597419354248047, 4.597387158203125, 4.597355700683594, 4.597322332763672, 4.5972917358398435, 4.597261761474609, 4.5972310791015625, 4.59720004272461, 4.59716831665039, 4.597136956787109, 4.597105041503906, 4.59707412109375, 4.597040856933594, 4.597010852050781, 4.5969780212402345, 4.596945593261719, 4.596912811279297, 4.596880657958985, 4.596847174072265, 4.596814727783203, 4.5967814453125, 4.596749426269532, 4.596716271972657, 4.59668482055664, 4.596651928710937, 4.596619055175781, 4.596585577392578, 4.596552960205078, 4.596520239257813, 4.596486389160156, 4.596451635742188, 4.596418579101562, 4.596384466552735, 4.5963499572753905, 4.59631611328125, 4.596281817626953, 4.596247668457031, 4.596211022949219, 4.596177087402344, 4.596140881347656, 4.596105072021484, 4.5960691467285155, 4.596033532714844, 4.595996435546875, 4.595959747314454, 4.595922662353516, 4.595884490966797, 4.5958481079101565, 4.595809924316407, 4.59577114868164, 4.595731243896484], "test_acc": [1.06, 1.03, 1.03, 1.01, 1.0, 0.98, 0.99, 1.0, 1.01, 0.99, 0.99, 0.98, 0.98, 0.99, 1.01, 1.01, 1.04, 1.05, 1.05, 1.04, 1.08, 1.1, 1.11, 1.09, 1.07, 1.06, 1.05, 1.07, 1.09, 1.1, 1.08, 1.08, 1.09, 1.09, 1.08, 1.09, 1.07, 1.06, 1.07, 1.1, 1.09, 1.11, 1.11, 1.1, 1.14, 1.11, 1.13, 1.14, 1.15, 1.15, 1.18, 1.18, 1.19, 1.23, 1.24, 1.24, 1.24, 1.28, 1.29, 1.3, 1.29, 1.25, 1.28, 1.28, 1.27, 1.25, 1.27, 1.27, 1.25, 1.24, 1.23, 1.24, 1.25, 1.25, 1.26, 1.25, 1.25, 1.25, 1.27, 1.24, 1.23, 1.24, 1.26, 1.27, 1.31, 1.33, 1.33, 1.33, 1.35, 1.36, 1.35, 1.36, 1.36, 1.37, 1.38, 1.39, 1.39, 1.41, 1.4, 1.4]}