{"train_loss": [4.607428346536098, 4.607354080982697, 4.607297974366408, 4.607275642492833, 4.607224552447979, 4.607175203470083, 4.607160910581931, 4.6070916371467785, 4.607075743797498, 4.607001223930946, 4.60696354890481, 4.6069840027735784, 4.606921241222284, 4.606892157823611, 4.606859238942464, 4.6068132119301035, 4.606791266416892, 4.60676170862638, 4.606725151110918, 4.60668402940799, 4.606687408838517, 4.606648097894131, 4.606631536972828, 4.606577473420363, 4.606566366782555, 4.606531266677074, 4.606541661727123, 4.606520561071543, 4.60644586514204, 4.606466363026546, 4.606431066072904, 4.606443943121494, 4.606377141903608, 4.606384195425572, 4.606356504635933, 4.606328176840758, 4.60632685025533, 4.606271621508476, 4.606286035439907, 4.606257213690342, 4.606223781292255, 4.606191089825752, 4.606201323484763, 4.6061704391088245, 4.606180312083318, 4.606141108732957, 4.606107728909223, 4.606102637755565, 4.606088165136484, 4.60607016759041, 4.606028132560926, 4.606008043044652, 4.605998951349503, 4.6059943174704525, 4.605985471529839, 4.605971699494582, 4.605902191308829, 4.605916758072682, 4.6059117965209175, 4.6058597148993075, 4.605883105595907, 4.605858601056612, 4.605853550250714, 4.605815826318203, 4.605758344210111, 4.6057909696530075, 4.6057770606799, 4.605766319617247, 4.605747692401593, 4.605702599500998, 4.605715392186092, 4.605696036265447, 4.605677740390484, 4.605658190066998, 4.605642104760195, 4.605610794898791, 4.605632609587449, 4.605581481640155, 4.605572814207811, 4.605573100310106, 4.605547462365566, 4.605539740048922, 4.6055159458747275, 4.6055177761958195, 4.605498926456158, 4.605482262831468, 4.605487695107093, 4.6054579062339585, 4.605439099287375, 4.605440928385808, 4.605393722729805, 4.605371894591894, 4.605368921084282, 4.605355699245746, 4.605350203391833, 4.605321274048243, 4.605334164546086, 4.60528546724564, 4.605303258162278, 4.6052429089179405], "test_loss": [4.599308850097656, 4.599245343017578, 4.599184100341797, 4.599123809814453, 4.599063909912109, 4.59900673828125, 4.598951928710938, 4.598899432373047, 4.598847808837891, 4.5987958923339844, 4.598745135498047, 4.598696606445312, 4.5986461853027345, 4.5985994140625, 4.598553204345703, 4.5985081726074215, 4.598463397216797, 4.59841865234375, 4.598374133300781, 4.598329730224609, 4.598285809326172, 4.598243194580078, 4.598200189208985, 4.598157385253907, 4.598117498779297, 4.598074084472656, 4.598032928466797, 4.597992083740234, 4.59795126953125, 4.597910711669922, 4.59787099609375, 4.597831469726563, 4.597791900634766, 4.597752911376953, 4.597711999511719, 4.597671783447265, 4.59763310546875, 4.597595104980469, 4.597556896972656, 4.5975182983398435, 4.597479315185547, 4.597441296386719, 4.597401977539063, 4.5973629333496095, 4.597324096679688, 4.597284399414063, 4.597247845458984, 4.597209289550781, 4.597171447753906, 4.597133197021485, 4.597094262695313, 4.597054809570312, 4.59701435546875, 4.59697646484375, 4.59693911743164, 4.596899682617187, 4.596860748291015, 4.59682060546875, 4.596781188964844, 4.596740167236328, 4.596701287841797, 4.596659594726563, 4.5966212890625, 4.596579748535156, 4.5965389587402345, 4.596496563720703, 4.596454241943359, 4.596411083984375, 4.59636923828125, 4.596325952148438, 4.596283197021484, 4.596239392089844, 4.596196844482422, 4.596152587890625, 4.5961080810546875, 4.596062811279297, 4.596018377685547, 4.595973864746094, 4.595928515625, 4.595882037353515, 4.595836248779297, 4.595788562011719, 4.595742321777344, 4.5956962707519535, 4.595649243164062, 4.595601544189453, 4.595551208496094, 4.595502893066406, 4.595451873779297, 4.595402416992187, 4.595350341796875, 4.595298333740234, 4.595244744873047, 4.595190808105468, 4.595137115478516, 4.595081036376953, 4.595025592041016, 4.5949689453125, 4.5949112487792965, 4.594852429199219], "test_acc": [1.06, 1.03, 1.02, 1.01, 0.99, 0.97, 1.01, 1.02, 1.0, 1.0, 1.0, 1.01, 1.02, 1.06, 1.07, 1.07, 1.1, 1.08, 1.08, 1.08, 1.05, 1.07, 1.09, 1.07, 1.08, 1.07, 1.07, 1.05, 1.05, 1.08, 1.07, 1.07, 1.07, 1.1, 1.13, 1.13, 1.13, 1.15, 1.12, 1.16, 1.16, 1.16, 1.14, 1.14, 1.15, 1.15, 1.18, 1.2, 1.22, 1.26, 1.27, 1.27, 1.26, 1.28, 1.27, 1.27, 1.27, 1.26, 1.27, 1.29, 1.29, 1.31, 1.32, 1.31, 1.31, 1.3, 1.31, 1.29, 1.28, 1.28, 1.28, 1.27, 1.26, 1.28, 1.29, 1.3, 1.31, 1.32, 1.34, 1.36, 1.37, 1.38, 1.37, 1.38, 1.38, 1.38, 1.38, 1.38, 1.37, 1.39, 1.4, 1.39, 1.38, 1.38, 1.4, 1.39, 1.43, 1.42, 1.45, 1.49]}