{"train_loss": [4.607251774959075, 4.60715016462864, 4.607129277938451, 4.607050500771938, 4.606979493605785, 4.606929095586141, 4.606940227899796, 4.60690738482353, 4.606814059233054, 4.606812614049667, 4.606790173359406, 4.606755244426238, 4.606778054359632, 4.606689343085656, 4.606662885959332, 4.606689257499499, 4.606624101981138, 4.606634351534721, 4.606565768902119, 4.606520649103018, 4.60652322891431, 4.606502035336617, 4.606432776573377, 4.606490266017425, 4.606417385737101, 4.606418006848067, 4.606395077094054, 4.606390421207134, 4.606334967490954, 4.606356631792509, 4.606325699732854, 4.606288699614696, 4.606248104877961, 4.606224675056262, 4.6062779830052305, 4.606222454706828, 4.606215437864646, 4.606214893781222, 4.60619754302196, 4.606148355435103, 4.606125991772383, 4.606162014985696, 4.606102415231558, 4.60604500526037, 4.6060646057128904, 4.606048956895486, 4.6060411832271475, 4.60604443427844, 4.606031406842745, 4.605999977160723, 4.606018475997142, 4.605961915774223, 4.605993404143896, 4.605964645972619, 4.605969877732106, 4.605830273261437, 4.605884268344977, 4.605887163602389, 4.605897586773604, 4.605863194587903, 4.605854330307398, 4.60584582671141, 4.605838659482124, 4.605824762735612, 4.605818634766798, 4.605789343516032, 4.605790350987361, 4.605776769686968, 4.605784965172792, 4.605735920637082, 4.605731955552712, 4.605721851495596, 4.605714998489771, 4.605708096577571, 4.605677074041122, 4.605698362986247, 4.605688867813502, 4.605673531996898, 4.605701051614223, 4.605651642726018, 4.605624909278674, 4.605586751302083, 4.605601530808669, 4.605625266295213, 4.605637406080197, 4.605579637869811, 4.6056060094099776, 4.60560529415424, 4.605593623870458, 4.605539224086663, 4.6055840308849625, 4.605571321340707, 4.605491336186727, 4.605520110252576, 4.60553905413701, 4.60550099275051, 4.605501884069199, 4.605469235395774, 4.605476000370124, 4.605499147757506], "test_loss": [4.5993316345214845, 4.599291668701172, 4.599252722167969, 4.599211920166016, 4.5991766784667965, 4.599141607666016, 4.599107666015625, 4.5990715515136715, 4.599040692138672, 4.599008392333984, 4.598978143310547, 4.598951751708984, 4.598922155761719, 4.598895532226562, 4.598865808105469, 4.598843420410156, 4.598815112304687, 4.598791082763672, 4.598767663574219, 4.598741821289062, 4.5987166442871095, 4.598693176269531, 4.598665716552734, 4.5986438049316405, 4.598623388671875, 4.598603131103515, 4.598584075927734, 4.5985607421875, 4.598541918945313, 4.5985237426757815, 4.598509246826172, 4.598490826416016, 4.598471630859375, 4.598453369140625, 4.598435473632812, 4.5984177490234375, 4.598398260498047, 4.598380883789062, 4.598363830566406, 4.598343713378906, 4.59832974243164, 4.59831259765625, 4.598297357177734, 4.598279309082031, 4.598261975097656, 4.598245373535156, 4.598231005859375, 4.59821382446289, 4.598196356201172, 4.59818003540039, 4.598165112304687, 4.598149334716797, 4.598136071777343, 4.598121118164062, 4.598105767822266, 4.598092523193359, 4.598077105712891, 4.598064428710938, 4.598044732666016, 4.598027209472656, 4.598011059570313, 4.597993286132812, 4.597979864501953, 4.597964501953125, 4.597949084472656, 4.597933386230468, 4.597920007324219, 4.597906262207031, 4.597891076660156, 4.59787982788086, 4.597868280029297, 4.597851239013671, 4.5978367858886715, 4.597820220947265, 4.597808599853516, 4.597795928955078, 4.597783966064453, 4.597773260498047, 4.597759497070313, 4.597748352050782, 4.597731475830078, 4.597716656494141, 4.597701281738281, 4.597684405517578, 4.597672125244141, 4.597656176757813, 4.597644207763672, 4.597630969238281, 4.5976119873046875, 4.5975996704101565, 4.597584515380859, 4.597570886230469, 4.5975587341308595, 4.597546813964843, 4.597534313964844, 4.597518182373046, 4.597503759765625, 4.597493603515625, 4.59748021850586, 4.597468579101562], "test_acc": [1.07, 1.05, 1.02, 1.01, 1.01, 1.0, 1.01, 0.99, 1.0, 1.0, 1.03, 1.02, 1.01, 1.02, 1.01, 0.98, 0.96, 0.97, 0.97, 0.98, 0.97, 0.96, 0.95, 0.96, 0.94, 0.94, 0.93, 0.95, 0.99, 0.95, 0.95, 0.99, 1.02, 1.02, 1.03, 1.05, 1.05, 1.05, 1.05, 1.05, 1.04, 1.06, 1.05, 1.05, 1.04, 1.04, 1.06, 1.05, 1.07, 1.08, 1.08, 1.09, 1.1, 1.09, 1.08, 1.09, 1.11, 1.11, 1.11, 1.1, 1.1, 1.09, 1.11, 1.12, 1.13, 1.11, 1.11, 1.1, 1.09, 1.09, 1.1, 1.08, 1.08, 1.08, 1.06, 1.07, 1.06, 1.07, 1.08, 1.1, 1.11, 1.12, 1.12, 1.14, 1.12, 1.15, 1.15, 1.14, 1.15, 1.17, 1.18, 1.18, 1.18, 1.19, 1.21, 1.2, 1.22, 1.22, 1.21, 1.21]}