{"train_loss": [4.607245753361629, 4.6071845971621, 4.607040042143602, 4.607031394273807, 4.606914648642907, 4.606841336763822, 4.606733783086141, 4.606690021661612, 4.606638485346085, 4.606505172680586, 4.606420668577536, 4.606408483554155, 4.6061985150361675, 4.60618644005213, 4.606169769091484, 4.606118860000219, 4.606000027289757, 4.605928296309251, 4.605860832409981, 4.605747983394525, 4.605670795685206, 4.6055847326914465, 4.605496583840786, 4.60541607538859, 4.605349182471251, 4.605221336315839, 4.605111133135282, 4.605005999100514, 4.604967835010626, 4.604828345469939, 4.604761988077408, 4.604584153493246, 4.604440055749355, 4.604368896973439, 4.604203422252948, 4.604061967898637, 4.60390581595592, 4.603801937592335, 4.603637022849841, 4.603448073069255, 4.603210855141664, 4.603037353662344, 4.602767424705701, 4.602565979346251, 4.602371764794374, 4.602046717130221, 4.601826561414279, 4.60151057732411, 4.6011286246470915, 4.6008242656023075, 4.600373627589299, 4.599943832250742, 4.599492993721595, 4.599094043633877, 4.598524879797911, 4.597966816486457, 4.5972577302883835, 4.596577912110549, 4.595928898835793, 4.595104130720481, 4.594388367579533, 4.593462248337574, 4.592516209528997, 4.591405235192714, 4.590274187234732, 4.589208502647204, 4.588232709199954, 4.586945273325994, 4.585650149369851, 4.584454441070557, 4.583355859609751, 4.582082102848934, 4.580935744750194, 4.579683357630021, 4.578600795452411, 4.577454118239574, 4.576382931684837, 4.574885595761812, 4.574027543190198, 4.572624431512295, 4.571651128622202, 4.5705380989955025, 4.569178808652437, 4.568020912317129, 4.566733418978178, 4.56523559765938, 4.564154215348073, 4.562974276909461, 4.561684783299764, 4.560168479039119, 4.558920850509252, 4.557607324306781, 4.556224148090069, 4.554645029703776, 4.553262391457191, 4.551932139274402, 4.550375305077968, 4.5487807958554, 4.5474631456228405, 4.545938779146243], "test_loss": [4.599243145751953, 4.599112646484375, 4.59898359375, 4.598855230712891, 4.598729150390625, 4.598603680419922, 4.598479296875, 4.598354302978516, 4.598230902099609, 4.598106573486328, 4.5979759338378905, 4.597847778320313, 4.597716961669922, 4.5975872436523435, 4.597450384521484, 4.59731416015625, 4.597173822021484, 4.597032214355469, 4.596885363769531, 4.596734777832031, 4.5965785217285156, 4.596420062255859, 4.596254449462891, 4.596085412597656, 4.595909716796875, 4.595726739501953, 4.595535858154297, 4.595335711669922, 4.595126843261719, 4.594909533691406, 4.594685150146485, 4.594447436523438, 4.594196203613281, 4.5939344177246095, 4.593653698730469, 4.593357928466797, 4.5930417663574215, 4.592712805175781, 4.5923635803222655, 4.591983996582031, 4.591578088378906, 4.5911422485351565, 4.590669244384766, 4.590166241455078, 4.589621917724609, 4.589037646484375, 4.588401727294922, 4.587718542480469, 4.586973980712891, 4.586159869384765, 4.585261431884765, 4.584284265136719, 4.58321187133789, 4.582043719482422, 4.58076234741211, 4.579364685058594, 4.5778354614257815, 4.576151025390625, 4.574328039550781, 4.572318493652344, 4.570146606445313, 4.567772918701172, 4.565205993652344, 4.562451623535156, 4.5595087036132815, 4.556405676269531, 4.5531811584472655, 4.549853533935547, 4.54644375, 4.542975152587891, 4.539507733154297, 4.536067840576172, 4.5326349060058595, 4.529166668701172, 4.525819073486328, 4.522404949951172, 4.518911584472656, 4.515479150390625, 4.512148620605469, 4.5087211730957035, 4.505361724853516, 4.501867486572266, 4.498287084960937, 4.494653015136719, 4.4910747314453126, 4.487190161132813, 4.483490246582031, 4.479834442138672, 4.475950549316407, 4.471952941894531, 4.4679067443847655, 4.463916247558593, 4.459801196289063, 4.455497711181641, 4.451077545166016, 4.446703973388672, 4.442572540283203, 4.437771771240234, 4.433493524169922, 4.428635296630859], "test_acc": [1.05, 1.05, 1.01, 0.99, 1.02, 1.05, 1.07, 1.11, 1.15, 1.19, 1.19, 1.23, 1.28, 1.31, 1.35, 1.35, 1.4, 1.4, 1.44, 1.46, 1.46, 1.48, 1.51, 1.52, 1.52, 1.54, 1.55, 1.55, 1.57, 1.59, 1.62, 1.6, 1.61, 1.57, 1.57, 1.55, 1.53, 1.51, 1.52, 1.51, 1.51, 1.56, 1.54, 1.53, 1.56, 1.56, 1.57, 1.61, 1.62, 1.6, 1.58, 1.57, 1.59, 1.59, 1.57, 1.55, 1.58, 1.57, 1.59, 1.54, 1.49, 1.47, 1.49, 1.51, 1.5, 1.56, 1.65, 1.75, 1.83, 1.88, 1.85, 1.86, 1.95, 1.95, 1.95, 1.97, 2.01, 2.04, 2.11, 2.18, 2.21, 2.25, 2.35, 2.39, 2.47, 2.55, 2.69, 2.77, 2.81, 2.82, 2.88, 2.97, 3.03, 3.07, 3.15, 3.19, 3.29, 3.25, 3.35, 3.48]}