{"train_loss": [4.607341772470718, 4.607284740301279, 4.607215751745762, 4.607182255769387, 4.6071235742324435, 4.607102418557192, 4.607065447782859, 4.60701389557276, 4.606984167832595, 4.6069242807535025, 4.606882106340849, 4.606881307944273, 4.606806153517503, 4.606800982890985, 4.606776082210052, 4.6067522917038355, 4.606724372276893, 4.606690020438952, 4.606659968694051, 4.606621018434182, 4.606582655050816, 4.606582635488266, 4.606551417326316, 4.606532116425343, 4.60649977953006, 4.606485173641107, 4.6064372099362885, 4.606432143235818, 4.606416210761437, 4.606392840850048, 4.606395040414272, 4.6063517020298885, 4.606316449091985, 4.6062925546597215, 4.606291049566025, 4.606254062897119, 4.60625266172947, 4.606213618547488, 4.606201956822322, 4.606182577671149, 4.606156214689597, 4.606144325549786, 4.606129642633292, 4.606096007273748, 4.606103005776038, 4.606062364578247, 4.606052387677706, 4.606041875252357, 4.6060049863962025, 4.605993792949579, 4.605972848794399, 4.605950448451898, 4.605933145376352, 4.605938102037479, 4.605923894735483, 4.605897503632765, 4.605868871395405, 4.605857834449181, 4.6058424521715216, 4.605839421198918, 4.605817041641626, 4.605797377610818, 4.605793564136212, 4.605763068565955, 4.6057305984008, 4.60572773860051, 4.605718188408094, 4.605699095359215, 4.6056846936543785, 4.605666472361638, 4.605631773288433, 4.605623294145633, 4.605620680099879, 4.6055877404335215, 4.605576434502235, 4.605565189703917, 4.6055657741351, 4.605523353967911, 4.60553177809104, 4.605515136474218, 4.605464635751186, 4.605480065712562, 4.605448841437315, 4.605446155254658, 4.605433080135247, 4.6054182627262215, 4.605391296973595, 4.605390738218259, 4.60536367954352, 4.605363792028182, 4.605318880081176, 4.605287224207169, 4.605291472948514, 4.6052467700762625, 4.605268039458838, 4.605221371772962, 4.605222879311977, 4.605211349634024, 4.605187683839064, 4.605154747840686], "test_loss": [4.599306201171875, 4.599240173339844, 4.599176312255859, 4.599114666748047, 4.5990537292480465, 4.598994494628906, 4.598939050292969, 4.598884631347656, 4.598831127929688, 4.598779077148437, 4.598726275634766, 4.5986751892089845, 4.598624993896484, 4.598577020263672, 4.598528741455078, 4.598481011962891, 4.598434619140625, 4.598388104248047, 4.59834267578125, 4.598296502685547, 4.59825161743164, 4.598206060791016, 4.598162573242187, 4.598118560791016, 4.598075616455078, 4.598032403564453, 4.597989154052734, 4.597945458984375, 4.597902459716797, 4.597860278320312, 4.5978198181152345, 4.597778186035156, 4.597735314941406, 4.597693896484375, 4.597651586914062, 4.597610205078125, 4.5975689147949215, 4.5975287292480465, 4.5974880859375, 4.5974470825195315, 4.597406756591797, 4.597366644287109, 4.597325372314453, 4.5972850830078125, 4.597243664550781, 4.597202661132813, 4.597161804199219, 4.597120104980469, 4.597078332519532, 4.597035211181641, 4.596992431640625, 4.596950616455078, 4.596905712890625, 4.5968628601074215, 4.596820611572266, 4.596778106689453, 4.596734619140625, 4.596689721679687, 4.596645318603516, 4.596600616455079, 4.596555950927734, 4.596511505126953, 4.596467108154297, 4.596422009277344, 4.596375402832031, 4.596328179931641, 4.596280377197266, 4.596232855224609, 4.596184838867187, 4.59613642578125, 4.596088146972656, 4.596037701416016, 4.595988781738281, 4.595937939453125, 4.595886145019532, 4.595834521484375, 4.595782391357422, 4.595729138183594, 4.595676013183594, 4.595621667480469, 4.59556752319336, 4.5955122985839845, 4.5954574035644535, 4.59540029296875, 4.59534310913086, 4.595284906005859, 4.595224530029297, 4.595165875244141, 4.595103955078125, 4.5950421020507815, 4.594979608154297, 4.5949158203125, 4.594850268554688, 4.5947828857421875, 4.59471548461914, 4.594644958496094, 4.594574096679687, 4.594501495361328, 4.594429718017578, 4.594356555175781], "test_acc": [1.07, 1.03, 1.03, 1.0, 0.97, 0.99, 1.0, 1.02, 1.0, 1.0, 1.01, 1.01, 1.02, 1.03, 1.03, 1.04, 1.04, 1.05, 1.03, 1.03, 1.07, 1.09, 1.11, 1.08, 1.09, 1.1, 1.09, 1.08, 1.09, 1.11, 1.12, 1.11, 1.12, 1.15, 1.17, 1.16, 1.16, 1.17, 1.17, 1.17, 1.18, 1.2, 1.2, 1.24, 1.26, 1.26, 1.28, 1.25, 1.24, 1.26, 1.28, 1.29, 1.29, 1.33, 1.37, 1.35, 1.35, 1.36, 1.35, 1.37, 1.39, 1.39, 1.4, 1.39, 1.4, 1.41, 1.44, 1.44, 1.47, 1.45, 1.45, 1.47, 1.46, 1.46, 1.47, 1.46, 1.45, 1.47, 1.5, 1.49, 1.48, 1.51, 1.51, 1.52, 1.54, 1.54, 1.55, 1.54, 1.55, 1.56, 1.53, 1.54, 1.55, 1.55, 1.56, 1.55, 1.54, 1.54, 1.51, 1.54]}