{"train_loss": [4.607424088013478, 4.607379619891827, 4.607313209924943, 4.6072849481533735, 4.607239198684693, 4.607203609515459, 4.607168482511471, 4.607119117639003, 4.607095753840911, 4.607056832924867, 4.607023725754176, 4.606996208582169, 4.606967175312532, 4.6069284952603855, 4.606912764524802, 4.60688397578704, 4.60686094210698, 4.606835095087687, 4.606820775301029, 4.606774542881892, 4.606771476452167, 4.606741874645918, 4.606721969751211, 4.606705073821239, 4.606685278965877, 4.606668328016232, 4.606636734497853, 4.6066224330510845, 4.606591862898607, 4.60657826937162, 4.606566233512683, 4.606543938318889, 4.606540675041003, 4.606513593135736, 4.6064990496024105, 4.606484661346827, 4.606459723986112, 4.606444636369363, 4.60644205900339, 4.606421394837208, 4.60640198756487, 4.6063957776778786, 4.606376639390603, 4.606362290260119, 4.606359886511778, 4.60633710592221, 4.606323787493584, 4.606307467436179, 4.606290457798885, 4.6062846880692705, 4.606267645420172, 4.606255961687137, 4.60623380832183, 4.606237733058441, 4.606224445196299, 4.606200515306913, 4.606191800190852, 4.6061873411520935, 4.606181160608927, 4.6061600037110155, 4.606155191323696, 4.606142259255433, 4.606123210222293, 4.6061151321117695, 4.6061157312148655, 4.606104662479498, 4.606087720088469, 4.606084156036377, 4.606061891409067, 4.60606602766575, 4.606063899015769, 4.606036204558152, 4.606034930547079, 4.6060399238879866, 4.606021667138124, 4.605998992919922, 4.605998245875041, 4.605999567569831, 4.605983432133993, 4.60597686889844, 4.605957251328689, 4.60595545279674, 4.6059562988770315, 4.605937196046878, 4.605934381484985, 4.6059270002903085, 4.605913831026126, 4.60590157753382, 4.6058979022197235, 4.6058986284793955, 4.60587258705726, 4.605875696280064, 4.605862448765682, 4.605862978177193, 4.605855941772461, 4.605846033340845, 4.605843786092905, 4.605838553110758, 4.6058371336032184, 4.605824013245411], "test_loss": [4.599339086914062, 4.599305615234375, 4.599275024414062, 4.59924526977539, 4.599216180419922, 4.599188616943359, 4.599162341308594, 4.599136968994141, 4.599113012695312, 4.599089642333984, 4.599066943359375, 4.599046075439453, 4.5990250793457035, 4.599004711914063, 4.5989842651367185, 4.598963952636718, 4.598944641113281, 4.598925018310547, 4.598906262207032, 4.598888879394531, 4.598871240234375, 4.598853448486328, 4.5988368225097656, 4.598820556640625, 4.5988041870117184, 4.5987887390136715, 4.598773614501953, 4.598758245849609, 4.598742913818359, 4.598728063964844, 4.5987133850097655, 4.598698614501953, 4.598684619140625, 4.598671105957031, 4.59865707397461, 4.598643212890625, 4.598629156494141, 4.598615673828125, 4.598602349853516, 4.598589575195312, 4.598576959228516, 4.598564105224609, 4.598552221679688, 4.598539892578125, 4.598526861572266, 4.598514764404297, 4.598502691650391, 4.598490881347656, 4.59847963256836, 4.598468316650391, 4.598457067871093, 4.598445715332031, 4.5984346923828125, 4.598423468017578, 4.598413110351562, 4.5984023010253905, 4.598391345214844, 4.59838071899414, 4.598370666503906, 4.598361169433594, 4.598350476074219, 4.598341436767578, 4.598331103515625, 4.598321228027344, 4.5983114990234375, 4.598302069091797, 4.59829301147461, 4.598283227539063, 4.598273577880859, 4.598263958740234, 4.598254455566407, 4.598244909667969, 4.598235968017578, 4.598226892089844, 4.598217388916016, 4.598208642578125, 4.598200146484375, 4.598191931152344, 4.59818330078125, 4.598174450683594, 4.59816527709961, 4.598157122802735, 4.598148681640625, 4.5981405700683595, 4.598131494140625, 4.598123413085937, 4.598115185546875, 4.5981068359375, 4.5980983703613285, 4.598090252685547, 4.598082330322265, 4.598074243164063, 4.598066271972656, 4.598058581542968, 4.598050866699219, 4.5980427368164065, 4.598035681152344, 4.5980283203125, 4.59802001953125, 4.598012866210937], "test_acc": [1.07, 1.04, 1.01, 1.0, 1.0, 0.99, 0.98, 0.99, 0.98, 0.99, 0.98, 0.95, 0.91, 0.92, 0.91, 0.95, 0.94, 0.94, 0.93, 0.92, 0.91, 0.89, 0.9, 0.9, 0.92, 0.92, 0.9, 0.89, 0.91, 0.92, 0.91, 0.93, 0.92, 0.9, 0.9, 0.89, 0.9, 0.9, 0.92, 0.89, 0.91, 0.9, 0.89, 0.91, 0.91, 0.93, 0.93, 0.93, 0.93, 0.92, 0.91, 0.9, 0.91, 0.91, 0.91, 0.93, 0.93, 0.96, 0.97, 0.97, 0.97, 0.98, 0.98, 1.0, 0.99, 0.97, 0.98, 1.0, 1.0, 1.0, 1.0, 0.98, 0.98, 0.98, 0.98, 0.99, 0.99, 0.99, 0.99, 1.01, 1.01, 1.03, 1.05, 1.05, 1.06, 1.05, 1.06, 1.05, 1.05, 1.06, 1.05, 1.06, 1.08, 1.09, 1.09, 1.09, 1.09, 1.09, 1.1, 1.11]}