{"train_loss": [4.607179964505709, 4.607142467987843, 4.607027349716578, 4.607015766241612, 4.606930831762461, 4.606923940854195, 4.606875047928248, 4.606843823653001, 4.606794771781335, 4.606710668710562, 4.606685076004419, 4.6066784210694145, 4.606559430635892, 4.606569287715814, 4.606527365170992, 4.6065238964863315, 4.606449963496281, 4.6064414867988, 4.606407188757872, 4.6063662284459825, 4.606303893602812, 4.6063008271730865, 4.606251167639708, 4.606220283263769, 4.606183489775046, 4.606162722905477, 4.606111609630096, 4.606044757060515, 4.606056451797485, 4.606045985833193, 4.6060073192303, 4.605955461355356, 4.605928372114133, 4.605895464236919, 4.605887686900603, 4.605811358720828, 4.60579676139049, 4.605768967897464, 4.605757010288728, 4.605709071037097, 4.605694103240967, 4.605656189796252, 4.605615294285309, 4.605565763131166, 4.60557817923717, 4.605526969371698, 4.605498857987233, 4.605479832184621, 4.605408331064077, 4.605411352255405, 4.605377529828976, 4.605314844082564, 4.605300614772699, 4.605261439543504, 4.60524486150497, 4.605212553953513, 4.605142605610383, 4.605097504151173, 4.605063825998551, 4.605035950587346, 4.605005126121717, 4.60498685836792, 4.604928756371523, 4.604870792535635, 4.604802054625291, 4.604803641637166, 4.604754307331183, 4.604713990138127, 4.604660711532984, 4.604592554385846, 4.604556012764955, 4.6044870767837915, 4.604456642346505, 4.604375298817953, 4.6043300775381235, 4.604308479260176, 4.6042705156864265, 4.604168171760364, 4.6041443457970255, 4.6040742580707255, 4.603977490694095, 4.603994446534377, 4.603874157636594, 4.603807099660238, 4.603781451934423, 4.603675455924792, 4.603577068524483, 4.603536699979733, 4.603414646784464, 4.603355135061802, 4.603263768171653, 4.603160656415499, 4.60310731056409, 4.602965744947776, 4.602881671220828, 4.602750563010192, 4.602653077932504, 4.602559587283012, 4.6024895643576595, 4.6023668863834475], "test_loss": [4.599285888671875, 4.599199285888671, 4.59911640625, 4.5990341796875, 4.598954095458985, 4.598874700927734, 4.598800701904297, 4.598726818847656, 4.59865263671875, 4.598578845214844, 4.598504443359375, 4.5984341796875, 4.598363757324218, 4.598294287109375, 4.598223791503906, 4.598153442382812, 4.598082489013672, 4.598013293457031, 4.597944348144531, 4.597874407958984, 4.597804119873047, 4.597737396240235, 4.5976686279296874, 4.597600378417969, 4.597531896972656, 4.597462286376953, 4.597390576171875, 4.5973173461914065, 4.597247314453125, 4.597174908447266, 4.597103601074219, 4.5970301452636715, 4.596955108642578, 4.596883343505859, 4.5968053344726565, 4.5967271484375, 4.596651354980469, 4.596573052978516, 4.596494097900391, 4.596413220214844, 4.596331237792969, 4.596248822021485, 4.596163641357422, 4.596078607177734, 4.595993859863281, 4.595905126953125, 4.595813922119141, 4.5957226501464845, 4.595628271484375, 4.595534973144531, 4.595441070556641, 4.595342468261719, 4.59524204711914, 4.595139953613281, 4.59503603515625, 4.594929931640625, 4.594820233154297, 4.594706976318359, 4.5945923828125, 4.5944747009277345, 4.594352880859375, 4.594228271484375, 4.5941007080078125, 4.593969525146484, 4.593833776855469, 4.5936949279785155, 4.593549731445313, 4.5934033142089845, 4.593251885986328, 4.593093572998047, 4.592934338378906, 4.5927658325195315, 4.5925941650390625, 4.592413146972656, 4.592226318359375, 4.592034057617187, 4.591835681152344, 4.591631433105468, 4.591419372558594, 4.591195404052734, 4.590965777587891, 4.590729364013672, 4.5904810424804685, 4.5902232177734374, 4.589958666992188, 4.589680749511719, 4.58938798828125, 4.589084912109375, 4.588766967773437, 4.588437164306641, 4.5880958923339845, 4.587746752929688, 4.587382989501953, 4.587001556396484, 4.586601556396484, 4.5861873046875, 4.58575458984375, 4.5853061157226565, 4.5848419494628905, 4.584361853027343], "test_acc": [1.07, 1.02, 1.01, 0.96, 0.99, 1.01, 1.03, 1.06, 1.03, 1.05, 1.07, 1.1, 1.09, 1.09, 1.09, 1.09, 1.11, 1.1, 1.07, 1.11, 1.16, 1.14, 1.14, 1.16, 1.18, 1.19, 1.21, 1.19, 1.21, 1.23, 1.25, 1.26, 1.26, 1.29, 1.34, 1.36, 1.37, 1.36, 1.36, 1.37, 1.36, 1.37, 1.36, 1.36, 1.33, 1.35, 1.37, 1.39, 1.38, 1.38, 1.38, 1.39, 1.39, 1.41, 1.43, 1.43, 1.45, 1.47, 1.48, 1.49, 1.48, 1.49, 1.49, 1.49, 1.5, 1.5, 1.52, 1.54, 1.55, 1.53, 1.56, 1.55, 1.54, 1.55, 1.52, 1.52, 1.52, 1.51, 1.49, 1.49, 1.49, 1.51, 1.52, 1.53, 1.52, 1.51, 1.5, 1.52, 1.5, 1.47, 1.47, 1.5, 1.5, 1.52, 1.53, 1.52, 1.52, 1.52, 1.52, 1.53]}