{"train_loss": [4.60746007332435, 4.607404644061358, 4.607343961031009, 4.6073174024239565, 4.6072659529172455, 4.607233651479086, 4.6071845727089125, 4.607142244241176, 4.607114864007021, 4.607074596943, 4.607035256654788, 4.60701292967185, 4.60696575947297, 4.606939867215279, 4.606930561554738, 4.606891874166635, 4.606867935718634, 4.606850679104145, 4.6068220713199715, 4.606780234361306, 4.6067793173667715, 4.606737803190183, 4.606717809041341, 4.606705383154062, 4.606688832014035, 4.606664518209604, 4.60662648494427, 4.606602797141442, 4.6065769048837515, 4.606569770666269, 4.606564397078294, 4.606546991299361, 4.606521046467316, 4.606491508239355, 4.6064762262197645, 4.606449108857375, 4.606441118778327, 4.606410423914592, 4.606420035239978, 4.60638577632415, 4.606381389422294, 4.60635514992934, 4.606350210385445, 4.606304838718512, 4.606299027418479, 4.606323338777591, 4.606273934780023, 4.606253781685463, 4.606233168870975, 4.606249004755265, 4.606241178512573, 4.606191479854095, 4.6061959706819975, 4.6061895773960995, 4.606171979659643, 4.606136155739809, 4.6061327689733265, 4.606126911212236, 4.606113860546015, 4.606110366185506, 4.606092855257866, 4.606092882156372, 4.606058584115444, 4.606057915320763, 4.606036052948389, 4.606032250477718, 4.606019592285156, 4.605984880985358, 4.605990743637085, 4.605979759265215, 4.605981581027692, 4.605972198339609, 4.605943585664798, 4.605934580778464, 4.605921224447397, 4.605916727506197, 4.605921668272752, 4.605884423622718, 4.605882595746945, 4.605891290077796, 4.605871843680357, 4.605855801166633, 4.605849127891736, 4.60583965472686, 4.605829544556447, 4.6058081810291, 4.605827659215683, 4.605824947357178, 4.605810099381667, 4.60580636537992, 4.605784355065762, 4.605774979713636, 4.605755266776452, 4.605764129834298, 4.605737379269722, 4.605732738054716, 4.605738636163565, 4.605718458615817, 4.605698832487449, 4.605704166950324], "test_loss": [4.5993231018066405, 4.599273980712891, 4.599228076171875, 4.599184094238281, 4.599141021728515, 4.599098706054687, 4.599059606933594, 4.599020983886719, 4.598983361816407, 4.598945751953125, 4.598908575439453, 4.598873291015625, 4.5988379638671875, 4.598805120849609, 4.598772210693359, 4.598740393066406, 4.598707922363281, 4.598677069091797, 4.598647503662109, 4.598617535400391, 4.59858882446289, 4.598559344482422, 4.598531597900391, 4.598503216552734, 4.598476129150391, 4.598447943115234, 4.598421557617187, 4.598396075439453, 4.598370458984375, 4.598345263671875, 4.5983210510253905, 4.598296508789063, 4.598272106933594, 4.598247973632812, 4.598222918701172, 4.5981992248535155, 4.598175384521484, 4.598150720214844, 4.59812739868164, 4.598104797363281, 4.598080938720703, 4.598059674072266, 4.598038043212891, 4.598016021728515, 4.597994458007813, 4.597974011230469, 4.597951416015625, 4.597930163574219, 4.597908453369141, 4.5978876525878905, 4.597866625976563, 4.5978439453125, 4.597823297119141, 4.59780234375, 4.597781970214844, 4.597762145996094, 4.597742120361328, 4.597721185302734, 4.597701330566406, 4.597680267333985, 4.597659545898438, 4.5976412353515625, 4.597622235107422, 4.597601721191406, 4.597583428955078, 4.597564215087891, 4.597544610595703, 4.597524969482422, 4.597504400634766, 4.597484484863282, 4.597465771484375, 4.597446893310547, 4.5974282470703125, 4.597408758544922, 4.597389666748047, 4.597371075439453, 4.597352923583984, 4.597332458496094, 4.597313256835937, 4.597293634033203, 4.597273876953125, 4.597255487060547, 4.59723519897461, 4.597215466308594, 4.597195629882813, 4.597177380371094, 4.597158642578125, 4.597140222167969, 4.597121875, 4.597102368164062, 4.5970831420898435, 4.597064001464844, 4.597044744873047, 4.597023370361328, 4.59700375366211, 4.596984118652344, 4.596964324951172, 4.596944647216797, 4.5969255249023435, 4.596904791259766], "test_acc": [1.07, 1.03, 1.03, 1.0, 1.0, 1.0, 0.99, 0.99, 1.01, 1.03, 1.0, 1.01, 0.98, 1.0, 0.98, 0.97, 0.97, 0.96, 0.98, 0.98, 1.03, 1.03, 1.04, 1.05, 1.07, 1.07, 1.08, 1.06, 1.06, 1.04, 1.03, 1.02, 1.03, 1.04, 1.07, 1.06, 1.07, 1.09, 1.11, 1.1, 1.12, 1.1, 1.12, 1.12, 1.12, 1.14, 1.14, 1.14, 1.14, 1.14, 1.14, 1.12, 1.12, 1.13, 1.18, 1.2, 1.19, 1.2, 1.22, 1.2, 1.2, 1.2, 1.22, 1.24, 1.26, 1.27, 1.29, 1.29, 1.29, 1.29, 1.29, 1.27, 1.3, 1.32, 1.32, 1.33, 1.32, 1.34, 1.34, 1.35, 1.36, 1.35, 1.36, 1.36, 1.38, 1.38, 1.4, 1.4, 1.4, 1.4, 1.4, 1.39, 1.4, 1.4, 1.4, 1.4, 1.42, 1.44, 1.43, 1.44]}