{"train_loss": [4.607446895501552, 4.607382545715724, 4.607343095388168, 4.607317720315395, 4.607250919097509, 4.6072193170205145, 4.607187187977326, 4.6071531405815715, 4.607130356324025, 4.607069612160707, 4.607047429451575, 4.607023085080661, 4.6069700387807995, 4.606957419713338, 4.60693424542745, 4.606904298831255, 4.606868048203297, 4.6068606034303325, 4.60682108830183, 4.606796684020605, 4.606778205969395, 4.60675230270777, 4.606728367927747, 4.606695383022993, 4.606697780658037, 4.60667243492909, 4.606637059725248, 4.606631128604596, 4.6066137338295965, 4.606597068982246, 4.606569576263428, 4.606551354970687, 4.60653127523569, 4.60651257955111, 4.606502426587618, 4.606482434884096, 4.606462357594417, 4.606451869622255, 4.6064337143531215, 4.60642756437644, 4.60640677794432, 4.606389764639047, 4.606377903620402, 4.60635264592293, 4.606352240000016, 4.606334273020426, 4.606310409154648, 4.606305578427437, 4.606287819299943, 4.606273874869713, 4.606265467863817, 4.606246779515193, 4.606243131099603, 4.606227817290868, 4.606227379578811, 4.606205000021519, 4.606192547235733, 4.606182527542114, 4.606173419952393, 4.606156255037357, 4.60614729416676, 4.606131959572816, 4.606119565474681, 4.606116764362042, 4.606106942739242, 4.606091468762129, 4.606086212549454, 4.6060787054208605, 4.606050125757853, 4.606047399227435, 4.606042897395598, 4.606027351281582, 4.6060254219250805, 4.606007047799918, 4.605993103369689, 4.605991218028924, 4.605992022538796, 4.605966759950687, 4.605966741610796, 4.605965477380997, 4.605940641501011, 4.605950243045122, 4.605928859955225, 4.605925397383861, 4.605919721799019, 4.605908730091193, 4.605905315203544, 4.605891938087268, 4.605881981971937, 4.605881782678457, 4.605869090251433, 4.605856089714246, 4.605848080072647, 4.605840180470393, 4.605837013782599, 4.605823630553026, 4.6058284429403455, 4.6058093572274235, 4.605809825505966, 4.605797501099415], "test_loss": [4.599330139160156, 4.599288385009766, 4.599249304199219, 4.599211370849609, 4.599174444580078, 4.599139477539063, 4.5991068359375, 4.5990749328613285, 4.59904476928711, 4.59901470336914, 4.598984790039062, 4.5989571411132815, 4.598929486083985, 4.598903094482422, 4.598877221679688, 4.598851104736328, 4.598826092529297, 4.598801861572266, 4.598778338623047, 4.598754699707031, 4.598731317138672, 4.598708673095703, 4.598687280273437, 4.59866513671875, 4.598643560791015, 4.598622930908203, 4.598602630615234, 4.598583447265625, 4.598564306640625, 4.5985451171875, 4.598526702880859, 4.598507873535156, 4.598489508056641, 4.598471276855469, 4.5984527893066405, 4.598435192871094, 4.598417907714844, 4.598400250244141, 4.598383306884766, 4.598366259765625, 4.598348736572266, 4.5983328491210935, 4.598316723632813, 4.5982999450683595, 4.598283349609375, 4.598267535400391, 4.598252130126953, 4.598236669921875, 4.598220874023437, 4.59820503540039, 4.598189904785157, 4.598174798583984, 4.598159521484375, 4.598144287109375, 4.598129577636719, 4.598115020751953, 4.598100610351563, 4.598085131835938, 4.598070013427734, 4.598055432128906, 4.598040673828125, 4.598027313232422, 4.598013995361328, 4.598000360107422, 4.597986193847656, 4.5979725402832035, 4.597958166503906, 4.59794476928711, 4.5979310852050785, 4.59791689453125, 4.597903607177734, 4.597890325927734, 4.59787710571289, 4.597864141845703, 4.597850628662109, 4.597837677001953, 4.597825, 4.597812548828125, 4.5978001159667965, 4.597787060546875, 4.597774645996093, 4.597761993408203, 4.597749334716797, 4.5977365234375, 4.597724035644531, 4.597712109375, 4.597699603271485, 4.597687603759765, 4.5976761596679685, 4.59766401977539, 4.597652679443359, 4.597640148925781, 4.597628515625, 4.597616436767578, 4.597604772949219, 4.597593353271485, 4.597581268310547, 4.597569342041016, 4.597557659912109, 4.597545104980469], "test_acc": [1.08, 1.03, 1.03, 1.01, 1.01, 1.0, 0.98, 0.98, 0.98, 0.94, 0.95, 0.95, 0.93, 0.93, 0.94, 0.95, 0.95, 0.95, 0.92, 0.92, 0.91, 0.92, 0.95, 0.95, 0.93, 0.93, 0.93, 0.95, 0.94, 0.95, 0.95, 0.96, 0.96, 0.95, 0.94, 0.94, 0.94, 0.93, 0.93, 0.94, 0.94, 0.95, 0.94, 0.94, 0.95, 0.96, 0.98, 0.98, 1.0, 1.01, 1.03, 1.02, 1.02, 1.01, 1.02, 0.99, 1.01, 1.01, 1.01, 1.0, 1.0, 1.0, 1.01, 1.02, 1.01, 1.01, 1.04, 1.04, 1.03, 1.04, 1.04, 1.05, 1.05, 1.07, 1.09, 1.09, 1.09, 1.1, 1.13, 1.14, 1.14, 1.12, 1.13, 1.13, 1.12, 1.13, 1.14, 1.15, 1.14, 1.14, 1.16, 1.14, 1.14, 1.14, 1.15, 1.15, 1.14, 1.14, 1.14, 1.13]}