{"train_loss": [4.607321164546868, 4.607283215645032, 4.607207528138772, 4.607185120460315, 4.607126555076012, 4.60710729330014, 4.6070686780489405, 4.60703787559118, 4.607001583392804, 4.606947651887551, 4.606924131589058, 4.60690734569843, 4.606837749481201, 4.606831637406961, 4.606801651685666, 4.6067899862925215, 4.606744895837246, 4.606730730105669, 4.606707052084116, 4.60668058028588, 4.606642495668852, 4.606632127517309, 4.606601898486797, 4.606579911403167, 4.6065549019055485, 4.60653959665543, 4.606510639190674, 4.606474733352661, 4.606469326752883, 4.6064633210500086, 4.606438201513046, 4.60641139348348, 4.606398252340464, 4.606369371903249, 4.606370211870242, 4.606331688318497, 4.606316762092786, 4.606301516752977, 4.606295187045366, 4.6062711666791865, 4.606261907479702, 4.606240322651007, 4.606224470872146, 4.606194450916388, 4.6062014530866575, 4.60617839373075, 4.60616701566256, 4.606156873703003, 4.606126705805461, 4.606126259534787, 4.606113145290277, 4.60608178285452, 4.606078941394121, 4.606060300729213, 4.606058794412857, 4.606044149398803, 4.606020709795829, 4.606001977431468, 4.605987876500839, 4.605981522340041, 4.605971955030393, 4.605968320064056, 4.605945616502028, 4.6059289284241505, 4.605904629291632, 4.60591265971844, 4.605898772753202, 4.605883412483411, 4.605868076666807, 4.605852389946962, 4.605840517924382, 4.605829826990763, 4.60581754659995, 4.605799342424442, 4.605786713575705, 4.605794780682295, 4.6057841166471825, 4.605754931767781, 4.605755951465705, 4.605756617815066, 4.605718113825872, 4.605741206193581, 4.605707815365913, 4.605701725299542, 4.605696713618743, 4.605688331066034, 4.6056702821682665, 4.605669473990416, 4.605645154072688, 4.605648307311229, 4.605631934679471, 4.605607142815223, 4.605608903444731, 4.605592875602918, 4.605587028845763, 4.6055707686986675, 4.605559027500641, 4.605550802670992, 4.605549183869973, 4.605526646589621], "test_loss": [4.599316418457032, 4.599260894775391, 4.599208624267578, 4.599157531738281, 4.599107690429688, 4.599059149169922, 4.5990138977050785, 4.598969372558594, 4.598925665283203, 4.598882385253907, 4.598839056396485, 4.598798706054687, 4.598758685302735, 4.598720104980469, 4.598681323242188, 4.598643731689453, 4.598606494140625, 4.598570483398437, 4.598534265136719, 4.598498486328125, 4.5984637084960935, 4.59842919921875, 4.598394451904297, 4.5983598510742185, 4.598327197265625, 4.59829365234375, 4.598260363769532, 4.598227032470703, 4.598195263671875, 4.598163873291016, 4.59813275756836, 4.598101379394532, 4.598069793701172, 4.598040533447266, 4.598009698486329, 4.597979595947265, 4.597950518798828, 4.5979214172363285, 4.597892724609375, 4.597863812255859, 4.5978349609375, 4.597807342529297, 4.597778179931641, 4.597749108886719, 4.597720288085937, 4.5976917358398435, 4.597663146972656, 4.597634930419922, 4.597606787109375, 4.5975784484863285, 4.597549615478516, 4.597521643066406, 4.597492736816406, 4.597464593505859, 4.597436468505859, 4.5974085327148435, 4.597379852294922, 4.597351385498047, 4.5973224609375, 4.597294580078125, 4.597266290283203, 4.597238781738281, 4.597211029052734, 4.597182708740235, 4.597153875732422, 4.5971244506835935, 4.5970958251953125, 4.597067388916016, 4.597038250732422, 4.597007934570312, 4.596978546142578, 4.59694751586914, 4.596918151855469, 4.5968886108398435, 4.596859033203125, 4.596829235839844, 4.596799346923828, 4.596768658447266, 4.596737835693359, 4.5967072265625, 4.59667666015625, 4.596647436523438, 4.596616729736328, 4.596585949707031, 4.5965560363769535, 4.596524676513672, 4.596494213867188, 4.596463415527344, 4.596431976318359, 4.596400256347656, 4.596368530273438, 4.596337170410156, 4.596305413818359, 4.596272357177734, 4.596239556884766, 4.596205938720703, 4.596173468017578, 4.59613989868164, 4.596106750488281, 4.596072528076172], "test_acc": [1.08, 1.02, 1.02, 0.98, 1.0, 0.99, 0.98, 0.98, 1.01, 0.98, 0.99, 0.97, 0.97, 0.96, 0.96, 0.96, 0.99, 0.99, 1.0, 0.97, 0.98, 0.99, 0.99, 1.04, 1.03, 1.02, 1.02, 1.04, 1.05, 1.05, 1.03, 1.04, 1.03, 1.03, 1.03, 1.03, 1.03, 1.03, 1.06, 1.07, 1.11, 1.12, 1.13, 1.14, 1.16, 1.17, 1.16, 1.16, 1.16, 1.18, 1.18, 1.19, 1.19, 1.18, 1.21, 1.2, 1.21, 1.22, 1.22, 1.23, 1.26, 1.26, 1.27, 1.28, 1.32, 1.31, 1.3, 1.29, 1.29, 1.29, 1.3, 1.32, 1.34, 1.34, 1.35, 1.36, 1.36, 1.36, 1.35, 1.4, 1.41, 1.4, 1.41, 1.42, 1.42, 1.44, 1.45, 1.47, 1.49, 1.5, 1.51, 1.52, 1.52, 1.55, 1.55, 1.54, 1.55, 1.55, 1.56, 1.56]}