{"train_loss": [4.607220088518583, 4.607135764146462, 4.6070255303994205, 4.606983145689353, 4.606889346929697, 4.606870745389889, 4.606817948512542, 4.6067349213820235, 4.606691279778114, 4.60658905689533, 4.606514076086191, 4.606532451434013, 4.6063928432953665, 4.606400099778787, 4.606356255213419, 4.606316721745026, 4.606271753555689, 4.606205249444033, 4.60615242322286, 4.606073037171975, 4.605997591752272, 4.6060040266085895, 4.60594425201416, 4.605903132756551, 4.60583448776832, 4.605806312805567, 4.6056921249780896, 4.605673402395004, 4.605640685252654, 4.605583881720518, 4.605584590862959, 4.605474029443203, 4.605386553055201, 4.605334422527215, 4.605300837296706, 4.605204583437015, 4.605192470550537, 4.605098117926182, 4.605030832535181, 4.60497007492261, 4.604892072922144, 4.604833075939081, 4.604755439513769, 4.604659325037247, 4.604633601506551, 4.60449638855763, 4.604433569541344, 4.604367478688558, 4.60420982776544, 4.604130924665011, 4.6040207777267845, 4.603920601575803, 4.603794831496018, 4.603735488500351, 4.60362517283513, 4.6034783265529535, 4.6033210852207285, 4.6031829332694025, 4.603033909430871, 4.602906802984385, 4.602775562726534, 4.60259524614383, 4.602441517512004, 4.6022351815150335, 4.601988280125154, 4.601830662213839, 4.601649372394268, 4.601374062513694, 4.6011719532502005, 4.60088507945721, 4.600622158784133, 4.600340494742761, 4.600116927807147, 4.599733016429803, 4.5994275765541275, 4.599066422535823, 4.598800994188357, 4.5983231043204285, 4.5980556561396675, 4.597617023419112, 4.597172768910726, 4.596869995655157, 4.596333833841177, 4.595884236311301, 4.595495962485289, 4.594943204292885, 4.594352288123889, 4.593954416421743, 4.593362306937193, 4.592846299440433, 4.592317394109872, 4.591785960319715, 4.591247336069743, 4.590543794631958, 4.5901222840333595, 4.589551173723661, 4.589075983487643, 4.588493979282868, 4.587993426200671, 4.5874524495540525], "test_loss": [4.599265057373047, 4.599157495117187, 4.599050408935547, 4.598945147705078, 4.598841259765625, 4.598739825439453, 4.598641638183594, 4.598542272949219, 4.598444134521484, 4.598348522949219, 4.59824849243164, 4.598151843261719, 4.598053674316406, 4.597957550048828, 4.597857647705078, 4.597758569335937, 4.597660827636719, 4.597561376953125, 4.597460784912109, 4.597359039306641, 4.597254229736328, 4.59714931640625, 4.597044451904297, 4.596935845947265, 4.596825787353516, 4.5967137878417965, 4.5965970703125, 4.596478399658203, 4.596357086181641, 4.596233624267578, 4.596108612060547, 4.595978753662109, 4.59584609375, 4.595711285400391, 4.595570050048828, 4.595423962402344, 4.595276702880859, 4.595125317382813, 4.594966857910157, 4.594804089355469, 4.594634173583985, 4.594457763671875, 4.594272717285156, 4.594082586669922, 4.593881469726562, 4.593673559570313, 4.593456408691406, 4.5932310119628905, 4.592990954589844, 4.592739477539062, 4.592475207519532, 4.5921968139648435, 4.59190453491211, 4.5915992614746095, 4.591278686523437, 4.590940283203125, 4.590583099365235, 4.590205169677734, 4.589804028320312, 4.589376232910157, 4.58893388671875, 4.588461328125, 4.587959228515625, 4.587424908447265, 4.586859765625, 4.586252020263672, 4.585619049072266, 4.584932446289063, 4.584207116699218, 4.583429180908203, 4.582615460205078, 4.581746673583984, 4.580832513427734, 4.5798581604003905, 4.578819964599609, 4.57771533203125, 4.576550518798828, 4.5753096496582035, 4.574015972900391, 4.572633984375, 4.5711968078613285, 4.569693865966797, 4.568110467529297, 4.56645224609375, 4.56473642578125, 4.56293765258789, 4.561045794677734, 4.559115808105469, 4.557118286132813, 4.555060327148437, 4.552980041503906, 4.550874652099609, 4.548725616455078, 4.546571325683594, 4.544402282714843, 4.54219448852539, 4.540070556640625, 4.537910198974609, 4.535801867675781, 4.533658251953125], "test_acc": [1.04, 1.02, 1.01, 0.99, 1.03, 1.02, 1.07, 1.09, 1.12, 1.11, 1.18, 1.14, 1.16, 1.16, 1.18, 1.22, 1.22, 1.24, 1.25, 1.28, 1.3, 1.28, 1.32, 1.33, 1.37, 1.36, 1.39, 1.41, 1.4, 1.43, 1.44, 1.39, 1.38, 1.38, 1.4, 1.41, 1.43, 1.45, 1.45, 1.46, 1.46, 1.47, 1.5, 1.52, 1.5, 1.48, 1.49, 1.5, 1.52, 1.52, 1.51, 1.51, 1.51, 1.48, 1.48, 1.47, 1.48, 1.49, 1.5, 1.53, 1.55, 1.55, 1.57, 1.62, 1.6, 1.57, 1.54, 1.57, 1.56, 1.57, 1.56, 1.55, 1.51, 1.51, 1.52, 1.5, 1.5, 1.51, 1.52, 1.51, 1.46, 1.45, 1.53, 1.59, 1.69, 1.76, 1.76, 1.86, 1.91, 1.95, 1.96, 1.94, 1.98, 2.0, 1.9, 1.92, 1.92, 1.9, 1.94, 1.95]}