{"train_loss": [4.6073810638525545, 4.60730936955183, 4.607235254385532, 4.607238803765712, 4.607170257812891, 4.60713555140373, 4.607119179994632, 4.607079395881066, 4.607037396308703, 4.606989316451243, 4.606946991651486, 4.6069390358069, 4.606856519748003, 4.606860695129786, 4.606833173067142, 4.606809212611272, 4.6067845491262585, 4.606744242937137, 4.606730985641479, 4.606706850345319, 4.606682084156916, 4.606651780544183, 4.60661861713116, 4.606608248979617, 4.606589752588516, 4.606548613768357, 4.606526962916056, 4.606512740942148, 4.606501190478985, 4.606476322809855, 4.606468341289422, 4.606443429604555, 4.606400330861409, 4.606382911633222, 4.606371199779021, 4.606370557882847, 4.60634337694217, 4.606309689008272, 4.606292848097972, 4.606280535918016, 4.606269163963122, 4.606251421952859, 4.60622410651965, 4.606205193201701, 4.606197873139993, 4.606178869345249, 4.606160932932145, 4.606151946385702, 4.606116014871842, 4.606118657038762, 4.606094019229595, 4.606080288764758, 4.606055144774608, 4.60605135453053, 4.606038543505546, 4.606020553295429, 4.606007232421484, 4.6059874155582525, 4.6059627166161174, 4.6059691551404125, 4.605953985605485, 4.6059354941050215, 4.605923558504154, 4.605911850317931, 4.605888581887269, 4.605879416832557, 4.605899267930251, 4.605856962693044, 4.605835255598411, 4.605815399610079, 4.605811148423415, 4.605794879717704, 4.605801442953257, 4.605773087036916, 4.605764692257612, 4.60575286425077, 4.6057550063500035, 4.605716507251446, 4.605705215992072, 4.605714780856402, 4.605659154745249, 4.605685047002939, 4.60565885641636, 4.605642643952981, 4.6056339581807455, 4.605630028553498, 4.605605406638904, 4.605614580252232, 4.605593607975886, 4.605598194171221, 4.60557315043914, 4.605535662479889, 4.605538241068522, 4.605521337802593, 4.605527040285942, 4.605497998457689, 4.605494233889457, 4.605484107824473, 4.605481853240575, 4.605441759794187], "test_loss": [4.599313842773437, 4.599255303955078, 4.599199713134766, 4.599145843505859, 4.599093975830078, 4.599042303466796, 4.5989931640625, 4.598946142578125, 4.598899566650391, 4.598853833007812, 4.598809045410157, 4.5987648559570315, 4.598721307373047, 4.598678924560547, 4.598636828613281, 4.598596356201172, 4.598556005859375, 4.598516247558594, 4.598477966308594, 4.59843857421875, 4.598400354003906, 4.598362097167969, 4.598324481201172, 4.598287292480469, 4.598251245117187, 4.598213830566406, 4.598177630615234, 4.598142401123047, 4.5981080505371095, 4.5980737609863285, 4.598038500976562, 4.598004486083984, 4.597968841552734, 4.597934802246094, 4.597899499511719, 4.597865588378906, 4.597832232666016, 4.597799670410156, 4.5977662048339845, 4.597733129882813, 4.597699694824219, 4.597667163085937, 4.597634436035157, 4.597601885986328, 4.59756919555664, 4.597537487792969, 4.5975058654785155, 4.597473040771485, 4.597439916992188, 4.597407330322266, 4.59737427368164, 4.5973423461914065, 4.597307122802734, 4.597274426269531, 4.597243048095703, 4.597209521484375, 4.597177600097656, 4.59714423828125, 4.597112329101562, 4.597079083251953, 4.597046514892578, 4.5970139404296875, 4.596981195068359, 4.596948712158203, 4.596915441894531, 4.596882165527344, 4.5968499267578125, 4.5968165222167965, 4.596782702636719, 4.596747985839844, 4.596715399169922, 4.596680206298828, 4.596646649169922, 4.5966119323730465, 4.596577136230469, 4.596541387939453, 4.596507873535156, 4.59647250366211, 4.596436169433594, 4.596400439453125, 4.5963642700195315, 4.596328308105469, 4.596292462158203, 4.596256109619141, 4.5962193481445315, 4.596182275390625, 4.596144189453125, 4.596107836914062, 4.596070227050781, 4.59603256225586, 4.59599404296875, 4.595954583740235, 4.595915521240235, 4.5958758605957035, 4.595835876464844, 4.5957947448730465, 4.59575551147461, 4.5957146484375, 4.595674774169922, 4.595632446289063], "test_acc": [1.07, 1.03, 1.02, 1.01, 1.0, 1.0, 0.99, 0.99, 0.99, 1.02, 1.01, 0.98, 0.98, 0.97, 0.98, 0.98, 0.97, 0.99, 1.0, 1.0, 0.98, 0.99, 0.99, 1.0, 1.01, 1.01, 1.01, 1.01, 1.02, 1.05, 1.04, 1.05, 1.05, 1.09, 1.1, 1.1, 1.11, 1.09, 1.09, 1.09, 1.09, 1.08, 1.09, 1.09, 1.1, 1.12, 1.11, 1.12, 1.12, 1.13, 1.17, 1.21, 1.2, 1.19, 1.21, 1.19, 1.22, 1.23, 1.25, 1.25, 1.25, 1.24, 1.23, 1.25, 1.26, 1.26, 1.27, 1.26, 1.28, 1.29, 1.29, 1.31, 1.31, 1.3, 1.3, 1.32, 1.34, 1.33, 1.31, 1.31, 1.31, 1.33, 1.33, 1.31, 1.33, 1.36, 1.37, 1.37, 1.4, 1.4, 1.41, 1.4, 1.4, 1.4, 1.41, 1.42, 1.43, 1.44, 1.48, 1.49]}