{"train_loss": [4.6073246368995076, 4.607283077484522, 4.607237103046515, 4.607212669421465, 4.607169201435187, 4.607138376969558, 4.607098053663205, 4.607035158842038, 4.6070156329717395, 4.606983565061521, 4.606945923047188, 4.606898828653189, 4.606869424917759, 4.606848254570594, 4.606849365967971, 4.606795143469786, 4.606785504023234, 4.606747597914476, 4.606723740161994, 4.606688108199682, 4.6066637919499325, 4.606649835293109, 4.606643243936392, 4.606607154699472, 4.606580488498395, 4.6065454886509825, 4.606520775036934, 4.60650926614419, 4.60649500871316, 4.606516651006845, 4.6064727245233, 4.6064557662376995, 4.606421133188101, 4.606377324079856, 4.606404232367491, 4.606350480593168, 4.606366738294944, 4.606332468375181, 4.606327904187716, 4.606319414040981, 4.606302799322666, 4.60627567584698, 4.606255310009687, 4.606229409193381, 4.606228373600886, 4.606214254330366, 4.606180160473555, 4.606177120942336, 4.606148245395758, 4.606146159538856, 4.60613997899569, 4.606121854293041, 4.606117845192934, 4.606081884335249, 4.6060630835019625, 4.606075403017876, 4.606043667671008, 4.606065603402945, 4.606036667946057, 4.606031603690905, 4.6059978790772265, 4.606001478586442, 4.605990572464772, 4.605958791879507, 4.605953901241987, 4.605946177702684, 4.605935434194712, 4.6059262776986145, 4.605907322810246, 4.6059039054772795, 4.605878332333687, 4.6058756119165665, 4.605861537884444, 4.605853421871479, 4.605853401086269, 4.605846357345581, 4.605827110241621, 4.605815717501518, 4.605818199500059, 4.605802740194859, 4.605791228856796, 4.605775196124346, 4.605767382108248, 4.6057753269488995, 4.605754435368073, 4.605726255514683, 4.605741557096824, 4.605730300071912, 4.605731673118395, 4.605718942788931, 4.6056959127768495, 4.605675159356533, 4.605677318572998, 4.605676691348736, 4.605672515966954, 4.605671440026699, 4.605652164801573, 4.605632278246757, 4.60564897610591, 4.605627168753208], "test_loss": [4.599322375488281, 4.599271423339844, 4.599223168945312, 4.599175946044922, 4.599131213378906, 4.599088366699219, 4.599047229003906, 4.599007116699219, 4.598967877197266, 4.5989292541503906, 4.59889154663086, 4.598854962158203, 4.5988185546875, 4.598784478759765, 4.598748089599609, 4.598715441894531, 4.598682775878906, 4.5986503356933595, 4.598620080566406, 4.59858890991211, 4.59855927734375, 4.5985288940429685, 4.5985005065917965, 4.598472155761719, 4.5984437438964845, 4.598413696289063, 4.598385040283203, 4.5983575805664065, 4.598331481933593, 4.598304205322266, 4.598277526855469, 4.598252166748047, 4.598225366210937, 4.5981980895996095, 4.59817300415039, 4.598147442626953, 4.598123413085937, 4.5980982604980465, 4.598073852539063, 4.598048718261719, 4.598023571777344, 4.598000958251953, 4.597975793457032, 4.5979509765625, 4.597927386474609, 4.597904388427734, 4.597881842041016, 4.59786079711914, 4.597838372802735, 4.597816168212891, 4.597793310546875, 4.597772326660157, 4.597750061035156, 4.59772944946289, 4.597707562255859, 4.5976860656738285, 4.597664495849609, 4.5976435546875, 4.597621759033203, 4.597600317382812, 4.5975781860351566, 4.597557720947266, 4.597538775634765, 4.597517474365234, 4.597497766113281, 4.597477679443359, 4.5974562561035155, 4.597434478759766, 4.597413348388672, 4.59739154663086, 4.597372180175781, 4.597351782226562, 4.597329620361328, 4.5973081787109376, 4.59728642578125, 4.597267218017578, 4.597246704101562, 4.597225433349609, 4.597205053710938, 4.597182525634766, 4.597161389160156, 4.5971391418457035, 4.597118005371094, 4.597097283935547, 4.597074768066406, 4.5970529296875, 4.597031219482422, 4.597008721923828, 4.596986163330078, 4.5969657043457035, 4.596944305419922, 4.596922149658203, 4.596901330566406, 4.596879040527344, 4.596858624267578, 4.596835931396484, 4.596815441894531, 4.596793133544922, 4.596771716308594, 4.596749615478515], "test_acc": [1.07, 1.03, 1.02, 1.02, 1.0, 0.99, 0.97, 1.0, 1.02, 0.99, 0.97, 0.96, 0.95, 0.94, 0.95, 0.98, 0.97, 1.01, 1.0, 1.04, 1.1, 1.07, 1.07, 1.1, 1.09, 1.08, 1.07, 1.08, 1.07, 1.08, 1.09, 1.09, 1.09, 1.09, 1.09, 1.11, 1.08, 1.07, 1.06, 1.07, 1.06, 1.06, 1.06, 1.08, 1.1, 1.1, 1.11, 1.1, 1.12, 1.12, 1.13, 1.13, 1.15, 1.16, 1.16, 1.16, 1.2, 1.22, 1.23, 1.24, 1.24, 1.23, 1.24, 1.25, 1.24, 1.25, 1.26, 1.27, 1.24, 1.25, 1.28, 1.27, 1.28, 1.27, 1.29, 1.28, 1.28, 1.3, 1.31, 1.32, 1.33, 1.35, 1.34, 1.37, 1.36, 1.37, 1.38, 1.39, 1.41, 1.42, 1.44, 1.44, 1.46, 1.44, 1.45, 1.46, 1.48, 1.5, 1.5, 1.5]}