{"train_loss": [4.607335291153345, 4.607294950729761, 4.6071600914001465, 4.6071678675138035, 4.607103547071799, 4.607077056933672, 4.607038978429941, 4.606949022488716, 4.606951268513997, 4.606892250745725, 4.606846523284912, 4.6068280048859425, 4.606794961293539, 4.606722474709535, 4.606741881981874, 4.606698173131698, 4.606688726865328, 4.606648134573912, 4.606667175048437, 4.606548920655862, 4.606606284165994, 4.606543505497468, 4.606525866190593, 4.606522049048008, 4.606499206102812, 4.606493504842122, 4.606424343891633, 4.606418604728503, 4.606346656114627, 4.606345147352952, 4.606350833941729, 4.606308571497599, 4.606357666162344, 4.606298903929882, 4.606276073211279, 4.6062657502981335, 4.606208405127892, 4.606193905610304, 4.606225600609412, 4.60619089664557, 4.606157740568503, 4.606172219300881, 4.606138701316638, 4.606111069214649, 4.606130919089684, 4.606090183747121, 4.606071393917769, 4.606045722961426, 4.606023605053242, 4.606025420702421, 4.605995333500397, 4.605982936956944, 4.6059193219894015, 4.605972868356949, 4.605952497629019, 4.605884275680933, 4.6058728670462585, 4.605877623191247, 4.605900896512545, 4.605848485995562, 4.6058495056934845, 4.6058412784185165, 4.605766067749415, 4.605769745508829, 4.605810275444617, 4.605790639534975, 4.605762105110364, 4.605762519591894, 4.605695739159217, 4.6057435170198096, 4.605749868735289, 4.605669410412128, 4.605698755459907, 4.6057435781527785, 4.6056874923216995, 4.605625793261406, 4.605649031125582, 4.605682786305746, 4.605623412743593, 4.60560734577668, 4.605542823595878, 4.605567962695391, 4.605609803322034, 4.6055383877876475, 4.605546579605494, 4.605557237527309, 4.605498249102862, 4.605471713726337, 4.605462697836069, 4.605497799164209, 4.605412851235806, 4.605448025923509, 4.605394406196399, 4.605430236229529, 4.605408776112092, 4.605394968619714, 4.605405588639088, 4.60540148417155, 4.605385370743581, 4.605388188973452], "test_loss": [4.599319567871094, 4.599262994384766, 4.599213549804688, 4.599162371826172, 4.599109417724609, 4.599061248779297, 4.599015258789063, 4.598971398925781, 4.598929302978515, 4.598885626220703, 4.59884545288086, 4.598804614257812, 4.59876513671875, 4.598727734375, 4.598688555908203, 4.598649090576171, 4.598611608886719, 4.598573211669922, 4.598536627197266, 4.598504479980469, 4.59847211303711, 4.5984373413085935, 4.598402838134765, 4.5983692626953125, 4.598333898925781, 4.598299572753906, 4.598266809082031, 4.598232891845703, 4.598201776123047, 4.598170318603516, 4.598138854980469, 4.598106359863281, 4.598077044677734, 4.5980477661132815, 4.598016271972656, 4.5979849731445315, 4.597955065917969, 4.597924584960937, 4.597892883300781, 4.597865216064453, 4.597837762451172, 4.597810894775391, 4.597783819580078, 4.5977551391601565, 4.5977226257324215, 4.5976958984375, 4.597668280029297, 4.5976393493652346, 4.597613891601562, 4.597586828613281, 4.597560595703125, 4.597532629394531, 4.59750443725586, 4.597475103759765, 4.597447619628906, 4.597420489501953, 4.597390765380859, 4.597360852050781, 4.5973355712890625, 4.597310028076172, 4.597281488037109, 4.597256549072266, 4.597226214599609, 4.597197467041016, 4.597169921875, 4.597140570068359, 4.597113592529297, 4.597086322021484, 4.597059246826172, 4.597031164550781, 4.59700283203125, 4.596974200439453, 4.596944836425782, 4.596917248535156, 4.596890380859375, 4.596862756347656, 4.596835223388672, 4.596807879638672, 4.596776873779297, 4.596746789550782, 4.596716339111328, 4.596686663818359, 4.596656524658203, 4.596627032470703, 4.596596197509766, 4.596568627929687, 4.596537322998047, 4.596507110595703, 4.596474841308594, 4.596445709228516, 4.596414672851562, 4.596384802246094, 4.596353332519532, 4.596322283935547, 4.59628900756836, 4.596257696533203, 4.596225, 4.596193115234375, 4.596158306884766, 4.596127502441406], "test_acc": [1.06, 1.05, 1.03, 1.04, 0.99, 0.98, 1.02, 1.02, 1.04, 1.06, 1.04, 1.06, 1.03, 1.01, 1.01, 1.01, 1.03, 1.02, 1.02, 1.04, 1.03, 1.06, 1.07, 1.1, 1.09, 1.09, 1.1, 1.09, 1.08, 1.08, 1.09, 1.1, 1.09, 1.13, 1.14, 1.15, 1.14, 1.14, 1.15, 1.14, 1.16, 1.18, 1.21, 1.24, 1.29, 1.3, 1.31, 1.32, 1.33, 1.31, 1.31, 1.32, 1.33, 1.34, 1.33, 1.31, 1.35, 1.33, 1.32, 1.35, 1.37, 1.38, 1.35, 1.36, 1.38, 1.39, 1.4, 1.44, 1.45, 1.44, 1.44, 1.46, 1.48, 1.46, 1.45, 1.45, 1.48, 1.49, 1.5, 1.49, 1.5, 1.51, 1.52, 1.53, 1.53, 1.53, 1.53, 1.54, 1.54, 1.55, 1.55, 1.56, 1.56, 1.57, 1.57, 1.57, 1.57, 1.57, 1.58, 1.56]}