{"train_loss": [2.3035675378946157, 2.3034412677471456, 2.303297608326643, 2.3031901439030964, 2.3031109406397894, 2.3030217140148848, 2.302970617856735, 2.3028789477470593, 2.302827084981478, 2.3027792643278073, 2.3027383180765004, 2.3026645366962137, 2.302627704693721, 2.3025962095994217, 2.302554657520392, 2.302523928422194, 2.3025117128323287, 2.3024738391240436, 2.3024651643557426, 2.3024117744885957, 2.3023992330600054, 2.3023864831679908, 2.3023340481978196, 2.302357737834637, 2.3023148628381582, 2.302286240382072, 2.302274601276104, 2.302286123006772, 2.3022538613050414, 2.302250248957903, 2.3022182281200703, 2.302200102806091, 2.3021793065926968, 2.3021755756475986, 2.3021597574918697, 2.3021426983368705, 2.3020929642212695, 2.3021044688347057, 2.302082113119272, 2.302054257881947, 2.302027150300833, 2.302017408150893, 2.301983583890475, 2.3019602610514713, 2.301956519102439, 2.3019236106138963, 2.301930404932071, 2.301937886996147, 2.3018749518272204, 2.3018713168608835, 2.3018630321209246, 2.30183036449628, 2.3018260564559547, 2.301785162779001, 2.301768938700358, 2.3017708882307395, 2.301728339684315, 2.3017120642539783, 2.3017116143153262, 2.3016767128919944, 2.301664600616846, 2.301642569517478, 2.301646817036164, 2.301604739213601, 2.3015944523689074, 2.3015739862735454, 2.3015474722935605, 2.301534321980599, 2.3015384998077, 2.301445487829355, 2.301476324521578, 2.301445688956823, 2.3014279830150115, 2.3014305310371594, 2.3013901930588943, 2.3013946435390373, 2.3013539974506085, 2.3013140513346744, 2.301330031492771, 2.301314310538463, 2.301260869930952, 2.3012724931423483, 2.3012314814787644, 2.3011992093844293, 2.3011988040728446, 2.3011641636872904, 2.301137261512952, 2.3011008036442293, 2.3010718431228248, 2.3010639459658893, 2.301048253132747, 2.3010205635657677, 2.3010290622711183, 2.301014534632365, 2.3009673240857245, 2.300935751352555, 2.300981011757484, 2.300900117556254, 2.300906604375595, 2.30086579200549], "test_loss": [2.2994010864257812, 2.299153091430664, 2.2989193756103514, 2.2986962829589843, 2.2984854888916018, 2.298284280395508, 2.298092608642578, 2.297903634643555, 2.2977204193115233, 2.2975411041259766, 2.297366314697266, 2.2971920135498047, 2.2970215545654296, 2.2968508544921873, 2.296684439086914, 2.2965167572021485, 2.2963464141845704, 2.296181799316406, 2.2960180938720702, 2.295849822998047, 2.295682730102539, 2.295510147094727, 2.2953395446777343, 2.2951703704833983, 2.294994488525391, 2.2948164978027346, 2.2946383270263673, 2.2944599700927735, 2.2942807342529297, 2.2940966186523437, 2.293904928588867, 2.2937110290527345, 2.293519985961914, 2.293327551269531, 2.2931345489501953, 2.292933264160156, 2.2927275451660156, 2.292523114013672, 2.292317709350586, 2.2921066497802736, 2.2918912017822266, 2.29167373046875, 2.291447903442383, 2.291222149658203, 2.2910003448486327, 2.290770489501953, 2.2905443420410156, 2.290319583129883, 2.290088052368164, 2.2898553009033202, 2.289622998046875, 2.289386373901367, 2.2891518218994142, 2.2889043395996094, 2.288652310180664, 2.2884081481933594, 2.2881565032958986, 2.287898767089844, 2.287640023803711, 2.287376077270508, 2.2871178833007813, 2.2868554962158205, 2.286591275024414, 2.286321420288086, 2.2860548034667967, 2.285795361328125, 2.2855265167236327, 2.285253335571289, 2.2849787841796876, 2.2846889770507812, 2.2844091705322267, 2.2841256591796877, 2.283848583984375, 2.2835711273193358, 2.283279409790039, 2.282993258666992, 2.2827014282226563, 2.2824093078613283, 2.282115771484375, 2.2818332275390625, 2.2815305938720702, 2.2812424102783204, 2.280944400024414, 2.2806407958984374, 2.2803412658691404, 2.280033255004883, 2.279725311279297, 2.279412414550781, 2.2791052307128905, 2.2787914672851564, 2.278493576049805, 2.2781847869873046, 2.277879818725586, 2.277580258178711, 2.277264111328125, 2.276947766113281, 2.2766468505859376, 2.2763206634521485, 2.276005895996094, 2.2756907592773437], "test_acc": [10.5, 10.6, 10.65, 10.74, 10.81, 10.96, 10.98, 11.02, 11.18, 11.29, 11.46, 11.54, 11.7, 11.94, 12.14, 12.31, 12.32, 12.56, 12.98, 13.24, 13.63, 13.94, 14.16, 14.33, 14.65, 14.95, 15.11, 15.28, 15.64, 16.0, 16.2, 16.29, 16.44, 16.62, 16.8, 17.03, 17.09, 17.32, 17.4, 17.52, 17.66, 17.78, 17.86, 17.88, 17.99, 18.1, 18.11, 18.35, 18.5, 18.59, 18.73, 18.81, 18.96, 18.99, 19.08, 19.2, 19.28, 19.45, 19.52, 19.59, 19.69, 19.85, 19.9, 19.92, 19.92, 20.1, 20.35, 20.43, 20.38, 20.48, 20.59, 20.65, 20.78, 20.9, 20.98, 21.09, 21.14, 21.27, 21.29, 21.29, 21.43, 21.46, 21.61, 21.62, 21.7, 21.75, 21.85, 21.88, 21.94, 21.97, 22.09, 22.23, 22.25, 22.31, 22.42, 22.42, 22.44, 22.46, 22.4, 22.48]}