{"train_loss": [2.3031869576527524, 2.3020442938193297, 2.3008830131628573, 2.2993467789429887, 2.297363874851129, 2.294466554812896, 2.290270025913532, 2.283985922886775, 2.2750867929214085, 2.263655046927623, 2.2511101429279035, 2.238144537118765, 2.2243111494259957, 2.208868045073289, 2.191721497437893, 2.1742903104195226, 2.1547361618433243, 2.1340888377947684, 2.1155396858851114, 2.097337847489577, 2.083034243950477, 2.068075449650104, 2.0557941201405647, 2.044984600482843, 2.0341834352566646, 2.022520098625085, 2.0146912745940377, 2.005211592026246, 1.9959448236685533, 1.9874827115963667, 1.9768233192272675, 1.9706315520482185, 1.9605186013075022, 1.9542462079952925, 1.943716821915064, 1.9361128272154393, 1.926170719281221, 1.919227071908804, 1.907517351859655, 1.8974401843853486, 1.8881353745093712, 1.881229563554128, 1.870836743636009, 1.860763282347948, 1.8541543697699523, 1.8439506316796328, 1.8401177925941272, 1.832013375331194, 1.8259501952391404, 1.8180284900543018, 1.8121278365453084, 1.8039124498000512, 1.8006510966863387, 1.7948508742528084, 1.7881793251404396, 1.78432635924755, 1.7782005071640015, 1.7722792903582254, 1.7669419759359115, 1.7626025368005802, 1.76130032875599, 1.7550949393174586, 1.754110775849758, 1.7461353143056233, 1.7450769479458148, 1.7407974344033461, 1.7349842780675644, 1.7311972584479893, 1.7308677832285564, 1.7237066592925634, 1.719604156873165, 1.7187536273247157, 1.717577499609727, 1.7104295904819782, 1.7080841917258043, 1.7052241618816668, 1.7003369799027077, 1.7018608606778658, 1.6944164942472408, 1.6920517175625531, 1.6907948536750599, 1.6841563741366068, 1.6820162635583145, 1.6791352437092708, 1.675592234195807, 1.6722443666213598, 1.6716281154216863, 1.6671235928168664, 1.6683243638429885, 1.662830059039287, 1.6560902210382316, 1.6562738213783657, 1.6528497393314654, 1.6524483237511072, 1.6498790909082461, 1.645869191793295, 1.6433820464672186, 1.6396289926308851, 1.638071797749935, 1.6345347334177067], "test_loss": [2.2985698913574217, 2.2973303131103515, 2.295848760986328, 2.293933312988281, 2.291275665283203, 2.287452587890625, 2.2817668853759767, 2.273210891723633, 2.2610822021484376, 2.246603921508789, 2.2313013275146485, 2.2153795318603517, 2.197996789550781, 2.178917068481445, 2.1578923095703124, 2.1353457733154295, 2.110796368408203, 2.085713446044922, 2.0618479843139648, 2.0409776901245116, 2.0234104248046876, 2.00617099609375, 1.9915168106079102, 1.9777555282592774, 1.9635191040039062, 1.949919613647461, 1.9387212860107421, 1.9266871841430664, 1.9146971954345704, 1.9034381591796874, 1.8928566589355469, 1.8814586044311523, 1.8710477264404297, 1.8591820098876952, 1.8471803817749024, 1.8338722091674804, 1.8227841430664062, 1.8122907806396484, 1.8007483520507812, 1.7865387939453126, 1.7744499084472656, 1.7637922348022461, 1.7527204299926757, 1.7434864166259765, 1.7286814514160156, 1.7209780700683595, 1.71098318939209, 1.7002322204589844, 1.6930653198242187, 1.6811261703491212, 1.673761245727539, 1.6680968627929686, 1.6592671752929689, 1.6538421173095703, 1.64441923828125, 1.6401346801757812, 1.628260108947754, 1.622901612854004, 1.6162813110351562, 1.609261424255371, 1.6067238250732423, 1.5983020416259766, 1.5975289230346679, 1.5882825744628906, 1.5858138442993164, 1.5830563095092773, 1.5745051391601563, 1.5686178161621094, 1.570707112121582, 1.5584438232421876, 1.5566070220947266, 1.552437533569336, 1.5464519088745117, 1.5441455932617187, 1.541038134765625, 1.5339718566894531, 1.5305214752197265, 1.5290254028320311, 1.524101934814453, 1.5230948684692382, 1.5155081909179688, 1.5105252487182617, 1.5053281768798827, 1.5057687301635743, 1.4988969909667968, 1.4983495010375976, 1.4969040008544923, 1.4903299041748046, 1.4838988525390624, 1.4848642196655273, 1.4799861557006837, 1.4755849472045899, 1.4744644943237304, 1.4707212982177735, 1.466281935119629, 1.465993421936035, 1.4615268737792968, 1.4540786209106444, 1.4533776321411134, 1.4549094497680664], "test_acc": [10.84, 11.46, 12.0, 12.97, 14.66, 15.81, 16.55, 16.03, 16.03, 17.19, 18.24, 19.47, 20.91, 22.46, 23.71, 24.25, 25.26, 25.86, 26.48, 26.48, 26.98, 27.68, 27.95, 28.59, 29.0, 29.46, 29.97, 30.23, 31.1, 31.1, 31.34, 31.94, 32.95, 33.22, 33.64, 34.39, 34.68, 35.22, 35.6, 36.2, 36.37, 37.05, 37.31, 37.52, 37.94, 37.69, 38.03, 38.76, 38.68, 39.19, 39.41, 39.36, 39.88, 39.92, 40.17, 40.16, 40.94, 40.96, 41.27, 41.33, 41.1, 42.05, 41.94, 42.33, 42.46, 42.16, 42.93, 43.28, 42.89, 43.29, 43.57, 43.87, 44.25, 44.28, 44.39, 44.85, 44.93, 44.79, 45.16, 44.92, 45.42, 45.43, 45.98, 45.85, 46.41, 45.9, 46.5, 46.67, 47.02, 47.01, 47.04, 47.41, 47.29, 47.44, 47.63, 47.82, 47.85, 48.17, 48.12, 48.07]}