{"train_loss": [2.303533337666438, 2.3032760369472016, 2.3030411830315223, 2.3028262719129904, 2.302601156479273, 2.30241202329978, 2.3021513902224027, 2.3018946390885575, 2.3016598927669034, 2.3014269400865603, 2.3011255282622116, 2.3008257633600477, 2.300521757663825, 2.3001737233919974, 2.299833744000166, 2.2994497421460274, 2.2990378147516495, 2.2985924036074907, 2.2981103524183615, 2.297673199115655, 2.2971999602440074, 2.2966044994500967, 2.296003927328648, 2.2954905399909387, 2.294853710516905, 2.2943108760393582, 2.2937195900159004, 2.2931623617808023, 2.292504989183866, 2.2918767715111756, 2.291194284879244, 2.290578956481738, 2.289958818142231, 2.2892726054558388, 2.2885659688558335, 2.287991420427958, 2.287332562911205, 2.286694043721908, 2.285978766588064, 2.285240066357148, 2.2844002833733192, 2.283848261833191, 2.2832187035144904, 2.282349547973046, 2.281767600010603, 2.280990761365646, 2.280483305759919, 2.2798766411267795, 2.2792177591568383, 2.2785938440225064, 2.277868338731619, 2.2772663691104986, 2.276807253788679, 2.2762047541447177, 2.275483757410294, 2.275136317962255, 2.274635759378091, 2.2739504551276184, 2.273613719451122, 2.273003278634487, 2.272775876827729, 2.272310374944638, 2.2721647672164136, 2.2714911632048778, 2.271312995446034, 2.2708442816367516, 2.2703816413879396, 2.2701098484870714, 2.2698358810864963, 2.269321038784125, 2.2689830370438404, 2.2687838358756824, 2.2683725473208307, 2.2679771930743486, 2.267654656752562, 2.2673181851704913, 2.266921905982189, 2.266800706814497, 2.266343649839744, 2.2660743236541747, 2.265860992211562, 2.2653803599186433, 2.265163757250859, 2.2645200698803634, 2.26439343110109, 2.2641551482371796, 2.2637201168598273, 2.2633161404193975, 2.263415446648231, 2.2628992716471354, 2.2624817872658753, 2.2619686200068547, 2.2618156023514575, 2.2616495792682354, 2.2612954219182333, 2.2607271261704276, 2.2606205224990843, 2.2601351615710135, 2.2596425594427645, 2.259364411769769], "test_loss": [2.299176889038086, 2.2986910186767577, 2.2982001251220705, 2.2976997772216796, 2.2971812713623048, 2.2966372009277345, 2.2960639404296876, 2.29544245300293, 2.2947702575683593, 2.29403134765625, 2.293219305419922, 2.2923142913818357, 2.291313916015625, 2.2902015014648436, 2.288977493286133, 2.2876184814453127, 2.2861325378417967, 2.2845050170898435, 2.2827395721435546, 2.2808491729736327, 2.278823483276367, 2.276649462890625, 2.2743463623046876, 2.271947055053711, 2.269464404296875, 2.2668817779541017, 2.264260809326172, 2.2616556732177733, 2.258965838623047, 2.2561837188720704, 2.253369107055664, 2.2505936798095703, 2.2477601928710937, 2.2449283630371095, 2.242010723876953, 2.239098126220703, 2.2361268463134767, 2.233129379272461, 2.230097637939453, 2.2269622131347657, 2.2237719207763673, 2.220676010131836, 2.2176217376708984, 2.2142995056152346, 2.2110577056884764, 2.2076439514160158, 2.2045284393310545, 2.2012127716064454, 2.1980561309814455, 2.1949581176757813, 2.191591244506836, 2.188643328857422, 2.1856021026611328, 2.18233073425293, 2.179404995727539, 2.1764780853271484, 2.1735406036376954, 2.170839517211914, 2.168005221557617, 2.1651963958740232, 2.16283994140625, 2.160224771118164, 2.1583790924072264, 2.155984786987305, 2.153845895385742, 2.151601153564453, 2.14958642578125, 2.1472231567382813, 2.1454936096191406, 2.143592041015625, 2.141902621459961, 2.1399979827880857, 2.137942678833008, 2.136299127197266, 2.134182272338867, 2.1328433013916017, 2.1310162689208982, 2.1293125274658204, 2.127735528564453, 2.126267059326172, 2.1245828033447265, 2.123048095703125, 2.121347381591797, 2.1194583587646485, 2.1185351837158204, 2.1162271057128907, 2.114458233642578, 2.1129181060791016, 2.1118995513916015, 2.109913464355469, 2.108945666503906, 2.1068960845947267, 2.1053999938964845, 2.103400082397461, 2.1020543029785155, 2.1006162994384767, 2.0989348571777344, 2.0974325958251954, 2.095336962890625, 2.0938832214355467], "test_acc": [10.59, 10.79, 10.99, 11.17, 11.17, 11.46, 11.81, 12.1, 12.5, 13.17, 13.92, 14.59, 15.22, 15.93, 16.82, 17.37, 17.75, 17.93, 18.29, 18.44, 18.64, 18.89, 19.05, 19.25, 19.49, 20.0, 20.05, 20.28, 20.71, 21.06, 21.32, 21.68, 22.03, 22.33, 22.56, 22.74, 22.99, 23.22, 23.55, 23.85, 24.08, 24.35, 24.59, 24.82, 24.96, 25.28, 25.38, 25.55, 25.64, 26.09, 26.16, 26.32, 26.34, 26.29, 26.49, 26.59, 26.72, 26.96, 27.12, 27.26, 27.44, 27.35, 27.7, 27.76, 27.89, 27.91, 27.92, 28.27, 28.4, 28.6, 28.77, 28.89, 29.08, 29.22, 29.21, 29.24, 29.57, 29.64, 29.89, 29.86, 29.99, 30.25, 30.39, 30.57, 30.64, 30.71, 30.95, 30.98, 31.16, 31.36, 31.43, 31.52, 31.81, 31.79, 32.01, 32.11, 32.2, 32.35, 32.62, 32.7]}