{"train_loss": [2.30362748060471, 2.303218927750221, 2.3030195456284743, 2.302691800777729, 2.3024664976657965, 2.302069446979425, 2.301713507603376, 2.3014126954934535, 2.3010841705860234, 2.300729371339847, 2.300167161990435, 2.2997777761557163, 2.299284196511293, 2.2987185111412636, 2.2980308404335608, 2.2975043101188466, 2.2967269396170593, 2.296039907137553, 2.295285382026281, 2.294468512901893, 2.2937648430848734, 2.2928085351601624, 2.2918038184826193, 2.290969977623377, 2.2900412137691792, 2.2890486118121025, 2.2881835210017667, 2.2875275856409316, 2.286570021433708, 2.285515191616156, 2.2844806004793217, 2.2835479717988236, 2.2826508026856644, 2.2815476765999425, 2.2806525743924655, 2.279760945760287, 2.2787967235614093, 2.27780392903548, 2.276459107032189, 2.275715988721603, 2.274625906577477, 2.273796189136994, 2.272915840148926, 2.2715601010200306, 2.2709571055876903, 2.269946135007418, 2.269293022155762, 2.268702972240937, 2.267761012224051, 2.2671685811800835, 2.2658651046263865, 2.2655651820011626, 2.264696683639135, 2.26420076076801, 2.2632695491497334, 2.2626525139197327, 2.262213048568139, 2.2616502119944646, 2.260906654749161, 2.2601683500485543, 2.2601302886620545, 2.2596103655986295, 2.2593388850872334, 2.258216471549792, 2.2579924192184055, 2.256962547546778, 2.2564234965886825, 2.256264713482979, 2.2561559267533133, 2.25453634200952, 2.2543691164407975, 2.2547680616378782, 2.253862774066436, 2.253464288589282, 2.2524331973149225, 2.251985135445228, 2.2518699389237624, 2.2513846311813746, 2.250488056280674, 2.249740546788925, 2.2492456375024257, 2.2487739538535094, 2.248291208805182, 2.247990188231835, 2.2474286281145535, 2.2470095726159904, 2.2469159548099222, 2.2455796938676102, 2.245685798693926, 2.245120261877011, 2.244275233684442, 2.2433176315747776, 2.2432343415724927, 2.243053845870189, 2.242308718730242, 2.2419563183417686, 2.2412871770369702, 2.240070682916886, 2.239977331039233, 2.2394816826551387], "test_loss": [2.2991113006591797, 2.298555725097656, 2.297985012817383, 2.297394400024414, 2.296774642944336, 2.2961051300048827, 2.295388946533203, 2.2945826965332032, 2.2936877197265626, 2.292669351196289, 2.2915099182128906, 2.2902164489746095, 2.2887301666259767, 2.287060760498047, 2.2851735900878904, 2.283092849731445, 2.2807461669921874, 2.278228909301758, 2.275515158081055, 2.2726323181152344, 2.2696308959960936, 2.2664751342773437, 2.2632360290527345, 2.259872915649414, 2.2565654357910154, 2.2530189392089843, 2.2494964904785157, 2.246103125, 2.242755972290039, 2.2390144714355467, 2.2353100860595703, 2.231668896484375, 2.2279439300537107, 2.2241834167480468, 2.220293014526367, 2.216463671875, 2.212251510620117, 2.208363360595703, 2.204300375366211, 2.2003620178222656, 2.1960401824951172, 2.1920826263427733, 2.188635968017578, 2.184118829345703, 2.1801951446533203, 2.174944888305664, 2.171527700805664, 2.1681465759277345, 2.164100799560547, 2.1606749053955077, 2.1563395904541016, 2.1535257690429686, 2.149883319091797, 2.1462796173095704, 2.1430683807373048, 2.1409136810302734, 2.1377500946044923, 2.1355680114746094, 2.132376638793945, 2.128800436401367, 2.127549349975586, 2.125200378417969, 2.122291259765625, 2.119607778930664, 2.117850213623047, 2.115090216064453, 2.1124833587646483, 2.1104706481933593, 2.1078759643554688, 2.105843371582031, 2.1034386993408205, 2.102217315673828, 2.098858190917969, 2.096597900390625, 2.0947927734375, 2.0925598236083984, 2.0909878295898436, 2.088126742553711, 2.086491876220703, 2.0837448120117186, 2.082214517211914, 2.080336737060547, 2.078199609375, 2.076109582519531, 2.075083203125, 2.0715733978271484, 2.0701339141845705, 2.067214031982422, 2.064910711669922, 2.0627133209228514, 2.061715104675293, 2.0585777282714846, 2.0567202194213867, 2.0537074554443357, 2.0522413635253907, 2.0506865905761718, 2.0482461502075195, 2.0455318618774414, 2.0436718734741213, 2.0406002853393557], "test_acc": [10.66, 10.81, 11.06, 11.2, 11.38, 11.87, 12.2, 12.85, 13.42, 14.06, 14.56, 15.17, 16.01, 16.55, 16.81, 17.1, 17.17, 17.4, 17.71, 17.87, 18.28, 18.43, 19.01, 19.52, 19.89, 20.29, 20.56, 21.01, 21.56, 21.82, 22.28, 22.85, 23.01, 23.55, 23.7, 23.91, 24.09, 24.47, 24.9, 25.24, 25.38, 25.55, 25.97, 26.07, 26.29, 26.37, 26.76, 27.02, 27.14, 27.2, 27.43, 27.64, 27.87, 27.92, 28.14, 28.12, 28.2, 28.4, 28.39, 28.68, 28.91, 29.08, 29.14, 29.19, 29.59, 29.55, 29.77, 30.05, 30.18, 30.37, 30.61, 30.76, 30.7, 30.86, 30.91, 31.23, 31.47, 31.52, 31.8, 31.7, 32.08, 32.06, 32.09, 32.56, 32.47, 32.78, 33.07, 33.0, 33.32, 33.6, 33.48, 33.8, 33.92, 34.12, 34.03, 34.41, 34.25, 34.54, 34.69, 34.64]}