{"train_loss": [2.303492193344312, 2.3032937655082115, 2.303176981974871, 2.303171170063508, 2.3030658098367542, 2.302971857633346, 2.3029431728216316, 2.302866307894389, 2.30278298549163, 2.302739120141054, 2.3027125236315604, 2.3026213101851636, 2.3025858542858026, 2.3025593415284766, 2.302605956639999, 2.3024813939363526, 2.3024844597547482, 2.3024085191579964, 2.302394282512176, 2.3023834442481017, 2.3023607914264383, 2.3023215116598665, 2.3022560663712333, 2.302314991217393, 2.3022513132828935, 2.302230859414125, 2.302217273834424, 2.3022157565141335, 2.302194410104018, 2.302169313797584, 2.302126735296005, 2.3021241353108333, 2.302130129398444, 2.3021018425623576, 2.3020698675742515, 2.302082101504008, 2.3020659721814667, 2.301983175522242, 2.3020433884400586, 2.301920479994554, 2.301930312621288, 2.3019733887452345, 2.3018910059562097, 2.301888769100874, 2.301845145225525, 2.301850307904757, 2.3018385459215214, 2.3018056380443084, 2.301778998130407, 2.3017848999072346, 2.3017417235252187, 2.301728361692184, 2.301671355809921, 2.301667704949012, 2.3016533429806048, 2.301656019381988, 2.301596263738779, 2.301602979195424, 2.3015205040956155, 2.3014957427978517, 2.3015413320981537, 2.3015047397368993, 2.3014222835883116, 2.301411810899392, 2.301430575052897, 2.3013943066963782, 2.301365483112824, 2.3013287568703675, 2.3013095922959157, 2.301267024798271, 2.3012838057982616, 2.3012009840745193, 2.3012097218097787, 2.301179043451945, 2.301188689011794, 2.301159208860153, 2.30115067469768, 2.3011143195323456, 2.3010399885666675, 2.301059661156092, 2.3010399653361393, 2.301005987631969, 2.300984988457117, 2.300971531867981, 2.30093854084993, 2.3009053187492565, 2.300869334661044, 2.300928928913214, 2.3008289869015033, 2.3007901252844394, 2.3007697441639046, 2.3007410721901134, 2.30071792724805, 2.30071151806758, 2.3006838627350636, 2.3006700466840697, 2.300606098541847, 2.3006050238242515, 2.300649488889254, 2.3005466039364153], "test_loss": [2.2994089569091796, 2.299166571044922, 2.298938815307617, 2.2987162170410156, 2.2985068298339844, 2.2983055725097654, 2.2981076934814455, 2.297926724243164, 2.297741879272461, 2.2975646392822267, 2.2973910827636717, 2.297209945678711, 2.297037142944336, 2.2968580657958984, 2.296685760498047, 2.2965107666015623, 2.2963329437255857, 2.296161517333984, 2.295981726074219, 2.2958080383300783, 2.295632568359375, 2.29544765625, 2.295251138305664, 2.2950714813232422, 2.294885971069336, 2.2946927490234375, 2.2945044647216797, 2.2943176177978515, 2.294119790649414, 2.293914422607422, 2.293697833251953, 2.29348916015625, 2.293284753417969, 2.293071646118164, 2.2928604248046875, 2.2926363830566405, 2.292411700439453, 2.292185614013672, 2.2919566650390624, 2.2917136108398437, 2.2914765716552736, 2.2912493408203125, 2.2910071685791014, 2.2907559143066405, 2.290510272216797, 2.2902597930908204, 2.290008544921875, 2.2897602935791017, 2.2895082733154295, 2.2892463012695314, 2.288986260986328, 2.2887271667480467, 2.288465768432617, 2.2882024658203126, 2.2879362579345703, 2.287664013671875, 2.287388912963867, 2.2871095825195313, 2.2868344940185548, 2.2865436096191405, 2.286266455078125, 2.2859844635009767, 2.2856931640625, 2.2853994781494142, 2.2850990051269533, 2.284794073486328, 2.284493347167969, 2.284175338745117, 2.2838665100097657, 2.2835516143798826, 2.2832432037353514, 2.2829222412109376, 2.282596710205078, 2.282279541015625, 2.281960073852539, 2.2816465698242188, 2.281319976806641, 2.280997689819336, 2.280654669189453, 2.2803105102539063, 2.279978451538086, 2.279668225097656, 2.2793316986083982, 2.2789901641845702, 2.278662176513672, 2.2783148315429687, 2.277963397216797, 2.27762607421875, 2.277280776977539, 2.276937646484375, 2.27657815246582, 2.2762217742919924, 2.275856918334961, 2.2755202575683593, 2.275175158691406, 2.2748212005615236, 2.274457629394531, 2.2741190246582033, 2.273766558837891, 2.273404409790039], "test_acc": [10.51, 10.6, 10.68, 10.81, 10.82, 10.89, 11.03, 11.05, 11.1, 11.15, 11.3, 11.46, 11.57, 11.64, 11.85, 12.06, 12.19, 12.38, 12.71, 12.79, 13.03, 13.16, 13.43, 13.83, 14.21, 14.36, 14.57, 14.83, 15.26, 15.77, 16.06, 16.19, 16.4, 16.62, 16.85, 17.03, 17.2, 17.34, 17.34, 17.43, 17.53, 17.55, 17.61, 17.73, 17.83, 18.05, 18.16, 18.18, 18.15, 18.26, 18.36, 18.48, 18.56, 18.57, 18.62, 18.75, 18.9, 19.0, 19.08, 19.17, 19.38, 19.47, 19.55, 19.64, 19.73, 19.84, 19.88, 19.83, 19.99, 20.1, 20.25, 20.37, 20.49, 20.51, 20.6, 20.66, 20.72, 20.81, 20.87, 20.96, 21.07, 21.2, 21.3, 21.41, 21.53, 21.6, 21.67, 21.77, 21.91, 22.12, 22.16, 22.24, 22.31, 22.39, 22.46, 22.55, 22.69, 22.78, 22.88, 22.88]}