{"train_loss": [2.3036060645030094, 2.30346732934316, 2.303358150751163, 2.303258021672567, 2.303171310669337, 2.303099712347373, 2.3030246789638813, 2.3029535813209336, 2.302903725550725, 2.3028586784998577, 2.3027976873593454, 2.3027619367990737, 2.3027282684277264, 2.302695022485195, 2.302673277488122, 2.3026390619767017, 2.302616151785239, 2.3025910377502443, 2.3025789811060977, 2.3025578382687693, 2.3025407748344615, 2.3025166646028175, 2.3024900809312476, 2.302490764397841, 2.3024718400759574, 2.3024655684446675, 2.302448108868721, 2.302445729573568, 2.30243069819915, 2.302426475744981, 2.3024085466678326, 2.3023956451660545, 2.3023965407640508, 2.302380308126792, 2.302356412471869, 2.3023637551527756, 2.3023493650632028, 2.302338715700003, 2.302326143093598, 2.3023260972438715, 2.3023015829233024, 2.3022905783775527, 2.3022920908072058, 2.3022735681289284, 2.302266695560553, 2.3022571624853674, 2.3022509636023107, 2.302239006604904, 2.302221514017154, 2.30222582083482, 2.302206977819785, 2.302195764810611, 2.302189193627773, 2.3021789575234437, 2.302167611855727, 2.3021612485249836, 2.3021498502829134, 2.302148027297778, 2.3021350163679855, 2.302116499803005, 2.302120340176118, 2.3021065485783114, 2.3020970032765313, 2.302077362476251, 2.3020770996044844, 2.3020554622014364, 2.3020593496469353, 2.3020376205444335, 2.3020427025281465, 2.3020172278086344, 2.302007571244851, 2.3020017018684973, 2.3019886450889784, 2.301988058212476, 2.3019763115124823, 2.301965653590667, 2.3019481738408407, 2.301947305141351, 2.3019317779785546, 2.301927331777719, 2.301908010091537, 2.3019054174423217, 2.3018814924435738, 2.3018828404255403, 2.3018674483666053, 2.3018540755296364, 2.3018482446670534, 2.3018494722170706, 2.3018402435840706, 2.3018098103694427, 2.301801112981943, 2.3017991334964067, 2.30179119904836, 2.3017741832977685, 2.3017693715217784, 2.3017598904096164, 2.301754337702042, 2.301725942049271, 2.3017221359106212, 2.301708732507168], "test_loss": [2.299423318481445, 2.2991967224121095, 2.2989847229003906, 2.2987838928222657, 2.298595068359375, 2.2984156524658204, 2.298244757080078, 2.298080303955078, 2.2979237884521484, 2.2977721588134767, 2.2976241333007814, 2.2974792724609374, 2.2973387939453125, 2.297200668334961, 2.297065618896484, 2.2969334991455077, 2.296801821899414, 2.2966721801757815, 2.296543746948242, 2.2964162780761717, 2.296289694213867, 2.296162368774414, 2.2960351928710936, 2.2959100860595703, 2.2957842864990234, 2.2956581115722656, 2.2955323333740236, 2.295405682373047, 2.295279235839844, 2.295151953125, 2.2950222900390624, 2.2948933197021484, 2.2947635467529297, 2.294631640625, 2.29449921875, 2.2943653076171877, 2.294231787109375, 2.294096405029297, 2.2939601654052733, 2.293821322631836, 2.2936817657470705, 2.293541094970703, 2.293399887084961, 2.293257913208008, 2.2931150024414064, 2.2929692138671873, 2.2928234771728517, 2.2926777130126954, 2.2925310791015625, 2.2923847442626952, 2.292235806274414, 2.2920862731933593, 2.29193459777832, 2.2917818420410154, 2.2916265808105467, 2.2914744201660158, 2.291319787597656, 2.2911628814697265, 2.2910041229248046, 2.2908439392089845, 2.2906829528808594, 2.2905205230712893, 2.290358605957031, 2.2901935485839844, 2.290029833984375, 2.289863848876953, 2.289697817993164, 2.289528918457031, 2.289360754394531, 2.2891904235839844, 2.289019677734375, 2.2888499450683595, 2.2886775451660157, 2.2885045532226562, 2.2883306854248047, 2.288156753540039, 2.2879792083740234, 2.287806253051758, 2.2876286651611326, 2.287451351928711, 2.287270001220703, 2.287089971923828, 2.2869060424804686, 2.286723043823242, 2.2865439636230467, 2.2863576782226565, 2.286171807861328, 2.2859884765625, 2.2858028228759766, 2.2856160888671875, 2.2854305633544922, 2.2852434020996095, 2.2850573638916014, 2.2848682006835936, 2.2846760467529297, 2.284487451171875, 2.284296548461914, 2.284103497314453, 2.2839105194091798, 2.283716915893555], "test_acc": [10.5, 10.59, 10.6, 10.76, 10.8, 10.8, 10.76, 10.77, 10.75, 10.83, 10.96, 11.04, 11.18, 11.2, 11.28, 11.41, 11.43, 11.66, 11.83, 12.12, 12.24, 12.49, 12.82, 13.11, 13.35, 13.68, 13.9, 14.06, 14.21, 14.56, 14.85, 15.27, 15.54, 15.6, 15.98, 16.11, 16.19, 16.35, 16.45, 16.61, 17.0, 17.15, 17.33, 17.35, 17.49, 17.57, 17.64, 17.77, 17.91, 17.87, 18.06, 18.05, 18.14, 18.31, 18.35, 18.49, 18.56, 18.58, 18.63, 18.72, 18.7, 18.8, 18.93, 19.04, 19.13, 19.13, 19.21, 19.24, 19.34, 19.36, 19.39, 19.52, 19.55, 19.71, 19.83, 19.91, 19.99, 20.08, 20.19, 20.26, 20.27, 20.29, 20.4, 20.41, 20.42, 20.55, 20.64, 20.69, 20.85, 20.93, 20.96, 21.01, 21.07, 21.02, 21.06, 21.14, 21.2, 21.33, 21.33, 21.36]}