{"train_loss": [2.3036232789357505, 2.3034723336880023, 2.3033788222533005, 2.3032695764150377, 2.303194287495735, 2.303095524127667, 2.303011573277987, 2.302956613516196, 2.3029077945611416, 2.3028614197021877, 2.3027927196942843, 2.3027645288369594, 2.3027360604359552, 2.302698824955867, 2.3026594809996777, 2.302653680092249, 2.3026273403412256, 2.302593725766891, 2.3025768169989953, 2.3025563099445443, 2.3025397098981415, 2.3025255979635775, 2.3025006343156864, 2.3024841895470254, 2.3024653618152326, 2.3024519645250763, 2.3024389383120414, 2.3024423415844257, 2.3024158972960254, 2.3024172715651683, 2.3024080637173774, 2.302390911640265, 2.302395525956765, 2.3023769580400906, 2.302349222623385, 2.3023666302363077, 2.302339971371186, 2.3023377485764334, 2.3023118092463566, 2.3023281378623768, 2.302298614917657, 2.3022908381926706, 2.302293943747496, 2.3022782820921677, 2.302271615541898, 2.30225583528861, 2.3022481001340425, 2.3022439259749192, 2.3022340872348885, 2.302228613388844, 2.302206716170678, 2.302200461656619, 2.302190710948064, 2.302182074082203, 2.302161640387315, 2.3021654379673495, 2.30215583214393, 2.302145585646996, 2.3021377459550516, 2.3021398324232836, 2.302127517798008, 2.302128823598226, 2.3020940193763146, 2.3021059464185667, 2.30208272872827, 2.3020704434468198, 2.3020652874922143, 2.3020525773366294, 2.3020580236728376, 2.302027808702909, 2.302021703353295, 2.3020181998228417, 2.3020082192543225, 2.302002528386238, 2.3020002701343634, 2.301978541031862, 2.301972362322685, 2.3019676239062576, 2.3019511540730795, 2.3019456496605506, 2.301927076241909, 2.301928975031926, 2.3019089069121925, 2.301909603828039, 2.301902745320247, 2.3019000988740186, 2.301886609884409, 2.30187438145662, 2.301865246357062, 2.3018482104325906, 2.30183988962418, 2.301824446213551, 2.30182371873122, 2.301806133221357, 2.301799831023583, 2.3018068484770944, 2.3017782914332856, 2.3017478307088215, 2.3017688158230905, 2.3017580698697997], "test_loss": [2.2994212463378907, 2.2991944274902343, 2.298981314086914, 2.2987814086914065, 2.298592840576172, 2.298411975097656, 2.2982423919677735, 2.2980788665771485, 2.297922088623047, 2.2977701538085937, 2.2976231506347657, 2.297480502319336, 2.297339727783203, 2.2972025146484376, 2.29706731262207, 2.2969366455078126, 2.296804602050781, 2.2966763305664064, 2.2965496215820314, 2.2964229766845703, 2.2962969543457032, 2.296170349121094, 2.2960426391601563, 2.2959161163330077, 2.2957891204833984, 2.2956615447998048, 2.295535607910156, 2.295412030029297, 2.2952875213623045, 2.295160076904297, 2.295029946899414, 2.294900259399414, 2.2947726196289064, 2.294643658447266, 2.294512548828125, 2.294379769897461, 2.294246548461914, 2.2941123626708984, 2.293975717163086, 2.2938433807373046, 2.293705212402344, 2.2935680786132813, 2.293430270385742, 2.293288693237305, 2.293148425292969, 2.2930067474365234, 2.2928652618408205, 2.2927225067138672, 2.2925798400878907, 2.2924388732910157, 2.2922928955078126, 2.2921479278564454, 2.2920009765625, 2.291851153564453, 2.2916994812011717, 2.2915490905761717, 2.291401452636719, 2.2912484008789065, 2.2910965789794924, 2.290942922973633, 2.290785354614258, 2.29062873840332, 2.290470248413086, 2.2903119689941405, 2.290153369140625, 2.2899928314208986, 2.2898335723876952, 2.2896688262939455, 2.289509506225586, 2.2893453216552735, 2.2891808502197266, 2.289016619873047, 2.2888511505126954, 2.2886854858398435, 2.288518408203125, 2.2883519714355467, 2.2881843322753905, 2.288016015625, 2.287846237182617, 2.2876777069091796, 2.2875070098876953, 2.2873338592529295, 2.287158154296875, 2.2869836059570314, 2.2868114868164064, 2.286635662841797, 2.2864598052978518, 2.2862822906494142, 2.286105221557617, 2.2859266845703123, 2.2857457916259767, 2.285565509033203, 2.285385842895508, 2.2852071075439455, 2.2850229583740234, 2.284844696044922, 2.284663427734375, 2.2844761993408205, 2.284292922973633, 2.284115753173828], "test_acc": [10.55, 10.58, 10.61, 10.76, 10.73, 10.76, 10.74, 10.74, 10.8, 10.87, 10.97, 11.09, 11.16, 11.24, 11.46, 11.55, 11.69, 11.78, 11.99, 12.17, 12.49, 12.69, 13.06, 13.25, 13.52, 13.78, 13.97, 14.12, 14.52, 14.66, 15.04, 15.39, 15.52, 15.8, 15.86, 15.96, 16.1, 16.35, 16.56, 16.75, 16.94, 17.05, 17.09, 17.13, 17.25, 17.41, 17.59, 17.61, 17.67, 17.84, 17.89, 18.01, 18.02, 18.14, 18.25, 18.39, 18.43, 18.54, 18.51, 18.58, 18.63, 18.69, 18.88, 18.97, 19.05, 19.17, 19.17, 19.26, 19.21, 19.33, 19.44, 19.53, 19.6, 19.73, 19.82, 19.86, 19.95, 20.04, 20.11, 20.1, 20.2, 20.24, 20.27, 20.34, 20.37, 20.47, 20.53, 20.52, 20.58, 20.55, 20.65, 20.7, 20.72, 20.74, 20.72, 20.74, 20.73, 20.83, 21.02, 21.12]}