{"train_loss": [2.3034649659425783, 2.303243494645143, 2.3031187497652494, 2.3031266817679774, 2.303011178970337, 2.3029074259293387, 2.302880111718789, 2.302794938821059, 2.3026971101760862, 2.3026487118158583, 2.3026192787366035, 2.3025077184041343, 2.302465092218839, 2.302429952376928, 2.3024875634755846, 2.3023343495833566, 2.3023314213141415, 2.3022409219008226, 2.302214124263861, 2.3021999622002625, 2.3021655070476044, 2.3021072363242125, 2.3020184663625862, 2.3020920392794486, 2.302004568393414, 2.3019670137992274, 2.301947652376615, 2.301939405539097, 2.3019012652910673, 2.301857308852367, 2.3017939971043515, 2.30178638727237, 2.3017911721498536, 2.301738503651741, 2.3016948382059734, 2.301693919377449, 2.3016610133342255, 2.3015516054935943, 2.301615394690098, 2.301444738950485, 2.3014456394391183, 2.301499160742148, 2.30137791572473, 2.3013578353784023, 2.301297143789438, 2.301290067648276, 2.3012640714645385, 2.301212051587227, 2.301170194454682, 2.3011553489244903, 2.3010922957689335, 2.3010664530289477, 2.3009821622799604, 2.3009583913362945, 2.3009354994847224, 2.3009226750104856, 2.300836128454942, 2.300825971823472, 2.300718108812968, 2.300657780965169, 2.3007114306474343, 2.3006611824035645, 2.300531545663491, 2.300503521699172, 2.3005102756695868, 2.300434871820303, 2.300399517401671, 2.300325973217304, 2.3003017829014705, 2.3002230338561227, 2.3002355331029647, 2.3001086516258042, 2.3000929557360137, 2.3000601884646295, 2.30003969730475, 2.299998428882697, 2.2999603247031186, 2.2999103851807425, 2.2998051111514752, 2.299791461382157, 2.299772457587413, 2.2997238220312655, 2.2996843503071713, 2.2996373274387456, 2.2995794858687963, 2.299526907236148, 2.2994621814825598, 2.2995318797918465, 2.2993773338122248, 2.2993259558310877, 2.299265110798371, 2.2992228294030213, 2.2991742201340504, 2.2991534575437886, 2.2991060085785695, 2.299074259782449, 2.2989622213901617, 2.2989731409610847, 2.2990067170216486, 2.2988186389972003], "test_loss": [2.29938791809082, 2.2991236938476565, 2.2988732696533205, 2.29862568359375, 2.2983920318603515, 2.2981634979248047, 2.2979370208740235, 2.297727377319336, 2.2975096435546876, 2.2973021057128906, 2.297095492553711, 2.296875173950195, 2.296661553955078, 2.296436926269531, 2.296220901489258, 2.2959985229492186, 2.295767803955078, 2.295544271850586, 2.295308187866211, 2.2950744293212892, 2.2948347686767576, 2.294576321411133, 2.294310122680664, 2.294057012939453, 2.293792327880859, 2.293512423706055, 2.2932433135986328, 2.292969055175781, 2.2926750915527343, 2.292376809692383, 2.292066619873047, 2.291754592895508, 2.291450427246094, 2.2911260803222655, 2.2908161712646486, 2.290482766723633, 2.2901474700927733, 2.289807443237305, 2.2894599365234374, 2.289099807739258, 2.2887293243408204, 2.288376266479492, 2.28800078125, 2.2876151733398435, 2.287227261352539, 2.2868322204589844, 2.2864445281982424, 2.2860489868164064, 2.2856447204589845, 2.2852260223388674, 2.2848164642333986, 2.2844089935302736, 2.2839976501464845, 2.2835792327880857, 2.2831547119140625, 2.2827234497070314, 2.2822878936767577, 2.2818447814941405, 2.2814047943115234, 2.2809405944824217, 2.2804750915527343, 2.2800331512451173, 2.2795576385498046, 2.279067517089844, 2.278588739013672, 2.2780987243652344, 2.277615573120117, 2.2770977722167967, 2.276609744262695, 2.276095150756836, 2.2755963623046873, 2.2750721649169923, 2.274557336425781, 2.274057861328125, 2.2735333709716796, 2.2730427154541015, 2.27252294921875, 2.2719977142333985, 2.271442889404297, 2.2708809661865232, 2.2703595275878907, 2.269879397583008, 2.2693354125976564, 2.268793161010742, 2.26827421875, 2.2677247467041015, 2.267166876220703, 2.2666432861328123, 2.2660914581298828, 2.265567916870117, 2.2650041809082033, 2.2644468688964845, 2.2638592864990232, 2.263353298950195, 2.262832476806641, 2.262292303466797, 2.261697610473633, 2.2611851928710935, 2.2606429809570314, 2.2600688873291017], "test_acc": [10.51, 10.57, 10.74, 10.84, 10.84, 11.05, 11.04, 11.19, 11.25, 11.45, 11.64, 11.76, 11.86, 12.02, 12.11, 12.45, 12.63, 13.01, 13.14, 13.33, 13.63, 14.06, 14.48, 14.84, 15.22, 15.58, 15.86, 16.05, 16.33, 16.63, 16.84, 17.17, 17.18, 17.29, 17.43, 17.6, 17.67, 17.8, 17.98, 17.94, 17.93, 18.0, 18.04, 18.16, 18.23, 18.3, 18.36, 18.58, 18.76, 18.91, 19.06, 19.2, 19.37, 19.45, 19.58, 19.73, 19.88, 19.93, 20.07, 20.17, 20.21, 20.35, 20.45, 20.54, 20.57, 20.67, 20.81, 20.97, 21.15, 21.23, 21.4, 21.51, 21.65, 21.68, 21.86, 21.97, 22.18, 22.19, 22.35, 22.56, 22.73, 22.79, 22.95, 22.98, 23.17, 23.32, 23.46, 23.57, 23.8, 23.89, 24.08, 24.15, 24.34, 24.61, 24.75, 24.82, 24.98, 25.05, 25.17, 25.32]}