{"train_loss": [2.303597948490045, 2.3034819297301463, 2.303380132944156, 2.3032850051537537, 2.303207289255582, 2.3031394218787167, 2.3030800024668374, 2.303027829145774, 2.3029799345212103, 2.3029399645634188, 2.302899866226392, 2.302861132988563, 2.302838238691672, 2.3028121239099746, 2.302795076981569, 2.3027749978579006, 2.3027528206507366, 2.3027403159019273, 2.3027266123355963, 2.302713473637899, 2.302704758521838, 2.302694423382099, 2.3026837104406113, 2.3026777096283744, 2.3026709422087057, 2.3026648979920608, 2.30265908180139, 2.3026559090002987, 2.3026491788717416, 2.3026537485611747, 2.3026465171422714, 2.3026406813890508, 2.3026405792969924, 2.302635028423407, 2.302628203538748, 2.3026343229489448, 2.302624673109788, 2.3026253461837767, 2.3026224937194435, 2.3026236528005355, 2.3026139693382457, 2.302615055671105, 2.3026187798915765, 2.302616238594055, 2.3026103527118, 2.3026111144285935, 2.3026097841751882, 2.3026092743262265, 2.3026018295532618, 2.3026060685133323, 2.3026042161843714, 2.302601306255047, 2.302601144864009, 2.3025999411558495, 2.302600151453263, 2.30259850025177, 2.3025950437937026, 2.3025983431400396, 2.302595467445178, 2.3025948903499507, 2.3025955811525, 2.302590623880044, 2.302589376156147, 2.302589673262376, 2.3025887373166207, 2.302584977639027, 2.302586472951449, 2.302581823177827, 2.3025848211386264, 2.302582738338373, 2.302582070766351, 2.302582339140085, 2.302577669192583, 2.3025775756591407, 2.302579742822892, 2.302574201119252, 2.302577456449851, 2.3025755240367007, 2.302570213415684, 2.3025710619412934, 2.302566002576779, 2.302572228358342, 2.302565157107818, 2.3025676042605667, 2.3025652212974355, 2.302563128104577, 2.3025619940880016, 2.302566744119693, 2.3025595878943417, 2.3025543805880426, 2.3025548396966395, 2.302557765520536, 2.302557236720354, 2.30255505610735, 2.30255554822775, 2.302555444301703, 2.302555629534599, 2.302549244195987, 2.302547703645168, 2.3025452589377378], "test_loss": [2.299473254394531, 2.2992977020263674, 2.299136441040039, 2.2989894714355468, 2.298853811645508, 2.2987288055419923, 2.2986131500244142, 2.2985053985595703, 2.2984049591064455, 2.298312271118164, 2.298225018310547, 2.298142834472656, 2.2980651580810547, 2.297991845703125, 2.297923474121094, 2.2978576263427732, 2.2977949615478517, 2.297735122680664, 2.297678173828125, 2.297623767089844, 2.2975708892822264, 2.297520150756836, 2.2974708099365233, 2.297423321533203, 2.297377038574219, 2.297332192993164, 2.2972886840820315, 2.297246417236328, 2.2972046600341796, 2.2971643829345703, 2.2971242309570314, 2.2970854736328126, 2.2970470672607424, 2.2970103515625, 2.29697314453125, 2.2969371643066405, 2.296901348876953, 2.2968659729003904, 2.2968308349609377, 2.296796209716797, 2.2967617553710937, 2.296728192138672, 2.2966941009521484, 2.296661291503906, 2.2966283264160157, 2.296594970703125, 2.296562902832031, 2.2965314544677735, 2.2964992431640625, 2.296467156982422, 2.2964355377197267, 2.296404690551758, 2.2963734405517577, 2.2963412933349607, 2.296310305786133, 2.296279544067383, 2.296248434448242, 2.296217251586914, 2.2961860717773437, 2.296155810546875, 2.2961255401611327, 2.2960955078125, 2.2960659759521485, 2.2960348022460937, 2.296004364013672, 2.2959738342285156, 2.295943215942383, 2.295913150024414, 2.295882550048828, 2.2958517791748045, 2.295821304321289, 2.295791128540039, 2.295760940551758, 2.295730514526367, 2.2957004821777343, 2.2956708435058593, 2.2956412384033205, 2.2956115112304687, 2.2955808807373046, 2.295550244140625, 2.2955201721191405, 2.2954904846191404, 2.295459979248047, 2.2954299407958985, 2.2953997344970705, 2.2953697387695313, 2.2953394805908203, 2.295309158325195, 2.2952786376953127, 2.295248519897461, 2.2952174835205077, 2.2951873046875, 2.295156967163086, 2.2951266571044924, 2.295095974731445, 2.295065692138672, 2.2950349517822266, 2.2950040924072264, 2.2949733001708985, 2.29494287109375], "test_acc": [10.54, 10.55, 10.57, 10.64, 10.7, 10.69, 10.62, 10.59, 10.62, 10.62, 10.6, 10.68, 10.62, 10.7, 10.69, 10.78, 10.66, 10.72, 10.83, 10.81, 11.08, 11.13, 11.19, 11.33, 11.4, 11.49, 11.58, 11.73, 11.78, 11.9, 11.97, 12.23, 12.5, 12.68, 12.86, 12.91, 12.97, 13.0, 13.03, 13.13, 13.34, 13.41, 13.48, 13.6, 13.69, 13.81, 13.9, 13.93, 14.02, 14.23, 14.25, 14.34, 14.41, 14.51, 14.48, 14.47, 14.47, 14.56, 14.61, 14.72, 14.75, 14.8, 14.89, 14.95, 14.99, 15.04, 15.13, 15.16, 15.17, 15.19, 15.23, 15.32, 15.34, 15.43, 15.52, 15.59, 15.67, 15.72, 15.7, 15.73, 15.74, 15.82, 15.87, 15.92, 15.97, 16.03, 16.08, 16.18, 16.24, 16.26, 16.27, 16.27, 16.35, 16.39, 16.44, 16.41, 16.45, 16.49, 16.52, 16.59]}