{"train_loss": [2.303325613951072, 2.3031763749244885, 2.303168048002781, 2.302996274141165, 2.3028468957314123, 2.302736829488705, 2.302719346070901, 2.3026142199834188, 2.3026758542427648, 2.302567076071715, 2.3024290922360544, 2.302396161739643, 2.302285065406408, 2.3023245536364043, 2.3021807016470492, 2.3022469783440616, 2.3022920853052384, 2.302182597380418, 2.302214134656466, 2.302196999696585, 2.3021510649950074, 2.302034371938461, 2.3020639945299197, 2.302121081107702, 2.3020060270260543, 2.3020268061222176, 2.301997229991815, 2.302006737391154, 2.3019705075484054, 2.3019181667230066, 2.3018515971990734, 2.301886793283316, 2.3018332548630545, 2.301797113663111, 2.301791037657322, 2.3017376985305393, 2.3017847495201305, 2.3017077293151464, 2.3016963225144607, 2.301737468670576, 2.3016577610602744, 2.301522777019403, 2.301554077099531, 2.3015695376273912, 2.3015391203073357, 2.3015420253460226, 2.301491345503391, 2.301553077575488, 2.3014226124836847, 2.3014117161432903, 2.3012883809896616, 2.3012724662438417, 2.3013132804479355, 2.3014047836646054, 2.3012546484286966, 2.3012733343320013, 2.3011845796536177, 2.3012723280833316, 2.3011737688993796, 2.301191380696419, 2.301107524602841, 2.3011516405985906, 2.301025396738297, 2.301025979946821, 2.300966382638002, 2.300866922354087, 2.3011009063476173, 2.300852370873476, 2.3009740101985443, 2.3009091077706754, 2.3008205646123643, 2.3009345971621, 2.3008417404614963, 2.300769135279533, 2.300719700104151, 2.3006524581175585, 2.300764036178589, 2.300882164637248, 2.3006284426420165, 2.3005892869753715, 2.3006480687703843, 2.3004885245592166, 2.3006870453174297, 2.3005956368568614, 2.300563122064639, 2.3003898351620404, 2.3004183812019154, 2.300560764166025, 2.3003510114474173, 2.300286725239876, 2.300152035248585, 2.300209448276422, 2.3002803888076393, 2.3003815137423, 2.3001683571399787, 2.300190902978946, 2.300135715191181, 2.3000003680204735, 2.2999999425350093, 2.300015650651394], "test_loss": [2.299400912475586, 2.2991561126708984, 2.2989181762695314, 2.2986883880615236, 2.29846630859375, 2.2982524658203123, 2.2980638916015623, 2.2978664764404297, 2.2976708099365233, 2.2974869079589846, 2.2973076721191408, 2.2971052215576173, 2.2969110717773438, 2.296718878173828, 2.2965360900878906, 2.2963438079833987, 2.2961597442626953, 2.2959756744384765, 2.295779998779297, 2.2955879516601563, 2.2953969360351563, 2.295186178588867, 2.2949690032958983, 2.294762564086914, 2.2945529724121094, 2.294338705444336, 2.294134658813477, 2.2939320739746094, 2.293717434692383, 2.29348913269043, 2.293259533691406, 2.2930210693359374, 2.2927774475097658, 2.2925592498779297, 2.292330780029297, 2.292091125488281, 2.2918727233886718, 2.2916252380371094, 2.2913785400390627, 2.291125567626953, 2.290862075805664, 2.2905911376953125, 2.2903079498291015, 2.2900339782714845, 2.289749002075195, 2.2894441833496093, 2.2891613220214846, 2.288887432861328, 2.288598934936523, 2.288319177246094, 2.288019519042969, 2.287684130859375, 2.287386599731445, 2.287103564453125, 2.2867957458496093, 2.2864981964111326, 2.2861837463378905, 2.2858750122070313, 2.285526806640625, 2.2852219482421874, 2.2849086181640623, 2.284593502807617, 2.2842864501953124, 2.283972738647461, 2.2836417877197266, 2.283294387817383, 2.2829752319335936, 2.282594873046875, 2.282245718383789, 2.2819265838623046, 2.2815670135498047, 2.281225128173828, 2.2808912902832033, 2.2805722778320314, 2.2802132720947266, 2.279859484863281, 2.279549578857422, 2.2792458892822265, 2.2788713623046877, 2.2785417907714844, 2.278216162109375, 2.277813751220703, 2.2774954223632813, 2.2771414611816407, 2.2767863555908203, 2.276419192504883, 2.2760607635498045, 2.2757318908691406, 2.2753694061279295, 2.27496708984375, 2.274522067260742, 2.27416259765625, 2.2737821044921875, 2.273498907470703, 2.273120037841797, 2.272740563964844, 2.2723592071533205, 2.271947351074219, 2.2715707977294923, 2.2711303436279295], "test_acc": [10.57, 10.72, 10.78, 10.95, 10.96, 11.14, 11.41, 11.8, 11.82, 12.11, 12.22, 12.62, 12.63, 13.0, 12.99, 13.33, 13.37, 13.53, 13.67, 13.79, 13.83, 13.92, 14.09, 14.23, 14.28, 14.25, 14.37, 14.4, 14.51, 14.7, 14.83, 14.95, 15.14, 15.22, 15.45, 15.56, 15.7, 15.81, 15.79, 15.88, 16.03, 16.08, 16.18, 16.29, 16.36, 16.53, 16.66, 16.79, 16.88, 17.01, 17.15, 17.26, 17.32, 17.49, 17.68, 17.8, 17.96, 18.1, 18.24, 18.3, 18.53, 18.66, 18.79, 18.91, 19.05, 19.19, 19.3, 19.42, 19.6, 19.81, 19.85, 19.96, 20.05, 20.15, 20.27, 20.3, 20.38, 20.48, 20.54, 20.57, 20.67, 20.78, 20.8, 20.96, 21.08, 21.28, 21.35, 21.42, 21.51, 21.62, 21.64, 21.71, 21.82, 21.81, 21.93, 22.01, 22.13, 22.13, 22.22, 22.28]}