{"train_loss": [2.3035629944923595, 2.3034242428266083, 2.303305230385218, 2.303174334917313, 2.303079685798058, 2.302999326510307, 2.3029258159490733, 2.302859785617926, 2.3027835454696266, 2.302733509357159, 2.3026601987007336, 2.302581984568865, 2.3025519957909215, 2.3025008880175077, 2.3024786509000337, 2.30243359651321, 2.3023724721028254, 2.302346069384844, 2.302312783094553, 2.3022720037362516, 2.302242234425667, 2.3022026844513723, 2.302158262179448, 2.3021300340310122, 2.3020981409610846, 2.3020629051404122, 2.302031835531577, 2.3020126648438284, 2.3019612257297224, 2.301967258331103, 2.301909553699004, 2.301873211371593, 2.3018462205544497, 2.3018135046347594, 2.301757383957887, 2.301753815626487, 2.3016939309927134, 2.3016729678863133, 2.3016370033606504, 2.3016162279324655, 2.3015376286628917, 2.301526113656851, 2.301497518710601, 2.301464151724791, 2.3014143760387715, 2.3013758188638933, 2.3013495640876966, 2.3013308262213683, 2.3012510892672418, 2.3012505078927066, 2.301199824993427, 2.301168944285466, 2.3011280885109535, 2.3010772216014375, 2.3010479279053517, 2.301020503655458, 2.3009665195758524, 2.300934122158931, 2.300877127891932, 2.3008542085305237, 2.300834383108677, 2.300787053964077, 2.3007405244387114, 2.3006872861813275, 2.300662566453983, 2.3006103387245767, 2.3005660521678437, 2.300535949682578, 2.300482319562863, 2.300433400349739, 2.300404446552961, 2.3003851896677263, 2.3003278811772665, 2.3003012803884655, 2.3002635326140966, 2.300206900254274, 2.3001820655969474, 2.300146245956421, 2.300068849783677, 2.3000402089877006, 2.29997544777699, 2.299991434048384, 2.2999023504746265, 2.299875630476536, 2.2998566719201894, 2.299799266228309, 2.2997518411049476, 2.2997462407136573, 2.2996521637989926, 2.2996206521987914, 2.299574880110912, 2.29954688059978, 2.2995151605361546, 2.2994621710899548, 2.299431035457513, 2.299407414900951, 2.299363583784837, 2.2992985921028333, 2.299256467207884, 2.2992193784469213], "test_loss": [2.299380627441406, 2.2991084228515626, 2.2988476165771483, 2.298600323486328, 2.2983629699707033, 2.2981324066162108, 2.2979078582763672, 2.297688342285156, 2.297468762207031, 2.297255905151367, 2.2970414184570314, 2.2968274810791014, 2.29661178894043, 2.296393896484375, 2.296177392578125, 2.2959572265625, 2.2957343872070313, 2.295510626220703, 2.295284860229492, 2.2950544403076174, 2.2948180969238283, 2.2945755401611327, 2.294327606201172, 2.2940726806640623, 2.293812875366211, 2.293544125366211, 2.2932731689453125, 2.292997555541992, 2.29271501159668, 2.292426861572266, 2.2921254943847655, 2.291825100708008, 2.2915148803710936, 2.2912038330078124, 2.2908847076416015, 2.2905589416503904, 2.290230120849609, 2.2898929870605467, 2.289553375244141, 2.289207907104492, 2.2888532653808595, 2.288493405151367, 2.288124606323242, 2.2877535736083985, 2.2873808776855467, 2.2869978179931643, 2.286613668823242, 2.286230795288086, 2.285837237548828, 2.285444317626953, 2.2850382110595704, 2.2846331787109375, 2.284220590209961, 2.283798403930664, 2.2833739379882814, 2.2829450439453125, 2.2825185455322266, 2.2820798767089845, 2.2816279724121094, 2.281182391357422, 2.280735272216797, 2.280289520263672, 2.279837551879883, 2.2793708740234373, 2.2789082000732424, 2.278444012451172, 2.277967590332031, 2.2774961822509767, 2.2770154968261718, 2.276538119506836, 2.2760465057373045, 2.275568371582031, 2.27508369140625, 2.2746126739501955, 2.2741211853027345, 2.273630032348633, 2.2731435943603517, 2.272652346801758, 2.2721387878417967, 2.2716400299072266, 2.271131784057617, 2.270641442871094, 2.2701397033691406, 2.2696409606933594, 2.269159033203125, 2.268654592895508, 2.2681463653564453, 2.26764612121582, 2.2671239288330076, 2.2666161346435545, 2.2661067169189453, 2.265591360473633, 2.2650881774902345, 2.264563497924805, 2.264052392578125, 2.263547848510742, 2.2630530517578125, 2.2625322570800783, 2.2620143768310546, 2.26150029296875], "test_acc": [10.48, 10.61, 10.69, 10.78, 10.83, 10.84, 10.88, 10.99, 11.0, 11.18, 11.23, 11.21, 11.31, 11.68, 11.83, 12.04, 12.37, 12.64, 13.12, 13.53, 13.86, 14.29, 14.75, 14.99, 15.58, 16.04, 16.37, 16.83, 17.15, 17.39, 17.57, 17.9, 18.15, 18.41, 18.55, 18.65, 18.79, 18.91, 19.09, 19.15, 19.17, 19.22, 19.36, 19.45, 19.57, 19.57, 19.64, 19.82, 19.96, 20.09, 20.16, 20.29, 20.37, 20.47, 20.51, 20.55, 20.61, 20.68, 20.78, 20.8, 20.8, 20.82, 20.83, 20.88, 20.93, 20.94, 21.11, 21.15, 21.25, 21.32, 21.41, 21.56, 21.61, 21.66, 21.79, 21.81, 21.97, 21.98, 22.0, 22.15, 22.39, 22.44, 22.43, 22.5, 22.56, 22.67, 22.81, 22.98, 23.11, 23.37, 23.49, 23.6, 23.71, 23.76, 23.83, 23.9, 23.96, 24.08, 24.12, 24.22]}