{"train_loss": [2.3035508626546615, 2.3034175854462844, 2.303332451673654, 2.30326505563198, 2.303168570689666, 2.303117161530715, 2.303056084192716, 2.3030023739888117, 2.3029629591183784, 2.3029178148660905, 2.3028900635548126, 2.3028623305834257, 2.302822023171645, 2.302819194549169, 2.3027993220549363, 2.302796516662989, 2.302769790551601, 2.3027328002147187, 2.3027428229649862, 2.302740284724113, 2.3027022893612203, 2.302701388872587, 2.302698664787488, 2.3026859772511017, 2.3026894330978394, 2.302687618671319, 2.302708515142783, 2.3026755363513263, 2.302669216424991, 2.3026874040945984, 2.302693271636963, 2.3026617141870354, 2.3026690055162478, 2.302638218953059, 2.3026622680517344, 2.302660939632318, 2.3026713175651357, 2.3026628182484554, 2.302643849910834, 2.3026538769404095, 2.3026367352559016, 2.3026343901952107, 2.302638097298451, 2.302644423338083, 2.302642994049268, 2.302632190630986, 2.3026466491894846, 2.302671595108815, 2.302640391007448, 2.302644108503293, 2.3026346114965586, 2.3026390173496343, 2.3026582589516273, 2.3026462273719983, 2.3026260278163813, 2.302627544525342, 2.3026373545328775, 2.302626854334122, 2.302641775057866, 2.3026410329036224, 2.302649404452397, 2.3026517647963303, 2.3026345815414038, 2.3026194975926324, 2.3026304507866886, 2.3026323245121882, 2.3026446513640573, 2.302637590506138, 2.302626580458421, 2.302643060684204, 2.302631094516852, 2.302628127122537, 2.3026482588205583, 2.3026399960884683, 2.3026369088735335, 2.3026233850381312, 2.3026309808095298, 2.3026462897276265, 2.3026292379085835, 2.3026294530966345, 2.3026324082643557, 2.3026255045181667, 2.3026203711827598, 2.3026202843739436, 2.302615799048008, 2.3026103472098325, 2.3026015196091087, 2.302604824457413, 2.302620442708333, 2.302620333280319, 2.3026140176332914, 2.302626101787274, 2.3026147078245116, 2.3026307699007864, 2.30261820096236, 2.3026388101088693, 2.3026352919065034, 2.3026155722446933, 2.3026201706666214, 2.3026136856812696], "test_loss": [2.299493295288086, 2.299336279296875, 2.299193148803711, 2.2990647583007813, 2.2989480987548827, 2.2988403503417967, 2.2987421630859375, 2.298653323364258, 2.2985723693847655, 2.298500094604492, 2.298432672119141, 2.298371682739258, 2.2983157958984375, 2.298263754272461, 2.298213928222656, 2.2981687408447264, 2.298128790283203, 2.298089682006836, 2.2980552459716796, 2.2980202545166017, 2.2979883575439453, 2.2979584869384766, 2.297931674194336, 2.2979065521240236, 2.297880303955078, 2.2978569427490236, 2.2978347747802736, 2.297812078857422, 2.29779365234375, 2.2977752899169923, 2.297757815551758, 2.2977398864746092, 2.2977228515625, 2.2977069580078124, 2.297692205810547, 2.2976780181884764, 2.297663360595703, 2.2976509704589843, 2.297638037109375, 2.2976259979248046, 2.2976153198242186, 2.297602847290039, 2.2975903076171873, 2.297577584838867, 2.2975680847167967, 2.297555352783203, 2.2975452728271484, 2.2975355377197264, 2.297526663208008, 2.2975167205810547, 2.2975052490234376, 2.2974961181640623, 2.2974847564697267, 2.2974745025634764, 2.2974654205322267, 2.2974566986083986, 2.297448791503906, 2.2974415924072265, 2.297432095336914, 2.297423522949219, 2.297416665649414, 2.2974076721191405, 2.2973980865478514, 2.297389450073242, 2.2973818603515626, 2.297374447631836, 2.297365036010742, 2.29735712890625, 2.2973484954833983, 2.2973391723632814, 2.2973318450927733, 2.2973237701416016, 2.297315228271484, 2.297307501220703, 2.2973000152587892, 2.2972895568847655, 2.297280999755859, 2.2972740478515625, 2.2972679412841797, 2.2972602264404296, 2.297253823852539, 2.2972506286621095, 2.2972409606933595, 2.2972359039306642, 2.2972293090820313, 2.2972208374023437, 2.297211831665039, 2.297201794433594, 2.297193930053711, 2.297183840942383, 2.2971778564453125, 2.2971728698730467, 2.2971658843994143, 2.2971599517822265, 2.2971523254394532, 2.297144937133789, 2.2971403594970705, 2.297131704711914, 2.2971266448974608, 2.297119076538086], "test_acc": [10.51, 10.53, 10.61, 10.68, 10.71, 10.72, 10.68, 10.69, 10.64, 10.61, 10.57, 10.6, 10.65, 10.77, 10.75, 10.8, 10.88, 10.94, 11.04, 11.1, 11.0, 11.07, 10.98, 11.16, 11.16, 11.22, 11.28, 11.4, 11.42, 11.43, 11.57, 11.54, 11.56, 11.6, 11.62, 11.61, 11.69, 11.77, 11.82, 11.82, 11.86, 12.07, 12.08, 12.24, 12.37, 12.49, 12.57, 12.54, 12.62, 12.67, 12.68, 12.69, 12.73, 12.79, 12.83, 12.83, 12.85, 12.86, 12.93, 13.0, 12.99, 13.06, 13.05, 13.01, 12.97, 12.97, 13.01, 13.01, 13.02, 13.03, 13.1, 13.09, 13.12, 13.14, 13.18, 13.23, 13.29, 13.31, 13.34, 13.39, 13.4, 13.43, 13.42, 13.39, 13.4, 13.42, 13.45, 13.47, 13.48, 13.43, 13.44, 13.42, 13.43, 13.45, 13.45, 13.45, 13.42, 13.43, 13.43, 13.5]}