{"train_loss": [2.303573342470022, 2.3033691088358563, 2.3032094600873116, 2.303055382386232, 2.3029245015902395, 2.302801719078651, 2.302671134777558, 2.302526271648896, 2.3024327987279647, 2.3023076014641, 2.3021753262250853, 2.3020803647163586, 2.301960713435442, 2.3018338833099756, 2.3017136335372923, 2.301628617751293, 2.3014794160158205, 2.3013657374259755, 2.301236540843279, 2.3011219611534703, 2.300989489066295, 2.3008424214827707, 2.3006807565689087, 2.3005460971441023, 2.300385555242881, 2.300257260371477, 2.300099809964498, 2.2999847057538156, 2.2998169269317237, 2.299676186610491, 2.2994772122456477, 2.2993077975053056, 2.2991705619371854, 2.298953415797307, 2.2987854823088036, 2.298617792129517, 2.2984462016668075, 2.298266946352445, 2.2981014887491864, 2.2979012263126863, 2.297648462271079, 2.297487832338382, 2.297321580006526, 2.2970886695079313, 2.2969142112976466, 2.296682758209033, 2.296580364765265, 2.2963849935776146, 2.2962006342716705, 2.296004788692181, 2.295752024650574, 2.2956073296375763, 2.295347931446173, 2.2951361925174028, 2.294945468658056, 2.29482701925131, 2.294602764569796, 2.2943651480552476, 2.294159099383232, 2.2939608347721587, 2.2938493471879227, 2.2935712899917213, 2.2934382188014495, 2.2931813026085877, 2.293038438528012, 2.2928023546169967, 2.2926330945430657, 2.292362148945148, 2.2923132596871794, 2.2919500950055243, 2.291866786663349, 2.2917526245117186, 2.2914369369164493, 2.2913021044853408, 2.2911409628696933, 2.290991836327773, 2.290742370409843, 2.290628322576865, 2.290470093335861, 2.2903103675597754, 2.290157021009005, 2.290029764175415, 2.2898792266845702, 2.28970602170015, 2.2895286144354405, 2.2893957590445493, 2.2892854225941193, 2.2890895067117154, 2.289026086147015, 2.2888872403364915, 2.28874685275249, 2.288581789456881, 2.2884304450108455, 2.2883848300346963, 2.2883184543022743, 2.2880816985399295, 2.288036918028807, 2.2878577421873043, 2.2877708569551127, 2.2876671014687955], "test_loss": [2.2992870056152346, 2.2989179992675783, 2.298557946777344, 2.2982025604248046, 2.2978474548339842, 2.2974910064697265, 2.2971319122314453, 2.2967648864746093, 2.2963862884521484, 2.2959970489501953, 2.2955904541015624, 2.2951612823486327, 2.2947098419189453, 2.294236654663086, 2.2937388214111327, 2.2932087158203127, 2.2926480499267576, 2.292057092285156, 2.291434454345703, 2.2907794525146485, 2.2900899780273436, 2.2893642578125, 2.288603356933594, 2.2878013366699217, 2.2869663970947265, 2.2860986541748045, 2.2851969329833985, 2.28426552734375, 2.283299645996094, 2.2822981323242186, 2.2812557220458984, 2.280192913818359, 2.279104870605469, 2.277989175415039, 2.276858059692383, 2.2756887176513674, 2.274520486450195, 2.273322674560547, 2.272118768310547, 2.270886575317383, 2.269610919189453, 2.268355987548828, 2.267085208129883, 2.2657627471923827, 2.2644634857177732, 2.26313688659668, 2.261834118652344, 2.260496813964844, 2.2591777587890625, 2.2578397766113283, 2.25643291015625, 2.255135107421875, 2.2537599548339844, 2.2523733489990234, 2.250972344970703, 2.249596905517578, 2.2482130950927735, 2.2468064361572266, 2.2453297943115236, 2.243870477294922, 2.2424501983642577, 2.2409736206054687, 2.2395880462646485, 2.2381309173583985, 2.2367067169189454, 2.235312628173828, 2.2338018524169923, 2.2323130950927736, 2.230953158569336, 2.2295551025390625, 2.228138168334961, 2.226669403076172, 2.225187454223633, 2.223737551879883, 2.222265365600586, 2.2209193267822265, 2.2195635009765624, 2.2181651947021486, 2.216701788330078, 2.2154337951660157, 2.214098385620117, 2.212784637451172, 2.2113955505371092, 2.2100731323242186, 2.2088981536865235, 2.2075213928222657, 2.2062585845947265, 2.2049778625488283, 2.2038625732421875, 2.2026541290283204, 2.201579782104492, 2.2003545013427734, 2.1992159576416017, 2.1980561096191407, 2.1969301696777346, 2.1959969970703126, 2.1948406036376955, 2.193943850708008, 2.192661181640625, 2.191689303588867], "test_acc": [10.54, 10.67, 10.83, 10.99, 11.07, 11.13, 11.39, 11.73, 11.96, 12.12, 12.42, 12.93, 13.4, 13.85, 14.51, 14.89, 15.61, 16.12, 16.55, 17.11, 17.58, 17.9, 18.2, 18.55, 18.73, 19.01, 19.07, 19.15, 19.29, 19.41, 19.44, 19.65, 19.78, 19.93, 20.18, 20.3, 20.44, 20.53, 20.78, 20.97, 21.12, 21.33, 21.39, 21.37, 21.54, 21.57, 21.68, 22.01, 22.04, 22.28, 22.47, 22.67, 22.82, 22.95, 23.11, 23.3, 23.47, 23.72, 23.82, 23.99, 24.14, 24.23, 24.43, 24.49, 24.66, 24.76, 24.85, 24.9, 25.13, 25.35, 25.48, 25.62, 25.73, 25.86, 26.02, 26.11, 26.19, 26.29, 26.39, 26.42, 26.51, 26.63, 26.72, 26.9, 26.93, 27.04, 27.03, 27.15, 27.29, 27.31, 27.45, 27.45, 27.53, 27.65, 27.65, 27.86, 27.86, 27.99, 28.21, 28.19]}