{"train_loss": [2.3034622088456764, 2.3030768039898994, 2.3027569838059256, 2.3024005773739935, 2.3020453715935734, 2.3016622573901446, 2.3012271110828104, 2.3007341562173305, 2.3002213325255956, 2.2996364055535734, 2.2989160501039945, 2.2981108482067403, 2.2972319077222774, 2.2962184166296935, 2.2951684187620116, 2.2939681462752515, 2.2926517584385016, 2.291259929461357, 2.2898919142209566, 2.28840612020248, 2.286950876773932, 2.2852898891155538, 2.283718845783136, 2.282132006302858, 2.280392916385944, 2.2786496896010178, 2.2769590261654975, 2.2752984694945506, 2.2733177949220704, 2.27156114700513, 2.2695140942549092, 2.267727344464033, 2.2656566020769953, 2.2639488244668033, 2.262026525155092, 2.260313491332225, 2.2586009306785386, 2.2571272220367042, 2.2553180651787, 2.253538230749277, 2.2517749089461105, 2.25091391037672, 2.2496664120600776, 2.2479068756103517, 2.2471082161634395, 2.2458858092625937, 2.245117159990164, 2.2442635597326817, 2.243359282689217, 2.2421607983418, 2.2410459909683618, 2.2402224155572745, 2.2395018088511933, 2.2382979759803185, 2.2372447778017093, 2.2363653403062087, 2.235550797291291, 2.234865093231201, 2.2338130333484747, 2.2327916151438005, 2.2321277227157204, 2.231094692914914, 2.2307152301837236, 2.229332888432038, 2.228963410548675, 2.2278905868530274, 2.226830827272855, 2.226126353557293, 2.22564131296598, 2.2241511033131527, 2.2234761195305066, 2.223094464571048, 2.2221173958900646, 2.221133263905843, 2.2198926222630035, 2.219355054390736, 2.2182272116343182, 2.2178719740647534, 2.216791737996615, 2.2158052346645256, 2.2149947557693874, 2.214103530614804, 2.2134667500471457, 2.2120558451383543, 2.211261584208562, 2.2105103511076707, 2.209798366595537, 2.208831921601907, 2.2084392614853687, 2.207443837019113, 2.206239893497565, 2.2052877041009755, 2.204351279674432, 2.203794061831939, 2.203143863188915, 2.201711727411319, 2.201302778415191, 2.2002810355944513, 2.199295733525203, 2.1986505166078225], "test_loss": [2.299056869506836, 2.2984306701660158, 2.2977791015625, 2.297087841796875, 2.2963433319091795, 2.2955193878173827, 2.2945910095214845, 2.293522979736328, 2.292279544067383, 2.290838232421875, 2.2891564575195313, 2.2871754028320312, 2.284865789794922, 2.2821832611083983, 2.279118557739258, 2.2756809204101565, 2.271859881591797, 2.267695999145508, 2.263332015991211, 2.2587696258544923, 2.2541160858154297, 2.2493146911621094, 2.2444850769042968, 2.2394852142333983, 2.234533563232422, 2.2291759033203125, 2.223800094604492, 2.2185435516357424, 2.2130497924804686, 2.2070756927490236, 2.200953872680664, 2.195036148071289, 2.188785607910156, 2.183000552368164, 2.176404104614258, 2.1702548400878907, 2.1639714111328123, 2.1580391021728516, 2.152241534423828, 2.146096438598633, 2.1401509246826174, 2.1354056671142576, 2.130372509765625, 2.125199075317383, 2.120569189453125, 2.115983850097656, 2.112002410888672, 2.1081929534912107, 2.1048199584960936, 2.1015799865722657, 2.0977474853515625, 2.095106832885742, 2.091665414428711, 2.087852862548828, 2.0852376708984375, 2.081690789794922, 2.0785212829589845, 2.0760030517578123, 2.072489779663086, 2.0693244216918947, 2.0667793884277343, 2.063707302856445, 2.0612029724121093, 2.0578659576416016, 2.0555383392333986, 2.052690100097656, 2.0499350982666016, 2.046528076171875, 2.04326628112793, 2.0404334213256834, 2.037644857788086, 2.035317904663086, 2.031465333557129, 2.028494956970215, 2.025614508056641, 2.0231601272583006, 2.019697660827637, 2.0168673080444335, 2.0134495880126955, 2.010819284057617, 2.007548368835449, 2.004329998779297, 2.00151155090332, 1.9986208618164063, 1.9960212646484374, 1.9914769424438477, 1.989442640686035, 1.9863431503295899, 1.9837695449829102, 1.9803189025878907, 1.977715235900879, 1.973866175842285, 1.971196565246582, 1.9680704574584962, 1.9648945999145508, 1.962381771850586, 1.958933985900879, 1.9554017288208008, 1.9525213668823242, 1.9501656494140625], "test_acc": [10.57, 10.89, 11.16, 11.43, 11.81, 12.31, 12.76, 13.78, 14.68, 15.27, 15.99, 16.71, 17.17, 17.5, 17.58, 17.6, 18.04, 18.51, 18.81, 19.41, 19.9, 20.36, 20.79, 21.36, 21.8, 22.17, 22.49, 23.03, 23.52, 23.77, 23.96, 24.51, 24.95, 25.26, 25.23, 25.59, 25.95, 25.97, 26.26, 26.45, 26.49, 26.7, 26.99, 27.18, 27.21, 27.41, 27.59, 27.96, 28.11, 28.46, 28.53, 28.78, 29.03, 29.03, 29.59, 29.59, 29.88, 30.22, 30.39, 30.46, 30.59, 30.75, 31.01, 31.19, 31.27, 31.42, 31.4, 31.75, 31.77, 31.83, 32.26, 32.41, 32.73, 32.7, 33.07, 33.25, 33.65, 33.82, 34.1, 34.21, 34.43, 34.37, 34.71, 34.94, 34.96, 34.85, 35.19, 35.07, 35.33, 35.51, 35.74, 35.74, 35.86, 36.02, 36.21, 36.13, 36.25, 36.33, 36.54, 36.57]}