{"train_loss": [2.303557781684093, 2.303410725104503, 2.303306896869953, 2.303259782302074, 2.303173652673379, 2.303097598369305, 2.3030563183319877, 2.3029956304110013, 2.3029389179669892, 2.3028999102421297, 2.3028725856389753, 2.3028197863163093, 2.3027928022237925, 2.302773387615497, 2.302785888696328, 2.3027227413959994, 2.302723643718622, 2.302682399138426, 2.3026765945630197, 2.302667886782915, 2.3026584600790954, 2.3026421571389224, 2.3026176379277157, 2.3026390087910187, 2.3026151950542744, 2.3026096509053158, 2.302604167889326, 2.3026056815416385, 2.3025999998434994, 2.302597608933082, 2.3025862424801558, 2.3025864307697, 2.302590074905982, 2.302580572397281, 2.302571859726539, 2.3025848492597922, 2.30258376904023, 2.3025522384888086, 2.3025844396689, 2.3025400057817116, 2.302549725312453, 2.302563265653757, 2.3025418831751896, 2.3025469028032743, 2.3025334394895114, 2.3025407338753725, 2.302545418494787, 2.3025324130669618, 2.302526709972284, 2.3025382763300186, 2.3025284204727563, 2.30252127464001, 2.3025129195971368, 2.302515350243984, 2.3025109596741506, 2.3025231789319944, 2.3025004325768887, 2.302508500294808, 2.302481264945788, 2.3024862008217055, 2.3025051734386346, 2.302494194568732, 2.302474215091803, 2.3024726580350827, 2.3024900106283335, 2.302485745992416, 2.3024759096977037, 2.3024786833005075, 2.3024706076353025, 2.3024619976679483, 2.3024729184615307, 2.302452380229265, 2.3024683652779996, 2.302452682837462, 2.302462529524779, 2.3024554656102105, 2.302468990056943, 2.3024484298168084, 2.302435066761115, 2.3024554466589904, 2.3024453248733128, 2.3024384626975425, 2.302435514254448, 2.302441536463224, 2.302430643179478, 2.302435444562863, 2.302422269185384, 2.302447661375388, 2.302425556916457, 2.302410671649835, 2.302418695963346, 2.302407975685902, 2.3024116925704172, 2.3024133761723835, 2.30241186557672, 2.3024063715567955, 2.302397680282593, 2.3023928018716666, 2.3024115250660824, 2.3024069174742086], "test_loss": [2.299461331176758, 2.299273944091797, 2.2991011505126955, 2.2989385833740235, 2.298789123535156, 2.2986498901367187, 2.298518551635742, 2.2983986053466796, 2.298282174682617, 2.298173355102539, 2.298069903564453, 2.29796943359375, 2.2978753875732423, 2.2977824584960937, 2.2976955596923827, 2.29761201171875, 2.297528302001953, 2.2974489044189452, 2.2973706756591796, 2.2972972534179688, 2.2972253540039063, 2.2971537811279297, 2.2970796447753905, 2.2970139312744142, 2.2969461151123047, 2.2968795471191408, 2.2968174896240234, 2.296754132080078, 2.296691262817383, 2.296628485107422, 2.2965637115478517, 2.2965021606445313, 2.2964405548095703, 2.2963827941894532, 2.296323065185547, 2.2962632720947265, 2.2962047912597656, 2.2961465606689453, 2.2960880279541014, 2.2960292572021483, 2.295969445800781, 2.295914730834961, 2.295856494140625, 2.2958003692626954, 2.2957422943115233, 2.2956846893310545, 2.295629162597656, 2.295572213745117, 2.2955156646728514, 2.2954570526123046, 2.2954017059326173, 2.2953471252441404, 2.295289630126953, 2.295232849121094, 2.295177502441406, 2.295120690917969, 2.2950630676269532, 2.2950076629638674, 2.2949518157958986, 2.294893508911133, 2.294837945556641, 2.29478053894043, 2.294720376586914, 2.2946616851806643, 2.2946037872314453, 2.2945475036621095, 2.294489910888672, 2.2944288818359375, 2.294368298339844, 2.2943083892822265, 2.2942491821289064, 2.2941877014160155, 2.2941262725830076, 2.2940671264648436, 2.294009466552734, 2.2939527069091796, 2.293895767211914, 2.2938359344482424, 2.2937748474121094, 2.2937155822753907, 2.2936542877197263, 2.293594854736328, 2.293535107421875, 2.293474761962891, 2.293414697265625, 2.2933528533935545, 2.2932909881591796, 2.2932310272216796, 2.2931681671142576, 2.2931067138671875, 2.2930436279296873, 2.2929815032958984, 2.292919485473633, 2.292854656982422, 2.292792413330078, 2.2927327087402345, 2.2926682678222656, 2.2926060546875, 2.292546044921875, 2.2924831939697268], "test_acc": [10.48, 10.53, 10.62, 10.69, 10.77, 10.81, 10.84, 10.74, 10.75, 10.73, 10.74, 10.84, 10.87, 11.0, 11.01, 11.1, 11.1, 11.23, 11.27, 11.33, 11.51, 11.58, 11.56, 11.75, 11.76, 11.97, 12.13, 12.37, 12.55, 12.78, 13.0, 13.01, 13.21, 13.3, 13.45, 13.65, 13.9, 14.07, 14.18, 14.33, 14.57, 14.68, 14.69, 14.75, 14.82, 14.88, 14.98, 15.08, 15.21, 15.37, 15.4, 15.51, 15.55, 15.75, 15.77, 15.86, 16.01, 16.14, 16.23, 16.29, 16.4, 16.5, 16.54, 16.62, 16.65, 16.72, 16.78, 16.8, 16.88, 16.96, 17.06, 17.09, 17.14, 17.13, 17.22, 17.29, 17.34, 17.35, 17.41, 17.5, 17.53, 17.6, 17.59, 17.62, 17.66, 17.64, 17.64, 17.67, 17.74, 17.75, 17.77, 17.8, 17.76, 17.88, 17.9, 18.0, 18.14, 18.17, 18.21, 18.22]}