{"train_loss": [2.3036269096227793, 2.3034976580204107, 2.3033872940601445, 2.3033080015427028, 2.3032273922211086, 2.303144874328222, 2.3030902141179794, 2.303031463500781, 2.30299563346765, 2.3029367294066994, 2.302906649540632, 2.302861955838326, 2.3028363515169192, 2.302808478551033, 2.3027873479402983, 2.3027813917551283, 2.3027659954168858, 2.3027465710273156, 2.302729742343609, 2.3027165730794272, 2.302716833505875, 2.3027018907742622, 2.3026918264535756, 2.302682100198208, 2.3026836034579157, 2.3026737708311815, 2.302657521688021, 2.3026662893784353, 2.302666899485466, 2.30265961426955, 2.3026494949291916, 2.3026459351564066, 2.302647314316187, 2.3026460574223444, 2.302637075766539, 2.302635908126831, 2.3026451624356783, 2.302633200547634, 2.3026367994455192, 2.30264097788395, 2.3026301928055593, 2.3026303792611147, 2.302626854945452, 2.3026314423634457, 2.3026132754790476, 2.3026192163809753, 2.302622800606948, 2.3026246835023927, 2.302618160003271, 2.3026202593094265, 2.302607672031109, 2.3026172399520872, 2.302615678616059, 2.3026169691330347, 2.3026150960188647, 2.3026108099864078, 2.3026107947031655, 2.30261092430506, 2.302605317800473, 2.3026053777107824, 2.3025999008080897, 2.302609240091764, 2.302609084202693, 2.3026166145618143, 2.3026051411261927, 2.3025949453696226, 2.302611618164258, 2.3026041874518763, 2.302597512342991, 2.302592540398622, 2.302600448559492, 2.3025986078457956, 2.302598253885905, 2.3025912199264917, 2.302582619740413, 2.3025843106783355, 2.302593698868385, 2.3025963080235017, 2.3025981774696938, 2.3025941787621913, 2.302586227808243, 2.302596051265032, 2.302588569200956, 2.3025857436351287, 2.3025907492026305, 2.3025822339913784, 2.3025874516902824, 2.3025866484030697, 2.3025856054746185, 2.3025792623177552, 2.302585855508462, 2.302584983752324, 2.302583496387188, 2.3025792555931286, 2.302587237113561, 2.3025736313599805, 2.302578055552947, 2.302578028654441, 2.302574141208942, 2.3025740519548075], "test_loss": [2.299475570678711, 2.2993017333984374, 2.299142532348633, 2.2989975524902344, 2.2988641479492187, 2.2987430053710938, 2.298630746459961, 2.298525701904297, 2.298429312133789, 2.2983396423339846, 2.2982550476074217, 2.298177328491211, 2.298102313232422, 2.2980327453613283, 2.2979674926757814, 2.297904901123047, 2.2978453399658205, 2.2977888702392577, 2.2977356506347655, 2.297684194946289, 2.297635430908203, 2.297588555908203, 2.2975440460205077, 2.2974994079589846, 2.2974561187744142, 2.297415084838867, 2.2973737335205078, 2.297334976196289, 2.2972972534179688, 2.2972619171142576, 2.297225329589844, 2.2971907562255858, 2.297157019042969, 2.297123257446289, 2.297090072631836, 2.2970578521728515, 2.2970256225585937, 2.2969944732666017, 2.2969634704589845, 2.2969324188232423, 2.2969025787353514, 2.2968743927001953, 2.2968465148925783, 2.2968183227539063, 2.296788986206055, 2.296760598754883, 2.2967324829101563, 2.296704949951172, 2.2966761749267577, 2.296649627685547, 2.296622424316406, 2.2965975646972656, 2.2965706268310546, 2.296543307495117, 2.2965170654296876, 2.2964912506103516, 2.296465185546875, 2.296438479614258, 2.2964132293701174, 2.2963885986328125, 2.296362112426758, 2.296336508178711, 2.296311047363281, 2.2962850860595703, 2.2962591064453126, 2.296234585571289, 2.2962087188720703, 2.2961829071044924, 2.2961576568603514, 2.2961330780029297, 2.296107736206055, 2.2960834838867186, 2.2960581604003907, 2.2960323638916016, 2.29600578918457, 2.295980499267578, 2.2959542053222655, 2.2959289794921873, 2.29590302734375, 2.2958789001464845, 2.2958550201416017, 2.2958316345214844, 2.295807327270508, 2.2957823547363283, 2.2957577209472655, 2.2957322998046874, 2.295707418823242, 2.2956825164794923, 2.2956581146240236, 2.2956333435058593, 2.295610208129883, 2.2955849853515624, 2.2955601379394532, 2.2955357360839845, 2.2955107055664064, 2.2954847778320313, 2.29545998840332, 2.295435174560547, 2.2954103210449217, 2.295385925292969], "test_acc": [10.51, 10.54, 10.52, 10.64, 10.69, 10.64, 10.65, 10.56, 10.6, 10.54, 10.6, 10.58, 10.54, 10.67, 10.79, 10.68, 10.7, 10.73, 10.85, 11.03, 11.04, 11.16, 11.27, 11.42, 11.51, 11.66, 11.82, 11.92, 12.07, 12.13, 12.18, 12.31, 12.46, 12.65, 12.81, 12.87, 12.93, 13.09, 13.28, 13.31, 13.36, 13.37, 13.42, 13.49, 13.57, 13.62, 13.65, 13.64, 13.69, 13.67, 13.71, 13.76, 13.85, 13.9, 14.03, 14.12, 14.13, 14.21, 14.24, 14.33, 14.38, 14.43, 14.47, 14.51, 14.53, 14.53, 14.56, 14.6, 14.68, 14.71, 14.71, 14.76, 14.82, 14.83, 14.92, 14.92, 15.0, 15.07, 15.17, 15.21, 15.25, 15.31, 15.36, 15.37, 15.38, 15.39, 15.41, 15.45, 15.47, 15.52, 15.57, 15.61, 15.67, 15.69, 15.72, 15.76, 15.78, 15.84, 15.87, 15.91]}