{"train_loss": [2.303428646234366, 2.3028718716058973, 2.30237674224071, 2.3018263816833495, 2.3012487087494287, 2.300578692020514, 2.2997553324088074, 2.2986954909104567, 2.2975566857900374, 2.2960651526084312, 2.294236870912405, 2.2921524200683985, 2.289691116259648, 2.2867335203366403, 2.283752997716268, 2.280704195682819, 2.277548222664075, 2.2742371363517564, 2.2708774774502487, 2.2675314022944524, 2.263999155851511, 2.260221442809472, 2.2561717718075482, 2.252045365480276, 2.247957463753529, 2.2437811117905837, 2.239668372349861, 2.235817664097517, 2.231812620162964, 2.227874929477007, 2.2242389446649797, 2.221404134310209, 2.2177467364531296, 2.2154751361944736, 2.2127028190172635, 2.210157553354899, 2.208341866884476, 2.2062500464610566, 2.2039768854777018, 2.2014338909051356, 2.1986786915705756, 2.1974514869543222, 2.1953941815938705, 2.1927447135631857, 2.1913610537846884, 2.188883869464581, 2.1878651032081016, 2.1860057500692514, 2.1849507032296596, 2.1822010382627828, 2.1800674627988768, 2.178659155429938, 2.176210193756299, 2.174461710758698, 2.1726347868259137, 2.171257210389162, 2.16942665210137, 2.1672520154561754, 2.164923526079227, 2.1632273172720886, 2.1617787966361415, 2.158941188836709, 2.158662341802548, 2.1559391492452376, 2.1547979140893005, 2.152769315548432, 2.149631420159951, 2.1484257655266004, 2.1475607205659917, 2.1449106583228477, 2.143498185964731, 2.141974023060921, 2.1398637789946338, 2.137699223176027, 2.135366930717077, 2.1349459055142526, 2.1322763216801177, 2.13151285587213, 2.1290279370087846, 2.1279512307582755, 2.1266988149056067, 2.1248660900653937, 2.123849547214997, 2.1215558614486305, 2.1198781453646145, 2.1184984274399588, 2.1180855793830675, 2.1163419387279414, 2.1158694255046355, 2.1145749122668533, 2.1117292813765696, 2.1108470580516716, 2.1096743907683937, 2.1088698032574777, 2.1081942008091854, 2.106445775887905, 2.1057172399300796, 2.104708299270043, 2.1029919667121693, 2.102097252699045], "test_loss": [2.2989269378662107, 2.2981527557373047, 2.29731496887207, 2.296384637451172, 2.295319400024414, 2.294055096435547, 2.2925249938964845, 2.2906265228271483, 2.288277813720703, 2.2853298248291014, 2.2816541198730467, 2.2771275207519532, 2.271683612060547, 2.265377182006836, 2.2584763793945313, 2.2513070861816407, 2.2440638427734374, 2.236586181640625, 2.229001290893555, 2.2211601318359375, 2.2130470764160157, 2.204607745361328, 2.195476025390625, 2.1858822296142577, 2.1766157592773436, 2.1661372924804687, 2.156057489013672, 2.14643515625, 2.1366266510009764, 2.1253929565429686, 2.115690075683594, 2.106847555541992, 2.098428063964844, 2.0919092895507814, 2.0838488052368165, 2.0770158813476565, 2.0714549041748045, 2.065648356628418, 2.0602888275146483, 2.0541678939819334, 2.0488148635864256, 2.0438514053344727, 2.038860192871094, 2.033305990600586, 2.028726290893555, 2.0234505828857423, 2.0189212448120117, 2.0138339736938478, 2.0109378189086913, 2.0056020202636717, 2.0006362731933596, 1.9968732543945313, 1.9920845504760742, 1.9872334854125977, 1.9825613662719725, 1.9772266891479493, 1.9736655441284179, 1.9688499389648437, 1.9633182571411132, 1.9584996292114258, 1.9547174926757813, 1.9489936828613281, 1.9457935119628906, 1.9403747909545899, 1.9358901916503906, 1.9304079208374023, 1.9267821075439453, 1.9201582122802734, 1.9155469009399415, 1.9107156677246093, 1.9080958892822266, 1.9032587860107422, 1.8962531524658204, 1.8909354614257812, 1.8861192901611328, 1.8839626754760743, 1.877635935974121, 1.8755665634155274, 1.8684656372070312, 1.8662976608276367, 1.860303288269043, 1.8556927444458007, 1.8530275680541992, 1.8489638763427734, 1.8443541824340821, 1.8399376998901367, 1.8381816024780273, 1.8355982833862305, 1.8302559967041017, 1.8265036682128906, 1.8236476287841796, 1.820324723815918, 1.8185937561035157, 1.8141901931762696, 1.8115712432861328, 1.8088296356201172, 1.8053248947143554, 1.8006803939819336, 1.7977806671142578, 1.7964645736694336], "test_acc": [10.65, 11.03, 11.36, 11.78, 12.51, 13.32, 14.5, 15.32, 16.34, 17.03, 17.37, 17.28, 17.23, 17.72, 18.01, 18.8, 19.47, 20.23, 20.88, 21.52, 22.2, 22.84, 23.23, 23.77, 24.51, 24.78, 25.02, 25.57, 25.9, 26.14, 26.32, 26.63, 26.88, 27.24, 27.32, 27.71, 27.91, 28.09, 28.3, 28.76, 28.95, 29.33, 29.62, 29.56, 29.95, 29.97, 30.12, 30.55, 30.4, 31.01, 31.42, 31.53, 31.97, 31.92, 32.49, 32.68, 33.11, 33.27, 33.41, 33.53, 34.0, 34.17, 34.61, 34.56, 34.77, 34.94, 35.22, 35.44, 35.56, 35.67, 35.98, 36.21, 36.63, 36.6, 36.69, 36.86, 37.09, 37.06, 37.46, 37.36, 37.59, 37.61, 37.78, 38.42, 38.2, 37.96, 38.31, 38.27, 38.59, 38.73, 39.06, 39.13, 39.17, 39.28, 39.59, 39.69, 39.53, 39.98, 40.04, 39.92]}