{"train_loss": [2.303561875147697, 2.3033304948073168, 2.3031550156764493, 2.302972053870177, 2.30281854287172, 2.302658984599969, 2.302487183228517, 2.302311534147996, 2.3021673269760914, 2.3020199849055363, 2.30183208049872, 2.3016583430461393, 2.301498830012786, 2.3013122882598487, 2.301141326244061, 2.300945860300309, 2.3007421756402042, 2.3005390326182047, 2.300324668028416, 2.300093831771459, 2.2998732297848434, 2.2996058879754484, 2.299330054796659, 2.299098811394129, 2.2988075922697018, 2.2985483542466776, 2.298275527587304, 2.2980225385763706, 2.2977137186588386, 2.297425233400785, 2.2970912077488044, 2.29676987024454, 2.2964996649668765, 2.296142688775674, 2.29582320360037, 2.295506337361458, 2.2952172089845706, 2.294891341527303, 2.294543406290886, 2.294188261643434, 2.2937594548249858, 2.293491254097376, 2.2931648682325316, 2.2927282351713916, 2.292449067189143, 2.2920221799459215, 2.2917952140172324, 2.2914405510975766, 2.2910632084577514, 2.290751344118363, 2.290325229595869, 2.2900021051749206, 2.2896586363132183, 2.2892588169146806, 2.2888673226038616, 2.2886069279450636, 2.2882580219170987, 2.2878407704524504, 2.2875236835235206, 2.287122758840903, 2.286911192918435, 2.286535774744474, 2.2863178992882753, 2.285902107067597, 2.2857011929536477, 2.285328984260559, 2.2850709481117053, 2.2847855207247614, 2.2846243693278385, 2.284169040582119, 2.2839946600107046, 2.2838567440326396, 2.2835794540551992, 2.2832972208658853, 2.2830667544633916, 2.282851104858594, 2.282610981280987, 2.2825070240558722, 2.2822191299536287, 2.282011170876332, 2.2818494906792273, 2.281625019587003, 2.281479624601511, 2.281181481557015, 2.281016746545449, 2.2808618631118383, 2.2806931116642097, 2.2804596858146864, 2.2804450359099953, 2.280186599951524, 2.27999082222963, 2.2797507127126058, 2.2796282939421824, 2.2795162121454875, 2.2793939627133883, 2.279098876317342, 2.279008633662493, 2.2787851431430917, 2.278652482155042, 2.278436226111192], "test_loss": [2.2992407470703125, 2.298822525024414, 2.2984106475830077, 2.297998260498047, 2.297579229736328, 2.297153698730469, 2.296717199707031, 2.296260433959961, 2.2957792724609374, 2.295274880981445, 2.294735647583008, 2.294152325439453, 2.293529333496094, 2.2928565063476563, 2.2921336486816406, 2.291354705810547, 2.2905167572021483, 2.2896181213378908, 2.2886661071777343, 2.2876467041015625, 2.2865669982910157, 2.2854147674560545, 2.284195349121094, 2.282913000488281, 2.281569219970703, 2.2801581176757812, 2.2786933013916015, 2.2771876556396484, 2.275621716308594, 2.273998724365234, 2.2723254516601563, 2.270634234619141, 2.2689106323242187, 2.267161471557617, 2.2654014251708983, 2.263592318725586, 2.2617972106933593, 2.259968704223633, 2.2581239044189454, 2.2562276916503907, 2.25428186340332, 2.2524136840820312, 2.250496728515625, 2.2485040985107423, 2.24654235534668, 2.2444995971679687, 2.2425300994873045, 2.240524652099609, 2.2384884521484376, 2.2364561157226563, 2.234330712890625, 2.2323801666259766, 2.230295602416992, 2.228161083984375, 2.2260783172607423, 2.223976150512695, 2.2218495513916015, 2.219750131225586, 2.2174718811035157, 2.2153369384765624, 2.2132886810302734, 2.2111110290527343, 2.2092150756835935, 2.207037338256836, 2.2050528717041016, 2.203103024291992, 2.20094748840332, 2.1990052307128907, 2.197149545288086, 2.195273291015625, 2.1934721099853514, 2.1915356475830077, 2.1897201873779295, 2.1879874816894533, 2.1861753143310545, 2.184630975341797, 2.1830092376708983, 2.181412466430664, 2.179791537475586, 2.1782836120605467, 2.176818194580078, 2.175457208251953, 2.173949819946289, 2.1725601043701173, 2.1715542083740234, 2.169705422973633, 2.168491650390625, 2.1671265869140623, 2.1662190826416015, 2.16481669921875, 2.1637531158447265, 2.1624883422851564, 2.1613767456054687, 2.1601086059570314, 2.158980303955078, 2.158140640258789, 2.1569773040771483, 2.1559823364257813, 2.1545585174560546, 2.153543228149414], "test_acc": [10.5, 10.69, 10.92, 11.02, 11.17, 11.32, 11.52, 11.91, 12.13, 12.36, 12.99, 13.59, 14.32, 14.88, 15.39, 15.96, 16.64, 17.11, 17.55, 18.0, 18.49, 18.54, 18.84, 18.82, 18.99, 19.11, 19.37, 19.66, 19.72, 19.91, 20.04, 20.25, 20.44, 20.5, 20.76, 21.14, 21.29, 21.61, 21.6, 21.66, 21.84, 22.22, 22.35, 22.62, 22.9, 23.13, 23.38, 23.6, 23.76, 23.9, 24.21, 24.33, 24.58, 24.71, 24.83, 25.0, 25.23, 25.44, 25.52, 25.77, 25.89, 25.84, 26.03, 26.18, 26.29, 26.47, 26.44, 26.48, 26.77, 27.01, 27.16, 27.26, 27.26, 27.46, 27.6, 27.56, 27.69, 27.75, 27.97, 27.95, 27.94, 28.08, 28.18, 28.36, 28.28, 28.28, 28.51, 28.58, 28.81, 29.01, 29.05, 29.13, 29.27, 29.35, 29.43, 29.53, 29.65, 29.78, 29.86, 29.93]}