{"train_loss": [2.303316890887725, 2.3028593136714055, 2.3024156423715443, 2.301852981860821, 2.301344329271561, 2.3008076117588923, 2.3001298727133337, 2.2993599347579172, 2.2982354989418616, 2.297199852649982, 2.295715403556824, 2.293877954360766, 2.2919604075260653, 2.2895410360434116, 2.286995906096238, 2.284173716642918, 2.281190485220689, 2.2781181304882736, 2.2754190756724433, 2.2721525186147447, 2.268975076919947, 2.2652371791692882, 2.2616129734577277, 2.258002628424229, 2.2546674544994647, 2.250199854068267, 2.246728689242632, 2.243018848468096, 2.239003503628266, 2.2355272928873697, 2.231162510162745, 2.2291950366435906, 2.225675104214595, 2.2240900326997806, 2.2208926726610234, 2.219441941456917, 2.216914502779643, 2.2150396450971948, 2.2132503289442798, 2.2106701233448125, 2.208457752985832, 2.207126997067378, 2.2058832675982742, 2.203295557315533, 2.2020529215152447, 2.1993378137930844, 2.198337070758526, 2.197084454389719, 2.1950815757115683, 2.1939642386558726, 2.1917045581035124, 2.190396789404062, 2.188674363111838, 2.186853417372092, 2.1856056751349033, 2.183985353127504, 2.182033862823095, 2.180921273965102, 2.17861915735098, 2.177159409645276, 2.1754298595281747, 2.1737451339379334, 2.1721866130828857, 2.1706793717848947, 2.1697536908663237, 2.1669174004823732, 2.165079808846498, 2.163894920471387, 2.1621158740459343, 2.159253154656826, 2.158839898231702, 2.1574014156292645, 2.15595060189565, 2.153696547410427, 2.15103974709144, 2.1502815020390047, 2.1484368348732974, 2.1470880942466932, 2.1455227014346, 2.143904534975688, 2.1423792692331167, 2.14131974532054, 2.139593376257481, 2.1373530571277324, 2.136109323379321, 2.1354480067888897, 2.134615653600448, 2.133415006368588, 2.1325963753920334, 2.1308549287991645, 2.128573333300077, 2.128266540551797, 2.1263238686781665, 2.1258495636475394, 2.125065856713515, 2.124356091939486, 2.123231266706418, 2.1224825914089496, 2.1206735525375757, 2.119130425269787], "test_loss": [2.2989652374267577, 2.298235418701172, 2.297449575805664, 2.296597662353516, 2.295640170288086, 2.2945398132324217, 2.2932092742919923, 2.2915959686279295, 2.289589535522461, 2.287160876464844, 2.284173892211914, 2.280463928222656, 2.275951217651367, 2.2705331115722656, 2.2643134368896485, 2.2576123992919923, 2.250644561767578, 2.2434779998779297, 2.2363503479003906, 2.228964007568359, 2.2210918853759765, 2.2130825592041017, 2.2049128967285156, 2.1961475189208985, 2.1872501586914064, 2.1772250427246096, 2.167969287109375, 2.1583699798583984, 2.1491065063476564, 2.139039712524414, 2.128851675415039, 2.1197804321289064, 2.1112369567871094, 2.10460458984375, 2.0973785491943358, 2.090560952758789, 2.085425308227539, 2.0787757583618163, 2.0741853240966797, 2.067850602722168, 2.062856088256836, 2.059693263244629, 2.0539054168701174, 2.048791323852539, 2.044652906799316, 2.0394909927368166, 2.034372915649414, 2.03124345703125, 2.0272408920288085, 2.0228567352294924, 2.018699998474121, 2.014729602050781, 2.009776742553711, 2.005329089355469, 2.001976191711426, 1.9967898559570312, 1.9917477981567382, 1.9892522338867187, 1.984290753173828, 1.9795559219360352, 1.9752592575073242, 1.9715675308227538, 1.9661643356323242, 1.962348910522461, 1.959020394897461, 1.9540000701904296, 1.9500744522094726, 1.9434903823852538, 1.93799236907959, 1.9345783096313476, 1.930937434387207, 1.9262556594848632, 1.9219803604125976, 1.9177732177734375, 1.9112282592773437, 1.9083155792236328, 1.9057034133911133, 1.8993466613769532, 1.8944751693725586, 1.8927857528686522, 1.8857747100830078, 1.8829146286010743, 1.8775490798950196, 1.8754193984985352, 1.8698393646240234, 1.8668376632690429, 1.8642766952514649, 1.8591026870727538, 1.8563282974243165, 1.8524223159790039, 1.8485767593383788, 1.84689462890625, 1.8433534088134766, 1.8390238418579101, 1.8382183212280274, 1.8347536193847656, 1.8322007919311523, 1.8262173797607422, 1.8249214584350586, 1.8243998962402344], "test_acc": [10.61, 10.97, 11.3, 11.52, 11.8, 12.51, 13.2, 14.62, 15.62, 16.84, 17.68, 18.42, 18.54, 18.47, 18.63, 18.75, 19.2, 19.79, 20.38, 20.96, 21.51, 21.97, 22.63, 23.12, 23.71, 23.99, 24.52, 25.0, 25.34, 25.63, 25.73, 25.99, 26.38, 26.78, 26.73, 27.17, 27.23, 27.31, 27.9, 27.88, 27.9, 28.56, 28.76, 28.99, 29.21, 29.33, 29.44, 29.93, 29.97, 30.7, 30.52, 31.0, 30.88, 31.14, 31.85, 31.58, 32.23, 32.45, 32.71, 32.59, 33.18, 32.79, 33.56, 34.05, 34.13, 34.01, 34.32, 34.88, 34.8, 34.91, 35.17, 35.47, 35.81, 35.89, 35.96, 36.23, 36.26, 36.52, 36.84, 36.88, 37.0, 37.02, 36.98, 37.33, 37.12, 37.29, 37.49, 37.76, 37.71, 37.81, 38.06, 38.04, 38.37, 38.28, 38.57, 38.62, 38.63, 38.7, 38.85, 39.06]}