{"train_loss": [2.3035410618170715, 2.3033848609679786, 2.303276500946436, 2.3031542227818416, 2.3030696434852405, 2.3029711613288293, 2.302884247364142, 2.3028023450802535, 2.302737193229871, 2.30266704926124, 2.302607099826519, 2.302537697400802, 2.3024944415459268, 2.3024257409266937, 2.302396815251081, 2.3023535936306683, 2.30229718990815, 2.302258089872507, 2.302218568019378, 2.3021794649270864, 2.30213914895669, 2.302077888831114, 2.3020194554940248, 2.3019943286211064, 2.3019627179854956, 2.301916821797689, 2.3018809997118437, 2.3018643415891207, 2.301816179813483, 2.3017822351211157, 2.3017354353880273, 2.3016828378041585, 2.301675171118516, 2.3016003712629662, 2.30154934601906, 2.3015146176020305, 2.3014826371119574, 2.3014361240924934, 2.3013797686650204, 2.301362431355012, 2.301296927378728, 2.3012386621573033, 2.301230162840623, 2.3011435612654076, 2.3011247561528134, 2.3010776446415826, 2.301050128080906, 2.3010040576641377, 2.3009085948650654, 2.3008995679708626, 2.3008434100028796, 2.3007939369250567, 2.300737242820935, 2.3006879769838773, 2.300638219026419, 2.300619078293825, 2.3005342031136538, 2.3005106987097323, 2.3004287291795777, 2.300393103941893, 2.3003550871824605, 2.3003037195939284, 2.3002540643398577, 2.300176920646276, 2.3001347651848425, 2.300065223987286, 2.3000770092010496, 2.2999923596015344, 2.2999686387869027, 2.299869495171767, 2.299831874553974, 2.2998092455741688, 2.299724971331083, 2.2997124256231847, 2.299668988814721, 2.2996067633995643, 2.299534858801426, 2.299506810995249, 2.2994531845435118, 2.299396605980702, 2.2993228123738216, 2.299307084694887, 2.2992583128122184, 2.299201871187259, 2.2991543947122035, 2.2990747042191333, 2.2990250764748987, 2.2989772325907, 2.2989438325930864, 2.298864181836446, 2.2988309713510366, 2.2987688657564993, 2.2987480744337425, 2.2986883181792037, 2.2986181094096256, 2.298601229985555, 2.2985400279362995, 2.298456370524871, 2.298450726117843, 2.2983767277155165], "test_loss": [2.2993673645019532, 2.299083294677734, 2.298811489868164, 2.2985489837646482, 2.2982954040527344, 2.2980479461669923, 2.2978065551757814, 2.2975671478271487, 2.2973294036865233, 2.2970931396484375, 2.2968572204589845, 2.2966194885253906, 2.2963805999755857, 2.2961379943847655, 2.2958948822021483, 2.2956482025146485, 2.295396435546875, 2.295139337158203, 2.2948780487060545, 2.2946091094970704, 2.2943361694335938, 2.2940492645263673, 2.293754846191406, 2.2934549530029296, 2.2931488128662108, 2.2928328247070313, 2.292514825439453, 2.292186474609375, 2.291849859619141, 2.2915054809570314, 2.291152947998047, 2.2907944610595705, 2.290429220581055, 2.2900534576416014, 2.2896744537353517, 2.2892848388671876, 2.2888902404785156, 2.288487789916992, 2.288075280761719, 2.287662872314453, 2.2872380462646484, 2.286805603027344, 2.286366668701172, 2.2859165130615233, 2.2854707458496093, 2.285013946533203, 2.2845545440673827, 2.2840884063720703, 2.283612924194336, 2.283137008666992, 2.2826445922851564, 2.2821531951904297, 2.2816487854003906, 2.2811462219238283, 2.2806420013427733, 2.2801394256591796, 2.2796131744384764, 2.279094046020508, 2.2785509857177733, 2.27801513671875, 2.2774722869873045, 2.2769304626464844, 2.2763979797363283, 2.275841943359375, 2.275290594482422, 2.274736050415039, 2.274197149658203, 2.273639520263672, 2.2730927215576173, 2.272520520019531, 2.2719598602294924, 2.27139130859375, 2.2708260162353517, 2.2702577209472654, 2.2696938690185546, 2.269117758178711, 2.2685504791259765, 2.2679713897705076, 2.2673923706054686, 2.2668136962890624, 2.266218942260742, 2.265640200805664, 2.2650507141113283, 2.2644690185546876, 2.263913772583008, 2.263314456176758, 2.2627173889160157, 2.262122158813477, 2.2615451232910155, 2.260946276855469, 2.2603872589111327, 2.2597754974365234, 2.2592122467041014, 2.2586253051757814, 2.258038995361328, 2.2574650207519533, 2.2568822143554685, 2.256280731201172, 2.2556750762939455, 2.255086502075195], "test_acc": [10.57, 10.62, 10.74, 10.92, 10.92, 11.01, 11.03, 11.08, 11.33, 11.54, 11.62, 11.75, 11.8, 11.99, 12.26, 12.47, 12.73, 13.12, 13.58, 13.8, 14.14, 14.63, 14.94, 15.43, 15.82, 16.15, 16.47, 16.81, 17.11, 17.31, 17.57, 17.69, 18.03, 18.17, 18.36, 18.71, 18.85, 18.86, 19.09, 19.29, 19.41, 19.49, 19.56, 19.55, 19.6, 19.85, 19.9, 19.96, 20.16, 20.33, 20.36, 20.42, 20.54, 20.57, 20.75, 20.79, 20.93, 21.0, 21.08, 21.19, 21.22, 21.23, 21.25, 21.28, 21.49, 21.58, 21.6, 21.62, 21.64, 21.74, 21.8, 21.87, 21.94, 21.97, 22.12, 22.21, 22.28, 22.35, 22.45, 22.52, 22.55, 22.7, 22.89, 23.02, 23.15, 23.13, 23.33, 23.5, 23.56, 23.7, 23.84, 23.85, 24.01, 24.03, 24.15, 24.3, 24.36, 24.52, 24.65, 24.73]}