{"train_loss": [2.3034202190545887, 2.3029230765807323, 2.302427276586875, 2.3019243674400527, 2.3013369731414013, 2.3007228881884845, 2.2998819931959495, 2.2988966740094696, 2.297770106486785, 2.296437138166183, 2.294754077226688, 2.292736946619474, 2.290436637095916, 2.2877654656385764, 2.2849728871614503, 2.2820392541396313, 2.2789717423610196, 2.2757861204636405, 2.2726252665886513, 2.269489240035033, 2.2662215477380996, 2.262317442282652, 2.2587047460751655, 2.2549996596116286, 2.2509764915857557, 2.247142069767683, 2.2433492415990584, 2.2395564537781936, 2.2356009140992774, 2.2318008416738264, 2.2282738581681865, 2.225711283316979, 2.222413953756675, 2.2200926835720356, 2.2169079401554206, 2.2152979141626603, 2.213010886999277, 2.210944195282765, 2.2086471600410267, 2.206164418734037, 2.203786530250158, 2.2025455425947142, 2.2007468938827515, 2.1978450475594937, 2.1966506896874844, 2.194269057420584, 2.193203197381435, 2.191788367736034, 2.1897597160094824, 2.1877379215680635, 2.185526856397971, 2.1834983073748075, 2.1825978590891912, 2.180401314221896, 2.178243627303686, 2.1766382040121615, 2.1749581740452695, 2.172537340873327, 2.1707434623669357, 2.1686684308907926, 2.1674892419423815, 2.1661164198166283, 2.164923206353799, 2.1617557152723657, 2.160709297962678, 2.1586159210938676, 2.1560890179414014, 2.1549834178044245, 2.1537417650222777, 2.1512807711576802, 2.1496161045172277, 2.148454544483087, 2.1467995625275833, 2.1445772825143274, 2.14254868213947, 2.1417916652483817, 2.1391901083481617, 2.1383147135759013, 2.1366415592340324, 2.1352818079483815, 2.134009984212044, 2.131952897707621, 2.1306468988076235, 2.1284294947599753, 2.1278788627722323, 2.126461769372989, 2.1256249024317815, 2.12364892409398, 2.1241688330968223, 2.122233005059071, 2.1196867502652683, 2.118865205691411, 2.1179246132190412, 2.117598940775945, 2.1168627445514385, 2.1145476964803844, 2.1140897023372163, 2.1129132986068724, 2.1112493765659823, 2.1104238351186115], "test_loss": [2.298935559082031, 2.2981737731933594, 2.2973468811035156, 2.2964404052734375, 2.295407681274414, 2.294182635498047, 2.292707794189453, 2.2908902465820313, 2.2886498992919924, 2.285862371826172, 2.2824079345703123, 2.278140057373047, 2.27297321472168, 2.266999819946289, 2.260348828125, 2.2534154693603514, 2.2462978302001955, 2.238995883178711, 2.2316671875, 2.2241885559082033, 2.2164145446777344, 2.2079962280273437, 2.1995548919677734, 2.1904879333496092, 2.1814010650634765, 2.171604019165039, 2.1618962432861326, 2.152769854736328, 2.1430372619628906, 2.13238896484375, 2.122910693359375, 2.1141537994384767, 2.1057560729980467, 2.098756866455078, 2.090850180053711, 2.0847671142578124, 2.0784829406738283, 2.0721536102294924, 2.0667273712158205, 2.0608883209228517, 2.0562028396606444, 2.0506049697875977, 2.0459460830688476, 2.040388775634766, 2.0355938873291017, 2.0301449615478515, 2.0259621368408203, 2.021415321350098, 2.0176717041015624, 2.012784143066406, 2.007294561767578, 2.002934715270996, 1.9989041427612304, 1.9943339904785156, 1.9898549926757811, 1.9843704055786133, 1.9802825729370117, 1.9752908737182617, 1.970436309814453, 1.9658488967895509, 1.9619769348144531, 1.9564618408203125, 1.953738053894043, 1.9477729049682617, 1.9435498947143555, 1.9387676467895507, 1.9349616333007813, 1.92831258392334, 1.9238045837402344, 1.918725733947754, 1.9148639129638672, 1.911042463684082, 1.9051451293945312, 1.9007080169677735, 1.8962958297729493, 1.893152684020996, 1.8867790985107422, 1.8827325607299805, 1.8782045822143554, 1.8763901992797851, 1.8707862899780274, 1.8653434173583985, 1.86122314453125, 1.858994093322754, 1.8549537643432616, 1.8501348770141601, 1.8472961822509766, 1.8434679931640625, 1.8418901016235352, 1.8377158447265625, 1.8350933303833008, 1.82968819732666, 1.828912384033203, 1.8256204040527344, 1.8219941711425782, 1.8197315292358398, 1.8165224197387695, 1.8111333847045898, 1.8092027221679687, 1.8081766952514648], "test_acc": [10.62, 11.01, 11.27, 11.47, 11.98, 12.52, 13.74, 14.6, 15.64, 16.62, 16.89, 16.91, 16.86, 17.51, 17.89, 18.8, 19.29, 20.03, 20.81, 21.27, 22.04, 22.53, 23.01, 23.63, 24.3, 24.62, 24.91, 25.4, 25.71, 25.78, 26.02, 26.4, 26.61, 26.95, 27.1, 27.44, 27.75, 28.01, 28.39, 28.47, 28.62, 29.26, 29.6, 29.63, 29.77, 29.98, 30.13, 30.51, 30.65, 31.01, 31.36, 31.71, 32.08, 32.04, 32.44, 32.68, 32.99, 33.27, 33.55, 33.73, 34.18, 34.13, 34.43, 34.79, 35.13, 35.01, 35.27, 35.48, 35.63, 35.55, 36.04, 36.26, 36.37, 36.53, 36.42, 36.7, 36.68, 36.72, 37.23, 37.22, 37.56, 37.52, 37.75, 37.83, 37.99, 38.01, 37.98, 38.31, 38.41, 38.76, 38.8, 38.91, 39.01, 39.01, 39.32, 39.49, 39.34, 39.51, 39.54, 39.68]}