{"train_loss": [2.303421370799725, 2.303233932837462, 2.303175687789917, 2.3031473184243225, 2.3030010730792316, 2.302979907622704, 2.302911552404746, 2.302850435941647, 2.3028188711557633, 2.3027598662254136, 2.3027439288603953, 2.302720752740518, 2.3026487949566965, 2.3026885442244702, 2.302664668743427, 2.302696114931351, 2.302646979307517, 2.3025496923006497, 2.3026157825421065, 2.302619177867205, 2.302517865254329, 2.3025318818214613, 2.30254071920346, 2.30251080317375, 2.3025282187339586, 2.302527299294105, 2.3026121353491757, 2.302511051373604, 2.3024996959246122, 2.30255994674487, 2.3025814270361877, 2.3024770186497614, 2.302519564750867, 2.3024110317230226, 2.3024936767724844, 2.3024857533283725, 2.3025221139956744, 2.302506594780164, 2.3024346290490567, 2.302472949639345, 2.30242470350021, 2.302408763078543, 2.3024250647960565, 2.302444511804825, 2.302435787518819, 2.3023931857867117, 2.3024524309696295, 2.3025197952221603, 2.302430832080352, 2.302444845590836, 2.302399809543903, 2.3024222404528887, 2.3024724318430976, 2.3024448779913094, 2.3023676383189664, 2.302383577517974, 2.3024087306780694, 2.302387129343473, 2.3024057308832804, 2.3024143255673923, 2.302456460854946, 2.3024531071002667, 2.302394664593232, 2.3023395801201847, 2.302389696928171, 2.302389854651231, 2.3024101165624766, 2.3024048420099112, 2.302372467212188, 2.3024133370472835, 2.3023693696046488, 2.3023579249015222, 2.3024291448104077, 2.3023953162706814, 2.3023972602990956, 2.3023267752084977, 2.3023528147966434, 2.3024148947153336, 2.3023623221959824, 2.3023530379319803, 2.3023713081310957, 2.3023641580190413, 2.3023130098978677, 2.3023347365550504, 2.3023018323458158, 2.302285868082291, 2.3022442200245004, 2.3022567730683545, 2.302322286214584, 2.3022964544785327, 2.3022956071755827, 2.302354811399411, 2.302299108260717, 2.302352342238793, 2.3022899866104125, 2.302359867095947, 2.3023708857022798, 2.302281701259124, 2.3023014698273094, 2.3022681242380387], "test_loss": [2.2994695922851562, 2.2992830139160154, 2.299109371948242, 2.2989513488769533, 2.298807736206055, 2.29866728515625, 2.2985355072021485, 2.2984176147460937, 2.298306671142578, 2.298206591796875, 2.2981075347900393, 2.2980184356689453, 2.2979325958251953, 2.297849578857422, 2.2977638641357423, 2.2976840698242187, 2.297613653564453, 2.297539880371094, 2.2974777404785156, 2.2974072387695315, 2.2973403930664062, 2.2972754974365235, 2.2972197570800783, 2.2971641967773437, 2.297097961425781, 2.2970398376464845, 2.296984194946289, 2.296921841430664, 2.296871530151367, 2.2968177154541016, 2.296767236328125, 2.296709521484375, 2.2966584533691408, 2.2966020233154296, 2.296549563598633, 2.296499575805664, 2.296444760131836, 2.2963981048583983, 2.2963493530273436, 2.296302307128906, 2.2962546325683593, 2.2962014221191405, 2.2961540618896485, 2.296101873779297, 2.29605823059082, 2.2960031127929685, 2.2959510986328127, 2.295901623535156, 2.295856167602539, 2.2958040283203127, 2.2957449371337892, 2.2956994140625, 2.2956432708740233, 2.2955904418945314, 2.2955378509521482, 2.295483166503906, 2.295430502319336, 2.295385971069336, 2.2953281158447267, 2.295272457885742, 2.2952239196777344, 2.295175509643555, 2.295112252807617, 2.2950591613769533, 2.2950072509765627, 2.294960455322266, 2.2949002838134764, 2.294848556518555, 2.294789694213867, 2.2947282470703123, 2.294675714111328, 2.2946202667236326, 2.294566860961914, 2.2945080322265623, 2.2944585235595705, 2.2943893524169923, 2.2943284301757814, 2.294275817871094, 2.2942195831298826, 2.294166778564453, 2.2941175994873046, 2.2940767822265626, 2.294009469604492, 2.2939503173828126, 2.293894207763672, 2.2938281951904296, 2.2937646423339846, 2.293710354614258, 2.2936572479248047, 2.2935811553955077, 2.2935259674072266, 2.293473162841797, 2.2934166778564453, 2.2933684661865232, 2.293300048828125, 2.293234094238281, 2.293186846923828, 2.2931250213623047, 2.2930691650390624, 2.2930180755615233], "test_acc": [10.56, 10.62, 10.7, 10.77, 10.82, 10.83, 10.93, 10.95, 10.97, 11.12, 11.17, 11.27, 11.37, 11.32, 11.44, 11.52, 11.56, 11.52, 11.48, 11.4, 11.38, 11.33, 11.33, 11.38, 11.48, 11.62, 11.67, 11.79, 11.76, 11.84, 11.87, 11.94, 12.14, 12.2, 12.25, 12.37, 12.37, 12.45, 12.56, 12.62, 12.7, 12.76, 12.85, 12.88, 13.03, 13.18, 13.26, 13.45, 13.52, 13.68, 13.76, 13.91, 13.92, 14.06, 14.14, 14.27, 14.38, 14.56, 14.79, 14.8, 14.82, 14.95, 15.08, 15.14, 15.1, 15.11, 15.26, 15.34, 15.34, 15.45, 15.51, 15.58, 15.65, 15.74, 15.76, 15.96, 16.06, 16.13, 16.21, 16.28, 16.33, 16.43, 16.5, 16.54, 16.59, 16.71, 16.74, 16.8, 16.81, 16.83, 16.88, 16.92, 16.9, 16.99, 17.08, 17.18, 17.23, 17.27, 17.38, 17.41]}