{"train_loss": [2.3035198132197063, 2.303339859766838, 2.303184114358364, 2.3029980249893973, 2.3028646793120946, 2.302749202801631, 2.3026349403919317, 2.302528369732392, 2.302386101086934, 2.302298168035654, 2.3021486863111837, 2.3019880686050804, 2.3019029348324507, 2.301776982576419, 2.301694829647358, 2.30156015371665, 2.3013953447341917, 2.3012867597433235, 2.3011662415969067, 2.3010178816624176, 2.300883629383185, 2.3007153627200005, 2.300546385691716, 2.300391909403679, 2.300245075348096, 2.3000613255378526, 2.299909790356954, 2.2997583682720477, 2.299544221926958, 2.299429359802833, 2.299166025259556, 2.299000297448574, 2.298792478365776, 2.2986342845818934, 2.2983854440542366, 2.2982187222211787, 2.298001797382648, 2.2977795851536285, 2.2975804652923193, 2.297396281437996, 2.2970692224991627, 2.296907193844135, 2.2967040942265435, 2.2964826858960663, 2.296286569497524, 2.2960006004724747, 2.295836831973149, 2.2956814075127627, 2.2953537390782284, 2.2952109122887636, 2.2949241760449532, 2.2947212855021157, 2.2944865942001345, 2.2942300307445036, 2.294038114180932, 2.293820266845899, 2.2935686955085166, 2.29333046521896, 2.293055735490261, 2.2928867737452188, 2.2926994158671454, 2.2924814676627134, 2.2922474060303126, 2.2920186910873803, 2.291828431838598, 2.291579443980486, 2.291337108000731, 2.2912014802296956, 2.2909000182763126, 2.290657606491676, 2.2904669718864636, 2.2903637323624046, 2.2901886952229034, 2.2899852422567513, 2.2897848966794134, 2.289584565773988, 2.2894343694051105, 2.2892946671216916, 2.2890218746967803, 2.2888761392006507, 2.288605414292751, 2.28864984756861, 2.2884209033770437, 2.288241852246798, 2.288172153937511, 2.2879655055510693, 2.2877413413463494, 2.2877178363310984, 2.287464536764683, 2.2874223391215005, 2.28727483015794, 2.2870619938923764, 2.2869409383871617, 2.286913298949217, 2.286857610482436, 2.2866282579226374, 2.286578790958111, 2.2863703458737104, 2.286257239488455, 2.286111752803509], "test_loss": [2.299286553955078, 2.298914758300781, 2.2985496520996094, 2.2981942596435547, 2.2978391632080077, 2.297483169555664, 2.2971215881347655, 2.296754376220703, 2.2963656982421874, 2.295974810791016, 2.295562365722656, 2.2951268981933595, 2.2946695068359375, 2.294183935546875, 2.2936695251464845, 2.2931246643066405, 2.2925449890136718, 2.2919301300048827, 2.2912879028320314, 2.29060461730957, 2.2898887084960937, 2.289126513671875, 2.2883226409912107, 2.2874716644287107, 2.2865997131347657, 2.2856607116699217, 2.284696401977539, 2.2836949493408203, 2.282655545043945, 2.2815744506835935, 2.280425634765625, 2.2792730865478514, 2.278067761230469, 2.276868423461914, 2.2756295196533203, 2.274345492553711, 2.2730644744873048, 2.2717272979736327, 2.2703780181884765, 2.2690131622314453, 2.2675971588134765, 2.266209231567383, 2.264805404663086, 2.263363928222656, 2.261958361816406, 2.260462298583984, 2.258981945800781, 2.257553436279297, 2.256083395385742, 2.2546007598876954, 2.253109979248047, 2.2516498718261717, 2.25008254699707, 2.2485305938720703, 2.2469901733398436, 2.2454627319335936, 2.2439025817871094, 2.242384005737305, 2.2407717010498045, 2.239153628540039, 2.2376191253662108, 2.236084844970703, 2.234540414428711, 2.232910659790039, 2.231346994018555, 2.2297945037841798, 2.2280830993652345, 2.226465783691406, 2.2249574035644533, 2.2234827087402342, 2.2218470703125, 2.2203056213378907, 2.218832302856445, 2.2174338439941406, 2.2157828002929687, 2.214422833251953, 2.212957174682617, 2.211363098144531, 2.209690350341797, 2.2085526123046875, 2.2070916412353516, 2.205821862792969, 2.204448434448242, 2.2032206726074217, 2.202061959838867, 2.2005844024658203, 2.1993851501464845, 2.197946170043945, 2.196738363647461, 2.1955602447509768, 2.1944334197998048, 2.1931555877685547, 2.1923279876708985, 2.190940246582031, 2.190081704711914, 2.1890997833251955, 2.1880427825927735, 2.1869302978515623, 2.18587861328125, 2.1848919677734373], "test_acc": [10.54, 10.63, 10.82, 10.92, 11.02, 11.08, 11.14, 11.38, 11.64, 11.83, 12.01, 12.53, 12.94, 13.61, 14.08, 14.72, 15.36, 15.99, 16.82, 17.36, 17.87, 18.32, 18.78, 18.96, 19.09, 19.3, 19.49, 19.52, 19.58, 19.63, 19.87, 20.09, 20.09, 20.33, 20.36, 20.43, 20.55, 20.66, 20.76, 20.75, 20.84, 21.03, 21.24, 21.39, 21.5, 21.82, 21.89, 22.09, 22.25, 22.49, 22.65, 22.97, 23.23, 23.47, 23.68, 23.9, 24.03, 24.1, 24.2, 24.27, 24.43, 24.48, 24.74, 24.89, 25.01, 25.06, 25.19, 25.35, 25.6, 25.68, 25.79, 25.86, 25.91, 25.92, 26.01, 26.08, 26.18, 26.23, 26.33, 26.59, 26.7, 26.84, 26.88, 27.04, 27.1, 27.15, 27.33, 27.39, 27.39, 27.49, 27.67, 27.67, 27.78, 27.8, 27.95, 27.99, 28.04, 28.14, 28.17, 28.25]}