{"train_loss": [2.303439229573959, 2.30322596965692, 2.303013369364616, 2.3028332435167753, 2.30265746483436, 2.3024455883564094, 2.302334043307182, 2.3021200271753166, 2.3019606296832746, 2.3017944225898157, 2.3015465131172768, 2.30132790406545, 2.3011396817671947, 2.300943331229381, 2.3007204251411633, 2.300443957402156, 2.3002030653831285, 2.2998573639453985, 2.2996145333999243, 2.2994036760085668, 2.2990864393038626, 2.298738992519868, 2.2983871961251285, 2.297984469242585, 2.2975953499476116, 2.297377072236477, 2.296988564882523, 2.2967440232252465, 2.296281353632609, 2.2959270672920424, 2.295553014217279, 2.2950371442696986, 2.294748959174523, 2.294349834246513, 2.293974532225193, 2.293638920172667, 2.2932155046707545, 2.2928163222777536, 2.2922457578854685, 2.2915920288134846, 2.291386630596259, 2.2909878009404894, 2.2904854505490033, 2.2898871262868243, 2.289720822603275, 2.289124168493809, 2.288505343290476, 2.28843329564119, 2.2876768509546914, 2.287517049985054, 2.286705920023796, 2.286431107154259, 2.285900792708764, 2.2855159307137516, 2.285119070762243, 2.284593546696198, 2.2841753953542465, 2.2835556721075987, 2.2834084828694663, 2.282986912971888, 2.2827897842113787, 2.2824555348127316, 2.2820560039618076, 2.281712045425024, 2.2813677359849978, 2.2812150068772143, 2.28057500460209, 2.280400151472825, 2.2801659773557614, 2.2797421999466727, 2.2793183540686583, 2.279557432883825, 2.2791470619348377, 2.279018276165693, 2.2788402227255014, 2.2785511939953533, 2.2780634788366463, 2.278108894519317, 2.277465534821535, 2.277560235903813, 2.2773845446415435, 2.2770709208953073, 2.2768237627469574, 2.2765092776371882, 2.276751393538255, 2.2766803435790233, 2.2762364436418583, 2.275734715583997, 2.275588940962767, 2.275667090293689, 2.27542888323466, 2.2750174681345623, 2.274695352407602, 2.274651387410286, 2.2747943309637217, 2.274278764235668, 2.2741902449192146, 2.2740353376437454, 2.273740366789011, 2.2736962135021503], "test_loss": [2.2992302673339844, 2.2988011566162108, 2.2983682830810546, 2.2979295288085937, 2.2974702026367186, 2.2970048278808592, 2.2965274017333983, 2.2960192626953124, 2.2954700134277344, 2.2948836975097655, 2.294249212646484, 2.2935463531494142, 2.2927999420166016, 2.2919965301513674, 2.291125988769531, 2.2901647033691406, 2.2891345703125, 2.288033581542969, 2.2868347259521484, 2.285589709472656, 2.2842692260742186, 2.2828332305908203, 2.2813233917236326, 2.2797263427734373, 2.2780474456787108, 2.276325509643555, 2.274541363525391, 2.2727242706298827, 2.2708453338623045, 2.268928549194336, 2.2669824462890626, 2.2649785064697268, 2.2629924102783203, 2.2609179595947264, 2.2589003631591797, 2.256890658569336, 2.2547754272460936, 2.2526929809570313, 2.250521432495117, 2.2481958892822265, 2.24589287109375, 2.243718963623047, 2.2414501861572265, 2.239031332397461, 2.236701736450195, 2.23413662109375, 2.231680972290039, 2.2294945281982423, 2.2268945404052736, 2.2246817169189455, 2.221919662475586, 2.2194914794921874, 2.21731003112793, 2.214520758056641, 2.2119707550048826, 2.209221862792969, 2.2066445922851563, 2.204464044189453, 2.201823681640625, 2.199289080810547, 2.1967622192382814, 2.194694839477539, 2.192581976318359, 2.1898061614990234, 2.1875880950927735, 2.186062353515625, 2.1839962188720703, 2.181735168457031, 2.179918130493164, 2.1777711151123045, 2.17568642578125, 2.1744961364746094, 2.1722846588134765, 2.171115087890625, 2.168977032470703, 2.167348226928711, 2.1656383087158204, 2.1645651275634767, 2.16246328125, 2.162091165161133, 2.1598583129882813, 2.1587701568603515, 2.1573523162841797, 2.15639404296875, 2.1548876403808594, 2.154082113647461, 2.1523556030273436, 2.1510629943847657, 2.149564385986328, 2.1495372985839842, 2.1476439025878906, 2.147100390625, 2.1463007934570313, 2.14431455078125, 2.1429177978515623, 2.1426242248535154, 2.1415839782714845, 2.140853363037109, 2.1394299926757814, 2.1386490356445313], "test_acc": [10.58, 10.65, 10.84, 10.93, 11.03, 11.29, 11.43, 11.76, 11.94, 12.35, 13.1, 13.6, 14.11, 14.48, 15.19, 15.69, 16.01, 16.37, 16.75, 16.9, 17.21, 17.34, 17.47, 17.82, 18.05, 18.29, 18.61, 18.95, 19.48, 19.76, 20.05, 20.3, 20.58, 20.88, 21.09, 21.59, 21.87, 22.0, 22.34, 22.39, 22.62, 23.06, 23.4, 23.51, 23.68, 23.76, 23.98, 24.21, 24.35, 24.58, 24.69, 24.97, 25.14, 25.29, 25.42, 25.57, 25.78, 25.95, 26.06, 26.21, 26.38, 26.4, 26.76, 26.86, 26.95, 27.11, 26.97, 27.12, 27.35, 27.38, 27.56, 27.65, 27.67, 27.71, 27.85, 27.84, 28.01, 28.09, 28.18, 28.3, 28.3, 28.36, 28.53, 28.79, 28.91, 28.96, 29.08, 29.24, 29.33, 29.38, 29.46, 29.54, 29.68, 29.7, 29.95, 30.04, 30.07, 30.01, 30.23, 30.38]}