{"train_loss": [2.303279515413138, 2.302355650755075, 2.301441900546734, 2.300324192413917, 2.298966127175551, 2.297148368297479, 2.2946391148444936, 2.291052295611455, 2.2863968665783223, 2.2798842460681232, 2.2720633323375994, 2.263890295762282, 2.2553298198259792, 2.2457763561835655, 2.2362632574179235, 2.2262225750165108, 2.2154959440231323, 2.2036251141474796, 2.191196472216875, 2.178268005909064, 2.166672350810124, 2.154638681044945, 2.143776339139694, 2.1345224643364933, 2.125902296335269, 2.117733892416343, 2.111373158601614, 2.104560042038942, 2.098259297089699, 2.091593671456361, 2.0847095978565706, 2.0804596659464716, 2.073826848849272, 2.069757896508926, 2.0629669537911046, 2.0573272561415648, 2.053059881161421, 2.0484697672036978, 2.042020429709019, 2.0356455316910376, 2.0292834361394245, 2.0252268705612573, 2.018830949220902, 2.0119577472026533, 2.0073076954254736, 2.0007198673028213, 1.9984346252221328, 1.991579670783801, 1.987934164206187, 1.9805805964347645, 1.9752718292749845, 1.9701458230996742, 1.9643706795496818, 1.9590592161203042, 1.954818466076484, 1.9512719872670297, 1.9462352281961686, 1.9411295652389526, 1.9360508108750367, 1.9332054153466836, 1.9315960502013183, 1.924223861633203, 1.9248938157008244, 1.9187492764913119, 1.9180585986528642, 1.9141750879776784, 1.9079443977429316, 1.9067909580010634, 1.9058763824976408, 1.9016649084213453, 1.898101721665798, 1.8960355608891217, 1.894541413661761, 1.889363402281052, 1.8874988387792537, 1.8867468219537002, 1.88299044859715, 1.8824288988724733, 1.8767815498205331, 1.8758424596908765, 1.875025200843811, 1.8703605223924686, 1.8703370036222995, 1.8662338904845408, 1.8616020334072603, 1.8612183442482582, 1.8608982367393299, 1.8586274733910193, 1.8573182662328085, 1.8546009632257314, 1.8490490253155047, 1.8484321948809501, 1.846654938123165, 1.845016995148781, 1.8436808445514776, 1.8417721989827278, 1.8398181062478285, 1.8376480026122852, 1.834978539821429, 1.8340942612061133], "test_loss": [2.298692434692383, 2.297618536376953, 2.296375634765625, 2.2948545806884764, 2.292870755004883, 2.290184970092773, 2.286468591308594, 2.2812180938720705, 2.2738254730224607, 2.2639561248779296, 2.2522056518554687, 2.2399271209716796, 2.2270935424804685, 2.21378108215332, 2.1992789947509768, 2.1838813842773437, 2.1673972778320314, 2.1497418060302733, 2.1309045196533205, 2.1112139282226563, 2.091718899536133, 2.0736329055786134, 2.056426072692871, 2.041536006164551, 2.0278113723754885, 2.0155583953857423, 2.0046462890625, 1.9939470672607422, 1.9836937561035157, 1.9740814666748048, 1.9646927688598632, 1.954471058654785, 1.9467620452880858, 1.9389478607177735, 1.9294924942016602, 1.919265867614746, 1.9112939071655273, 1.9038416320800782, 1.8969461959838867, 1.885697674560547, 1.875815007019043, 1.8677297286987304, 1.8589465301513672, 1.849708837890625, 1.839372410583496, 1.828960806274414, 1.8216458847045898, 1.8101577453613282, 1.8068619216918946, 1.7948550567626953, 1.786117202758789, 1.7786421249389648, 1.7719642852783204, 1.7612742233276366, 1.753074560546875, 1.744011326599121, 1.7365908355712891, 1.7299703048706054, 1.7221133865356446, 1.715767921447754, 1.7116929428100587, 1.7026699295043946, 1.7014295181274415, 1.6921590866088867, 1.6876653091430664, 1.684307585144043, 1.676901206970215, 1.669916877746582, 1.6674869659423828, 1.660056687927246, 1.6607576446533203, 1.653682261657715, 1.6466161483764647, 1.6424686584472656, 1.6376801223754882, 1.6352960388183593, 1.6313974731445313, 1.630768408203125, 1.624423323059082, 1.625489712524414, 1.617310122680664, 1.6127498779296876, 1.608080255126953, 1.6053303375244141, 1.601933479309082, 1.6012299713134766, 1.5993009689331055, 1.593899301147461, 1.5874682037353516, 1.584682942199707, 1.5821546615600586, 1.5789791259765624, 1.5778916412353516, 1.5734395080566406, 1.569668898010254, 1.5688046936035156, 1.5654954025268555, 1.5592648681640624, 1.5588860336303711, 1.5562475997924805], "test_acc": [10.78, 11.24, 11.91, 12.77, 13.91, 15.35, 16.41, 16.84, 16.59, 16.76, 17.39, 18.38, 19.08, 20.36, 21.63, 22.48, 23.44, 24.24, 25.02, 25.26, 25.98, 26.44, 26.57, 27.0, 27.85, 28.04, 28.29, 28.51, 29.03, 29.57, 29.54, 30.05, 30.42, 30.64, 30.95, 31.54, 32.07, 32.63, 32.81, 33.53, 33.66, 34.3, 34.46, 34.65, 35.08, 35.36, 35.23, 36.14, 35.97, 36.99, 37.45, 37.81, 37.91, 37.89, 38.54, 38.45, 38.76, 38.63, 39.01, 39.27, 39.34, 40.09, 39.77, 40.15, 40.21, 40.26, 40.74, 40.74, 40.78, 41.07, 41.1, 41.57, 41.74, 41.81, 41.84, 41.92, 42.49, 42.41, 42.66, 42.28, 42.7, 42.75, 43.2, 43.37, 43.79, 43.18, 43.57, 43.95, 44.42, 44.32, 44.77, 44.55, 44.88, 44.94, 45.22, 45.25, 45.17, 45.51, 45.41, 45.65]}