{"train_loss": [2.303635872938694, 2.3033680114990625, 2.3032446121558166, 2.3030467436863824, 2.3029251966720974, 2.3027098912459154, 2.3025263364498434, 2.302402095305614, 2.3022777771338436, 2.302153931519924, 2.301933160194984, 2.3018285023860443, 2.3017030214652037, 2.301544546469664, 2.301348114013672, 2.301263658816998, 2.301074141722459, 2.3009038540033195, 2.300739014454377, 2.3005483945210776, 2.3004006630335097, 2.300192601252825, 2.2999502860582792, 2.299756050721193, 2.2995300262402267, 2.2993081973149225, 2.2991149621132094, 2.298990143873753, 2.298742257631742, 2.298513244971251, 2.298267062505086, 2.2980327569521393, 2.2978471560355946, 2.297582418490679, 2.297321043870388, 2.297141616161053, 2.2968843564009056, 2.2966472796904736, 2.2963196791135347, 2.2961824961197683, 2.2958536215317555, 2.2956501979094286, 2.2954633125892054, 2.295087025104425, 2.294914751786452, 2.29460283548404, 2.2944207815023567, 2.294190288812686, 2.2939514050116907, 2.2937916884055505, 2.293364431919196, 2.2932013474977935, 2.2928781821177555, 2.29263322353363, 2.2922932227452595, 2.292097745797573, 2.2919343624359523, 2.2915917463791677, 2.2914009717794563, 2.2910894039349676, 2.2909425203616802, 2.290758989407466, 2.2904739318749843, 2.290182247528663, 2.2900084960154996, 2.289602115826729, 2.2893994245773706, 2.2892611326315464, 2.2892181041913156, 2.28866438070933, 2.2885234453739263, 2.2885163105451145, 2.2882102868495844, 2.2880389091296074, 2.287708484209501, 2.287494154465504, 2.2874570510326286, 2.287305472447322, 2.2869503473624206, 2.2867224363180307, 2.2865300747064445, 2.286401272431398, 2.286201586478796, 2.286081209549537, 2.28592020487174, 2.285753573515476, 2.2857894530663123, 2.2853057072712826, 2.2853919695585203, 2.2851387879787346, 2.284961414948488, 2.2845541905134152, 2.284674236101982, 2.284605156458341, 2.2843582575137797, 2.2843670771672175, 2.2841021452194603, 2.2837894537510017, 2.2837544777454473, 2.2837085974522124], "test_loss": [2.299253527832031, 2.2988525665283204, 2.2984571197509767, 2.298064144897461, 2.297668231201172, 2.2972662536621096, 2.2968593475341796, 2.2964384857177733, 2.296002081298828, 2.295548181152344, 2.295061721801758, 2.2945477142333983, 2.293999771118164, 2.2934192749023437, 2.2927892608642577, 2.292125537109375, 2.2914087860107424, 2.29065869140625, 2.2898608673095704, 2.2890154205322264, 2.288138638305664, 2.2872002990722655, 2.2861949310302734, 2.285145861816406, 2.284053775024414, 2.2829017211914064, 2.281712731933594, 2.2805165802001954, 2.2792850402832032, 2.277986361694336, 2.2766299926757814, 2.27527160949707, 2.273892581176758, 2.2724955810546876, 2.271080679321289, 2.269639761352539, 2.2681713012695313, 2.266682550048828, 2.2651865478515627, 2.2636746673583983, 2.26214856262207, 2.2606504272460937, 2.2591902130126953, 2.2575855377197267, 2.2560302795410156, 2.2543384246826172, 2.2527955627441405, 2.2512206756591797, 2.249647604370117, 2.24807438659668, 2.246377828979492, 2.244846545410156, 2.2431775970458983, 2.2415199432373045, 2.239821432495117, 2.2382081146240234, 2.236581430053711, 2.2349685821533205, 2.2332277923583983, 2.231427581787109, 2.2298600524902343, 2.2283103820800783, 2.226549871826172, 2.2247648223876952, 2.223166943359375, 2.2215957611083983, 2.2196927185058595, 2.218017288208008, 2.216472320556641, 2.214865151977539, 2.213141799926758, 2.2115001831054686, 2.20988030090332, 2.2082084381103515, 2.206663833618164, 2.205171984863281, 2.2038407165527345, 2.202067041015625, 2.2006264099121093, 2.198993377685547, 2.197672479248047, 2.196381033325195, 2.194812240600586, 2.1932858459472655, 2.1923487884521484, 2.190530859375, 2.1892581298828127, 2.1878501220703126, 2.1868540252685547, 2.1854292327880858, 2.1843810302734377, 2.1830938140869143, 2.1817059478759764, 2.180310479736328, 2.179275305175781, 2.178535015869141, 2.177281655883789, 2.1762967010498047, 2.1749740295410156, 2.1739545532226563], "test_acc": [10.64, 10.76, 10.92, 10.96, 11.04, 11.08, 11.37, 11.63, 12.05, 12.36, 12.83, 13.11, 13.53, 14.18, 14.71, 15.25, 15.91, 16.37, 16.76, 16.98, 17.51, 17.78, 18.03, 18.1, 18.3, 18.49, 18.62, 18.69, 18.96, 19.01, 19.1, 19.22, 19.6, 19.89, 20.28, 20.5, 20.7, 20.96, 21.08, 21.33, 21.57, 21.75, 21.93, 22.07, 22.21, 22.3, 22.37, 22.8, 22.93, 23.14, 23.41, 23.72, 23.96, 24.13, 24.44, 24.43, 24.57, 24.73, 24.97, 25.1, 25.3, 25.46, 25.59, 25.66, 25.89, 26.08, 26.22, 26.34, 26.38, 26.56, 26.69, 26.81, 26.82, 26.82, 26.98, 27.19, 27.29, 27.34, 27.5, 27.54, 27.7, 27.97, 27.93, 28.02, 28.26, 28.25, 28.34, 28.38, 28.5, 28.62, 28.6, 28.69, 28.95, 28.95, 29.1, 29.32, 29.31, 29.45, 29.58, 29.59]}