{"train_loss": [2.3031289039514005, 2.3020156976504205, 2.300866918074779, 2.2993503484970486, 2.297355203750806, 2.2945094120808136, 2.29038123473143, 2.2842918157577516, 2.2757462629905114, 2.264671197304359, 2.2523976356555253, 2.2396916878529085, 2.225877048419072, 2.210913730890323, 2.1940074908427705, 2.1768902057256456, 2.1573384119914127, 2.1366185744603476, 2.1178013605949206, 2.0994133322666855, 2.0844748973846436, 2.069436999162038, 2.0575768611369987, 2.0459209173153607, 2.035004179905622, 2.023527618249257, 2.01582815188628, 2.00646065504123, 1.9969398908126048, 1.9890336513519287, 1.9777979199702924, 1.9715216230123471, 1.961275092455057, 1.955480927076095, 1.9443822744565131, 1.9373234745783683, 1.9276788827700493, 1.9206641735174717, 1.909755527973175, 1.8993195353410184, 1.8893741360077492, 1.8838487936900212, 1.8732768385838239, 1.863375405776195, 1.856781374491178, 1.8478221994179946, 1.843225730688144, 1.8358314935977642, 1.8295766054055629, 1.8219528873761495, 1.815794253349304, 1.8072039601130363, 1.8045052711780254, 1.7992381441287506, 1.7924060760400233, 1.7868657677601545, 1.7814787060786517, 1.776834787466587, 1.7703544586132733, 1.7668880288417523, 1.7653437858972794, 1.7589920652218354, 1.758697143273476, 1.749407164255778, 1.7497837347862049, 1.7454576125511756, 1.7396143124653742, 1.7349527649390393, 1.7349289680138613, 1.72897660334905, 1.724462689497532, 1.7231304443799533, 1.7231434944348458, 1.716360496252011, 1.7138140540856581, 1.7094253500302632, 1.706451974159632, 1.7077672897241054, 1.7003951742098882, 1.6970494050246019, 1.6959238409996034, 1.690249015429081, 1.6871416360904008, 1.6840068373924646, 1.6804629848553585, 1.6769642062676258, 1.6771489134201636, 1.6721909902034662, 1.6726240081664843, 1.6678335263178898, 1.6621792823840411, 1.6619179799006536, 1.6580356827149025, 1.6585818382409903, 1.6552725214224595, 1.6520078573471462, 1.648936436115167, 1.6443842676969675, 1.6425299409108285, 1.6416180127706284], "test_loss": [2.298580908203125, 2.297348114013672, 2.29587373046875, 2.293975079345703, 2.2913370544433596, 2.287567642211914, 2.281967263793945, 2.273610302734375, 2.261829772949219, 2.2475721588134765, 2.232383450317383, 2.216594039916992, 2.1993550079345705, 2.180511672973633, 2.159648016357422, 2.137228857421875, 2.112899615478516, 2.0877987258911133, 2.0637662551879883, 2.0423250732421874, 2.024635073852539, 2.0071669174194335, 1.9925293395996093, 1.9783982833862304, 1.9642746627807617, 1.9506976028442382, 1.938984439086914, 1.9270163345336915, 1.9152037826538086, 1.9041044647216796, 1.892848307800293, 1.8818033309936524, 1.8706897735595702, 1.859973501586914, 1.8471370223999024, 1.8345514190673828, 1.8238172042846679, 1.8124229888916015, 1.8017341384887695, 1.78747001953125, 1.7764704360961914, 1.7658211059570312, 1.7543694442749023, 1.745554002380371, 1.7309833435058595, 1.7223259078979491, 1.7128159881591798, 1.7025409240722655, 1.6945917022705077, 1.6838914276123047, 1.6766558029174805, 1.6711681335449218, 1.6616665969848632, 1.6580539138793946, 1.6481907516479493, 1.6423038513183594, 1.6318534530639648, 1.625754217529297, 1.6184025177001953, 1.612691909790039, 1.6088738342285156, 1.6013990814208985, 1.6008112075805665, 1.5907878295898437, 1.590756442260742, 1.5896418731689452, 1.5766216369628907, 1.5707242935180663, 1.5723362258911133, 1.5617537704467774, 1.5611520416259765, 1.5549764709472655, 1.5485353469848633, 1.5493830322265625, 1.5444951171875, 1.5367731918334961, 1.5342080245971679, 1.5357239303588868, 1.5279635208129883, 1.5253702377319336, 1.5203284790039062, 1.5135958236694336, 1.5099589660644532, 1.5081378707885742, 1.5028210250854492, 1.5009580108642577, 1.500965950012207, 1.4952145156860353, 1.4886474456787109, 1.488806773376465, 1.4840414611816406, 1.480653564453125, 1.478787336730957, 1.4753502822875977, 1.471836054992676, 1.4707438995361328, 1.4680027435302734, 1.457792674255371, 1.4577050567626952, 1.459154232788086], "test_acc": [10.86, 11.52, 11.95, 12.93, 14.7, 16.02, 16.29, 15.73, 15.81, 16.93, 18.13, 19.5, 20.89, 22.54, 23.57, 24.28, 25.07, 25.76, 26.38, 26.43, 26.98, 27.72, 27.96, 28.43, 29.02, 29.58, 29.98, 30.38, 31.31, 31.24, 31.33, 31.93, 32.95, 33.23, 33.23, 34.16, 34.66, 35.08, 35.58, 36.08, 36.13, 36.84, 37.31, 37.3, 37.76, 37.85, 37.93, 38.61, 38.51, 39.23, 39.41, 39.38, 39.9, 39.63, 40.13, 40.28, 40.77, 41.04, 41.25, 41.44, 41.32, 41.99, 41.81, 42.15, 42.12, 42.07, 42.85, 42.99, 42.92, 43.26, 43.7, 43.59, 44.06, 44.07, 44.1, 44.49, 44.71, 44.29, 44.86, 44.89, 45.25, 45.42, 45.66, 45.79, 46.08, 45.92, 46.18, 46.53, 47.0, 47.0, 46.61, 47.37, 47.49, 47.43, 47.23, 47.54, 47.44, 47.95, 48.16, 47.95]}