{"train_loss": [2.303444471726051, 2.3033181049884894, 2.303279226865524, 2.3031495882914617, 2.303037763864566, 2.302950605368003, 2.3029201929385845, 2.302845344787989, 2.3028677775309636, 2.302792365123064, 2.302702316871056, 2.3026791762083003, 2.302608733299451, 2.3026273201673457, 2.3025378728524233, 2.302576079735389, 2.3025976162690385, 2.302532822657854, 2.30255724466764, 2.302549546192854, 2.302521514892578, 2.302468821941278, 2.302483779956133, 2.3025199015935263, 2.3024522371781178, 2.302475550235846, 2.3024546140279525, 2.3024628816506802, 2.302446235754551, 2.3024359568571433, 2.302400253369258, 2.3024299890567095, 2.302407437104445, 2.3023749272028606, 2.302373216702388, 2.3023571356748924, 2.3023783922195435, 2.3023520598044764, 2.3023514105723453, 2.3023927346254007, 2.302357035416823, 2.302292068799337, 2.302319035774622, 2.3023238035348745, 2.3023191158588117, 2.302348674260653, 2.3023178546856613, 2.302344976938688, 2.302296464259808, 2.302283450273367, 2.3022339527423563, 2.302256707044748, 2.3022572370675896, 2.3023274012101003, 2.3022444951228604, 2.302253540968284, 2.3022409714185272, 2.3022884148817795, 2.302256009517572, 2.3022569191761506, 2.302216993845426, 2.30224260305747, 2.3021892877725456, 2.3022050307347226, 2.302187275886536, 2.3021508443049896, 2.3022574284137822, 2.302174062606616, 2.3022172451019287, 2.302189898490906, 2.302171159401918, 2.302234436915471, 2.30217580978687, 2.3021453026013496, 2.302128055768135, 2.302108949270004, 2.3021618659679706, 2.3022128416941716, 2.3021257486098854, 2.3020988335976234, 2.302128863334656, 2.3021038538370378, 2.302165543727386, 2.3021426702157046, 2.3021260995131274, 2.3020654702797914, 2.302068183972285, 2.302143549307799, 2.3020589113235475, 2.302048388505593, 2.302035677127349, 2.3020120706313696, 2.302073665154286, 2.3020675133436153, 2.30204190718822, 2.3020422018491304, 2.3020300736794104, 2.3019824663798016, 2.301977830666762, 2.3020011211052918], "test_loss": [2.299443685913086, 2.2992403717041014, 2.2990484619140625, 2.2988663482666016, 2.2986944091796877, 2.298533380126953, 2.2983905639648436, 2.2982482330322265, 2.298109896850586, 2.297983236694336, 2.2978635711669924, 2.297735272216797, 2.297612628173828, 2.297497454833984, 2.2973862060546875, 2.297279721069336, 2.2971777893066405, 2.2970766204833986, 2.2969711151123047, 2.296866552734375, 2.2967730224609375, 2.296671463012695, 2.2965716613769533, 2.2964683807373047, 2.296373309326172, 2.2962772094726565, 2.296186801147461, 2.2960969116210936, 2.296007098388672, 2.2959107482910155, 2.2958159057617187, 2.2957140197753905, 2.2956165802001953, 2.2955328186035158, 2.29544401550293, 2.295354248046875, 2.295268640136719, 2.295175354003906, 2.295084228515625, 2.2949910064697265, 2.2948980529785157, 2.2948005187988283, 2.2946984802246093, 2.2946006744384766, 2.294506207275391, 2.2944057678222656, 2.2943072692871094, 2.294217919921875, 2.294119100952148, 2.294021566772461, 2.2939212310791017, 2.2938169189453124, 2.2937221923828126, 2.2936268615722657, 2.293522286987305, 2.293425619506836, 2.293317840576172, 2.293213540649414, 2.293109802246094, 2.2930056243896484, 2.2929030181884764, 2.2928068389892577, 2.292706201171875, 2.2926034423828123, 2.292497036743164, 2.2923842407226562, 2.292286361694336, 2.2921668731689455, 2.2920597778320313, 2.2919544158935548, 2.29184208984375, 2.291732733154297, 2.291624984741211, 2.291521527099609, 2.2914114349365233, 2.291295684814453, 2.2911861328125, 2.2910862365722657, 2.2909716094970705, 2.2908693542480467, 2.290760787963867, 2.290646887207031, 2.2905500946044923, 2.2904326629638674, 2.290322967529297, 2.290203009033203, 2.290083450317383, 2.2899820098876953, 2.289858596801758, 2.289740997314453, 2.289598919677734, 2.289475491333008, 2.2893538024902345, 2.2892529541015625, 2.2891256103515625, 2.289010824584961, 2.2888956176757813, 2.2887582977294922, 2.2886305084228518, 2.2885025817871094], "test_acc": [10.54, 10.65, 10.72, 10.76, 10.82, 10.85, 10.94, 11.16, 11.29, 11.47, 11.63, 11.79, 11.84, 11.96, 12.21, 12.28, 12.29, 12.44, 12.57, 12.75, 12.96, 13.16, 13.13, 13.29, 13.3, 13.5, 13.6, 13.67, 13.74, 13.84, 13.97, 13.98, 14.17, 14.23, 14.28, 14.49, 14.6, 14.63, 14.76, 14.82, 14.93, 15.11, 15.17, 15.3, 15.45, 15.57, 15.63, 15.74, 15.75, 15.76, 15.89, 15.92, 16.04, 16.05, 16.22, 16.3, 16.38, 16.42, 16.55, 16.67, 16.72, 16.75, 16.77, 16.8, 16.88, 16.94, 17.04, 17.02, 17.1, 17.14, 17.26, 17.31, 17.38, 17.45, 17.55, 17.53, 17.55, 17.61, 17.58, 17.6, 17.71, 17.82, 17.94, 18.03, 18.05, 18.14, 18.21, 18.26, 18.29, 18.36, 18.4, 18.51, 18.5, 18.53, 18.59, 18.76, 18.82, 18.83, 18.93, 18.96]}