{"train_loss": [2.3036028562447965, 2.3034767939494207, 2.3033825617570143, 2.3032902815403085, 2.303208404320937, 2.3031409410329964, 2.3030749975106657, 2.303019169049385, 2.3029746006696654, 2.302931661483569, 2.302891737375504, 2.3028566892330464, 2.302831486555246, 2.302804657129141, 2.302781751828316, 2.302765206190256, 2.3027474923011586, 2.3027309802862312, 2.302714366179246, 2.302708299954732, 2.3026943078407873, 2.302680839636387, 2.302668591034718, 2.3026636851139557, 2.3026599945166173, 2.3026576133874745, 2.302646313569485, 2.302645117808611, 2.302639862818596, 2.302636927824754, 2.3026312326773617, 2.3026287360069078, 2.3026295613019894, 2.3026163272368603, 2.3026120497630194, 2.3026161175507767, 2.302612845714276, 2.302606560022403, 2.3026035559483065, 2.302607094935882, 2.302595027287801, 2.3025979035939925, 2.302598878664848, 2.3025927329674745, 2.3025924633710813, 2.302589495976766, 2.3025903328871116, 2.3025892979059464, 2.3025845393156392, 2.302585644599719, 2.302581983957535, 2.3025783544931655, 2.3025794830077735, 2.302575236100417, 2.302574400412731, 2.3025701162142633, 2.302569473706759, 2.302570132108835, 2.3025698453952104, 2.302567201394301, 2.3025657409276716, 2.302567576750731, 2.3025662428293474, 2.302559971809387, 2.302561263549022, 2.302556468278934, 2.3025569029343433, 2.3025524383936173, 2.302554290722578, 2.3025504576854217, 2.302549155553182, 2.3025490436798486, 2.302547294665606, 2.302546965770232, 2.302548900628701, 2.302543165744879, 2.3025415824009823, 2.30254271030426, 2.3025405046267386, 2.3025361855824786, 2.3025330818616427, 2.302540516242003, 2.302538622953953, 2.3025332304147574, 2.302530553402045, 2.3025278287056166, 2.302529231707255, 2.302530845006307, 2.302527756568713, 2.3025182583393193, 2.30252360197214, 2.302522957019317, 2.3025195751434717, 2.3025159682983007, 2.3025203973819046, 2.3025178041213596, 2.302516406010359, 2.30250926445692, 2.3025110110258447, 2.302510159443586], "test_loss": [2.299467279052734, 2.2992863586425782, 2.2991198486328126, 2.298966845703125, 2.298825158691406, 2.2986936584472657, 2.298572448730469, 2.298458483886719, 2.2983519958496093, 2.298252621459961, 2.2981585693359374, 2.2980701416015625, 2.2979867919921877, 2.2979068969726564, 2.2978322021484376, 2.297760125732422, 2.297690509033203, 2.297624203491211, 2.297560433959961, 2.2974992706298827, 2.29743952331543, 2.297381332397461, 2.2973251861572264, 2.2972710174560547, 2.29721767578125, 2.2971659057617186, 2.297115295410156, 2.2970654968261717, 2.297016647338867, 2.296969418334961, 2.2969224212646484, 2.29687629699707, 2.296831234741211, 2.296786901855469, 2.296742706298828, 2.2966996154785155, 2.2966567138671876, 2.2966141967773437, 2.296572021484375, 2.2965301025390623, 2.296488204956055, 2.2964469696044922, 2.2964052276611326, 2.296364129638672, 2.296323336791992, 2.2962826293945313, 2.2962431274414064, 2.2962032684326172, 2.2961635040283204, 2.2961240234375, 2.2960841247558594, 2.2960447998046876, 2.296005523681641, 2.295966143798828, 2.2959274139404298, 2.295888262939453, 2.295849688720703, 2.2958107025146486, 2.2957718811035157, 2.2957330963134766, 2.295694253540039, 2.2956559967041015, 2.295617492675781, 2.2955784118652343, 2.2955396087646482, 2.295501495361328, 2.2954629364013672, 2.2954242431640624, 2.295385775756836, 2.295346694946289, 2.2953077728271483, 2.295268881225586, 2.295230389404297, 2.295190982055664, 2.2951525482177733, 2.2951143798828126, 2.295075036621094, 2.2950363983154296, 2.2949974884033204, 2.294958279418945, 2.2949187103271482, 2.294879974365234, 2.294840911865234, 2.294801647949219, 2.2947625946044923, 2.2947238616943357, 2.294684585571289, 2.294645245361328, 2.2946065338134765, 2.2945675354003905, 2.2945272186279295, 2.294487451171875, 2.2944481506347656, 2.2944087951660155, 2.294368927001953, 2.294329525756836, 2.2942892181396486, 2.294248620605469, 2.2942085052490233, 2.294169125366211], "test_acc": [10.53, 10.55, 10.61, 10.62, 10.72, 10.67, 10.69, 10.69, 10.65, 10.65, 10.67, 10.68, 10.63, 10.68, 10.86, 10.79, 10.75, 10.85, 10.97, 11.03, 11.22, 11.36, 11.39, 11.49, 11.54, 11.69, 11.84, 12.03, 12.22, 12.19, 12.32, 12.55, 12.71, 12.98, 12.97, 13.12, 13.28, 13.41, 13.48, 13.76, 13.81, 13.9, 13.93, 14.01, 14.14, 14.31, 14.46, 14.61, 14.69, 14.78, 14.82, 14.81, 14.85, 14.9, 14.95, 15.01, 15.14, 15.19, 15.19, 15.19, 15.26, 15.33, 15.38, 15.46, 15.49, 15.6, 15.65, 15.65, 15.74, 15.83, 15.94, 16.01, 16.05, 16.09, 16.14, 16.2, 16.23, 16.3, 16.34, 16.41, 16.44, 16.5, 16.55, 16.61, 16.63, 16.64, 16.67, 16.67, 16.72, 16.77, 16.79, 16.87, 16.88, 16.93, 16.95, 16.96, 16.95, 16.99, 16.99, 17.08]}