{"train_loss": [2.303503679617857, 2.3033056852145073, 2.3031330078076095, 2.302923234915122, 2.302771122027666, 2.3026376510277773, 2.302501481007307, 2.3023732576614773, 2.3021965155234705, 2.302084887944735, 2.301895098808484, 2.30168999341818, 2.3015682709522736, 2.3013955287444285, 2.301268178377396, 2.3010773872717833, 2.3008482003823305, 2.3006780214798757, 2.300499709447225, 2.3002764023267304, 2.30007420869974, 2.299813538331252, 2.299556494370485, 2.299309825897217, 2.2990855424832075, 2.298788855014703, 2.2985506919714123, 2.2983015849040105, 2.29797024115538, 2.2977568479684685, 2.2973514452958717, 2.297099120188982, 2.296762047058497, 2.2965224565603792, 2.2961373726526895, 2.29586325608767, 2.295541183153788, 2.2951812774707108, 2.294876967943632, 2.2945728937784833, 2.294098101518093, 2.2938388384305513, 2.293533686491159, 2.293183305935982, 2.2928870763534155, 2.292446112021422, 2.2921969792781733, 2.291950977154267, 2.2914690781862306, 2.2912243250088813, 2.290799538294474, 2.2904943325580693, 2.2901375281505096, 2.2897593369850746, 2.2894733459521563, 2.2891314989481217, 2.288764021335504, 2.2884207658278637, 2.288038874283815, 2.2877749773172233, 2.2874747918202325, 2.2871704297188002, 2.2868754148483275, 2.286591117198651, 2.286331473864042, 2.2859943988995672, 2.285674726046049, 2.285514754515428, 2.285117698327089, 2.284828373713371, 2.284592377833831, 2.284468797536997, 2.284303209720514, 2.2840006400377324, 2.2837796088976736, 2.283549548418094, 2.283396673202515, 2.2832481543223064, 2.282910113456922, 2.282751805965717, 2.2824061234792072, 2.282472817103068, 2.2822344810534747, 2.2819687623244067, 2.2818998514077604, 2.281667715463883, 2.2813754301804763, 2.2813372012896416, 2.2810651797514696, 2.2810276331045687, 2.2808235596387814, 2.2805352846781415, 2.2803888565454726, 2.28039381137261, 2.2803035149207482, 2.279969909863594, 2.2799416101895846, 2.2796754005627755, 2.2795175827466525, 2.27931931691292], "test_loss": [2.299254608154297, 2.298848254394531, 2.298446453857422, 2.298050314331055, 2.2976504455566404, 2.297246112060547, 2.2968297790527346, 2.296400323486328, 2.2959398498535157, 2.2954654724121095, 2.294960415649414, 2.2944152099609374, 2.2938327423095703, 2.2932043060302734, 2.2925270263671873, 2.2918018127441404, 2.291025994873047, 2.290192529296875, 2.28931340637207, 2.288369186401367, 2.2873741607666016, 2.286294741821289, 2.2851482330322264, 2.2839270904541014, 2.2826678466796877, 2.281311102294922, 2.279913821411133, 2.2784702087402344, 2.276962176513672, 2.2753983978271486, 2.273740783691406, 2.2720979736328126, 2.2703859375, 2.2687013336181643, 2.2669758239746094, 2.2651981140136717, 2.2634387451171873, 2.2616021209716797, 2.259764044189453, 2.257886911010742, 2.2559478210449218, 2.254111215209961, 2.2522328399658202, 2.2503114196777343, 2.24843200378418, 2.2463957305908204, 2.244387399291992, 2.2424767578125, 2.240481268310547, 2.238484896850586, 2.236494906616211, 2.2345462524414064, 2.2323826751708986, 2.2302665435791016, 2.228219430541992, 2.226136004638672, 2.2240435699462893, 2.22206604309082, 2.2199428466796873, 2.217717654418945, 2.2157473724365233, 2.2137577575683594, 2.2117719665527344, 2.209650845336914, 2.20769833984375, 2.2056977783203124, 2.203502310180664, 2.2015069244384766, 2.199804278564453, 2.198012371826172, 2.196035711669922, 2.1942918090820314, 2.192605267333984, 2.1910909790039064, 2.189036605834961, 2.187684817504883, 2.1860606750488283, 2.18422233581543, 2.182446255493164, 2.1815084869384767, 2.17993095703125, 2.1786973937988283, 2.1772912994384765, 2.1761145629882814, 2.174928399658203, 2.1732968322753905, 2.1721873138427736, 2.1706500885009765, 2.1694642486572264, 2.168334197998047, 2.1672603759765625, 2.165916000366211, 2.1652660339355467, 2.1637232788085936, 2.162940823364258, 2.1619739624023437, 2.160855743408203, 2.159693765258789, 2.1586235412597654, 2.1576046264648436], "test_acc": [10.54, 10.68, 10.87, 11.0, 11.15, 11.17, 11.27, 11.5, 11.85, 12.08, 12.59, 13.05, 13.65, 14.37, 15.13, 15.73, 16.37, 17.22, 17.93, 18.34, 18.8, 19.17, 19.31, 19.45, 19.46, 19.61, 19.82, 19.77, 19.99, 20.21, 20.35, 20.4, 20.56, 20.78, 20.8, 20.86, 20.84, 21.09, 21.34, 21.53, 21.62, 21.75, 21.96, 22.29, 22.65, 22.88, 23.17, 23.5, 23.73, 23.81, 23.99, 24.11, 24.21, 24.33, 24.53, 24.74, 24.86, 24.95, 25.22, 25.41, 25.48, 25.57, 25.68, 25.74, 25.96, 26.0, 25.91, 26.07, 26.28, 26.39, 26.46, 26.54, 26.71, 26.88, 27.0, 27.11, 27.13, 27.37, 27.47, 27.57, 27.57, 27.67, 27.78, 27.95, 27.87, 27.93, 28.07, 28.26, 28.24, 28.41, 28.42, 28.53, 28.84, 28.92, 29.12, 29.14, 29.27, 29.4, 29.52, 29.62]}