{"train_loss": [2.303163665380233, 2.3025237920956734, 2.302001959238297, 2.301301748324663, 2.3006161188467953, 2.2996649784919545, 2.2985556785876935, 2.297087851548806, 2.2953632911046347, 2.293055236645234, 2.290225043663612, 2.2868001051438163, 2.282957752545675, 2.278606790762681, 2.2744895317615605, 2.2702685068815183, 2.265706242659153, 2.260650512499687, 2.255958278362568, 2.250977079073588, 2.2457289169996213, 2.2393259916550075, 2.2340500629865208, 2.2279319121287418, 2.2226626029381387, 2.2166884587361264, 2.2112827924581673, 2.2069377079988137, 2.201686623157599, 2.1977723989731226, 2.193992076164637, 2.1914232113422494, 2.187100411684085, 2.1840585409066615, 2.180846483279497, 2.178613989169781, 2.175349799791972, 2.1731411420381987, 2.1700323508335995, 2.166590205217019, 2.1631795571400567, 2.1612606837199286, 2.158869972595802, 2.154107806315789, 2.1528567087955963, 2.1501044768553514, 2.147730170763456, 2.1458046277364096, 2.1426011978051602, 2.139851479041271, 2.137071444743719, 2.1340481999592904, 2.1314597802284436, 2.1290787959710147, 2.126540219478118, 2.1247670733011685, 2.1209475202438157, 2.11963807680668, 2.114730377075, 2.113522558640211, 2.1108392440355743, 2.1074285589731656, 2.1068739129946783, 2.1010957586459624, 2.1002480424367462, 2.097057511867621, 2.095600911287161, 2.0933495255616994, 2.0911593042887175, 2.0895537367233863, 2.085485322964497, 2.0839895343169186, 2.0823812787349407, 2.080011312472515, 2.0772552826465707, 2.076495656600365, 2.0749444307425082, 2.073776208437406, 2.0702307765300456, 2.0673647510699737, 2.0672615106289203, 2.0656168173520992, 2.06542517160758, 2.0632994254430135, 2.0596863865852355, 2.0596903935456887, 2.058675799920009, 2.0552905440330504, 2.0560062588789525, 2.054227261359875, 2.051039295013134, 2.0508957034502275, 2.049767056795267, 2.0478257579681203, 2.0483159979184467, 2.0462834703616606, 2.04288877309897, 2.0418250878651936, 2.041471083347614, 2.0410435331173433], "test_loss": [2.298871096801758, 2.298024349975586, 2.297088375854492, 2.2960242431640623, 2.294765377807617, 2.293207751464844, 2.291247943115234, 2.288711312866211, 2.2854855377197265, 2.2812800079345705, 2.275873483276367, 2.269217041015625, 2.2614465057373048, 2.2530645599365235, 2.2443524322509765, 2.2355526062011717, 2.226359948730469, 2.2169109619140626, 2.2072182586669924, 2.1972479949951174, 2.186349557495117, 2.1746213775634766, 2.163160906982422, 2.1497307830810546, 2.1381876708984375, 2.125416198730469, 2.111888977050781, 2.10116650390625, 2.0915119018554686, 2.0801771148681643, 2.0714461441040037, 2.062899140930176, 2.055186328125, 2.048815103149414, 2.0408413833618164, 2.035297303771973, 2.0286457977294923, 2.0226674224853514, 2.0164369903564454, 2.0104424865722654, 2.0051833724975587, 1.9983689498901367, 1.992745736694336, 1.9858918197631836, 1.9796917251586914, 1.9741800888061523, 1.968311003112793, 1.9629773834228517, 1.9581771224975586, 1.9532774337768555, 1.945376905822754, 1.9405876541137694, 1.9343336975097656, 1.9284165069580077, 1.9235961791992187, 1.9157118545532226, 1.9090430908203124, 1.9048493881225586, 1.8976892013549804, 1.8903068099975586, 1.8873500228881837, 1.8813749481201172, 1.8754931900024414, 1.869379164123535, 1.863487939453125, 1.856287757873535, 1.8518752899169921, 1.8450437759399414, 1.8403269439697265, 1.836095002746582, 1.8292966156005859, 1.822823797607422, 1.8197943954467772, 1.8141283599853515, 1.8107411727905274, 1.8067754425048828, 1.8025114395141602, 1.7979226196289062, 1.7921079559326172, 1.7887511932373046, 1.7846126968383789, 1.7802036590576171, 1.776846469116211, 1.7763118041992187, 1.7699419860839845, 1.7679880279541016, 1.760602099609375, 1.76002020111084, 1.7571409057617187, 1.7540256561279297, 1.7516459030151368, 1.7457060577392578, 1.7455879333496094, 1.7422247329711915, 1.7393174026489258, 1.7349580841064454, 1.7355992111206056, 1.727519122314453, 1.7260131317138672, 1.727990330505371], "test_acc": [10.73, 11.24, 11.46, 11.97, 12.55, 13.27, 14.53, 15.2, 16.25, 16.9, 16.76, 16.85, 17.52, 18.45, 18.97, 19.89, 20.63, 21.49, 22.37, 22.91, 23.62, 24.18, 24.56, 24.88, 25.49, 25.77, 25.72, 26.36, 27.02, 26.92, 27.1, 27.45, 27.72, 27.81, 28.0, 28.58, 28.98, 28.83, 29.44, 29.58, 29.83, 30.18, 30.87, 30.89, 31.25, 31.01, 31.49, 31.53, 32.23, 32.75, 32.93, 33.28, 33.85, 33.55, 34.33, 34.39, 35.05, 35.21, 35.39, 35.45, 35.66, 35.79, 36.19, 36.07, 36.64, 36.59, 36.94, 37.25, 37.36, 37.66, 37.59, 38.01, 38.31, 37.95, 38.21, 38.36, 38.73, 38.74, 38.82, 39.08, 39.32, 39.27, 39.44, 39.75, 39.76, 39.62, 40.01, 40.1, 40.22, 40.35, 40.59, 40.57, 40.86, 41.1, 40.93, 41.21, 40.8, 41.65, 41.05, 41.25]}