{"train_loss": [2.303387537980691, 2.3030365919455504, 2.302708259606973, 2.3022965651292067, 2.301953241152641, 2.3016158097829575, 2.301213897191561, 2.300790272003565, 2.300169697785989, 2.2996586243311565, 2.29890712530185, 2.298018896885407, 2.29719033180139, 2.2961452251825576, 2.2950570461077566, 2.2937615467951846, 2.2923025504136696, 2.290812420233702, 2.2894116108234113, 2.287753561215523, 2.286159293468182, 2.2842881924066787, 2.282461779545515, 2.2806823528729954, 2.27909481769953, 2.276902942168407, 2.2752299461609278, 2.273417822519938, 2.271270509866568, 2.269367472330729, 2.266783280250354, 2.265295838087033, 2.2629089972911736, 2.2614211748807858, 2.2590979148180055, 2.257554707160363, 2.2555571146500415, 2.253902275134356, 2.2523873714300304, 2.2506399625386946, 2.2489329490906154, 2.2478113156098587, 2.246977758407593, 2.245368904945178, 2.244538692938976, 2.2428272479619737, 2.242168187483763, 2.2414892587906277, 2.2402688570511646, 2.2395686767040153, 2.2382808471337343, 2.237618552110134, 2.2365610611744415, 2.2355219694284294, 2.234819401227511, 2.2337923251665557, 2.2328125171172313, 2.232184086701809, 2.2310297635885386, 2.230211638792967, 2.2292247607157782, 2.2282655410277536, 2.22751853404901, 2.2268209964801104, 2.226262327952263, 2.2248822096066596, 2.223815183761792, 2.223363575568566, 2.222141476166554, 2.22085075256152, 2.2204700366044654, 2.219784877850459, 2.2191263938561465, 2.2178704377932426, 2.216626743781261, 2.2159821076270863, 2.2150785605112713, 2.2142665257820715, 2.2132252760422535, 2.2126263777414956, 2.211253713950133, 2.2107326801006613, 2.209693409846379, 2.208183225607261, 2.207397301380451, 2.206592441827823, 2.205743686358134, 2.205081313695663, 2.2042702057422736, 2.203193991000836, 2.2016090093514857, 2.2009198586146037, 2.199710728571965, 2.1991982062657676, 2.198535335980929, 2.1974062650631634, 2.1967690577873817, 2.1959481618343255, 2.1946167793029394, 2.193574064817184], "test_loss": [2.2990627014160157, 2.2984435363769533, 2.2977981689453126, 2.2971208068847657, 2.296391455078125, 2.295594482421875, 2.2946859008789064, 2.2936426788330078, 2.292399478149414, 2.2909872131347657, 2.2893326080322267, 2.2873711212158203, 2.285075793457031, 2.2823613159179685, 2.2792126953125, 2.2756295288085937, 2.271612789916992, 2.267226675415039, 2.262633248901367, 2.2577956329345703, 2.2527830291748048, 2.24767158203125, 2.2425265258789064, 2.237215200805664, 2.231968307495117, 2.226089370727539, 2.220566488647461, 2.214937548828125, 2.2092287658691405, 2.2030607025146485, 2.1961060821533205, 2.1897535705566407, 2.1831130401611327, 2.1769823974609377, 2.170541912841797, 2.1638479400634765, 2.157563131713867, 2.150848760986328, 2.1454503021240234, 2.1388956970214843, 2.132991360473633, 2.129297137451172, 2.123964971923828, 2.1194622314453126, 2.1156436645507815, 2.1104950134277343, 2.106093096923828, 2.1039426147460936, 2.10037844543457, 2.096981854248047, 2.0941693664550782, 2.090988323974609, 2.087264010620117, 2.083913217163086, 2.0811805725097656, 2.077836572265625, 2.0743590637207032, 2.072434860229492, 2.0692269958496095, 2.065316390991211, 2.0629661437988283, 2.0605236221313477, 2.056873213195801, 2.0546404388427733, 2.0521162322998046, 2.0485127685546876, 2.045707305908203, 2.042349833679199, 2.0386354232788086, 2.035973257446289, 2.0334966430664063, 2.030843312072754, 2.0277044784545897, 2.0251002044677735, 2.0206642822265626, 2.0189601715087893, 2.01647527923584, 2.012209036254883, 2.0087368041992186, 2.0077414611816407, 2.0031146514892577, 2.0003713394165037, 1.996827052307129, 1.9938174942016602, 1.990141342163086, 1.9870152236938476, 1.9845037780761718, 1.9803873260498046, 1.9777613174438478, 1.9737566574096679, 1.970736277770996, 1.9680961730957032, 1.965127767944336, 1.96071396484375, 1.9590507354736328, 1.9555712768554687, 1.9524062835693359, 1.9479388626098633, 1.9456163040161132, 1.9435337036132811], "test_acc": [10.58, 10.84, 11.23, 11.32, 11.52, 11.92, 12.49, 13.04, 14.39, 15.17, 16.06, 16.98, 18.0, 18.54, 18.81, 18.82, 18.85, 19.08, 19.28, 19.54, 19.86, 20.24, 20.95, 21.23, 21.67, 21.97, 22.52, 22.87, 23.47, 23.77, 23.93, 24.43, 24.57, 25.02, 25.23, 25.48, 25.53, 25.63, 26.16, 26.19, 26.15, 26.48, 26.92, 27.05, 27.16, 27.29, 27.39, 27.88, 27.75, 28.34, 28.46, 28.72, 28.69, 29.01, 29.47, 29.46, 29.82, 30.02, 30.1, 30.17, 30.4, 29.96, 30.75, 31.1, 31.0, 31.05, 30.96, 31.52, 31.64, 31.73, 31.92, 32.3, 32.71, 32.6, 33.02, 33.19, 33.33, 33.47, 33.91, 33.96, 34.47, 34.17, 34.3, 34.96, 34.46, 34.93, 34.99, 35.33, 35.15, 35.37, 35.75, 35.81, 36.06, 36.16, 36.32, 36.47, 36.39, 36.57, 36.75, 36.95]}