{"train_loss": [2.303231528477791, 2.302694917947818, 2.302277980095301, 2.301723471054664, 2.3012147781176444, 2.300522546890454, 2.299755241320683, 2.2987775130149646, 2.297677326813722, 2.29625792442224, 2.2945720134637293, 2.2925367367573273, 2.290255497052119, 2.2874879928735585, 2.2848042426965174, 2.2819106028630185, 2.2788631958839223, 2.275517710049947, 2.272510793270209, 2.269317085926349, 2.2660047855132666, 2.261908554419493, 2.2584835993937955, 2.25456937398666, 2.2511632161262707, 2.24702083330888, 2.2431107826721974, 2.2394873478473762, 2.235294598799485, 2.231701901020148, 2.228277207032228, 2.2255868392112927, 2.2220466589316343, 2.219440649717282, 2.216938812304766, 2.215156070391337, 2.2128155958958162, 2.2110888615632667, 2.208700562134767, 2.2062925662749855, 2.203875917043441, 2.202402451710823, 2.200781177863097, 2.1974343929535305, 2.196654497048794, 2.194593302408854, 2.19277314161643, 2.1914473344118166, 2.18927993835547, 2.1873645978096206, 2.18538658618927, 2.183279554049174, 2.1813897475218162, 2.1797066437892423, 2.1780191806646494, 2.176930629290067, 2.1742161561281255, 2.173389271589426, 2.1702899877841655, 2.1693180781144363, 2.167496375548534, 2.165293008241898, 2.1647215268550775, 2.1610132626998118, 2.1604553454961533, 2.1580378831961218, 2.15684307599679, 2.1551443760211653, 2.153603367316417, 2.1521361919549795, 2.1491420030593873, 2.147974972235851, 2.14647133900569, 2.1448364966954943, 2.1421867236112937, 2.141325762333014, 2.139895475216401, 2.138291522784111, 2.1357438081350084, 2.1334148755440343, 2.1328729806802214, 2.1318143337200848, 2.131062492957482, 2.1292248466075994, 2.126510218473581, 2.1259695401558507, 2.124727662404378, 2.122409472404382, 2.122754494043497, 2.1212390697919403, 2.1185979427435457, 2.118119103480608, 2.1172229170799257, 2.116020512275207, 2.115914267148727, 2.114142307257041, 2.111972895035377, 2.1110134644386096, 2.1106198937464984, 2.11010262966156], "test_loss": [2.298943960571289, 2.2981874603271484, 2.2973690948486327, 2.296462973022461, 2.29543447265625, 2.2942095123291018, 2.2927376251220704, 2.2909058837890623, 2.288667074584961, 2.2858630645751954, 2.282358758544922, 2.27805615234375, 2.2728756256103515, 2.266872183227539, 2.260247378540039, 2.2533272186279296, 2.2461663940429686, 2.2388554595947268, 2.231573400878906, 2.2242274047851565, 2.2164406646728514, 2.2080228302001954, 2.1997990173339845, 2.190236456298828, 2.181962698364258, 2.1718969482421877, 2.1614246154785155, 2.1520151184082033, 2.143167077636719, 2.1321597747802734, 2.122685256958008, 2.113428436279297, 2.105173156738281, 2.098183529663086, 2.089668682861328, 2.0839260696411133, 2.0777128189086915, 2.072141310119629, 2.066948452758789, 2.0614313903808594, 2.0566936965942384, 2.05110714263916, 2.0459291717529298, 2.040292677307129, 2.035572624206543, 2.029944888305664, 2.026186799621582, 2.021585366821289, 2.0176167724609373, 2.014489498901367, 2.007865229797363, 2.0042316055297853, 1.9988893310546876, 1.9939701232910156, 1.990179330444336, 1.9845077880859374, 1.979387091064453, 1.9756923583984376, 1.9704697555541992, 1.9650701034545899, 1.961942903137207, 1.9571790145874024, 1.9526657348632812, 1.9479592880249024, 1.9430339111328125, 1.93725652923584, 1.933948649597168, 1.9282746948242186, 1.9237652694702148, 1.920014436340332, 1.9139520919799804, 1.9088742279052735, 1.9048477416992187, 1.899881053161621, 1.8965768997192383, 1.8930804718017578, 1.8875386474609375, 1.8827439239501953, 1.8772306457519532, 1.8736848022460937, 1.8694559555053711, 1.8640499176025391, 1.8606651977539062, 1.8593183090209962, 1.8532452697753907, 1.8502977645874024, 1.8438261337280273, 1.8427837890625, 1.8395527862548828, 1.8359824447631836, 1.8335597366333007, 1.828129248046875, 1.8268317749023437, 1.823463609313965, 1.8208283584594727, 1.8162868408203126, 1.8158616134643555, 1.809410385131836, 1.8073205841064452, 1.8090752822875977], "test_acc": [10.71, 11.08, 11.41, 11.69, 12.24, 12.78, 13.84, 14.67, 15.48, 16.31, 16.92, 17.12, 17.33, 17.84, 18.23, 18.92, 19.51, 20.14, 21.06, 21.54, 22.37, 22.56, 23.16, 23.62, 24.46, 24.68, 24.81, 25.27, 25.76, 25.77, 26.02, 26.34, 26.56, 26.79, 26.92, 27.56, 27.64, 27.68, 28.11, 28.24, 28.54, 28.84, 29.26, 29.22, 29.52, 29.55, 29.83, 30.09, 30.52, 30.95, 31.17, 31.28, 31.95, 31.55, 32.3, 32.13, 32.79, 33.04, 32.95, 33.33, 33.43, 33.71, 34.32, 34.29, 34.92, 34.96, 35.12, 35.05, 35.38, 35.53, 35.95, 36.05, 36.61, 36.54, 36.47, 36.6, 36.78, 36.95, 37.15, 37.28, 37.37, 37.58, 37.68, 37.87, 38.05, 37.83, 38.17, 38.14, 38.66, 38.5, 38.98, 38.82, 39.08, 39.36, 39.31, 39.31, 39.24, 39.7, 39.52, 39.42]}