{"train_loss": [2.303584112876501, 2.303473880963448, 2.303367184369992, 2.3032791761251596, 2.3032005689083, 2.3031247077844084, 2.3030721578842552, 2.3030117939680053, 2.302963675596775, 2.30291763819181, 2.3028886519945586, 2.3028451760609943, 2.302829148219182, 2.302801320491693, 2.3027824420195357, 2.3027625945898205, 2.3027453446999573, 2.30273451316051, 2.3027135824545835, 2.3027054303731673, 2.3027020283234427, 2.302674630972055, 2.302669603396685, 2.3026674276743178, 2.3026572429216827, 2.3026651963209495, 2.3026399123363004, 2.3026553734754907, 2.3026384274164835, 2.302632180849711, 2.3026312436812963, 2.302628225546617, 2.30262384109008, 2.3026135389621443, 2.302621906842941, 2.3026238343654533, 2.3026215100899723, 2.302608365890307, 2.302617568847461, 2.3026126610927093, 2.302616351078718, 2.302592983001318, 2.302600146562625, 2.30260485074459, 2.3025984739645935, 2.302591442450499, 2.302589856661283, 2.3025904093033227, 2.3025830305539645, 2.3025929683294053, 2.3025886156620126, 2.3025911973072932, 2.3025820090220526, 2.3025830684564053, 2.302572689912258, 2.3025776410714176, 2.3025754812436228, 2.3025833160449296, 2.302577706483694, 2.302576437363258, 2.3025784027882112, 2.302582721221141, 2.3025700929837347, 2.3025755387086133, 2.3025746369973206, 2.3025711982678145, 2.302563717426398, 2.302558203843924, 2.3025722136864295, 2.3025621126859614, 2.3025600445576204, 2.302562512495579, 2.3025577685771843, 2.302561667026618, 2.3025519578884808, 2.302553384120648, 2.302554347576239, 2.302550034645276, 2.302540762607868, 2.302552167574565, 2.3025436933224017, 2.3025475532580644, 2.3025505010898297, 2.302548285019703, 2.3025396940035696, 2.302541568951729, 2.3025353761819694, 2.3025528920002474, 2.302546513386262, 2.302540360352932, 2.3025355131198197, 2.302528798274505, 2.3025292365978927, 2.3025223799240897, 2.3025402411436424, 2.30252969509516, 2.3025370555046276, 2.3025357393118053, 2.3025265663098065, 2.3025255117660914], "test_loss": [2.2994705291748048, 2.2992931579589846, 2.2991307525634768, 2.2989800842285155, 2.2988413604736326, 2.2987129425048827, 2.2985941650390624, 2.298482629394531, 2.2983795532226563, 2.298282571411133, 2.2981910919189454, 2.298104803466797, 2.2980231903076174, 2.2979463104248046, 2.2978731872558593, 2.2978039123535154, 2.29773698425293, 2.2976736114501954, 2.2976116302490235, 2.2975525970458985, 2.297495651245117, 2.2974399047851564, 2.2973860473632812, 2.2973328857421875, 2.2972810821533205, 2.297230825805664, 2.297182876586914, 2.297135403442383, 2.2970885864257813, 2.2970440338134765, 2.2969979736328123, 2.296954797363281, 2.2969127990722655, 2.2968704193115235, 2.296829345703125, 2.296788763427734, 2.2967494903564454, 2.296709954833984, 2.296671417236328, 2.296631005859375, 2.2965921997070313, 2.2965542388916016, 2.2965154754638673, 2.296477618408203, 2.2964402130126955, 2.296401983642578, 2.296364260864258, 2.2963266662597657, 2.296290856933594, 2.2962544158935545, 2.2962177490234374, 2.2961829986572266, 2.2961462341308594, 2.296109338378906, 2.2960728088378906, 2.29603678894043, 2.296000213623047, 2.295965347290039, 2.2959312316894533, 2.2958958099365234, 2.2958611694335938, 2.2958258819580077, 2.2957912322998046, 2.2957558807373046, 2.2957212036132812, 2.2956851013183592, 2.295649328613281, 2.2956133270263672, 2.2955789459228515, 2.295542840576172, 2.2955070404052735, 2.295471823120117, 2.2954377014160157, 2.295403305053711, 2.2953684326171877, 2.295333810424805, 2.2952975463867187, 2.295261199951172, 2.295226010131836, 2.295190399169922, 2.295155160522461, 2.295119970703125, 2.2950849182128907, 2.2950506103515624, 2.295014190673828, 2.2949795379638673, 2.29494443359375, 2.294910171508789, 2.294875259399414, 2.2948407470703125, 2.294805694580078, 2.2947694915771484, 2.294734637451172, 2.294700720214844, 2.2946661071777346, 2.294629946899414, 2.2945947357177734, 2.294560104370117, 2.2945261444091796, 2.2944901947021483], "test_acc": [10.46, 10.55, 10.56, 10.67, 10.72, 10.76, 10.7, 10.62, 10.6, 10.64, 10.7, 10.8, 10.85, 10.95, 11.01, 10.98, 11.05, 11.08, 11.22, 11.25, 11.3, 11.33, 11.38, 11.35, 11.58, 11.8, 11.96, 12.08, 12.22, 12.41, 12.5, 12.65, 12.72, 12.83, 13.02, 13.11, 13.2, 13.34, 13.5, 13.58, 13.64, 13.78, 13.83, 14.02, 14.09, 14.15, 14.18, 14.23, 14.33, 14.43, 14.44, 14.55, 14.62, 14.69, 14.71, 14.76, 14.88, 14.9, 14.93, 14.99, 15.0, 15.02, 15.04, 15.04, 15.12, 15.21, 15.28, 15.33, 15.45, 15.52, 15.57, 15.68, 15.71, 15.74, 15.76, 15.8, 15.86, 15.95, 15.96, 16.01, 16.05, 16.03, 16.11, 16.19, 16.23, 16.31, 16.36, 16.39, 16.44, 16.45, 16.57, 16.65, 16.65, 16.73, 16.81, 16.78, 16.87, 16.92, 16.96, 17.03]}