{"train_loss": [2.3035762450633905, 2.303379634099129, 2.303231020462819, 2.3030803338075296, 2.302956572557107, 2.302831432146904, 2.302700122808799, 2.3025698576218043, 2.3024699217233904, 2.3023691256841023, 2.3022428964957213, 2.3021338762381136, 2.3020377703202075, 2.301926115231636, 2.30183125214699, 2.301723441710839, 2.3016154368718467, 2.3015106653555844, 2.3013980162449372, 2.3012819021176067, 2.3011714813036797, 2.301037148328928, 2.3008961646984787, 2.300790766569284, 2.3006447565861237, 2.300525732529469, 2.300399266756498, 2.300286557735541, 2.3001430633740547, 2.3000144658944546, 2.2998525381088255, 2.299697155218858, 2.2995855728785197, 2.299404322184049, 2.2992443274229, 2.2991043420938344, 2.2989604436434234, 2.2988121118301, 2.2986423755303407, 2.298483273310539, 2.2982608104363464, 2.2981347016799143, 2.297981487176357, 2.297768504802997, 2.2976358022445287, 2.297416020662357, 2.297319986881354, 2.2971401287959172, 2.296950380007426, 2.296818015514276, 2.296595877256149, 2.296440630692702, 2.296257310647231, 2.2960529614717533, 2.2958581606547037, 2.295748765651996, 2.2955692052841186, 2.2953489548120745, 2.295175057802445, 2.2949660032223433, 2.294860816001892, 2.294663550914862, 2.2945190753692235, 2.2942689058108208, 2.2941419173509647, 2.2939259914251475, 2.2937869542684313, 2.293585080978198, 2.293496205867865, 2.2931938415918593, 2.293082699408898, 2.2929699873312925, 2.292774143585792, 2.2926078227850106, 2.2924530970744597, 2.292280688041296, 2.2921052144123957, 2.292013378632374, 2.2918113048260027, 2.291652955764379, 2.2915142481143658, 2.291379160147447, 2.291242638001075, 2.291063084969154, 2.2909474085538815, 2.2907956178371722, 2.2906679942057684, 2.290532610966609, 2.290464005103478, 2.290289249786964, 2.290170805270855, 2.290021248964163, 2.2899181952843297, 2.289815009557284, 2.289746241080455, 2.2895697012925758, 2.2894996979297737, 2.2893501391777624, 2.2892724141096457, 2.289140269695184], "test_loss": [2.2992940795898438, 2.298933251953125, 2.2985822631835937, 2.2982374694824217, 2.297893685913086, 2.2975494293212892, 2.2972050079345703, 2.296853601074219, 2.2964919281005858, 2.2961234802246095, 2.295740054321289, 2.295337298583984, 2.294918405151367, 2.2944794982910155, 2.294020587158203, 2.293533837890625, 2.2930197174072267, 2.2924794006347655, 2.2919162506103516, 2.2913181701660155, 2.290695785522461, 2.290038494873047, 2.2893503356933596, 2.2886338775634765, 2.287886624145508, 2.2871102874755858, 2.2863036651611326, 2.2854728637695314, 2.2846105285644533, 2.283715609741211, 2.2827839141845705, 2.2818319946289063, 2.280856790161133, 2.27985576171875, 2.2788417755126953, 2.277792709350586, 2.276740185546875, 2.2756638732910157, 2.2745696075439454, 2.273450909423828, 2.272300259399414, 2.2711639892578126, 2.270008502197266, 2.2688080963134767, 2.2676253143310547, 2.2664033447265624, 2.2652029907226563, 2.26398825378418, 2.2627584503173828, 2.2615248107910157, 2.2602558349609376, 2.259032473754883, 2.2577688781738283, 2.2564982330322265, 2.2552152923583986, 2.2539433685302734, 2.2526567749023436, 2.2513526947021485, 2.2499991271972655, 2.248662255859375, 2.247356329345703, 2.2459970184326172, 2.244715100097656, 2.2433374725341797, 2.242015863037109, 2.2407105712890627, 2.239327261352539, 2.2379658477783204, 2.2366667541503906, 2.2353270568847656, 2.234014178466797, 2.232640103149414, 2.231310348510742, 2.2299861297607424, 2.2286459716796876, 2.2273528869628905, 2.2260544769287107, 2.224745202636719, 2.223404119873047, 2.222108251953125, 2.220823226928711, 2.219596533203125, 2.218280130004883, 2.2170303955078126, 2.2159649505615233, 2.2145724548339842, 2.213367938232422, 2.2120775390625, 2.2110560882568357, 2.2098455627441407, 2.2087280700683594, 2.207565673828125, 2.206438116455078, 2.2052631256103514, 2.2041735107421876, 2.2032430206298828, 2.2022019104003907, 2.2011858764648435, 2.1999744079589845, 2.1989780029296875], "test_acc": [10.52, 10.65, 10.85, 10.98, 11.07, 11.22, 11.25, 11.53, 11.72, 11.96, 11.99, 12.45, 12.95, 13.56, 14.02, 14.6, 15.16, 15.69, 16.26, 16.7, 17.23, 17.54, 17.79, 18.23, 18.53, 18.79, 19.05, 19.11, 19.18, 19.27, 19.44, 19.64, 19.78, 19.85, 20.03, 20.04, 20.19, 20.36, 20.46, 20.63, 20.82, 20.92, 21.23, 21.34, 21.46, 21.46, 21.64, 21.78, 22.01, 22.08, 22.22, 22.34, 22.43, 22.68, 22.92, 23.02, 23.27, 23.48, 23.71, 23.82, 23.96, 24.15, 24.29, 24.36, 24.51, 24.65, 24.76, 24.84, 25.0, 25.12, 25.28, 25.42, 25.56, 25.67, 25.75, 25.93, 26.09, 26.24, 26.35, 26.36, 26.35, 26.5, 26.55, 26.62, 26.69, 26.72, 26.84, 26.91, 26.97, 27.05, 27.16, 27.39, 27.4, 27.48, 27.62, 27.7, 27.73, 27.88, 28.06, 28.1]}