{"train_loss": [2.3034797381132077, 2.3030506146259797, 2.302697988656851, 2.302301408083011, 2.301920740421002, 2.3014814162865664, 2.3009691904752683, 2.30037127947196, 2.2997478674619627, 2.299034449381706, 2.2981319146278576, 2.297117690550975, 2.2960321414165006, 2.2947144373869284, 2.293336373109084, 2.291777630341359, 2.290123533591246, 2.2883544396131468, 2.286644123150752, 2.284793574993427, 2.2829850936547302, 2.280956528125665, 2.2789242004736874, 2.2770039240519204, 2.274887985449571, 2.2727123095439032, 2.270587314092196, 2.2684677386895205, 2.266093652676313, 2.263815234868954, 2.2614139685264, 2.2592830700752065, 2.2568441189252413, 2.254815115684118, 2.252677370951726, 2.2507683931252895, 2.2489271151713837, 2.2474581082661946, 2.245498654781244, 2.243691384486663, 2.2419304016308907, 2.241024591983893, 2.239760132936331, 2.2378202951871433, 2.2370146188980495, 2.2355351955462726, 2.234778533837734, 2.233783000554794, 2.232802355595124, 2.231460272960174, 2.230138107446524, 2.2291510722576042, 2.2283775427402595, 2.226974787467565, 2.2258363411976743, 2.2249776076047847, 2.2239176756296404, 2.222830341412471, 2.221608617978218, 2.220377704424736, 2.219672809503017, 2.218496458347027, 2.2179867004736877, 2.2164024805411313, 2.2158600208086847, 2.2144997474474786, 2.213175324904613, 2.212448747952779, 2.2117807504458304, 2.2099851204798773, 2.209171277437455, 2.2086991921449317, 2.2075261226067178, 2.2062424592482737, 2.2047736858710265, 2.2042761252476617, 2.202801594367394, 2.2021964012048185, 2.200968538797819, 2.199929572374393, 2.198894547193478, 2.1977024072255844, 2.196840690343808, 2.1952987475272936, 2.1944215199886226, 2.193426382235992, 2.1926915058722862, 2.1914182944175526, 2.1911515315373737, 2.1897668716235037, 2.188103648332449, 2.1872703258807844, 2.186431410985115, 2.1857768749579405, 2.185056416804974, 2.1835252077151566, 2.1830134287858622, 2.1819820544658564, 2.1810592950918735, 2.180018991079086], "test_loss": [2.2990242767333986, 2.298364584350586, 2.2976741333007813, 2.296933514404297, 2.2961270568847656, 2.2952198547363283, 2.2941823822021483, 2.292968490600586, 2.2915344146728516, 2.2898463409423826, 2.2878404022216796, 2.285450653076172, 2.2826356964111327, 2.279327899169922, 2.2755270568847656, 2.2712723449707033, 2.2666236328125, 2.261646990966797, 2.2565412994384766, 2.2512982330322266, 2.2459679748535155, 2.2404850036621093, 2.2349204193115235, 2.2291427703857423, 2.223439273071289, 2.2171082550048826, 2.210870397949219, 2.2046824798583984, 2.198292251586914, 2.191171875, 2.184030419921875, 2.1772173828125, 2.17009137878418, 2.163548324584961, 2.1562232147216798, 2.1493326477050783, 2.142679150390625, 2.136474838256836, 2.130533999633789, 2.1247400634765623, 2.118810595703125, 2.114354766845703, 2.1095085845947263, 2.1045568969726562, 2.100261666870117, 2.095693817138672, 2.0917926330566408, 2.0882201354980467, 2.085070568847656, 2.081347952270508, 2.0774162658691404, 2.074500193786621, 2.070892314147949, 2.0670622802734373, 2.0641011779785154, 2.060605908203125, 2.057419688415527, 2.054264015197754, 2.050394233703613, 2.046819917297363, 2.043921366882324, 2.0405352279663087, 2.0377224182128906, 2.034365609741211, 2.031383885192871, 2.027907743835449, 2.0250087585449217, 2.0210600631713866, 2.0172825805664063, 2.0140838150024414, 2.011086880493164, 2.0084633819580078, 2.0040856567382814, 2.0010030303955078, 1.9978301925659179, 1.9949843338012696, 1.9908865798950195, 1.9877298736572266, 1.9837752563476563, 1.981320718383789, 1.9774149520874023, 1.973328353881836, 1.9703937423706055, 1.9672440109252929, 1.9638479202270507, 1.9593247863769532, 1.9568538467407226, 1.953369644165039, 1.9503423034667968, 1.9465725982666016, 1.943286767578125, 1.9396217483520508, 1.9369216339111328, 1.9336889755249023, 1.93033009185791, 1.9273933258056641, 1.9236178573608398, 1.9201298080444336, 1.9173988021850585, 1.9150636444091798], "test_acc": [10.57, 10.96, 11.19, 11.45, 11.88, 12.47, 13.02, 14.24, 14.97, 15.72, 16.62, 17.23, 17.58, 17.68, 17.95, 18.15, 18.38, 18.76, 19.13, 19.88, 20.31, 20.8, 21.36, 21.77, 22.29, 22.66, 23.04, 23.62, 23.97, 24.32, 24.69, 25.05, 25.35, 25.68, 25.7, 25.95, 26.2, 26.44, 26.76, 26.9, 27.04, 27.35, 27.68, 27.65, 27.8, 28.01, 28.06, 28.41, 28.58, 29.05, 29.32, 29.48, 29.83, 29.72, 30.14, 30.3, 30.6, 30.72, 30.89, 30.99, 31.32, 31.37, 31.66, 31.72, 31.81, 32.03, 32.11, 32.49, 32.7, 32.97, 33.39, 33.51, 33.83, 33.84, 34.09, 34.25, 34.51, 34.66, 34.91, 35.01, 35.06, 35.13, 35.29, 35.54, 35.69, 35.61, 35.81, 35.81, 35.92, 36.34, 36.45, 36.5, 36.58, 36.84, 36.99, 37.15, 37.22, 37.34, 37.44, 37.37]}