{"train_loss": [2.303452543111948, 2.302958434667343, 2.302542168054825, 2.3020656310595, 2.301591638418344, 2.301028275489807, 2.300357287358015, 2.299550404915443, 2.298667408258487, 2.29762771435273, 2.2963071651947806, 2.294771886483217, 2.293088766856071, 2.2910502727215105, 2.2889045770351704, 2.286568463765658, 2.284138566408402, 2.281571037341387, 2.2791392888778295, 2.2764832796194616, 2.2738658868349515, 2.2709029234372653, 2.2679583598405886, 2.2650854147397554, 2.2619566666774262, 2.25871252707946, 2.2555789776337454, 2.252457500115419, 2.249091045061747, 2.245942030197535, 2.2426900001672596, 2.2400273035734126, 2.2368990311255823, 2.2346593551146676, 2.2321822631053436, 2.2301279832155276, 2.228113884803576, 2.2266327301661173, 2.224356785798684, 2.2222679676153723, 2.220196447005639, 2.219133202234904, 2.217588172203455, 2.215119763521048, 2.2141230570964323, 2.21219190511948, 2.2112349993143328, 2.2099096237084805, 2.2086244167425693, 2.206830384181096, 2.2050651715351983, 2.203680599041474, 2.2025791846788847, 2.200714511749072, 2.1991703589757283, 2.1979497995132053, 2.196446515352298, 2.194909409376291, 2.193176879026951, 2.191506079527048, 2.1904576723392193, 2.1888704617818195, 2.188060756830069, 2.185856539163834, 2.185102347227243, 2.1831922977398603, 2.181329221603198, 2.1803429028926753, 2.1794185076004418, 2.1769089344220283, 2.175769068644597, 2.1750438910264234, 2.173517392231868, 2.171776192004864, 2.169714320622958, 2.169113944738339, 2.166969386736552, 2.1662100296754105, 2.1645011418905016, 2.163075502713521, 2.161717988894536, 2.160152086844811, 2.1590607202970062, 2.1571832455121553, 2.15608310516064, 2.1549272194886817, 2.1541098704704873, 2.152558722251501, 2.15234942925282, 2.150609337977874, 2.148570933097448, 2.147863580019046, 2.1469207286834715, 2.1461925396552455, 2.1454786685796883, 2.1438035567601523, 2.1431212461911713, 2.1420098109123034, 2.1409820299882156, 2.1397480139365563], "test_loss": [2.2989687927246094, 2.298244839477539, 2.297475067138672, 2.2966359375, 2.295698516845703, 2.294610760498047, 2.293332308959961, 2.291784909057617, 2.2899173278808593, 2.287640676879883, 2.2848709259033204, 2.281491323852539, 2.277451477050781, 2.2726946350097657, 2.267267849731445, 2.261396081542969, 2.255235836791992, 2.2488704986572268, 2.242492694091797, 2.2359362030029297, 2.22920676574707, 2.2221585968017576, 2.214965869140625, 2.2073271484375, 2.19979248046875, 2.191351672363281, 2.183038833618164, 2.1748784973144533, 2.1665318115234373, 2.157112930297852, 2.14807763671875, 2.139594940185547, 2.131132489013672, 2.1239481567382814, 2.1158768188476564, 2.108929849243164, 2.102513400268555, 2.0967264312744143, 2.0910783966064455, 2.0856425201416013, 2.0802004623413084, 2.0759610061645506, 2.0710743515014647, 2.065927262878418, 2.061463740539551, 2.056572300720215, 2.052479837036133, 2.048466792297363, 2.0451126403808595, 2.0406782470703124, 2.036232568359375, 2.0328768142700193, 2.0285878143310545, 2.0242678787231445, 2.020624174499512, 2.016326432800293, 2.0125561950683593, 2.008631555175781, 2.0038538146972655, 1.9996571472167968, 1.996116830444336, 1.9917440383911134, 1.9884000946044922, 1.9839425659179688, 1.980285841369629, 1.9760509780883788, 1.9724039627075196, 1.967400030517578, 1.9628238708496093, 1.9586794799804688, 1.9550613388061524, 1.9517746520996093, 1.9461367141723633, 1.9424543334960938, 1.9385944320678712, 1.9351499908447265, 1.9299827896118165, 1.9263796279907226, 1.9213567016601563, 1.9185907485961915, 1.913574984741211, 1.9087595703125, 1.9055053771972656, 1.9024177658081054, 1.8981431243896485, 1.893089956665039, 1.8908176666259766, 1.887023727416992, 1.883636915588379, 1.8801686111450195, 1.8762982803344725, 1.8728398864746094, 1.8706183151245117, 1.8671699905395507, 1.8637892349243164, 1.861035026550293, 1.8575768173217773, 1.8533630508422851, 1.850964649963379, 1.849306298828125], "test_acc": [10.58, 11.03, 11.3, 11.58, 12.09, 12.61, 13.74, 14.83, 15.59, 16.44, 17.17, 17.45, 17.36, 17.84, 18.0, 18.3, 18.75, 19.38, 20.12, 20.84, 21.25, 21.81, 22.25, 22.89, 23.52, 23.78, 24.17, 24.8, 25.34, 25.39, 25.47, 25.78, 26.07, 26.56, 26.57, 26.95, 27.14, 27.36, 27.59, 27.86, 28.02, 28.38, 28.61, 28.65, 28.9, 29.21, 29.4, 29.73, 29.83, 30.28, 30.42, 30.61, 30.87, 30.92, 31.41, 31.56, 31.9, 32.17, 32.15, 32.41, 32.85, 32.76, 33.4, 33.47, 33.82, 33.91, 33.92, 34.31, 34.48, 34.56, 35.0, 35.12, 35.32, 35.48, 35.42, 35.78, 35.84, 35.92, 36.33, 36.45, 36.42, 36.61, 36.73, 36.98, 37.07, 36.89, 37.14, 37.35, 37.44, 37.74, 37.89, 37.86, 38.01, 38.14, 38.23, 38.36, 38.28, 38.41, 38.7, 38.63]}