{"train_loss": [2.303592330370194, 2.303435981579316, 2.303311855976398, 2.303197229825533, 2.3031014894827817, 2.303015252871391, 2.3029292864677235, 2.30283871675149, 2.3027846281345075, 2.3027129588983, 2.3026433186653334, 2.3025999491031355, 2.302545722936973, 2.3024896095960568, 2.3024396071067224, 2.3024184129176994, 2.302360268128224, 2.302322130936843, 2.3022835560334034, 2.302251205077538, 2.3022160695149347, 2.3021744514122986, 2.3021263599395754, 2.3020992853702644, 2.302056258152693, 2.3020315078588633, 2.3019927134880653, 2.301980503400167, 2.3019437588178193, 2.3019194217828605, 2.30187162008041, 2.301833484111688, 2.301820222536723, 2.301765249325679, 2.3017232448626785, 2.301702860685495, 2.3016578778242454, 2.3016310343375572, 2.3015975603690513, 2.3015609918496547, 2.301503336123931, 2.3014718440862802, 2.3014466511897553, 2.301397650058453, 2.301359534263611, 2.301305526953477, 2.3012990358548286, 2.3012614708680372, 2.3012225884657638, 2.301194527821663, 2.30113399151044, 2.301109199646192, 2.3010523631022526, 2.301000747313866, 2.3009732900521693, 2.3009543223258775, 2.300904879814539, 2.300858660844656, 2.3008175232471566, 2.3007729744299863, 2.3007708347760714, 2.300709577707144, 2.3006673886225775, 2.300607046714196, 2.3005855040672496, 2.300537840525309, 2.3005134985997127, 2.3004310338925094, 2.30043606146788, 2.300338293955876, 2.3003345984679, 2.300301200304276, 2.300224145864829, 2.3001910955477984, 2.300182667756692, 2.300129974194062, 2.3000721350694313, 2.300039636171781, 2.3000045305643324, 2.2999625432185637, 2.299911088209886, 2.2998850260025416, 2.2998468930904683, 2.2998011173346105, 2.299746657640506, 2.2997042931043183, 2.299665126433739, 2.2996255782934334, 2.2995916831187713, 2.299545366336138, 2.29949736167223, 2.2994630617973133, 2.299408688912025, 2.2993698749786766, 2.2993461058689997, 2.2992895456460807, 2.2992600734417254, 2.2991927275290855, 2.2991720132338695, 2.299131693595495], "test_loss": [2.299374365234375, 2.2990976318359375, 2.298833645629883, 2.2985803741455078, 2.29833674621582, 2.2981000427246094, 2.297868768310547, 2.297641537475586, 2.2974169677734375, 2.297195428466797, 2.2969739685058594, 2.296752093505859, 2.2965274932861326, 2.2963018280029295, 2.296076712036133, 2.29584765625, 2.295614501953125, 2.295380450439453, 2.2951415496826173, 2.2948998138427736, 2.294650311279297, 2.294396466064453, 2.2941352325439452, 2.2938691925048826, 2.2935944244384765, 2.293313717651367, 2.29302958984375, 2.292739874267578, 2.2924423797607423, 2.2921406799316406, 2.2918292236328126, 2.2915144592285155, 2.291194293212891, 2.2908646545410156, 2.2905333923339843, 2.290193258666992, 2.2898500366210937, 2.2895013580322265, 2.289147329711914, 2.2887853424072264, 2.288416815185547, 2.2880427734375, 2.2876633819580077, 2.28727712097168, 2.2868872772216795, 2.286492547607422, 2.286098651123047, 2.2856978088378908, 2.28529440612793, 2.2848833618164064, 2.2844640716552735, 2.2840466613769532, 2.283618353271484, 2.2831816192626952, 2.2827448913574218, 2.2823108520507813, 2.2818697631835936, 2.281421029663086, 2.2809634063720705, 2.280506689453125, 2.280049789428711, 2.2795842712402345, 2.279122711181641, 2.278648733520508, 2.278179415893555, 2.2777089111328124, 2.2772353088378905, 2.2767440826416014, 2.276272738647461, 2.2757817321777343, 2.2752973876953124, 2.274811422729492, 2.274310220336914, 2.273815350341797, 2.2733225830078125, 2.2728252899169923, 2.272320065307617, 2.271814486694336, 2.271309295654297, 2.270807336425781, 2.270301431274414, 2.269792306518555, 2.2692832946777344, 2.2687782165527346, 2.2682739166259767, 2.2677608947753907, 2.267235711669922, 2.266721545410156, 2.266213928222656, 2.265701791381836, 2.2651984924316406, 2.2646754943847656, 2.2641549194335937, 2.2636449249267576, 2.263122937011719, 2.262611120605469, 2.262093569946289, 2.261575927734375, 2.261048620605469, 2.2605307098388674], "test_acc": [10.53, 10.64, 10.64, 10.87, 10.95, 11.02, 11.06, 11.19, 11.28, 11.48, 11.53, 11.63, 11.86, 12.03, 12.29, 12.57, 12.93, 13.27, 13.8, 13.98, 14.28, 14.64, 15.02, 15.34, 15.79, 16.16, 16.56, 16.87, 17.22, 17.4, 17.53, 17.85, 18.08, 18.08, 18.21, 18.44, 18.55, 18.76, 18.8, 18.94, 19.1, 19.05, 19.17, 19.25, 19.35, 19.36, 19.4, 19.46, 19.54, 19.57, 19.71, 19.78, 20.02, 20.16, 20.27, 20.48, 20.58, 20.68, 20.71, 20.82, 21.0, 21.05, 21.13, 21.1, 21.12, 21.2, 21.16, 21.26, 21.35, 21.4, 21.49, 21.53, 21.67, 21.78, 21.82, 21.91, 22.0, 22.11, 22.24, 22.35, 22.42, 22.44, 22.55, 22.68, 22.78, 22.86, 22.88, 23.05, 23.16, 23.28, 23.41, 23.51, 23.61, 23.63, 23.7, 23.79, 23.84, 23.98, 24.03, 24.12]}