{"train_loss": [2.3034679498427955, 2.303252689043681, 2.3029654949139324, 2.3027523315869844, 2.302600559210166, 2.30239529976478, 2.302284197318248, 2.3020195545294344, 2.301848237331097, 2.3016684562732013, 2.3015096676655307, 2.301210722556481, 2.301021929887625, 2.300791901197189, 2.3005569335741876, 2.3002795622898984, 2.300038606692583, 2.2998037631695087, 2.299588045707116, 2.2991745802072376, 2.2988672085297415, 2.2984921663235394, 2.2981495331495236, 2.297943390944065, 2.297510737639207, 2.2970812748640013, 2.2967251447530894, 2.2964388853464373, 2.296021811167399, 2.2956394574581047, 2.2950274565281013, 2.2946914446659576, 2.294339854289324, 2.2939963548611373, 2.2935463893107877, 2.2930258695895853, 2.2925594073075515, 2.2922384090912646, 2.291725340256324, 2.291288050627097, 2.2907047290068405, 2.2901786064490293, 2.2896297375361123, 2.2891261809911483, 2.288827160077217, 2.2882238718179555, 2.2880061180163653, 2.287685503715124, 2.287087963788937, 2.2867217956445156, 2.2861406301840757, 2.2855961438937067, 2.2853867885393973, 2.284624017813267, 2.284046377891149, 2.2840098790633374, 2.283432676241948, 2.2827284892400104, 2.282572892995981, 2.2820435407834174, 2.2818114690291575, 2.2815168123978835, 2.281295262850248, 2.280690521460313, 2.2806269590671246, 2.2803565771151812, 2.2798615174415784, 2.2797268537374644, 2.2792285711337357, 2.2789043402060485, 2.278548256556193, 2.2780985630475556, 2.2782183586022793, 2.277890353325086, 2.2774503402220896, 2.2774585681083876, 2.276955765944261, 2.2764868259429933, 2.2766590472979424, 2.276645180506584, 2.275989780670557, 2.2760324710454696, 2.275569598491375, 2.275303882818956, 2.274945971904657, 2.275045581964346, 2.2744086387829903, 2.274191247499906, 2.2742886775579207, 2.2736093319379367, 2.2739459429031763, 2.2733097137548985, 2.2734804801451856, 2.2732529224493563, 2.272667760726733, 2.2724115872994446, 2.2726645353512884, 2.2721140384674072, 2.271903465955685, 2.2719852209091185], "test_loss": [2.2992139862060545, 2.298769302368164, 2.2983308837890624, 2.2978865997314455, 2.2974440551757813, 2.2969846435546875, 2.2965127960205076, 2.2959987518310547, 2.2954552337646486, 2.2948723388671874, 2.2942547454833986, 2.293572381591797, 2.292834994506836, 2.292014358520508, 2.2911471923828124, 2.290185516357422, 2.28912663269043, 2.2880270050048828, 2.2868432739257814, 2.285580502319336, 2.2842017608642577, 2.282699664306641, 2.28116611328125, 2.2795613372802737, 2.277886181640625, 2.276089453125, 2.2742186218261717, 2.272330941772461, 2.2704047088623045, 2.2683856323242186, 2.2662534729003907, 2.264232470703125, 2.2621656799316407, 2.2600788146972657, 2.257984661865234, 2.255796212768555, 2.2536198059082033, 2.25146923828125, 2.2491854919433596, 2.2468935241699217, 2.2444837615966797, 2.2421772918701173, 2.2397443023681642, 2.237363259887695, 2.23503046875, 2.2323947662353514, 2.2302729766845704, 2.2278511169433592, 2.2256218536376955, 2.2231008819580076, 2.220540347290039, 2.218241287231445, 2.2158464721679687, 2.212775274658203, 2.21006833190918, 2.2080359680175783, 2.2057777740478515, 2.20272802734375, 2.200151306152344, 2.197633203125, 2.1953605407714845, 2.1927000762939453, 2.1910156677246095, 2.1884836975097657, 2.18741708984375, 2.185143115234375, 2.182312564086914, 2.18024423828125, 2.177832290649414, 2.176327392578125, 2.1747732574462892, 2.171534164428711, 2.1699963684082033, 2.1685018981933593, 2.1665899810791016, 2.165152536010742, 2.1633900115966798, 2.1630985290527343, 2.1594544708251955, 2.1591723419189455, 2.157255142211914, 2.1559708404541014, 2.1541952484130857, 2.1533306427001953, 2.1525779235839844, 2.149795526123047, 2.1481623443603515, 2.146455807495117, 2.1473180267333984, 2.1440212738037108, 2.1439521759033204, 2.1421036682128904, 2.1417160369873045, 2.140139031982422, 2.138340692138672, 2.1370038177490236, 2.135764569091797, 2.1350546936035157, 2.1333754760742187, 2.132063870239258], "test_acc": [10.58, 10.77, 10.92, 11.24, 11.49, 11.91, 12.25, 12.65, 13.15, 13.81, 14.18, 14.55, 14.9, 15.1, 15.51, 16.05, 16.47, 16.69, 17.13, 17.61, 17.76, 17.83, 18.12, 18.38, 18.57, 18.81, 18.96, 19.49, 19.88, 20.13, 20.39, 20.82, 21.08, 21.3, 21.44, 21.7, 21.76, 21.85, 22.09, 22.43, 22.65, 22.68, 22.94, 23.19, 23.62, 23.66, 24.07, 24.27, 24.41, 24.75, 24.98, 25.26, 25.32, 25.33, 25.46, 25.69, 25.87, 26.03, 25.99, 26.25, 26.38, 26.48, 26.67, 26.88, 27.11, 27.07, 27.14, 27.16, 27.12, 27.5, 27.43, 27.66, 27.63, 27.7, 27.78, 27.99, 28.27, 28.22, 28.42, 28.47, 28.65, 28.74, 28.81, 28.98, 29.1, 29.06, 29.15, 29.64, 29.7, 30.07, 29.91, 29.93, 30.24, 30.28, 30.58, 30.58, 30.75, 30.77, 30.76, 31.37]}