{"train_loss": [2.3032152438775086, 2.3022575482344014, 2.301190678889935, 2.2999334310873962, 2.2982317900046323, 2.295990018355541, 2.292664291919806, 2.2879500401325714, 2.281370024803357, 2.272683061697544, 2.2626428995376977, 2.252053963832366, 2.240954930354387, 2.229244727966113, 2.216325145501357, 2.203408790857364, 2.188749014414274, 2.1732273327998626, 2.157603493714944, 2.1424361161696606, 2.129151670749371, 2.1147767400130246, 2.104135385232094, 2.0938803150103644, 2.083947658844483, 2.074591742417751, 2.067229245259212, 2.059300844791608, 2.050950949925643, 2.042928626904121, 2.0346028071183424, 2.030696497208033, 2.0225102262619212, 2.017248213902498, 2.00792683943724, 2.003292285173367, 1.99583463149193, 1.9894714386035235, 1.981502738671425, 1.9730965816057646, 1.9654295096030603, 1.9600923012464475, 1.9521603697385543, 1.943536528562888, 1.9381833733656468, 1.9292777150105207, 1.9266815977218823, 1.9194389908741682, 1.912233366110386, 1.9058886913152842, 1.9001835123086588, 1.8913723762218768, 1.8896087246063429, 1.884115041524936, 1.877429660772666, 1.8732313501529205, 1.8687176783879598, 1.8622100720038781, 1.8580737389050996, 1.8542279154826433, 1.8525918746605898, 1.848882646438403, 1.846787403485714, 1.8390021162155348, 1.8376789896916121, 1.8340081511399684, 1.8296249805352627, 1.8260066007956481, 1.825592052630889, 1.820286417618776, 1.8173110142732278, 1.814766826385107, 1.813209810012426, 1.8081066299707462, 1.8057769267986983, 1.8033775509932102, 1.799264781597333, 1.8000440655610501, 1.7944230843812992, 1.7931197417088045, 1.791885067255069, 1.7855772079565586, 1.7824140591499134, 1.779763741982289, 1.778045786649753, 1.7756329942972233, 1.7742354267682785, 1.7713245856456268, 1.7731987228760353, 1.7674159908906006, 1.7617449690134097, 1.7617981008994275, 1.7581163406372071, 1.7600399170166408, 1.7581010922407492, 1.7531043578416874, 1.751727880270053, 1.7493263910978267, 1.7468690077463787, 1.7440831306653144], "test_loss": [2.298633462524414, 2.29748603515625, 2.296123989868164, 2.2944244049072267, 2.2921257110595703, 2.2889291687011717, 2.284344158935547, 2.2776312438964843, 2.2680057739257813, 2.2556476959228515, 2.2419660736083986, 2.227859548950195, 2.2129664123535155, 2.197165380859375, 2.179632135009766, 2.1611788482666014, 2.1412466766357423, 2.1200188568115235, 2.0978950286865232, 2.0766362167358396, 2.0572563903808594, 2.0391617309570313, 2.023586637878418, 2.0096267150878906, 1.9959629821777343, 1.9826688446044922, 1.9715686141967774, 1.9601785018920899, 1.949123713684082, 1.9379170150756837, 1.9282612106323243, 1.9177032608032227, 1.9083425216674805, 1.8992363189697266, 1.887798973083496, 1.8769386947631836, 1.867601170349121, 1.8581251724243164, 1.8483607955932617, 1.8355656448364257, 1.8261631896972657, 1.8159168167114257, 1.8059425704956054, 1.7960526123046876, 1.7845166061401367, 1.773391305541992, 1.7652266174316407, 1.7551845428466797, 1.7473937759399414, 1.7352989807128907, 1.7262234283447266, 1.7196519317626953, 1.7129711349487304, 1.7052306259155274, 1.6978073364257813, 1.6891558151245116, 1.6804462615966798, 1.6736331924438477, 1.6656079391479492, 1.6609581939697267, 1.6572938934326171, 1.6489510360717774, 1.6486722229003907, 1.6390302368164062, 1.6354942611694336, 1.6319195175170897, 1.6267469329833983, 1.618452606201172, 1.6193665603637695, 1.6098091552734375, 1.6067045364379884, 1.6022055587768556, 1.5971468994140625, 1.594051022338867, 1.591353436279297, 1.5844254806518554, 1.5813908081054688, 1.5790253372192382, 1.5726732116699218, 1.5736701171875, 1.566255044555664, 1.5609296875, 1.5554835220336913, 1.557568783569336, 1.5506791961669921, 1.547177737426758, 1.5463072006225587, 1.540041458129883, 1.5366794479370116, 1.5347351150512696, 1.5307614944458008, 1.526475067138672, 1.5251848281860352, 1.5234459884643554, 1.518587774658203, 1.5180849639892577, 1.5144392684936523, 1.5081332153320313, 1.5067404205322266, 1.5083677932739257], "test_acc": [10.75, 11.29, 11.61, 12.29, 13.71, 15.16, 16.24, 15.78, 15.71, 16.52, 17.65, 18.59, 19.96, 21.37, 22.48, 23.43, 24.53, 25.13, 25.62, 26.06, 26.45, 26.76, 27.15, 27.65, 28.4, 28.77, 29.25, 29.47, 30.3, 30.43, 30.62, 30.89, 31.66, 31.7, 32.67, 32.98, 33.83, 34.12, 34.48, 34.76, 34.84, 35.67, 35.82, 36.42, 36.62, 36.73, 36.97, 37.63, 37.67, 38.45, 38.61, 38.58, 38.69, 39.09, 39.13, 39.21, 39.74, 39.83, 40.1, 40.39, 40.08, 41.13, 41.0, 41.24, 41.2, 41.34, 41.72, 41.92, 41.77, 42.17, 42.29, 42.77, 42.89, 42.84, 42.94, 43.51, 43.52, 43.42, 43.85, 43.43, 44.1, 43.99, 44.45, 44.26, 45.05, 45.04, 44.84, 45.28, 45.82, 45.93, 46.01, 45.98, 46.38, 46.38, 46.37, 46.42, 46.64, 46.68, 46.7, 46.68]}