{"train_loss": [2.303538315724104, 2.3033917518762443, 2.303210011506692, 2.303077664742103, 2.302984523773193, 2.3028698584972283, 2.3028119790248383, 2.302680778503418, 2.3026088311122015, 2.302539650599162, 2.3024800104972645, 2.3023612529803543, 2.3023021422899688, 2.3022442903274145, 2.3021731107662884, 2.302108400907272, 2.3020702569912643, 2.302003390972431, 2.301977712680132, 2.3018660575915604, 2.3018248319625854, 2.3017701424085177, 2.301671868104201, 2.301686297318874, 2.301583630610735, 2.3015032725456432, 2.301460450123518, 2.301450085028624, 2.3013690703954452, 2.3013226270675657, 2.3012174581870055, 2.3011534745876605, 2.301098780142955, 2.301057018377842, 2.3009873567483363, 2.3009058078130087, 2.3007900623174815, 2.3007752601916973, 2.3006958295137454, 2.300601481168698, 2.3005123175107514, 2.3004412229244524, 2.300324239486303, 2.3002353246395404, 2.300217042213831, 2.3000932216644285, 2.300070802370707, 2.300040676043584, 2.299891223662939, 2.299838522153023, 2.2997645873289843, 2.2996636910316273, 2.299622244712634, 2.2994672775268556, 2.299382215891129, 2.2993727812400233, 2.299240791491973, 2.2991353469017226, 2.299089672626593, 2.2989811224815173, 2.2989095125442898, 2.2988364665936203, 2.298804840674767, 2.2986444289867696, 2.298613100174146, 2.2985511718652187, 2.2984355137898373, 2.2983609670247787, 2.2983153496033104, 2.2980825014603443, 2.29810017989232, 2.297979495464227, 2.2979359473937597, 2.2979116109701305, 2.2977301554802136, 2.2977278446539855, 2.2975829570721356, 2.2974597160632793, 2.2974738237185357, 2.2974155132587137, 2.2972139303500834, 2.2972428040626722, 2.2970891029406815, 2.296984898127042, 2.2969345056093657, 2.296840127309163, 2.2967086443534264, 2.296612506035047, 2.2965476922499826, 2.296425867692018, 2.296439301661956, 2.296300169749138, 2.296320278827961, 2.296239705574818, 2.296076516004709, 2.2960079076962594, 2.29605387540964, 2.2958595709922984, 2.2958473009940907, 2.295770602959853], "test_loss": [2.29933916015625, 2.299027212524414, 2.298727233886719, 2.298436215209961, 2.2981532531738282, 2.2978771026611327, 2.297610189819336, 2.297336264038086, 2.2970606414794923, 2.2967834075927733, 2.296504751586914, 2.2962192230224607, 2.295933435058594, 2.2956349975585937, 2.2953379699707033, 2.29502239074707, 2.29469333190918, 2.294367919921875, 2.294031137084961, 2.2936791473388674, 2.293311114501953, 2.2929234436035157, 2.2925319122314454, 2.292128649902344, 2.2917082092285157, 2.291275128173828, 2.2908296600341798, 2.2903722381591796, 2.2899133209228517, 2.2894342224121096, 2.2889286224365235, 2.2884148529052735, 2.287901739501953, 2.287381463623047, 2.2868430969238283, 2.2862814208984377, 2.285713055419922, 2.2851403991699217, 2.284551708984375, 2.2839572875976564, 2.2833396057128907, 2.282717922973633, 2.2820732177734375, 2.2814079132080076, 2.2807570404052733, 2.280078024291992, 2.279417517089844, 2.2787473907470703, 2.2780690673828126, 2.2773792846679686, 2.2766772918701172, 2.275967822265625, 2.275260821533203, 2.274515573120117, 2.273765234375, 2.2730430603027343, 2.272305978393555, 2.271522994995117, 2.270742706298828, 2.269961993408203, 2.2691956512451172, 2.268405090332031, 2.267656204223633, 2.266844598388672, 2.2661039337158204, 2.265378140258789, 2.2645735473632813, 2.2637850830078126, 2.262987322998047, 2.262176528930664, 2.2613986602783203, 2.2605355834960936, 2.259760333251953, 2.2590107849121095, 2.2581713317871093, 2.2573735076904295, 2.2565544067382812, 2.2557554138183593, 2.2549045074462892, 2.2541562255859375, 2.253287271118164, 2.2525020751953124, 2.2516539337158203, 2.2508584533691405, 2.250105859375, 2.249222296142578, 2.2483642669677733, 2.2474794708251955, 2.246734176635742, 2.2458762939453125, 2.245130456542969, 2.244293542480469, 2.2435849212646484, 2.24279853515625, 2.241942916870117, 2.241076870727539, 2.240354946899414, 2.2395063812255858, 2.2386959228515626, 2.2379193450927732], "test_acc": [10.57, 10.64, 10.76, 10.83, 11.0, 11.04, 11.31, 11.49, 11.68, 12.01, 12.44, 12.61, 12.8, 13.26, 13.49, 13.85, 14.15, 14.48, 14.84, 15.15, 15.58, 15.79, 15.95, 16.35, 16.63, 16.85, 16.98, 17.32, 17.54, 17.88, 18.04, 18.33, 18.53, 18.66, 18.83, 18.95, 19.1, 19.36, 19.5, 19.73, 19.79, 19.97, 20.02, 20.1, 20.27, 20.39, 20.4, 20.56, 20.75, 20.92, 21.06, 21.22, 21.41, 21.54, 21.7, 21.79, 21.94, 22.05, 22.21, 22.32, 22.41, 22.5, 22.49, 22.59, 22.67, 22.82, 22.89, 22.93, 22.93, 23.22, 23.37, 23.51, 23.66, 23.71, 23.86, 24.06, 24.22, 24.31, 24.41, 24.47, 24.54, 24.62, 24.76, 24.73, 25.0, 25.06, 25.13, 25.19, 25.34, 25.49, 25.56, 25.64, 25.94, 25.98, 26.1, 26.22, 26.41, 26.51, 26.65, 26.82]}