{"train_loss": [2.3034787190266144, 2.3032689546927427, 2.3031484230970727, 2.3031496928288386, 2.303039450523181, 2.302940808198391, 2.3029130605550914, 2.3028322115922584, 2.3027418900758794, 2.302695947427016, 2.3026682370748275, 2.3025673175469423, 2.3025286650046324, 2.3024982067254873, 2.3025506637035273, 2.3024121162218925, 2.3024127801259358, 2.302329715704307, 2.302309984427232, 2.3022979577382405, 2.3022701300107515, 2.302221883260287, 2.3021452109018963, 2.302212053690201, 2.3021370557638314, 2.3021093930953587, 2.302093086487208, 2.3020891580826195, 2.302060300264603, 2.3020260517413798, 2.3019732267428665, 2.30196953186622, 2.301975082739806, 2.3019365487954557, 2.3018981976386828, 2.301905185748369, 2.301881819504958, 2.3017863634305122, 2.301849131095104, 2.3017032244266606, 2.3017103085151085, 2.301759250347431, 2.301658514829782, 2.3016475940362002, 2.3015973635208913, 2.301596865287194, 2.301578859793834, 2.3015381641877, 2.301505068020943, 2.3015024423599244, 2.3014493239231597, 2.301430946130019, 2.3013612704399304, 2.301349808008243, 2.3013308078814774, 2.3013268495217347, 2.301254052382249, 2.301253936229608, 2.301160610639132, 2.301120518415402, 2.301171608460255, 2.3011271513425386, 2.301023848851522, 2.3010052228585267, 2.3010195346978994, 2.3009671070636846, 2.3009344681715356, 2.300880714563223, 2.3008599006212673, 2.300801741159879, 2.300816874626355, 2.300713957273043, 2.300712580558581, 2.300678647481478, 2.3006781950975075, 2.300641621687473, 2.3006208364780134, 2.3005781051440115, 2.300490349989671, 2.300496021295205, 2.3004757086435954, 2.3004358750123246, 2.30040519848848, 2.3003779246256904, 2.300335454329466, 2.300293039052914, 2.300244249441685, 2.300307623545329, 2.3001834753232124, 2.300137179937118, 2.3000999053319293, 2.3000664056875766, 2.3000303769722965, 2.3000190826562736, 2.299978190813309, 2.2999569299893503, 2.299875566898248, 2.299874939673986, 2.2999183868750546, 2.2997765889534585], "test_loss": [2.2993985015869143, 2.2991454162597655, 2.2989064056396487, 2.298671450805664, 2.29845, 2.298235137939453, 2.298023370361328, 2.297827554321289, 2.297626531982422, 2.2974342712402342, 2.2972448333740236, 2.2970450408935545, 2.296852066040039, 2.296651419067383, 2.2964587097167968, 2.2962609375, 2.2960571655273436, 2.295862707519531, 2.2956569671630858, 2.2954557067871093, 2.295250164794922, 2.2950295196533204, 2.2948015350341797, 2.2945884582519533, 2.2943661071777344, 2.2941338317871094, 2.2939082366943357, 2.293681686401367, 2.293439434814453, 2.2931909088134765, 2.2929310638427736, 2.2926761962890625, 2.2924259460449217, 2.2921611572265626, 2.2919050201416016, 2.2916275024414063, 2.291349917602539, 2.29107004699707, 2.2907893127441405, 2.290491751098633, 2.290193231201172, 2.2899087646484375, 2.2896066680908205, 2.28929423828125, 2.288981756591797, 2.28866484375, 2.288350390625, 2.2880346954345705, 2.287720947265625, 2.2873843841552732, 2.2870601715087893, 2.2867300354003905, 2.2864040557861327, 2.286071176147461, 2.2857320251464843, 2.285383737182617, 2.285033367919922, 2.284671353149414, 2.284324865722656, 2.2839604919433594, 2.2835990661621093, 2.2832467742919924, 2.2828738800048827, 2.2824934967041015, 2.2821114929199218, 2.281724270629883, 2.2813388793945313, 2.280929113769531, 2.2805347686767576, 2.2801243896484373, 2.2797316497802735, 2.279317874145508, 2.2789008697509767, 2.278501104736328, 2.2780839782714843, 2.2776877532958983, 2.277268032836914, 2.2768450622558594, 2.2764088562011717, 2.2759647766113282, 2.2755501892089844, 2.275161071777344, 2.274728463745117, 2.274293960571289, 2.2738741394042967, 2.2734306121826173, 2.2729807098388672, 2.272553454589844, 2.272114599609375, 2.2716783782958982, 2.271219808959961, 2.270766732788086, 2.2703015075683592, 2.2698814208984377, 2.2694440155029296, 2.2689974334716796, 2.2685241149902344, 2.268099984741211, 2.2676555572509765, 2.267192431640625], "test_acc": [10.5, 10.56, 10.7, 10.87, 10.84, 10.98, 11.03, 11.06, 11.18, 11.3, 11.43, 11.67, 11.73, 11.81, 12.01, 12.2, 12.36, 12.67, 12.91, 13.1, 13.22, 13.58, 14.01, 14.35, 14.6, 14.88, 15.25, 15.51, 15.92, 16.23, 16.39, 16.63, 16.93, 17.14, 17.3, 17.35, 17.49, 17.54, 17.6, 17.78, 17.92, 17.95, 18.0, 18.0, 18.04, 18.08, 18.07, 18.2, 18.28, 18.35, 18.51, 18.61, 18.78, 18.99, 19.06, 19.23, 19.23, 19.44, 19.55, 19.73, 19.82, 19.98, 20.08, 20.18, 20.15, 20.26, 20.34, 20.37, 20.5, 20.53, 20.63, 20.73, 20.87, 20.95, 21.06, 21.24, 21.35, 21.47, 21.62, 21.79, 21.91, 21.98, 22.15, 22.32, 22.42, 22.47, 22.44, 22.55, 22.66, 22.74, 22.79, 22.95, 23.16, 23.41, 23.49, 23.62, 23.73, 23.8, 23.95, 24.18]}