{"train_loss": [2.3034687225635233, 2.3032286857947324, 2.3030148879075663, 2.3027502273901916, 2.302550878280248, 2.3023697253985285, 2.3021749368080724, 2.301985532198197, 2.301714727206108, 2.3015295640016213, 2.301226846377055, 2.30089269051185, 2.300650370426667, 2.300329934633695, 2.30004707299746, 2.2996718431130434, 2.2992388065044698, 2.298859506386977, 2.298472281602713, 2.2979985585579503, 2.2975578950001645, 2.2969846603197928, 2.2964239261089228, 2.2958664221641345, 2.295367041000953, 2.294698371642675, 2.2941706956961214, 2.293621566356757, 2.2929157043114685, 2.292393620808919, 2.29154810049595, 2.2910554042229285, 2.2903158377378414, 2.289832668426709, 2.289043992604965, 2.2884635307849983, 2.287793874129271, 2.2870581486286263, 2.2864170691905876, 2.285724027340229, 2.2848315691336607, 2.2842696593357967, 2.2836650542723826, 2.282899541121263, 2.2822983026504517, 2.281400897564032, 2.2809006415880644, 2.280404620292859, 2.279562888389979, 2.2790253810393506, 2.278306861412831, 2.277808573918465, 2.2771880516639125, 2.2765989798765918, 2.276168172176068, 2.2755694126471493, 2.2750626093302015, 2.274622524701632, 2.2741187737538264, 2.273708331890595, 2.2732278995024853, 2.272843071130606, 2.272478303542504, 2.2722100282326725, 2.2718737614460482, 2.2714364901567117, 2.2709635422779963, 2.270792004389641, 2.27023002856817, 2.269865933442727, 2.2695292154947917, 2.2694003692040075, 2.2692250912006084, 2.268724269133348, 2.2683794480103714, 2.2680482124670958, 2.2678491103343474, 2.2676409837527154, 2.2671202561794184, 2.2669295818377764, 2.2663735738167397, 2.2663369032052847, 2.2660455538676336, 2.265523112125886, 2.2653641963616398, 2.265024698086274, 2.2645852681918024, 2.2644312736315606, 2.2640489021937054, 2.2638659244928605, 2.2634293213868752, 2.2629762166585676, 2.2626880468466344, 2.262639122742873, 2.262344840245369, 2.261775599993192, 2.2616692115099, 2.2612242576403494, 2.2608282052553617, 2.260425913028228], "test_loss": [2.299191320800781, 2.298715872192383, 2.298239416503906, 2.297757019042969, 2.2972611877441405, 2.296748666381836, 2.296202673339844, 2.295625247192383, 2.294983770751953, 2.294296389770508, 2.293541799926758, 2.292700064086914, 2.291770346069336, 2.290741424560547, 2.289600146484375, 2.288345965576172, 2.28697434387207, 2.2854663360595704, 2.2838358093261717, 2.2820670349121093, 2.2801611328125, 2.278101483154297, 2.275899462890625, 2.27357080078125, 2.2711834045410155, 2.268611654663086, 2.2660231903076173, 2.2634252380371094, 2.260778091430664, 2.258057977294922, 2.255148468017578, 2.252374380493164, 2.2494803741455076, 2.246702673339844, 2.2438570068359374, 2.2409246490478516, 2.237997817993164, 2.2349143463134764, 2.2319309967041017, 2.2287482360839843, 2.2254260437011717, 2.222525680541992, 2.21936325378418, 2.2161314819335938, 2.2129823669433595, 2.2093793121337892, 2.2059206451416014, 2.2029623321533203, 2.199626675415039, 2.1964483795166014, 2.193409649658203, 2.190455813598633, 2.186844970703125, 2.183637796020508, 2.1807941131591795, 2.177718426513672, 2.1746867309570312, 2.1723223052978518, 2.169707684326172, 2.1664877716064455, 2.1644814056396484, 2.1622514465332032, 2.1598458557128906, 2.1574921173095705, 2.1555496887207033, 2.1531606170654296, 2.1508881225585936, 2.1489032287597656, 2.147290835571289, 2.145461196899414, 2.143499676513672, 2.1418747619628906, 2.1402341033935546, 2.1389648834228514, 2.1364380584716796, 2.1355171264648436, 2.1339151275634767, 2.1316787048339845, 2.1298549713134767, 2.129321206665039, 2.1274825073242187, 2.126213690185547, 2.1245803192138673, 2.1231216583251955, 2.121605535888672, 2.119609262084961, 2.1184533630371094, 2.116366580200195, 2.115078778076172, 2.113469232177734, 2.1121804077148436, 2.110418197631836, 2.109540380859375, 2.1073308410644533, 2.1063299926757812, 2.104850622558594, 2.1031991485595705, 2.1013849365234374, 2.0998951782226563, 2.098507357788086], "test_acc": [10.53, 10.71, 10.94, 11.08, 11.2, 11.29, 11.56, 11.95, 12.38, 12.9, 13.62, 14.56, 15.29, 16.01, 16.73, 17.63, 18.15, 18.86, 19.1, 19.22, 19.26, 19.38, 19.52, 19.69, 19.78, 19.92, 20.02, 20.37, 20.46, 20.73, 20.83, 21.13, 21.44, 21.72, 22.14, 22.48, 22.73, 22.98, 23.22, 23.42, 23.69, 24.08, 24.3, 24.52, 24.73, 24.76, 24.92, 25.25, 25.35, 25.51, 25.69, 25.85, 25.89, 26.1, 26.34, 26.43, 26.65, 26.71, 26.85, 26.92, 27.04, 27.01, 27.09, 27.27, 27.44, 27.42, 27.31, 27.71, 27.72, 27.84, 28.08, 28.28, 28.49, 28.46, 28.67, 28.95, 29.06, 29.29, 29.56, 29.66, 29.95, 29.76, 29.91, 30.42, 30.31, 30.42, 30.61, 30.54, 30.61, 30.64, 30.82, 30.8, 31.09, 31.11, 31.34, 31.35, 31.38, 31.59, 31.73, 32.01]}