{"train_loss": [2.30340203444163, 2.3032379211523595, 2.303018996043083, 2.3028488477071125, 2.3026797875379903, 2.302465830705105, 2.3023743892327335, 2.30216056566972, 2.3019977343388094, 2.30179672118945, 2.3016794987213918, 2.301410738015786, 2.3013271044462154, 2.3011349158409313, 2.300910619588999, 2.300756595073602, 2.3005317009412325, 2.300347038415762, 2.300041218293019, 2.2998632767261604, 2.299630556962429, 2.2992013521683523, 2.298976717851101, 2.298737140190907, 2.298352401684492, 2.2981840445445134, 2.297786253537887, 2.2976937300119644, 2.2972801990998097, 2.296857332571959, 2.296432438874856, 2.2962260496922027, 2.29596412732051, 2.2954525550206504, 2.295349203623258, 2.2948805876267264, 2.2947384907649115, 2.294186323728317, 2.293848330546648, 2.2935185683079253, 2.293284379518949, 2.292548449222858, 2.2923419487782013, 2.2919398650144918, 2.2917312738222955, 2.291205557798728, 2.2908946379637105, 2.2903218428293863, 2.2905315001805624, 2.2898926673791347, 2.2895133128532996, 2.2893453970933573, 2.2883969942728677, 2.288126940604968, 2.2878005009431104, 2.287655374331352, 2.287386134954599, 2.287111994547722, 2.2870545356701584, 2.286200747734461, 2.2862278730441363, 2.2856486112643513, 2.285583245448577, 2.2850594172110923, 2.2851634129499776, 2.28468751173753, 2.284185575827574, 2.2840233478790672, 2.2839605655425634, 2.2832953489743746, 2.283220918973287, 2.283151669991322, 2.283290877709022, 2.282946061476683, 2.2825703773743067, 2.2825313011805215, 2.2818922941501323, 2.281845393547645, 2.281985757289789, 2.28166778026483, 2.2815952747296064, 2.281239815858694, 2.2810252079596887, 2.2809532342812955, 2.2806402334800135, 2.2808455063746527, 2.28023095986782, 2.280381868435786, 2.280495376464648, 2.2802044287706034, 2.280027628556276, 2.2799288492936354, 2.279520825239328, 2.2796726434658736, 2.279588935314081, 2.2791349209271945, 2.2788336967810605, 2.2791229131894233, 2.2787975806456346, 2.2785573898217617], "test_loss": [2.299250866699219, 2.298841925048828, 2.2984400268554688, 2.2980279571533204, 2.297608856201172, 2.297179608154297, 2.2967387603759764, 2.2962746826171876, 2.295791958618164, 2.295267364501953, 2.294702581787109, 2.294099026489258, 2.2934542236328124, 2.2927563873291015, 2.2919767822265626, 2.291168524169922, 2.2902889465332033, 2.2893255737304687, 2.2882975708007813, 2.2872158599853516, 2.286067611694336, 2.2848189575195312, 2.283537194824219, 2.2821651580810545, 2.2806947021484376, 2.2791953186035157, 2.2776291870117187, 2.2760620483398437, 2.2744414459228515, 2.2727077392578123, 2.270866778564453, 2.2690901062011717, 2.2672948486328126, 2.2654684234619142, 2.263713119506836, 2.2617707244873047, 2.2599473358154296, 2.257964193725586, 2.2560415771484377, 2.254101614379883, 2.2523152923583982, 2.2502292907714843, 2.248279788208008, 2.246230712890625, 2.2441036743164062, 2.241921304321289, 2.239878973388672, 2.237543557739258, 2.235710235595703, 2.2337864318847656, 2.2316593872070314, 2.229889108276367, 2.227192807006836, 2.2253005004882813, 2.222998181152344, 2.2208315673828123, 2.2187929412841796, 2.216726934814453, 2.214748764038086, 2.21274280090332, 2.2107003540039063, 2.2084994140625, 2.206433377075195, 2.204546560668945, 2.2027572357177734, 2.200315087890625, 2.1984822540283204, 2.1962302825927735, 2.194983898925781, 2.1930597869873045, 2.1917799652099608, 2.189413168334961, 2.188400210571289, 2.1868131958007813, 2.1848411560058594, 2.183311688232422, 2.1814366302490233, 2.1802708892822267, 2.1791984588623046, 2.178118737792969, 2.1770422607421875, 2.175258203125, 2.173667108154297, 2.172996014404297, 2.1719424743652342, 2.170416876220703, 2.169281671142578, 2.167869076538086, 2.1676296936035158, 2.1665123504638673, 2.1649053588867186, 2.1647801635742185, 2.1634806396484376, 2.162305111694336, 2.161688037109375, 2.1607664581298827, 2.160327490234375, 2.1595279418945315, 2.158067526245117, 2.1570869049072265], "test_acc": [10.6, 10.8, 11.02, 11.24, 11.57, 12.0, 12.23, 12.53, 12.95, 13.26, 13.76, 14.19, 14.76, 15.23, 15.6, 15.96, 16.16, 16.49, 16.67, 16.92, 17.08, 17.31, 17.61, 17.97, 18.07, 18.28, 18.34, 18.63, 18.79, 18.95, 19.19, 19.5, 19.77, 20.0, 20.23, 20.32, 20.73, 21.0, 21.26, 21.45, 21.69, 22.07, 22.41, 22.77, 23.08, 23.18, 23.4, 23.54, 23.72, 24.11, 24.25, 24.25, 24.26, 24.58, 24.72, 24.89, 25.08, 25.22, 25.26, 25.4, 25.53, 25.69, 25.8, 25.99, 26.17, 26.04, 26.02, 26.15, 26.3, 26.42, 26.65, 26.65, 26.86, 26.9, 26.91, 26.98, 26.94, 27.01, 27.2, 27.39, 27.47, 27.48, 27.69, 27.78, 27.7, 27.85, 28.05, 27.97, 28.25, 28.28, 28.43, 28.62, 28.88, 28.81, 28.93, 28.9, 29.03, 29.06, 29.11, 29.09]}