{"train_loss": [2.3034091056921544, 2.303137002235804, 2.3029917001724245, 2.3030214401391835, 2.3028813472160925, 2.3027524972573303, 2.302721919157566, 2.3026163859245106, 2.30248120259016, 2.3024191954197026, 2.3023741226929886, 2.302210821860876, 2.302146579669072, 2.302081872866704, 2.302153306129651, 2.3019323893082446, 2.3018989807520156, 2.301770421786186, 2.301703965969575, 2.3016691874235105, 2.301593526815757, 2.3014769352399385, 2.3013156414031983, 2.3014116440063868, 2.301255691968478, 2.3011623859405517, 2.30111645979759, 2.3010761682803813, 2.3009809909722745, 2.300869077902574, 2.3007483610740076, 2.3006909272609612, 2.300682519643735, 2.3005430246010805, 2.3004750673587506, 2.3004084501511013, 2.3003237296373418, 2.300125421010531, 2.3001621252451185, 2.2998623536183285, 2.2997996122409137, 2.29986599836594, 2.299620175361633, 2.2995216748653315, 2.2994042109220456, 2.2993573781771537, 2.2992875514886317, 2.2991373557310837, 2.299042470027239, 2.2989338679191396, 2.298783802986145, 2.2987508926636133, 2.2985421626995772, 2.298436503532605, 2.298412693463839, 2.298307310617887, 2.298123103533036, 2.29804212191166, 2.2978609256255322, 2.297634939658336, 2.2976991622875897, 2.297625430425008, 2.2973313741194894, 2.297229758898417, 2.297190307959532, 2.2969497894629454, 2.2968965805493866, 2.296702106182392, 2.2966710377962163, 2.296465801581358, 2.296446578319256, 2.2961675393275724, 2.296080178480882, 2.296039049441998, 2.295858100744394, 2.295811122503036, 2.295657577881446, 2.2955982770675267, 2.295445891527029, 2.295232664621793, 2.295228886604309, 2.2950972116910493, 2.295027885681544, 2.2948741576610465, 2.2947455742420293, 2.294638553643838, 2.29452728613829, 2.294652249874213, 2.294316422022306, 2.2942049448306743, 2.294066254909222, 2.294033549993466, 2.2938803220406556, 2.29382712657635, 2.2937795480092364, 2.2937094553922996, 2.2934089336639794, 2.2935535430908205, 2.2935724368462194, 2.293139235789959], "test_loss": [2.299345278930664, 2.2990361938476562, 2.2987395080566406, 2.2984397766113283, 2.2981521057128904, 2.297863442993164, 2.297576156616211, 2.2973047424316406, 2.2970141326904296, 2.296732827758789, 2.296441354370117, 2.296124786376953, 2.295816162109375, 2.295481716918945, 2.2951480041503904, 2.294797836303711, 2.294424594116211, 2.2940489166259765, 2.293648114013672, 2.2932379455566405, 2.29281315612793, 2.292357943725586, 2.2918683227539063, 2.2913959564208985, 2.2909026458740236, 2.2903842681884767, 2.289861752319336, 2.289331311035156, 2.28876943359375, 2.2881660949707032, 2.287558642578125, 2.286940267944336, 2.2863162567138673, 2.285659826660156, 2.2850343231201173, 2.2843461303710937, 2.2836642333984374, 2.282951248168945, 2.282209490966797, 2.2814446258544923, 2.2806424041748046, 2.279898062133789, 2.279088101196289, 2.2782422424316406, 2.277409310913086, 2.2765628173828123, 2.2757412963867187, 2.2749104431152345, 2.2740419067382813, 2.2731310821533204, 2.272230368041992, 2.271385171508789, 2.270508499145508, 2.2696074951171874, 2.2687300720214845, 2.267776239013672, 2.2668329040527344, 2.265878530883789, 2.2649279693603517, 2.263925537109375, 2.2629512145996094, 2.2620230743408203, 2.261051171875, 2.260005142211914, 2.259021450805664, 2.258064926147461, 2.2570294006347655, 2.2559490173339842, 2.255004690551758, 2.2539145721435547, 2.252941287231445, 2.251893606567383, 2.2508313262939454, 2.2499175506591795, 2.2488894256591796, 2.2479817291259767, 2.2468748321533205, 2.245842208862305, 2.244806591796875, 2.2436479187011718, 2.242726153564453, 2.2418522735595703, 2.240625180053711, 2.23960387878418, 2.2387842376708984, 2.23773408203125, 2.2366111724853517, 2.2357008239746095, 2.234766537475586, 2.2339317108154297, 2.2328313842773437, 2.2318071228027345, 2.230626922607422, 2.229970248413086, 2.229189645385742, 2.228197262573242, 2.2270303192138674, 2.22643154296875, 2.225479119873047, 2.224578900146484], "test_acc": [10.55, 10.72, 10.8, 10.9, 11.03, 11.2, 11.39, 11.55, 11.75, 12.01, 12.09, 12.17, 12.45, 12.78, 13.09, 13.35, 13.81, 14.09, 14.54, 15.13, 15.52, 16.02, 16.46, 16.73, 17.04, 17.35, 17.53, 17.72, 17.84, 17.93, 17.97, 18.08, 18.16, 18.31, 18.36, 18.53, 18.62, 18.67, 18.68, 18.75, 18.85, 19.09, 19.26, 19.52, 19.62, 19.79, 19.8, 20.07, 20.15, 20.35, 20.5, 20.77, 21.02, 21.19, 21.37, 21.6, 21.9, 22.08, 22.17, 22.35, 22.51, 22.66, 22.89, 23.03, 23.27, 23.58, 23.89, 23.96, 24.09, 24.19, 24.26, 24.39, 24.57, 24.97, 24.97, 25.13, 25.2, 25.33, 25.44, 25.58, 25.77, 26.04, 26.18, 26.28, 26.42, 26.52, 26.57, 26.7, 26.84, 26.94, 27.03, 27.17, 27.12, 27.53, 27.66, 27.7, 27.89, 28.01, 28.14, 28.38]}