{"train_loss": [2.3033650379914503, 2.3029808991994614, 2.3026167881794466, 2.3021596162747113, 2.301767993584657, 2.3013740612910345, 2.300894358830574, 2.300375394943433, 2.2996133186878303, 2.298965979845096, 2.298023620018592, 2.2968916507867667, 2.295789806659405, 2.294389894681099, 2.2929194260866215, 2.2911995325333034, 2.289292100148323, 2.2873405022498887, 2.2855570004536556, 2.283448957785582, 2.2814255952835083, 2.2790584124051607, 2.276746761493194, 2.2744790266721675, 2.2724254229129888, 2.269615729649862, 2.2674488813449174, 2.265069684615502, 2.2623411954977573, 2.2598795817448543, 2.2566448443975204, 2.2548572350771, 2.2519640078911416, 2.2502961403284316, 2.247607467113397, 2.245992418435904, 2.2438121117078342, 2.242120558176285, 2.2405602063888157, 2.2386453597973555, 2.23684141146831, 2.2357018385178002, 2.2348385321788298, 2.2329612982578766, 2.2320709363008158, 2.2300559184490107, 2.2293020621324198, 2.228509163245177, 2.2270650246204475, 2.2262697060902914, 2.2246877817007213, 2.223858950688289, 2.2225837077849953, 2.2213321612431454, 2.220495452024998, 2.2192571707260913, 2.218026736455086, 2.2172446764432467, 2.215795614169194, 2.214784729786408, 2.21361555258433, 2.2124339146491807, 2.211488587428362, 2.210535352658003, 2.209902963271508, 2.2080900363433056, 2.2068203730460927, 2.206179156058874, 2.2048083916688577, 2.203060889855409, 2.2027212344683136, 2.2017892599105835, 2.200908871797415, 2.1993380204225197, 2.197662178675334, 2.1969760570770656, 2.1957468093969883, 2.194734625938611, 2.193499840834202, 2.1926057308148117, 2.191057093326862, 2.1903198553965644, 2.188980095203106, 2.187181100478539, 2.1861802571859115, 2.1852554144003453, 2.1843615990418654, 2.183500583966573, 2.182602934959607, 2.1812589773764977, 2.1793994885224564, 2.178727041146694, 2.1773207114293025, 2.1767147516592953, 2.1760706167954664, 2.1750138502854566, 2.174248595726796, 2.173479705590468, 2.171989582135127, 2.1708039057560455], "test_loss": [2.2990304901123046, 2.2983747833251953, 2.2976836212158203, 2.2969529418945314, 2.2961549102783203, 2.295265692138672, 2.294234552001953, 2.293023309326172, 2.291560089111328, 2.289874560546875, 2.287860559082031, 2.2854418701171877, 2.282552764892578, 2.2790974822998047, 2.275074136352539, 2.2705306396484377, 2.2655302062988283, 2.260170346069336, 2.2547084716796877, 2.2490668243408205, 2.243218698120117, 2.2372774780273437, 2.2313044708251955, 2.225059017944336, 2.218830239868164, 2.211742004394531, 2.205156188964844, 2.198313101196289, 2.191459832763672, 2.1839508087158204, 2.1756399322509767, 2.1681219635009765, 2.1604002655029295, 2.1535303497314455, 2.1463432373046873, 2.1390039978027344, 2.132672613525391, 2.1257209411621094, 2.1205816619873046, 2.1140753967285155, 2.108584600830078, 2.105291424560547, 2.10011477355957, 2.0956990692138673, 2.0921175689697264, 2.087141506958008, 2.0825982482910157, 2.0804303741455077, 2.0767551956176757, 2.073113479614258, 2.069942045593262, 2.0665180435180663, 2.0624450180053713, 2.0588258850097656, 2.055892576599121, 2.051964097595215, 2.048054428100586, 2.0458720840454103, 2.0422258407592775, 2.0380315322875977, 2.035044024658203, 2.032355647277832, 2.02814504699707, 2.025653598022461, 2.022687608337402, 2.0185791931152344, 2.015626582336426, 2.0112764907836915, 2.0068879821777346, 2.004067166137695, 2.001321878051758, 1.9980385940551757, 1.9943176071166993, 1.9912891082763673, 1.986220881652832, 1.9840697067260742, 1.9813159240722655, 1.9762455429077148, 1.9722609832763671, 1.9709516876220703, 1.96542696685791, 1.9624681533813477, 1.9581139083862305, 1.9549718215942382, 1.9505444564819336, 1.9471366073608398, 1.94456270904541, 1.9396760650634766, 1.9368895935058594, 1.9324403167724609, 1.9289728042602539, 1.9265115798950194, 1.9231241088867188, 1.9184521804809571, 1.9171481719970702, 1.9135404830932616, 1.9103919372558593, 1.905397674560547, 1.9034238571166993, 1.9017940734863281], "test_acc": [10.58, 10.87, 11.22, 11.46, 11.49, 12.02, 12.71, 13.5, 14.73, 15.76, 16.6, 17.65, 18.28, 18.7, 18.83, 18.69, 19.05, 19.22, 19.51, 19.94, 20.42, 20.97, 21.35, 21.78, 22.26, 22.68, 23.1, 23.6, 24.08, 24.37, 24.69, 25.13, 25.26, 25.57, 25.69, 26.0, 26.25, 26.14, 26.7, 26.58, 26.71, 27.15, 27.63, 27.83, 27.77, 27.84, 28.1, 28.52, 28.57, 29.14, 29.08, 29.62, 29.59, 29.79, 30.22, 30.28, 30.58, 30.57, 30.95, 30.82, 31.07, 30.82, 31.52, 31.67, 31.74, 32.0, 32.07, 32.58, 32.69, 32.91, 33.09, 33.68, 33.82, 33.93, 34.16, 34.43, 34.52, 34.56, 34.89, 35.08, 35.51, 35.25, 35.21, 35.83, 35.54, 35.92, 36.02, 36.37, 36.28, 36.41, 36.83, 36.8, 37.03, 37.01, 37.18, 37.02, 37.07, 37.29, 37.32, 37.61]}