{"train_loss": [2.3035592782191743, 2.303448568857633, 2.3033327530591916, 2.303241006533305, 2.303157556973971, 2.303070902213072, 2.303022527694702, 2.302950737415216, 2.302896132835975, 2.3028415624911966, 2.3028151493806104, 2.302755684730334, 2.3027472826150746, 2.3027125535867152, 2.3026912732002063, 2.302667900843498, 2.3026456796205963, 2.302635807868762, 2.3026021969624053, 2.3025943279266357, 2.3025926498266367, 2.302542411364042, 2.3025362179829525, 2.3025342611166146, 2.3025151209953503, 2.302533308053628, 2.302485533249684, 2.302516531944275, 2.3024814734092125, 2.3024706883308217, 2.302462852306855, 2.3024591831060555, 2.3024512596619435, 2.302425682850373, 2.302442670479799, 2.3024417816064298, 2.3024387170106935, 2.302409571867723, 2.302424246836931, 2.3024084714742807, 2.302415411900251, 2.302367446361444, 2.302374896636376, 2.3023809915933855, 2.3023678828508425, 2.3023479871260815, 2.30234298094725, 2.3023353099822996, 2.3023268222808837, 2.302340619991987, 2.3023272569362936, 2.302334907116034, 2.3023032047809697, 2.3022992360286225, 2.302276256145575, 2.3022859463324914, 2.302273950821314, 2.3022913376490277, 2.302276079471295, 2.3022649850600807, 2.302273945319347, 2.3022755690110035, 2.302246006941184, 2.3022504036243143, 2.3022471177272306, 2.3022294331819584, 2.302213367437705, 2.3021999695362187, 2.3022241739126352, 2.3021926989922155, 2.3021853086275934, 2.3021886599369537, 2.3021820062246077, 2.3021803562457746, 2.30215437289996, 2.3021559733610886, 2.3021503356786877, 2.302136212740189, 2.302119209827521, 2.3021353110288962, 2.302117935816447, 2.302117202832149, 2.302115074182168, 2.3021134364299285, 2.302086629623022, 2.302090285374568, 2.3020690300525763, 2.3021068187860343, 2.3020875411155894, 2.302075802974212, 2.302060201840523, 2.302035327446766, 2.3020364315081867, 2.302022638076391, 2.3020523321934236, 2.302015170072898, 2.3020320580555844, 2.3020337251516487, 2.3020147623159946, 2.301991745753166], "test_loss": [2.299437030029297, 2.2992260833740232, 2.299029861450195, 2.298842761230469, 2.298668109130859, 2.2985029296875, 2.2983457092285158, 2.2981945587158203, 2.298052459716797, 2.2979144775390625, 2.2977811401367187, 2.2976512603759764, 2.297525402832031, 2.2974022003173826, 2.297281393432617, 2.2971652038574217, 2.2970491577148437, 2.2969377227783205, 2.2968267456054687, 2.2967180450439453, 2.2966086853027345, 2.2964992401123046, 2.2963907623291018, 2.2962834564208983, 2.2961756286621093, 2.2960692260742186, 2.2959655059814454, 2.2958607055664064, 2.295756005859375, 2.2956539459228518, 2.2955432678222656, 2.2954381896972658, 2.295337017822266, 2.2952302062988283, 2.295127062988281, 2.2950196990966796, 2.2949152069091796, 2.2948082489013673, 2.2947021911621093, 2.2945922454833982, 2.2944843841552736, 2.294374871826172, 2.2942626922607423, 2.2941491455078125, 2.2940393371582033, 2.2939262573242187, 2.2938138458251953, 2.293698141479492, 2.2935893676757813, 2.2934771453857423, 2.2933630004882812, 2.293251580810547, 2.293132257080078, 2.2930116271972656, 2.292891741943359, 2.292774871826172, 2.2926550384521485, 2.2925369049072266, 2.292418783569336, 2.292299252319336, 2.2921861419677736, 2.2920669525146486, 2.291944775390625, 2.291820184326172, 2.291698779296875, 2.291573779296875, 2.2914487670898436, 2.291322164916992, 2.2911966583251955, 2.291067037963867, 2.290937142944336, 2.290805807495117, 2.2906826232910156, 2.2905548614501954, 2.290423861694336, 2.2902955627441406, 2.290163134765625, 2.2900296630859374, 2.289900802612305, 2.2897697265625, 2.2896412170410154, 2.289510202026367, 2.289373141479492, 2.28924130859375, 2.289103961181641, 2.288967987060547, 2.2888283203125, 2.288692333984375, 2.2885543701171875, 2.2884208740234375, 2.2882878326416014, 2.2881495544433594, 2.288012661743164, 2.287876119995117, 2.287741241455078, 2.2875953521728514, 2.287456164550781, 2.287322164916992, 2.2871861297607423, 2.2870422393798826], "test_acc": [10.46, 10.58, 10.66, 10.75, 10.81, 10.86, 10.83, 10.81, 10.89, 11.0, 11.16, 11.23, 11.41, 11.59, 11.47, 11.58, 11.72, 11.84, 11.97, 12.15, 12.26, 12.53, 12.8, 12.96, 13.21, 13.41, 13.61, 13.73, 13.99, 14.22, 14.46, 14.72, 14.96, 15.21, 15.57, 15.66, 15.75, 15.91, 16.2, 16.31, 16.42, 16.59, 16.63, 16.76, 16.82, 16.98, 17.01, 17.05, 17.19, 17.25, 17.4, 17.48, 17.55, 17.55, 17.59, 17.71, 17.86, 17.91, 17.95, 18.11, 18.22, 18.27, 18.24, 18.28, 18.37, 18.39, 18.47, 18.52, 18.5, 18.55, 18.55, 18.71, 18.71, 18.84, 18.87, 18.9, 19.0, 19.1, 19.09, 19.15, 19.17, 19.18, 19.21, 19.26, 19.25, 19.35, 19.39, 19.41, 19.5, 19.6, 19.73, 19.76, 19.83, 19.83, 19.81, 19.8, 19.86, 19.98, 20.04, 20.04]}