{"train_loss": [2.3035500067930954, 2.303326463699341, 2.3031256828552635, 2.3029453112528873, 2.302760532574776, 2.302611228135916, 2.3024056226779255, 2.302210258826231, 2.3020403721393685, 2.301878066551991, 2.3016674420772456, 2.3014673667076306, 2.3012703284239158, 2.3010491523987207, 2.3008428579721696, 2.3006129601062875, 2.3003672887117435, 2.3001020883902523, 2.2998101472854615, 2.2995638987956903, 2.299295466985458, 2.298942877084781, 2.298585773125673, 2.2982996420982555, 2.2979174870711105, 2.297614083534632, 2.2972643895026965, 2.296937169172825, 2.296553479708158, 2.296185255661989, 2.295769022672604, 2.295391640907679, 2.2950402449338863, 2.2946118904994086, 2.2941891089463846, 2.293840801410186, 2.2934415089778413, 2.293059163215833, 2.292624157514328, 2.2921917041142783, 2.291666672168634, 2.291323924675966, 2.2909548771687045, 2.290434387402657, 2.2900683500827888, 2.2895700277426303, 2.289255359233954, 2.2888559433130116, 2.288411581210601, 2.2880340062654936, 2.287519663419479, 2.287086785145295, 2.28671959791428, 2.2862817807075304, 2.285770758604392, 2.2854961468623234, 2.2850993663836747, 2.28456297593239, 2.2842768699694904, 2.2837813536326093, 2.2835810783581856, 2.2831811513656226, 2.283009433135008, 2.282482730425321, 2.2822883184139546, 2.281911615836315, 2.2815871208142013, 2.2813198059033124, 2.2811262540328197, 2.2806827563505907, 2.2804514878835436, 2.280252795341687, 2.2799663916612283, 2.279675296636728, 2.2794627195749526, 2.2791961828867593, 2.2789187315182806, 2.2788542062808306, 2.278527579552088, 2.2783180787013126, 2.2781780249033217, 2.2778797663175143, 2.277716391514509, 2.2773068898763413, 2.277197705171047, 2.277070429386237, 2.2767662219512155, 2.276516342163086, 2.2765681254558072, 2.2762338846157757, 2.276005066358126, 2.2756800633210403, 2.27557806846423, 2.2754935038395416, 2.2752696501903045, 2.2749293186725716, 2.2748586226732304, 2.2745591059709205, 2.2742779279366516, 2.2740927359996697], "test_loss": [2.2992244079589845, 2.298790072631836, 2.298356607055664, 2.297922833251953, 2.29747770690918, 2.2970223724365235, 2.2965504119873046, 2.296053335571289, 2.295524935913086, 2.2949646392822265, 2.2943598693847655, 2.293701745605469, 2.2929883392333985, 2.292214202880859, 2.291374819946289, 2.2904658996582032, 2.289481576538086, 2.2884185485839845, 2.287278286743164, 2.2860647369384766, 2.284772930908203, 2.2833879180908205, 2.281914050292969, 2.2803583923339845, 2.2787263732910157, 2.2770207489013674, 2.2752574768066407, 2.273467706298828, 2.271606118774414, 2.2696821685791018, 2.267712432861328, 2.265739520263672, 2.2637267913818357, 2.2617001373291017, 2.25964294128418, 2.2575716247558595, 2.2554884094238283, 2.2533751068115233, 2.2512365539550783, 2.2490534759521483, 2.246831317138672, 2.244665023803711, 2.2424940643310545, 2.2402004638671875, 2.237943930053711, 2.2355924865722656, 2.2333616729736327, 2.2310399017333986, 2.228724166870117, 2.226433898925781, 2.2239942016601564, 2.2217289642333986, 2.219394235229492, 2.2169598846435545, 2.214615075683594, 2.212258737182617, 2.209888363647461, 2.2075282318115232, 2.205117361450195, 2.202719525146484, 2.2004886596679687, 2.198098519897461, 2.1961859252929687, 2.193866262817383, 2.191740670776367, 2.189654635620117, 2.187498666381836, 2.1852484802246095, 2.1834, 2.1814693542480468, 2.179663119506836, 2.1776582427978517, 2.1757626678466795, 2.1740970642089845, 2.172083856201172, 2.1706570373535157, 2.168986135864258, 2.16739443359375, 2.1658996063232423, 2.164488619995117, 2.1630710876464843, 2.161731256103516, 2.16023528137207, 2.158657815551758, 2.1578954376220705, 2.156003204345703, 2.1545504760742187, 2.1532229736328126, 2.1523670684814453, 2.1508949157714845, 2.149994989013672, 2.1484768402099608, 2.147354089355469, 2.1458167114257813, 2.144817947387695, 2.1437197509765626, 2.1425322998046874, 2.141479113769531, 2.1399062713623045, 2.138855026245117], "test_acc": [10.59, 10.71, 10.91, 11.04, 11.23, 11.16, 11.62, 11.8, 12.08, 12.41, 13.1, 13.68, 14.25, 14.85, 15.46, 16.25, 16.9, 17.33, 17.9, 18.16, 18.43, 18.55, 18.44, 18.72, 18.85, 18.91, 19.28, 19.57, 19.82, 20.18, 20.3, 20.49, 20.6, 21.01, 21.34, 21.53, 21.78, 22.06, 22.26, 22.54, 22.66, 23.04, 23.12, 23.25, 23.49, 23.75, 24.04, 24.26, 24.39, 24.57, 24.66, 24.86, 25.03, 25.17, 25.41, 25.6, 25.72, 25.81, 26.03, 26.16, 26.29, 26.34, 26.56, 26.59, 26.77, 26.83, 26.9, 27.0, 27.22, 27.43, 27.59, 27.7, 27.83, 27.81, 27.75, 27.87, 27.99, 28.26, 28.38, 28.31, 28.5, 28.67, 28.77, 28.97, 29.1, 29.05, 29.21, 29.36, 29.42, 29.57, 29.67, 29.76, 30.01, 30.03, 30.14, 30.31, 30.49, 30.54, 30.63, 30.77]}