{"train_loss": [2.3035921243520883, 2.303389647679451, 2.3032417492988784, 2.3030938674242067, 2.302963865720309, 2.302857157511589, 2.3027273263686743, 2.302592039719606, 2.302498085070879, 2.302406398455302, 2.3022625947609927, 2.302169879888877, 2.3020776632504587, 2.3019787336007145, 2.301902452493325, 2.3017851976247936, 2.301683416733375, 2.30158206255008, 2.3014994401198168, 2.3013873919462546, 2.301282493884747, 2.3011443101442777, 2.3010107217690883, 2.3009346368985297, 2.3007941851249107, 2.3006934710038016, 2.300568618529882, 2.300465837503091, 2.3003333513553326, 2.3002176761627195, 2.3000613616063044, 2.2999422220083385, 2.299824074598459, 2.2996562749911575, 2.299505254549858, 2.2993953931025968, 2.2992567844879934, 2.299103473394345, 2.2989589299911106, 2.2987975676854453, 2.298605962900015, 2.298464973156269, 2.2983402545635516, 2.2981542312181915, 2.298028390224163, 2.2978478853519144, 2.2977077545263827, 2.2975694809204494, 2.297397165420728, 2.2972523518097705, 2.297059672918075, 2.2968873586410132, 2.296760038840465, 2.2965756269601676, 2.296390901467739, 2.296279622346927, 2.2960886698502763, 2.295925245529566, 2.2957422317602694, 2.29553502706381, 2.2954412582593084, 2.2952730949108417, 2.295122172893622, 2.2949233397459374, 2.2948194919488367, 2.29455688672188, 2.2944654354682337, 2.294250598931924, 2.294184081371014, 2.293941839536031, 2.2937947548352753, 2.293703224108769, 2.2935021583850568, 2.2933522273332643, 2.293171189381526, 2.2930628874363044, 2.2928635805081097, 2.2928040828460303, 2.2926252242846368, 2.292450422507066, 2.2923128898327167, 2.2921706187419404, 2.2920202512007495, 2.291924076202588, 2.2917568096747765, 2.2916204244662555, 2.291517640994145, 2.2914147108029095, 2.2913251986870398, 2.291143205838326, 2.290993406222417, 2.290934999783834, 2.290828098394932, 2.2906978503251687, 2.2905888612453755, 2.2904885389865974, 2.290402151988103, 2.290233530753698, 2.290155336795709, 2.2900903029319566], "test_loss": [2.299300778198242, 2.298945883178711, 2.298600836181641, 2.2982594604492186, 2.2979220581054687, 2.2975860412597657, 2.2972512603759765, 2.2969093292236327, 2.2965616333007812, 2.2962062835693358, 2.295836276245117, 2.295449963378906, 2.2950500457763674, 2.2946314849853517, 2.2941984619140623, 2.293740344238281, 2.2932580688476563, 2.2927507904052735, 2.292221762084961, 2.2916629455566406, 2.29108017578125, 2.2904647583007813, 2.2898233978271483, 2.289153921508789, 2.2884523376464845, 2.287725946044922, 2.286969244384766, 2.286191296386719, 2.2853868896484375, 2.284548211669922, 2.2836779693603515, 2.2827968688964844, 2.2818881103515625, 2.280945196533203, 2.2799947845458983, 2.2790152862548827, 2.2780279693603513, 2.2770118103027346, 2.275988800048828, 2.2749255157470705, 2.273839984130859, 2.272764419555664, 2.271665368652344, 2.2705390838623045, 2.269426998901367, 2.268288400268555, 2.2671341247558594, 2.2659961395263672, 2.264831756591797, 2.2636622467041017, 2.262450442504883, 2.261276791381836, 2.2600829010009766, 2.2588840240478514, 2.257658728027344, 2.2564622955322267, 2.2552329711914063, 2.2540154083251953, 2.2527247100830077, 2.2514632904052734, 2.2502162719726564, 2.248940170288086, 2.247723107910156, 2.2464169708251953, 2.2452100891113282, 2.243947702026367, 2.2426435363769532, 2.2413724792480467, 2.240152716064453, 2.2388728271484375, 2.2376198272705077, 2.2363214569091796, 2.2350691986083984, 2.233824575805664, 2.2325269104003906, 2.2312907440185548, 2.230031774902344, 2.228800814819336, 2.227548049926758, 2.2262926391601563, 2.225069989013672, 2.223874234008789, 2.2226030456542967, 2.221429443359375, 2.2204163055419923, 2.2190456756591797, 2.2178761993408203, 2.216631500244141, 2.215627624511719, 2.214507238769531, 2.2133710021972655, 2.2122913330078124, 2.2112083862304686, 2.2100425903320313, 2.2089381134033204, 2.208022091674805, 2.2070616119384767, 2.206018148803711, 2.2048997955322265, 2.2038969299316404], "test_acc": [10.55, 10.66, 10.85, 11.01, 11.07, 11.15, 11.22, 11.47, 11.77, 11.74, 12.04, 12.4, 12.92, 13.46, 13.86, 14.32, 15.08, 15.58, 16.14, 16.65, 17.2, 17.6, 17.92, 18.36, 18.71, 18.84, 18.97, 19.04, 19.17, 19.25, 19.35, 19.44, 19.67, 19.83, 19.9, 20.05, 20.3, 20.61, 20.74, 20.77, 20.83, 21.03, 21.17, 21.38, 21.53, 21.58, 21.83, 21.89, 21.99, 22.13, 22.16, 22.4, 22.54, 22.56, 22.67, 22.99, 23.13, 23.33, 23.55, 23.76, 23.98, 24.06, 24.0, 24.11, 24.24, 24.38, 24.5, 24.68, 24.77, 24.9, 25.08, 25.17, 25.26, 25.4, 25.54, 25.67, 25.77, 26.0, 26.12, 26.13, 26.16, 26.26, 26.39, 26.53, 26.64, 26.64, 26.72, 26.74, 26.86, 26.92, 27.02, 27.19, 27.33, 27.38, 27.44, 27.52, 27.69, 27.8, 27.87, 27.95]}