{"train_loss": [2.303712295874571, 2.3034692703149258, 2.303278104464213, 2.303209425241519, 2.303077585880573, 2.3028935566926614, 2.3028254398932826, 2.3026954277967797, 2.3026728342740963, 2.3024842188908505, 2.302435701321333, 2.302282048494388, 2.3022123147279787, 2.302119446412111, 2.302045907729711, 2.3020367646828674, 2.301968175936968, 2.3018724056390614, 2.3017904110443896, 2.301686274088346, 2.3016929485859015, 2.3015614179464485, 2.3014945317537356, 2.301370558371911, 2.301342475108611, 2.301235692317669, 2.301080288642492, 2.301131451435578, 2.301039863855411, 2.300980299558395, 2.3008140649551, 2.300744556158017, 2.300701720897968, 2.300560037906353, 2.3004827921207136, 2.3003822406133017, 2.3003822271640484, 2.3002309976479944, 2.300201088342911, 2.3000490757135243, 2.2999759478446764, 2.2999327898025514, 2.2998334114368144, 2.299711180344606, 2.299464511260008, 2.2995049776175085, 2.2993716478347777, 2.2992926163551135, 2.2991811886811866, 2.2991855144500732, 2.2990007100961147, 2.2989880549602018, 2.2989443051509366, 2.2987650755124216, 2.2986783681771694, 2.298627069668892, 2.29849157394507, 2.2983244822575495, 2.2983218321433436, 2.298129829382285, 2.2980523072756256, 2.298020920998011, 2.2979650497436523, 2.2978611102470983, 2.2977229258953, 2.2975910370166486, 2.2974994689990313, 2.2974620073269576, 2.297268742781419, 2.2972446453876985, 2.297194708310641, 2.2971220640035774, 2.296980153597318, 2.29683216718527, 2.296608768365322, 2.296714922709343, 2.296499721820538, 2.296616918612749, 2.296524981351999, 2.2963437398274738, 2.29627874936813, 2.296216804553301, 2.2961685785880457, 2.295900790507977, 2.2959231126002777, 2.2956884934351995, 2.2956552584966023, 2.2955847177750024, 2.295670089354882, 2.2955349983313145, 2.29552240616236, 2.2953940177575136, 2.2953494591590684, 2.2951806355745363, 2.295156291203621, 2.294909090262193, 2.294990534048814, 2.2949649101648575, 2.294914111112937, 2.294723200186705], "test_loss": [2.2993318756103514, 2.2990035766601564, 2.298685272216797, 2.2983784729003904, 2.29807610168457, 2.2977830291748047, 2.297487698364258, 2.2971870483398438, 2.2968870697021484, 2.2965838134765626, 2.29626923828125, 2.295949935913086, 2.2956178100585936, 2.2952747192382814, 2.294915963745117, 2.2945384307861327, 2.2941527770996095, 2.293744580078125, 2.293323422241211, 2.292873724365234, 2.2924181274414064, 2.2919356231689454, 2.291447659301758, 2.290937075805664, 2.2904121337890624, 2.2898644287109375, 2.2892959289550783, 2.2887338714599608, 2.2881355194091797, 2.28753020324707, 2.2869135589599607, 2.2862821838378906, 2.285648031616211, 2.284974884033203, 2.284313800048828, 2.283633624267578, 2.282955758666992, 2.28225478515625, 2.2815481536865234, 2.2807951446533203, 2.280056741333008, 2.279328695678711, 2.2786091918945313, 2.2778276458740234, 2.2770230895996093, 2.276251770019531, 2.2754599182128907, 2.274653326416016, 2.273846954345703, 2.2730504028320313, 2.272244259643555, 2.271432879638672, 2.270649853515625, 2.2698396026611327, 2.269017739868164, 2.2682141082763674, 2.2673767150878907, 2.2664791900634764, 2.2656399536132814, 2.2647483947753906, 2.2639006042480467, 2.263029916381836, 2.2622458618164063, 2.2613545471191405, 2.2604903900146485, 2.259632321166992, 2.25869697265625, 2.2578576080322263, 2.256957275390625, 2.256154183959961, 2.255366848754883, 2.254399871826172, 2.2535325317382813, 2.2526396484375, 2.2517291870117186, 2.2509666107177733, 2.250075991821289, 2.2492261993408205, 2.2484000885009765, 2.2475840881347655, 2.246774722290039, 2.2458641418457033, 2.2450593200683593, 2.2440123046875, 2.243266204833984, 2.242330743408203, 2.2415099975585937, 2.2406225891113283, 2.2398851470947267, 2.2390986572265623, 2.238477700805664, 2.2376995025634767, 2.236937823486328, 2.236120166015625, 2.2351460693359373, 2.2343589599609377, 2.233555581665039, 2.232942932128906, 2.2321138732910155, 2.231065478515625], "test_acc": [10.51, 10.6, 10.83, 10.8, 10.84, 10.91, 11.1, 11.38, 11.53, 11.88, 12.0, 12.43, 12.92, 13.58, 13.99, 14.53, 15.0, 15.51, 15.78, 16.0, 16.32, 16.69, 16.68, 16.79, 16.99, 17.17, 17.17, 17.31, 17.48, 17.59, 17.68, 17.67, 17.73, 17.96, 18.22, 18.32, 18.52, 18.65, 18.76, 18.88, 18.97, 19.12, 19.44, 19.48, 19.62, 19.75, 19.94, 20.14, 20.34, 20.59, 20.71, 20.91, 21.11, 21.28, 21.37, 21.62, 21.77, 21.89, 22.01, 22.11, 22.38, 22.38, 22.51, 22.65, 22.69, 22.86, 22.88, 22.96, 23.14, 23.45, 23.6, 23.67, 23.77, 23.9, 24.03, 24.26, 24.44, 24.57, 24.73, 24.75, 24.92, 25.07, 25.08, 25.17, 25.3, 25.41, 25.55, 25.58, 25.65, 25.79, 26.03, 26.15, 26.33, 26.37, 26.42, 26.63, 26.61, 26.76, 26.78, 26.87]}