{"train_loss": [2.3033481567333904, 2.3030425872558205, 2.302723723802811, 2.3024395086826424, 2.3021359590383677, 2.3017737773748546, 2.3015295658356103, 2.3011015586363963, 2.3007015142685328, 2.3002646690759905, 2.299672364577269, 2.299067920904893, 2.298494079785469, 2.2978577210352973, 2.2971452988111056, 2.2962401561248, 2.2953984841322286, 2.294387426743141, 2.293411705432794, 2.2926304823313, 2.291568309832842, 2.2903685685915827, 2.2892889273472323, 2.2880085119834312, 2.2867511792060657, 2.285841740706028, 2.2846182645895543, 2.2836261541415483, 2.282189062314156, 2.280953578459911, 2.279667322452252, 2.278139003117879, 2.276910067215944, 2.2755457633580916, 2.274538982831515, 2.2731601384969857, 2.271961135741992, 2.2705944366944144, 2.2688147312555556, 2.2667594720155764, 2.2662978710272372, 2.2653278057391826, 2.2637944496594944, 2.2622917988361455, 2.2621149234282663, 2.2608757954377396, 2.259610114342127, 2.259845086855766, 2.258392153030787, 2.257961540344434, 2.256501336586781, 2.256318086844224, 2.2555382777483035, 2.2553294444695497, 2.2544476282902255, 2.2536977333900254, 2.253011059149718, 2.25206710986602, 2.25188516775767, 2.25124525473668, 2.250893215032724, 2.2506342716706107, 2.2496482201111623, 2.249494476807423, 2.2486980505478686, 2.2485155154497196, 2.2470651143636458, 2.246539411789332, 2.2460239440966876, 2.2454490086971184, 2.244342245811071, 2.244729534173623, 2.2440299676014828, 2.2436604157472266, 2.2429443451074453, 2.242393948481633, 2.24124053808359, 2.24112209662413, 2.2400057988289075, 2.2398802641110542, 2.2394335551139637, 2.2385645224497868, 2.2380965838065516, 2.236809328886179, 2.2377723644941283, 2.2372067219171767, 2.235945897224622, 2.2349158397087683, 2.2344725211461385, 2.2338113460785305, 2.2331649847519706, 2.2326494180239163, 2.2315761419442985, 2.231168871659499, 2.231433296814943, 2.2300087488614597, 2.229739451408386, 2.2290093226310534, 2.2281362949273524, 2.2277624246401664], "test_loss": [2.2991131622314454, 2.298552655029297, 2.297966580200195, 2.2973501586914065, 2.296678286743164, 2.2959591888427733, 2.295167822265625, 2.2942718170166017, 2.293235437011719, 2.2920359375, 2.290675213623047, 2.2891048034667967, 2.287337808227539, 2.28534543762207, 2.283121630859375, 2.2805977569580076, 2.2778016357421875, 2.2747768951416014, 2.2714856567382813, 2.2680957122802736, 2.264581689453125, 2.2608359375, 2.2571314544677734, 2.253190023803711, 2.2491579986572265, 2.2451043548583987, 2.241061883544922, 2.236867172241211, 2.2326549072265625, 2.2282672973632813, 2.223871908569336, 2.2190847137451173, 2.2148092834472655, 2.2096570434570313, 2.204897018432617, 2.2003547454833985, 2.1947670501708982, 2.1901232879638672, 2.1854059356689453, 2.1799884460449217, 2.1741065155029298, 2.1698276062011717, 2.1647559509277343, 2.1600118530273438, 2.1552168334960937, 2.150070327758789, 2.1460471221923827, 2.1434730407714846, 2.139122454833984, 2.136492840576172, 2.132000143432617, 2.1295828765869143, 2.1279873321533205, 2.123963635253906, 2.1211302154541016, 2.119133154296875, 2.1157050476074217, 2.114368811035156, 2.1114947265625, 2.1093189666748047, 2.106569207763672, 2.1051212005615234, 2.102736080932617, 2.100134722900391, 2.097411080932617, 2.0963790100097657, 2.094573709106445, 2.091497491455078, 2.089626364135742, 2.0868658599853513, 2.0840988708496093, 2.083868545532227, 2.080018765258789, 2.07913408203125, 2.0764264892578126, 2.0739378158569335, 2.0708927001953126, 2.0689318420410157, 2.0660193313598634, 2.0652454544067385, 2.0621516525268553, 2.060485485839844, 2.0578662673950197, 2.0564490692138673, 2.0532790618896484, 2.0520064239501954, 2.048249659729004, 2.046645639038086, 2.043111184692383, 2.0430197296142576, 2.040035971069336, 2.037496159362793, 2.035826892089844, 2.0318222595214843, 2.029487164306641, 2.0280146377563475, 2.0256545074462893, 2.023585627746582, 2.020983659362793, 2.019201402282715], "test_acc": [10.66, 10.85, 10.98, 11.11, 11.27, 11.54, 11.95, 12.58, 13.37, 13.99, 14.64, 15.29, 15.93, 16.47, 16.63, 16.62, 16.72, 16.86, 17.21, 17.73, 18.23, 19.01, 19.55, 20.08, 20.53, 21.14, 21.78, 21.99, 22.44, 22.69, 23.38, 23.64, 24.11, 24.33, 24.61, 24.88, 24.93, 25.34, 25.65, 25.89, 26.01, 26.28, 26.47, 26.47, 26.48, 26.62, 26.71, 26.93, 27.07, 27.29, 27.28, 27.46, 27.69, 27.76, 28.04, 27.88, 28.19, 28.21, 28.36, 28.65, 28.85, 28.71, 29.07, 29.21, 29.47, 29.47, 29.38, 29.87, 30.28, 30.32, 30.54, 30.63, 30.74, 30.7, 31.08, 30.98, 31.38, 31.49, 31.71, 31.93, 32.0, 31.84, 32.0, 32.54, 32.45, 32.53, 32.82, 32.78, 33.12, 33.5, 33.19, 33.6, 33.79, 33.62, 33.98, 34.23, 34.01, 34.3, 34.41, 34.82]}