{"train_loss": [2.3033807351039006, 2.303050631743211, 2.3028210138663265, 2.3025213938492994, 2.302289048830668, 2.301987154667194, 2.301683300580734, 2.301338937955025, 2.300999621244577, 2.3005937380668446, 2.3001588289554302, 2.2996447434792153, 2.299143843161754, 2.2985089778900147, 2.2979567912908703, 2.297262029770093, 2.2965037119694247, 2.2956662288078893, 2.2948586763479772, 2.293968337621444, 2.29310783911974, 2.291947521918859, 2.2909576593301235, 2.2899580631500633, 2.2890990110544056, 2.287998410982963, 2.287011784162277, 2.2860208988189696, 2.284829095693735, 2.2837468966459618, 2.2826447676389647, 2.2815518097999767, 2.280378944445879, 2.2791061560312906, 2.278092760917468, 2.2769453641695856, 2.275947580582056, 2.2747232993443807, 2.2734727993989603, 2.272397847664662, 2.27108286405221, 2.270111553485577, 2.2692120460363534, 2.2677334926067254, 2.2671450107525555, 2.266112243823516, 2.2652972227487806, 2.264586097154862, 2.2636308413285477, 2.2628938308128945, 2.2620831984740035, 2.261210716687716, 2.260598980463468, 2.2598385315675, 2.259320772611178, 2.2588862840945905, 2.257797961968642, 2.2575557433641875, 2.2566453805336586, 2.256119083746886, 2.255635639337393, 2.254927011636587, 2.2547029091761663, 2.253753407796224, 2.2536744160529896, 2.2527051295989597, 2.252559656363267, 2.251920028221913, 2.2514663635156094, 2.250957502462925, 2.250005281277192, 2.2497632772494587, 2.2492899778561712, 2.2488071019832905, 2.2479171349452094, 2.247390113121424, 2.247214808830848, 2.2465264467092663, 2.245822347738804, 2.245004161198934, 2.244866319803091, 2.2445081582436193, 2.2441303907296595, 2.2433709285198113, 2.2424363209651066, 2.242010243733724, 2.2414206015758027, 2.2406237314908934, 2.240733360632872, 2.2401504810039814, 2.2391595864907288, 2.2384119645143166, 2.2380542076550998, 2.2376894241724257, 2.236998235873687, 2.2362887871571075, 2.235531029945765, 2.235010982171083, 2.2346916400469268, 2.2341222090598865], "test_loss": [2.299123504638672, 2.2985742858886717, 2.2980133239746094, 2.297426013183594, 2.2968067138671877, 2.296138265991211, 2.295418051147461, 2.294603802490234, 2.2936974853515624, 2.2926606811523436, 2.2914826477050783, 2.290138830566406, 2.288611199951172, 2.2868677764892578, 2.28491589050293, 2.2827344329833985, 2.2803075592041018, 2.277599514770508, 2.274677487182617, 2.2715725494384764, 2.2683124877929686, 2.264852282714844, 2.261334957885742, 2.2576226654052736, 2.2541211517333983, 2.2503320404052736, 2.2465179290771484, 2.2427172302246094, 2.2389617462158204, 2.2348952087402343, 2.2308320373535158, 2.2267747985839845, 2.2226353454589844, 2.2184950775146484, 2.2140768646240234, 2.209792044067383, 2.205381967163086, 2.2007015045166014, 2.196297848510742, 2.1917722290039063, 2.187071859741211, 2.1824356018066404, 2.1779070373535157, 2.173219470214844, 2.1690709899902343, 2.163960577392578, 2.160453713989258, 2.155975296020508, 2.1521016235351564, 2.1497755187988283, 2.1449214385986326, 2.142545391845703, 2.138828564453125, 2.135058316040039, 2.1327663146972657, 2.1295553009033203, 2.1262078186035156, 2.1244854278564453, 2.121656365966797, 2.1184710845947268, 2.116145425415039, 2.1136947509765625, 2.1116000396728514, 2.109459310913086, 2.107003332519531, 2.1045779998779297, 2.1028673400878906, 2.1000687133789064, 2.098342907714844, 2.0966261810302735, 2.0935166015625, 2.0913784698486326, 2.0896086273193357, 2.0870455078125, 2.0849413543701174, 2.083065856933594, 2.0809072296142577, 2.078303140258789, 2.0759911224365233, 2.0738073150634766, 2.0718423248291016, 2.069205587768555, 2.0672824157714844, 2.0651963317871096, 2.0632152130126955, 2.0604027313232423, 2.05734521484375, 2.055793522644043, 2.053691925048828, 2.0509924713134766, 2.050124543762207, 2.0463638946533202, 2.0446898193359373, 2.042186343383789, 2.0402843536376953, 2.037531980895996, 2.035315379333496, 2.0325804931640623, 2.030164064025879, 2.0285594955444335], "test_acc": [10.64, 10.85, 11.09, 11.34, 11.52, 11.89, 12.22, 12.59, 13.43, 14.29, 14.9, 15.58, 16.21, 16.91, 17.36, 17.75, 18.07, 18.41, 18.69, 18.82, 19.38, 19.64, 19.92, 20.27, 20.57, 20.91, 21.31, 21.61, 22.04, 22.26, 22.6, 22.78, 23.15, 23.6, 23.95, 24.25, 24.51, 24.64, 25.02, 25.17, 25.5, 25.62, 25.87, 25.9, 25.98, 25.99, 26.25, 26.38, 26.59, 26.96, 26.88, 27.22, 27.31, 27.33, 27.6, 27.62, 27.78, 28.14, 28.2, 28.4, 28.58, 28.68, 29.06, 29.01, 29.27, 29.42, 29.37, 29.64, 29.99, 29.94, 30.49, 30.43, 30.62, 30.7, 30.78, 30.81, 31.14, 31.3, 31.51, 31.59, 31.74, 31.98, 32.13, 32.35, 32.29, 32.28, 32.69, 32.71, 33.03, 33.21, 33.41, 33.62, 33.83, 34.08, 34.41, 34.48, 34.39, 34.76, 34.76, 34.84]}