{"train_loss": [2.303502982702011, 2.3032044435158756, 2.3029974601207637, 2.3028076715958425, 2.302617835998535, 2.302436507665194, 2.3022147111403637, 2.3018949361947865, 2.301758812024043, 2.301522786800678, 2.3012124037131283, 2.3009723632763595, 2.3007126080684173, 2.3003874240777433, 2.3000957709092362, 2.299750351294493, 2.2993970449154193, 2.2990291760518002, 2.2985655980232433, 2.2981229464213055, 2.297696715134841, 2.2972183099159826, 2.2966588973999023, 2.2961772637489513, 2.295625510582557, 2.2951626386397925, 2.2945298506663394, 2.294025663229135, 2.2934854458539915, 2.292920349805783, 2.292229818075131, 2.291738299223093, 2.2911193896562625, 2.2904931844809115, 2.289827131613707, 2.2891710238578993, 2.2886940503731754, 2.288098889742142, 2.28736937107184, 2.286619520187378, 2.285952108334272, 2.2854188912954085, 2.2847110711611234, 2.283903891000992, 2.283338502737192, 2.2827506945683407, 2.2821279342357927, 2.2815120782607643, 2.2809632778167725, 2.2801567413868047, 2.279570625989865, 2.279179239273071, 2.278529323064364, 2.277798162973844, 2.277386768658956, 2.2768349647521973, 2.276083221802345, 2.2757575487479187, 2.2752850874876365, 2.274612075243241, 2.2745376091737013, 2.273484142621358, 2.273365722558437, 2.272938684316782, 2.2728169728548098, 2.2722871095706254, 2.2720352441836624, 2.2716817158919116, 2.271609506240258, 2.2708460330963134, 2.2705590578225943, 2.270222372886462, 2.269800319427099, 2.2697000760298507, 2.269184031853309, 2.269003671866197, 2.268541123316838, 2.268468698477134, 2.268076335466825, 2.26778966769194, 2.267477958630293, 2.2669956531280127, 2.266916194328895, 2.2663463439696874, 2.265999665015783, 2.2657878148250092, 2.265368512349251, 2.265207559023148, 2.264926460461739, 2.2644203106562295, 2.26439120219304, 2.26420667721675, 2.263757097415435, 2.2633541639034567, 2.263030329117408, 2.2628743489583334, 2.2626708917128733, 2.262002481558384, 2.261772038997748, 2.2615242255039703], "test_loss": [2.2991905670166015, 2.2987134307861328, 2.298239373779297, 2.297757434082031, 2.2972564544677736, 2.2967329833984373, 2.296187158203125, 2.2955976013183594, 2.294960675048828, 2.294270941162109, 2.293509963989258, 2.2926696929931643, 2.2917552001953125, 2.2907325897216797, 2.2896207611083983, 2.2884031372070313, 2.2870495391845704, 2.2855991516113283, 2.2840275787353517, 2.2823102447509767, 2.2804757873535157, 2.278539797973633, 2.276421130371094, 2.2742086700439454, 2.2718887329101562, 2.2695242248535155, 2.267045114135742, 2.2645703643798827, 2.2620559204101562, 2.259480096435547, 2.2567702758789063, 2.254180889892578, 2.2514836181640625, 2.248720458984375, 2.2459632781982424, 2.243142691040039, 2.2404089752197267, 2.2375480438232422, 2.234619119262695, 2.231643243408203, 2.2287022521972655, 2.225828820800781, 2.2228278289794923, 2.2192957611083983, 2.216186700439453, 2.21299889831543, 2.209819641113281, 2.2065169189453124, 2.203687078857422, 2.2005743377685545, 2.1973892517089846, 2.194915353393555, 2.1915134399414065, 2.1883069549560545, 2.1854294738769533, 2.1821765747070314, 2.1797177185058594, 2.1768174987792968, 2.1739107330322267, 2.170961364746094, 2.1685890899658204, 2.165851434326172, 2.1632782592773436, 2.1611310455322266, 2.15857529296875, 2.1570184173583984, 2.154764636230469, 2.1525443084716795, 2.1502009002685547, 2.148682717895508, 2.1470398956298826, 2.144764099121094, 2.142667962646484, 2.140904263305664, 2.1398859527587892, 2.137982437133789, 2.1359687744140623, 2.1344002014160157, 2.132673248291016, 2.13148828125, 2.1302625732421876, 2.12786025390625, 2.1266987060546874, 2.124903985595703, 2.1237769927978514, 2.121114096069336, 2.120112060546875, 2.118369696044922, 2.117680197143555, 2.115508285522461, 2.1141449310302733, 2.1124111938476564, 2.110538299560547, 2.108844470214844, 2.108176824951172, 2.106370523071289, 2.105267938232422, 2.1040281951904296, 2.1017776763916016, 2.10042080078125], "test_acc": [10.61, 10.82, 10.98, 11.13, 11.25, 11.35, 11.76, 12.06, 12.36, 12.79, 13.28, 14.06, 14.64, 15.31, 15.83, 16.63, 17.34, 17.89, 18.4, 18.48, 18.76, 19.03, 19.19, 19.32, 19.48, 19.53, 19.85, 20.32, 20.67, 20.9, 21.07, 21.16, 21.46, 21.8, 22.01, 22.28, 22.61, 22.9, 23.25, 23.49, 23.63, 23.97, 24.24, 24.44, 24.59, 24.92, 25.14, 25.41, 25.59, 25.75, 25.96, 26.11, 26.17, 26.37, 26.3, 26.54, 26.73, 26.98, 27.22, 27.26, 27.38, 27.44, 27.56, 27.82, 27.9, 28.08, 28.18, 28.4, 28.37, 28.55, 28.56, 28.72, 28.86, 28.96, 29.09, 29.19, 29.33, 29.46, 29.72, 29.68, 29.88, 30.08, 30.2, 30.47, 30.47, 30.33, 30.77, 30.73, 30.96, 31.11, 31.17, 31.3, 31.53, 31.55, 31.84, 31.78, 31.99, 32.04, 32.22, 32.34]}