{"train_loss": [2.3035594114890467, 2.303431173471304, 2.3033132271888928, 2.303216164540022, 2.3031313553834574, 2.303038397202125, 2.302986421340551, 2.3029109508563312, 2.302864875548925, 2.302822350233029, 2.3027569379561985, 2.3027171501746544, 2.3026733563496515, 2.302647520334293, 2.302618908882141, 2.3025885349664934, 2.3025698044361214, 2.3025092516189964, 2.302507324096484, 2.302496797610552, 2.302464609879714, 2.3024457680873383, 2.302420298869793, 2.302388697404128, 2.3023698158753225, 2.302374013264974, 2.3023520274040026, 2.3023561178109584, 2.302326904810392, 2.3023230638259498, 2.3023114008781236, 2.3022633387492255, 2.302285268367865, 2.302260977182633, 2.3022261613454575, 2.302241950768691, 2.302210999146486, 2.302207029171479, 2.3021801832394724, 2.302163934096312, 2.3021563695027276, 2.302140971330496, 2.3021232458261345, 2.30210931178851, 2.302112575066395, 2.3020797851758124, 2.3020586790182653, 2.3020539558850803, 2.3020204770259367, 2.3020542071415826, 2.3020009664388805, 2.302009155200078, 2.301976258938129, 2.3019526982918763, 2.3019561737011642, 2.3019327114789916, 2.3019227400804176, 2.3018883576759923, 2.3018953763521637, 2.301887923020583, 2.3018809171823356, 2.3018648881178634, 2.3018507450054853, 2.30182080024328, 2.301805682060046, 2.301788430947524, 2.301763518039997, 2.3017867559041734, 2.301761127740909, 2.3017120997111005, 2.3017081358493905, 2.301715991435907, 2.301701133679121, 2.3016847353715164, 2.3016818071023013, 2.3016560475031533, 2.301614585900918, 2.30161718466343, 2.3015954158244987, 2.3015942310675594, 2.3015596457016776, 2.3015709057832376, 2.301528961230547, 2.3015166680018107, 2.301505949558356, 2.3014970516547177, 2.301487456835233, 2.301456558398711, 2.3014440499819244, 2.301439970578903, 2.301422900419969, 2.3014148754951282, 2.301379183011177, 2.3013581392092584, 2.301356850526272, 2.3013425240149865, 2.301308611111763, 2.3013003080319137, 2.301309460860032, 2.301283161456768], "test_loss": [2.2994135681152343, 2.299178939819336, 2.298955822753906, 2.2987435638427733, 2.298540441894531, 2.298347619628906, 2.2981639343261717, 2.2979858642578126, 2.2978123046875, 2.2976419525146485, 2.2974770324707032, 2.297311782836914, 2.2971547454833985, 2.2969979797363282, 2.2968429626464846, 2.296687713623047, 2.296530911254883, 2.296376608276367, 2.296223187255859, 2.2960712066650393, 2.2959189025878906, 2.2957651977539064, 2.295610089111328, 2.2954540161132813, 2.2952953521728516, 2.295133102416992, 2.2949723327636717, 2.2948152893066407, 2.294653628540039, 2.2944910400390626, 2.2943240356445314, 2.294155130004883, 2.293987872314453, 2.2938178771972657, 2.2936496337890624, 2.2934804443359376, 2.2933032470703125, 2.2931275177001953, 2.292950698852539, 2.2927660369873046, 2.292583712768555, 2.292400402832031, 2.292211584472656, 2.2920200317382813, 2.2918329803466797, 2.2916414764404296, 2.291443942260742, 2.2912522399902344, 2.2910579956054686, 2.290864956665039, 2.2906640625, 2.2904689849853517, 2.2902661376953124, 2.2900586212158203, 2.28985615234375, 2.289646221923828, 2.2894364501953124, 2.2892189483642578, 2.2890047576904298, 2.2887946868896485, 2.288584893798828, 2.2883689147949218, 2.2881523345947268, 2.287930206298828, 2.2877059204101564, 2.2874874176025393, 2.287264178466797, 2.2870415832519533, 2.286819497680664, 2.2865880981445312, 2.286353143310547, 2.2861277038574217, 2.2859014495849608, 2.285666458129883, 2.2854386657714842, 2.2852057830810546, 2.2849595764160155, 2.2847231719970704, 2.2844806762695313, 2.2842447967529296, 2.2840014068603516, 2.2837627136230467, 2.2835163482666014, 2.2832719635009764, 2.283030435180664, 2.2827847900390625, 2.282540948486328, 2.2822905944824217, 2.2820316284179687, 2.2817893798828126, 2.2815382080078126, 2.2812890228271483, 2.281029702758789, 2.2807762451171874, 2.2805194580078125, 2.280268685913086, 2.280013723754883, 2.2797566284179687, 2.279496176147461, 2.2792421600341797], "test_acc": [10.56, 10.62, 10.61, 10.77, 10.84, 10.74, 10.83, 10.9, 10.93, 10.99, 11.13, 11.21, 11.24, 11.32, 11.47, 11.61, 11.9, 12.03, 12.2, 12.4, 12.58, 12.94, 13.21, 13.32, 13.62, 13.89, 14.21, 14.42, 14.67, 14.99, 15.24, 15.48, 15.68, 15.83, 15.92, 16.04, 16.22, 16.4, 16.61, 16.74, 16.86, 17.08, 17.11, 17.18, 17.33, 17.43, 17.39, 17.51, 17.53, 17.69, 17.79, 17.9, 18.08, 18.2, 18.26, 18.31, 18.42, 18.49, 18.65, 18.77, 18.8, 18.91, 19.0, 19.1, 19.12, 19.23, 19.3, 19.43, 19.58, 19.6, 19.74, 19.84, 19.86, 19.93, 20.01, 20.12, 20.21, 20.3, 20.37, 20.49, 20.53, 20.53, 20.7, 20.79, 20.84, 20.92, 20.88, 20.95, 20.92, 20.98, 21.02, 21.09, 21.17, 21.24, 21.3, 21.41, 21.45, 21.58, 21.57, 21.63]}