{"train_loss": [2.3035405195676364, 2.3033135591409146, 2.3031581866435515, 2.303020366644248, 2.30288987159729, 2.30277330386333, 2.302630063814995, 2.3024268951171485, 2.302370428427672, 2.302241607812735, 2.30207708798922, 2.3019744787460716, 2.301858180608505, 2.3017208618995473, 2.3015999115430392, 2.301466476000272, 2.301351757538624, 2.301212375591963, 2.301022763741322, 2.3008740388430082, 2.300737459231646, 2.3005619403643487, 2.3003797042064176, 2.30023015890366, 2.3000468413035073, 2.299903182494335, 2.299689241556021, 2.299527887808971, 2.2993649647786065, 2.299173929141118, 2.2989240964253743, 2.2987539517573823, 2.2985739218883023, 2.2983353834885816, 2.298088725407918, 2.2978886176378297, 2.2977173597384724, 2.2974979779659175, 2.2972740044960607, 2.2970148043754772, 2.296768333361699, 2.2965650411752554, 2.2963323428080633, 2.2960641524730585, 2.2958552837371826, 2.2956118962703607, 2.2954246771641267, 2.2951830649987244, 2.2949777639829194, 2.294723902604519, 2.2944265781304773, 2.2942954100095307, 2.293986249581361, 2.2936613749235106, 2.2934761261328673, 2.2932486986502623, 2.292925646977547, 2.29270514586033, 2.2924628679568952, 2.2921381051723775, 2.292079235345889, 2.2916253744027553, 2.2914338918832633, 2.291153698701125, 2.2910679407608816, 2.2907152732213336, 2.2905935195776133, 2.2903496785041613, 2.29026880753346, 2.2898250555380795, 2.2896344838998255, 2.289446783065796, 2.289208049651904, 2.289075528047024, 2.2888285062251947, 2.288654721700228, 2.2884114882884883, 2.2883199135462444, 2.2881091417410433, 2.2879227797190347, 2.2877247095108033, 2.287582329603342, 2.2874517025091707, 2.2872236618628867, 2.2870139953417654, 2.2868553772950784, 2.2866772486613347, 2.2866061375691342, 2.286450680096944, 2.286191644424047, 2.2861873981280203, 2.286063878964155, 2.2858884774721586, 2.2856482542478123, 2.285588225340232, 2.2855561183049127, 2.2853810395949927, 2.285132414255387, 2.2850308833978117, 2.2849198763187113], "test_loss": [2.299277423095703, 2.2988961334228515, 2.2985230438232422, 2.2981557373046875, 2.2977862518310546, 2.297408447265625, 2.2970321990966798, 2.2966452392578125, 2.296237631225586, 2.2958230895996095, 2.29538405456543, 2.2949187683105468, 2.2944347534179688, 2.293916131591797, 2.293373406982422, 2.2927941986083984, 2.292175375366211, 2.2915268157958986, 2.290844827270508, 2.29010915222168, 2.2893378509521485, 2.2885313659667967, 2.2876690032958984, 2.286768246459961, 2.2858188568115234, 2.2848406921386717, 2.2838032135009767, 2.2827352813720703, 2.281625210571289, 2.280477770996094, 2.279272204589844, 2.2780617767333986, 2.276818099975586, 2.275541714477539, 2.2742391540527342, 2.2728887298583986, 2.271559469604492, 2.2701988525390626, 2.268807879638672, 2.2673863311767577, 2.2659602905273437, 2.264542626953125, 2.2630924530029297, 2.261562469482422, 2.2600628204345705, 2.258550616455078, 2.257045034790039, 2.255497476196289, 2.254005426025391, 2.252469790649414, 2.2508857971191407, 2.249458432006836, 2.2478826721191405, 2.24623896484375, 2.2446311126708984, 2.2429724670410156, 2.2413943450927736, 2.2397764923095704, 2.238080413818359, 2.236385623168945, 2.234797830200195, 2.233025567626953, 2.2313727478027343, 2.2296548950195314, 2.227967578125, 2.226420098876953, 2.2247909576416016, 2.2231178039550783, 2.2214467376708984, 2.2198568634033204, 2.2183065704345704, 2.216629302978516, 2.2149504516601564, 2.213378125, 2.2119454467773436, 2.2103910217285154, 2.2087588623046877, 2.207231228637695, 2.205635333251953, 2.204295739746094, 2.2029296020507814, 2.2013541534423826, 2.199940493774414, 2.1986140228271482, 2.197458767700195, 2.195807925415039, 2.194530157470703, 2.1931385986328125, 2.192194204711914, 2.1907951171875, 2.1895336578369142, 2.1882350280761718, 2.1870074310302736, 2.18558779296875, 2.1848381286621095, 2.1837224395751953, 2.1828338989257814, 2.1819026641845705, 2.1803841583251953, 2.1793539306640626], "test_acc": [10.58, 10.72, 10.95, 11.01, 11.1, 11.09, 11.25, 11.49, 11.67, 12.13, 12.26, 12.61, 13.04, 13.41, 14.03, 14.55, 15.02, 15.52, 16.2, 16.84, 17.33, 17.88, 18.01, 18.4, 18.76, 18.92, 19.04, 19.0, 19.19, 19.37, 19.68, 19.88, 20.13, 20.3, 20.25, 20.43, 20.64, 20.92, 21.02, 21.1, 21.21, 21.47, 21.56, 21.57, 21.72, 21.89, 22.15, 22.38, 22.48, 22.6, 22.83, 23.14, 23.35, 23.62, 23.85, 23.9, 24.14, 24.21, 24.4, 24.6, 24.81, 24.88, 25.04, 25.24, 25.46, 25.54, 25.68, 25.81, 25.83, 26.13, 26.19, 26.4, 26.43, 26.53, 26.71, 26.79, 26.99, 27.13, 27.27, 27.4, 27.51, 27.65, 27.67, 27.8, 27.85, 28.01, 28.11, 28.2, 28.35, 28.32, 28.45, 28.54, 28.67, 28.75, 28.81, 28.9, 29.05, 29.13, 29.21, 29.33]}