{"train_loss": [2.30343583486019, 2.303254915506412, 2.3031941872376662, 2.3031618619576477, 2.3030214291352493, 2.3029974246636415, 2.302930159446521, 2.3028701262596325, 2.30283786883721, 2.3027807205151287, 2.3027639315678523, 2.3027402547689584, 2.302671971076574, 2.3027072484676654, 2.3026843156570043, 2.3027119636535645, 2.3026651547505304, 2.302575211647229, 2.3026346114965586, 2.3026381773826405, 2.302543731836172, 2.3025563331750725, 2.3025637382116075, 2.302536291953845, 2.302552567384182, 2.3025518148373334, 2.302629122367272, 2.3025361800805118, 2.3025252274977857, 2.302581183726971, 2.3026011155201838, 2.3025054833827876, 2.302543004965171, 2.3024444439472296, 2.3025203130184075, 2.302513601229741, 2.302547578322582, 2.302532094564193, 2.3024666333809876, 2.3025017114786, 2.302456666261722, 2.302443060508141, 2.302457531904563, 2.3024758039376674, 2.3024686526029536, 2.3024300935940865, 2.3024840073707775, 2.3025477837293575, 2.302464197232173, 2.30247715925559, 2.302437139168764, 2.3024569664245997, 2.3025044594055566, 2.3024780952013457, 2.302408001973079, 2.302422705063453, 2.3024466771345873, 2.3024253282791527, 2.302445502158923, 2.30245270606799, 2.302490285726694, 2.302487376408699, 2.302435341859475, 2.302384122212728, 2.302429136251792, 2.302430329567347, 2.3024516203464604, 2.3024440857080313, 2.3024148855453883, 2.3024537893442005, 2.3024137466381758, 2.302403377263974, 2.3024684838759595, 2.302439128435575, 2.3024394775048282, 2.302376715342204, 2.3024006207784016, 2.302456696216877, 2.3024093371171217, 2.302401608687181, 2.3024171706957697, 2.3024089336395264, 2.3023652247893502, 2.3023841405526184, 2.302354799172817, 2.3023403369463407, 2.302303715241261, 2.3023144721984865, 2.3023734801854845, 2.3023536468163517, 2.3023502264267357, 2.302404633546487, 2.3023535227164245, 2.302402062293811, 2.302347784775954, 2.3024126945397794, 2.3024197425597754, 2.302339788583609, 2.302358536842542, 2.3023283677223403], "test_loss": [2.2994722534179686, 2.299289010620117, 2.2991186584472656, 2.2989637145996094, 2.2988231353759767, 2.2986858734130857, 2.2985587127685547, 2.298444055175781, 2.2983366302490236, 2.2982407653808594, 2.2981455474853516, 2.2980590606689453, 2.2979765014648437, 2.297897311401367, 2.2978153259277345, 2.2977399200439454, 2.2976723114013673, 2.297602606201172, 2.2975435485839846, 2.2974768371582033, 2.2974136993408205, 2.2973527587890623, 2.2973012451171875, 2.297250109863281, 2.297189822387695, 2.2971360931396485, 2.2970848052978514, 2.2970279388427732, 2.2969825317382813, 2.2969343139648437, 2.29688796081543, 2.296837030029297, 2.296790628051758, 2.296739593505859, 2.2966923675537108, 2.2966465423583986, 2.2965958435058593, 2.29655354309082, 2.2965105133056642, 2.296468844604492, 2.2964262573242187, 2.296376919555664, 2.2963356506347656, 2.296287741088867, 2.2962498321533205, 2.296200582885742, 2.2961540161132814, 2.2961116516113282, 2.296070571899414, 2.296024789428711, 2.295973001098633, 2.2959317138671875, 2.2958825256347657, 2.2958354614257814, 2.2957896087646485, 2.2957418884277345, 2.295695541381836, 2.2956578430175782, 2.2956080993652344, 2.2955618103027344, 2.295519528198242, 2.295473785400391, 2.2954198364257814, 2.2953740661621094, 2.2953296600341795, 2.295288607788086, 2.2952360443115234, 2.2951923431396484, 2.295140347290039, 2.2950893920898436, 2.2950453369140624, 2.2950010894775392, 2.2949546478271485, 2.294904733276367, 2.294861471557617, 2.2948021209716796, 2.294751007080078, 2.2947069610595703, 2.294659161376953, 2.294617443847656, 2.2945746520996093, 2.2945378387451174, 2.294480810546875, 2.2944321380615236, 2.2943887786865234, 2.2943347595214845, 2.2942813903808594, 2.2942328857421876, 2.2941835357666016, 2.2941190032958985, 2.2940726867675783, 2.2940281494140624, 2.2939790283203125, 2.2939392974853514, 2.2938823760986327, 2.2938290100097656, 2.293787710571289, 2.2937341705322267, 2.293689175415039, 2.2936431854248047], "test_acc": [10.54, 10.62, 10.7, 10.78, 10.82, 10.78, 10.88, 10.92, 10.98, 11.06, 11.15, 11.18, 11.3, 11.29, 11.29, 11.43, 11.47, 11.53, 11.48, 11.45, 11.29, 11.32, 11.34, 11.33, 11.44, 11.47, 11.54, 11.57, 11.66, 11.8, 11.88, 11.97, 12.19, 12.26, 12.32, 12.43, 12.38, 12.54, 12.61, 12.64, 12.74, 12.83, 12.9, 12.97, 13.06, 13.07, 13.08, 13.25, 13.3, 13.41, 13.57, 13.63, 13.75, 13.9, 14.04, 14.17, 14.23, 14.3, 14.41, 14.5, 14.61, 14.72, 14.78, 14.92, 15.05, 15.08, 15.16, 15.22, 15.21, 15.28, 15.32, 15.36, 15.41, 15.49, 15.55, 15.68, 15.68, 15.85, 15.92, 16.05, 16.08, 16.13, 16.13, 16.27, 16.34, 16.4, 16.41, 16.51, 16.59, 16.61, 16.72, 16.69, 16.72, 16.76, 16.86, 16.87, 17.02, 17.04, 17.11, 17.14]}