{"train_loss": [2.303373283606309, 2.30252125446613, 2.3017443045591697, 2.3007758910839375, 2.299646514501327, 2.2982578564912846, 2.296348919012608, 2.2936738662230662, 2.2904296037478327, 2.285843298985408, 2.280046445895464, 2.273315199216207, 2.266490625723814, 2.259336990576524, 2.2520419670985294, 2.244020720017262, 2.2357156484554976, 2.22664077098553, 2.217254792726957, 2.2075278685643123, 2.1982744119106195, 2.187182204539959, 2.178354259637686, 2.1698812301342305, 2.161833945298806, 2.1536025371306984, 2.148478967104203, 2.1423531599533865, 2.137156724012815, 2.1321013358923104, 2.1253938179749707, 2.1230640224921395, 2.1164660218434457, 2.1123204377981333, 2.107880460604643, 2.1041008420479606, 2.0987043551909617, 2.0952182577206537, 2.0904147420174035, 2.084502438398508, 2.080190184483161, 2.0779629881565387, 2.0717122016808927, 2.0660957544277876, 2.062717099984487, 2.05768138781572, 2.0536777153993264, 2.0501745728346017, 2.046717894688631, 2.0401727193441146, 2.0350353442705593, 2.0308078778095733, 2.028802820963737, 2.0227489767930447, 2.018630763506278, 2.014747833594298, 2.0111354989883226, 2.0076954138584626, 2.0020865669617285, 1.9989509481650132, 1.9955231791887529, 1.9919763118792804, 1.9892117008184775, 1.9850282797446617, 1.984327309559553, 1.979587883521349, 1.9761078849816933, 1.9743722655834295, 1.9716179370880127, 1.9688230661245494, 1.964675925939511, 1.9651535119765844, 1.9624080104705615, 1.9595084089499253, 1.9560467784221356, 1.9553599400398058, 1.950154133943411, 1.9523015731420272, 1.948239639477852, 1.9459651033083598, 1.944605071728046, 1.9416246900191674, 1.9406329968036748, 1.9360611246182369, 1.9348081081341475, 1.932261391175099, 1.9334448649333074, 1.9299250721931458, 1.9303983037288373, 1.9276407782848064, 1.9211358975141477, 1.9236984002284514, 1.9219040500812041, 1.9204676976570716, 1.918261273090656, 1.9163721579771775, 1.914510022982573, 1.9128265004891616, 1.911161811535175, 1.9099413541647103], "test_loss": [2.298746530151367, 2.2977446411132814, 2.296608404541016, 2.295247155761719, 2.2935415802001953, 2.2913182434082033, 2.288363314819336, 2.284292349243164, 2.2787817993164063, 2.271276947021484, 2.261735662841797, 2.2508227294921874, 2.23944153137207, 2.227883172607422, 2.2155870391845705, 2.202864175415039, 2.1890955963134764, 2.174536099243164, 2.1591316314697266, 2.143046060180664, 2.125848663330078, 2.1089654388427737, 2.0928729354858397, 2.076841987609863, 2.0622598526000977, 2.0498614532470705, 2.0382924285888673, 2.0278635833740233, 2.018077099609375, 2.0084314514160155, 1.9991042190551758, 1.9897516677856446, 1.9818654998779297, 1.9734602127075196, 1.9644717391967774, 1.956920965576172, 1.9493445266723632, 1.9421298110961913, 1.9351236679077148, 1.9262021408081054, 1.9185003143310546, 1.9115689544677734, 1.9032918487548829, 1.8956443801879883, 1.8866545700073243, 1.8777757980346679, 1.870586915588379, 1.8623054901123046, 1.8557576629638672, 1.8463032608032226, 1.8398546585083009, 1.8327783966064453, 1.8257335861206054, 1.8171339920043945, 1.8086276641845702, 1.7990580596923829, 1.791116194152832, 1.7862333572387696, 1.7777662322998047, 1.77302745513916, 1.7660511749267578, 1.75761316986084, 1.754527113342285, 1.7462775436401368, 1.7390474060058594, 1.7383258590698243, 1.7319591903686524, 1.7253357513427734, 1.721125358581543, 1.7127468963623047, 1.7113369506835938, 1.7066018966674805, 1.7016260498046876, 1.698173614501953, 1.6934258666992188, 1.6892756484985352, 1.682844384765625, 1.6808270126342773, 1.6772121826171875, 1.676481118774414, 1.6664368713378905, 1.6645573837280274, 1.6597132598876954, 1.6607619171142578, 1.6562038009643554, 1.649032096862793, 1.6503848587036132, 1.6456872787475585, 1.6412529190063476, 1.6404103103637695, 1.6356661056518556, 1.6329500259399414, 1.6318760818481446, 1.627149870300293, 1.6240164764404297, 1.622183984375, 1.6180628692626953, 1.61254102935791, 1.6140747634887695, 1.6097422760009765], "test_acc": [10.77, 11.1, 11.7, 12.31, 13.05, 14.87, 15.98, 16.97, 16.98, 16.79, 16.95, 17.85, 18.69, 19.67, 20.64, 21.49, 22.33, 23.31, 23.9, 24.62, 25.04, 25.43, 26.07, 26.54, 26.86, 27.25, 27.78, 28.23, 28.57, 28.62, 28.67, 28.81, 29.58, 29.9, 30.29, 30.66, 30.99, 31.04, 31.82, 32.37, 32.52, 32.84, 33.98, 33.97, 34.33, 34.48, 34.49, 35.09, 35.31, 35.73, 36.26, 36.38, 36.55, 36.48, 36.99, 37.17, 37.6, 37.6, 37.65, 38.0, 38.03, 38.77, 38.6, 38.99, 39.26, 39.35, 39.52, 39.74, 39.72, 39.86, 39.89, 40.1, 40.44, 40.29, 40.44, 40.86, 41.05, 41.15, 41.21, 41.31, 41.73, 41.56, 41.87, 42.05, 42.18, 42.3, 42.72, 42.7, 42.83, 43.01, 42.79, 43.25, 43.6, 43.45, 43.48, 43.72, 43.83, 44.06, 44.01, 44.17]}