{"train_loss": [2.303393962444403, 2.3032591452965367, 2.303234656651815, 2.30308814232166, 2.3029615964644994, 2.302865669054863, 2.3028414983015795, 2.3027551357562723, 2.3027953031735544, 2.3027065558311266, 2.3025970581250315, 2.302571763136448, 2.3024848993007954, 2.3025139869787754, 2.3024012895730825, 2.302453861481104, 2.302486504652561, 2.3024027928327904, 2.3024325364675278, 2.3024214402223246, 2.3023881490413958, 2.3023120678388156, 2.3023339185959255, 2.302378397721511, 2.302292321278499, 2.302316618577028, 2.3022925028434167, 2.3023018671916082, 2.3022801778255366, 2.302255160991962, 2.302207595262772, 2.3022411749913143, 2.302209909756978, 2.302173655461042, 2.3021700009321555, 2.3021428578939194, 2.3021722280062162, 2.3021299582261308, 2.3021265641236917, 2.302173399925232, 2.302122394243876, 2.30203125782502, 2.3020611732434, 2.3020691138047438, 2.3020597885816527, 2.3020846446355185, 2.302044296875978, 2.302085849566337, 2.3020070338860537, 2.301993755193857, 2.301919791025993, 2.3019363715098455, 2.301949271177634, 2.30203035061176, 2.301918195455502, 2.301935599400447, 2.301896158854167, 2.3019628567573354, 2.3019096796329204, 2.3019115753662893, 2.301856497617868, 2.3018934231538037, 2.301810177778586, 2.30182630159916, 2.301794692186209, 2.3017354506712695, 2.301888909706703, 2.3017481045845227, 2.3018211358632796, 2.301780189000643, 2.3017391180380797, 2.3018248912615653, 2.30175010179862, 2.3017051158807216, 2.3016802720534497, 2.301641390262506, 2.3017172935681467, 2.3017962688054796, 2.301652021285815, 2.301616864938002, 2.301654895146688, 2.3015961781526224, 2.30169697480324, 2.3016510070898595, 2.301636782059303, 2.30153051400796, 2.301542452054146, 2.301649786875798, 2.3015129156601737, 2.30149259017064, 2.3014408955207237, 2.301432308783898, 2.301514510619335, 2.301535419928722, 2.301450266593542, 2.301463999503698, 2.3014329836918757, 2.3013486452591727, 2.301349431429154, 2.301373026921199], "test_loss": [2.299425408935547, 2.299204309082031, 2.298992623901367, 2.2987892303466797, 2.2985972259521485, 2.298413226318359, 2.2982504791259766, 2.298086489868164, 2.2979243743896482, 2.2977755493164063, 2.297632400512695, 2.297475732421875, 2.2973244415283203, 2.29717861328125, 2.2970382934570313, 2.29689919128418, 2.296767367553711, 2.2966312622070313, 2.2964904754638673, 2.296352978515625, 2.296226174926758, 2.2960822692871092, 2.295942071533203, 2.295798532104492, 2.295662286376953, 2.295524188232422, 2.295394760131836, 2.2952604919433592, 2.2951279693603515, 2.2949812896728514, 2.2948361755371094, 2.294685186767578, 2.2945364929199217, 2.294402993774414, 2.2942655670166014, 2.2941285888671876, 2.293995913696289, 2.2938508850097654, 2.293708822631836, 2.2935628021240233, 2.2934134063720704, 2.2932566253662108, 2.2930940826416015, 2.292939291381836, 2.2927830963134768, 2.292615060424805, 2.29244921875, 2.2922988220214844, 2.292136474609375, 2.2919796966552735, 2.29181123046875, 2.291630877685547, 2.2914640563964843, 2.291300128173828, 2.291127212524414, 2.2909734283447265, 2.2907956176757813, 2.290624807739258, 2.2904466247558593, 2.2902719207763673, 2.290095114135742, 2.289922085571289, 2.289743490600586, 2.2895575744628904, 2.2893703369140623, 2.28917536315918, 2.288995150756836, 2.288793618774414, 2.2886098571777342, 2.288429977416992, 2.2882280151367187, 2.2880350433349608, 2.287849346923828, 2.2876695068359374, 2.287472399902344, 2.28726794128418, 2.2870887145996095, 2.286921859741211, 2.2867115631103516, 2.2865292907714845, 2.286343338012695, 2.2861314544677733, 2.285949880981445, 2.2857508880615236, 2.2855578125, 2.285338186645508, 2.285128918457031, 2.284945852661133, 2.2847438049316406, 2.2845241394042968, 2.2842813598632814, 2.284072378540039, 2.2838717681884764, 2.283695556640625, 2.2834741943359376, 2.283278482055664, 2.283072705078125, 2.2828368408203126, 2.2826136352539064, 2.2823770965576173], "test_acc": [10.56, 10.66, 10.78, 10.85, 10.9, 10.96, 11.12, 11.31, 11.62, 11.82, 11.89, 12.07, 12.15, 12.32, 12.6, 12.64, 12.81, 12.92, 13.19, 13.34, 13.5, 13.62, 13.66, 13.74, 13.9, 13.99, 13.97, 14.06, 14.15, 14.24, 14.38, 14.4, 14.62, 14.68, 14.71, 14.8, 14.94, 15.16, 15.25, 15.32, 15.45, 15.58, 15.69, 15.73, 15.88, 15.94, 16.07, 16.12, 16.19, 16.22, 16.26, 16.39, 16.5, 16.64, 16.73, 16.81, 16.97, 17.08, 17.19, 17.36, 17.5, 17.62, 17.73, 17.83, 17.9, 17.94, 17.98, 18.06, 18.21, 18.31, 18.37, 18.42, 18.46, 18.52, 18.57, 18.72, 18.81, 18.9, 19.08, 19.12, 19.24, 19.35, 19.39, 19.51, 19.5, 19.6, 19.72, 19.72, 19.82, 19.84, 19.92, 19.99, 20.09, 20.17, 20.28, 20.41, 20.37, 20.39, 20.54, 20.53]}