{"train_loss": [2.3034048147690602, 2.3029009067095245, 2.3024633022455068, 2.3019586972701243, 2.3014262908544296, 2.300814629212404, 2.30008643590487, 2.2992122607353407, 2.2982274691263833, 2.2970483150237646, 2.2955657127575995, 2.2938133594317316, 2.2918379630797947, 2.2895309056991184, 2.2871006825031377, 2.2845044429485615, 2.281744455679869, 2.278872308975611, 2.276140110920637, 2.273152048159868, 2.2701928823422164, 2.266800185961601, 2.2635810515819452, 2.2601621945699057, 2.2565177813554422, 2.2527996216064845, 2.2492298162900486, 2.24570182409042, 2.2418519668090036, 2.2385452362207268, 2.2348012392337506, 2.2320049432607796, 2.228569255119715, 2.2264379849800697, 2.2237380938652236, 2.221580924743261, 2.2194491661511933, 2.217851163790776, 2.215469254591526, 2.2130863898839706, 2.2106651202226297, 2.209659242018675, 2.2079434394836426, 2.20523058512272, 2.2040968913298387, 2.202121503536518, 2.2009544574297393, 2.199516307390653, 2.198073791234921, 2.196060925263625, 2.194104041197361, 2.1925701012978185, 2.1912314849022105, 2.189236044883728, 2.18746606142093, 2.185765802554595, 2.1842741263218417, 2.1828842242558797, 2.1807434265430157, 2.179021288187076, 2.1777509952202823, 2.175832269130609, 2.174986923046601, 2.1723554293314615, 2.1717093858963405, 2.1696231823701124, 2.1675259223351113, 2.16619366254562, 2.165386271476746, 2.1625929386187823, 2.1612908650667237, 2.160500361980536, 2.15889267432384, 2.1571161740865463, 2.1547826491869415, 2.1539451122283935, 2.151717480023702, 2.1511485680555684, 2.1492487760690544, 2.147425469985375, 2.1460416096907395, 2.144625214430002, 2.1435700092560204, 2.141373527967013, 2.140206935466864, 2.1391342114179563, 2.138354361974276, 2.136860513075804, 2.1364133547513915, 2.134654785425235, 2.133022038753216, 2.13210991590451, 2.1308226053531354, 2.130218484462836, 2.1295381888365132, 2.1277620119926257, 2.1269842734703652, 2.125740856390733, 2.124572612077762, 2.123762138073261], "test_loss": [2.2989543670654298, 2.298208023071289, 2.297408670043945, 2.2965323760986327, 2.295545806884766, 2.2943868041992186, 2.2930082916259766, 2.291326974487305, 2.289289044189453, 2.286778936767578, 2.2836923156738282, 2.279919692993164, 2.275388882446289, 2.2700844940185547, 2.2640716735839845, 2.2576873474121095, 2.25105146484375, 2.2442432708740236, 2.2373936584472656, 2.2303062561035154, 2.223023782348633, 2.215240545654297, 2.2074170257568357, 2.198942071533203, 2.1906157104492188, 2.1813734252929686, 2.1720657958984373, 2.1631499084472656, 2.153990777587891, 2.1438918518066408, 2.1342319580078124, 2.1252220489501954, 2.1164521575927733, 2.1093968963623047, 2.1011123046875, 2.0945169281005858, 2.088117144775391, 2.0826008544921875, 2.0770100952148436, 2.071117790222168, 2.0658109329223633, 2.0613494049072267, 2.056362390136719, 2.0508649307250977, 2.046138249206543, 2.041239241027832, 2.036922688293457, 2.032443258666992, 2.0287872940063476, 2.024470854187012, 2.0195582611083984, 2.0163087265014648, 2.0115049255371096, 2.006854280090332, 2.0029172592163085, 1.9979065734863282, 1.9936454696655272, 1.9897605133056642, 1.9847907333374024, 1.980371858215332, 1.9764545776367188, 1.9716072036743164, 1.9682599990844727, 1.9628062545776368, 1.959231362915039, 1.9552563140869141, 1.95116669921875, 1.9452143188476563, 1.9406033737182617, 1.9363564651489258, 1.9322317794799804, 1.9290762634277343, 1.9227571990966796, 1.9191153259277345, 1.9152296203613282, 1.911289094543457, 1.9062945022583009, 1.9031106155395507, 1.8973121551513672, 1.8940030502319336, 1.8888647338867188, 1.8842213775634766, 1.8808914367675782, 1.877984164428711, 1.8743068359375, 1.86831142578125, 1.8667338455200195, 1.8629364028930664, 1.8593861602783204, 1.8564677124023437, 1.8526579742431641, 1.8484046401977539, 1.8466191650390624, 1.843269970703125, 1.8399630920410157, 1.837731996154785, 1.8347525009155274, 1.8296386352539062, 1.8270380798339845, 1.8260658309936524], "test_acc": [10.67, 11.02, 11.35, 11.72, 12.25, 12.88, 14.05, 14.86, 15.76, 16.57, 16.89, 17.07, 17.0, 17.23, 17.75, 18.43, 19.13, 19.88, 20.73, 21.28, 21.75, 22.15, 22.62, 23.23, 23.92, 24.27, 24.84, 25.22, 25.82, 25.84, 25.95, 26.29, 26.59, 26.82, 26.93, 27.22, 27.49, 27.71, 28.04, 28.22, 28.32, 28.84, 29.17, 29.3, 29.58, 29.81, 29.75, 30.14, 30.31, 30.7, 31.01, 31.18, 31.63, 31.34, 31.89, 32.12, 32.46, 32.62, 32.73, 33.14, 33.53, 33.6, 33.97, 34.12, 34.31, 34.52, 34.7, 34.97, 35.21, 35.27, 35.52, 35.58, 35.89, 36.03, 36.06, 36.28, 36.48, 36.46, 36.84, 36.77, 36.94, 37.09, 37.18, 37.34, 37.47, 37.47, 37.68, 37.66, 37.91, 38.12, 38.32, 38.32, 38.42, 38.53, 38.74, 38.89, 38.81, 38.95, 39.22, 39.39]}