{"train_loss": [2.303463154572707, 2.303328780638866, 2.3031584275074493, 2.303028864126939, 2.3029040104303604, 2.302751699472085, 2.3026914621010803, 2.3025487942573353, 2.3024443277945887, 2.3023244643822696, 2.3022687520736302, 2.3021103272071253, 2.3020892448914356, 2.301989203844315, 2.3018984984128905, 2.3018227595549363, 2.301728897828322, 2.3016724445880987, 2.3015333010600165, 2.301469921454405, 2.3013938604257045, 2.3011882500770766, 2.3011065195768308, 2.301044623668377, 2.3008903631797204, 2.3008638565356914, 2.300675159845597, 2.300700939618624, 2.3005233666835685, 2.3003773664816833, 2.300212448071211, 2.300155577904139, 2.300076507910704, 2.299858029683431, 2.299855010326092, 2.299705514541039, 2.299639896246103, 2.2994299466793353, 2.299342373701242, 2.2991898921819836, 2.299126993692838, 2.2988071013719606, 2.2987470785776773, 2.2986250755114432, 2.2985387863256994, 2.298314152008448, 2.298208909156995, 2.2979922129557684, 2.298047384237632, 2.2978688802474583, 2.297708586546091, 2.297659273025317, 2.2972798567551833, 2.2971642757073427, 2.2970100292792686, 2.2969836736336733, 2.296858624311594, 2.296764497879224, 2.296707517672808, 2.2963929060177923, 2.296429637762216, 2.2961980190032567, 2.2960814732771655, 2.2958609501520795, 2.295835005931365, 2.2956386994092894, 2.2954334283486393, 2.2952940525152745, 2.29526242904174, 2.2949461093315713, 2.2948360100770606, 2.2948012358103043, 2.2948171322162336, 2.294612345328698, 2.29440529468732, 2.2943386236826577, 2.294063089444087, 2.293966230368003, 2.2939298293529413, 2.293776459571643, 2.2937180195099267, 2.2935853878657024, 2.293339909040011, 2.293364795660361, 2.2931270208114234, 2.293174646450923, 2.2928569549169295, 2.2929417665188128, 2.2928791150068624, 2.292726546067458, 2.2927079860980695, 2.292486238479614, 2.2923068792392045, 2.2923630182559673, 2.2923397449346687, 2.2920398051922137, 2.291976531346639, 2.2920724728168587, 2.291960735810109, 2.291759670086396], "test_loss": [2.2993189453125, 2.2989845794677732, 2.2986617706298826, 2.2983386505126955, 2.2980206329345703, 2.2977002868652345, 2.2973806213378904, 2.297054000854492, 2.296729592895508, 2.2963893157958983, 2.2960431671142576, 2.2956772247314454, 2.295299597167969, 2.2949071441650393, 2.2944888885498047, 2.2940664459228515, 2.293620932006836, 2.293149642944336, 2.2926560272216796, 2.292144445800781, 2.2916011840820314, 2.291028695678711, 2.2904322418212892, 2.2898195739746092, 2.2891664611816407, 2.2884910858154295, 2.2877976257324217, 2.2870998260498046, 2.2863900177001955, 2.2856278228759765, 2.2848177307128905, 2.284014050292969, 2.283200503540039, 2.2823561096191405, 2.28152204284668, 2.280633303833008, 2.2797606964111328, 2.2788376892089843, 2.2779031402587893, 2.276956295776367, 2.27603212890625, 2.2750248229980468, 2.274065933227539, 2.2730579986572264, 2.272051123046875, 2.271018585205078, 2.2699889221191407, 2.2688900421142577, 2.267917883300781, 2.266888247680664, 2.265831817626953, 2.2648357482910155, 2.2636495513916017, 2.2625691436767577, 2.2614478607177735, 2.260373226928711, 2.2593130432128907, 2.2582190216064455, 2.257172262573242, 2.256060171508789, 2.2550085418701173, 2.2538575744628906, 2.252744741821289, 2.2515701629638674, 2.250507531738281, 2.2493432983398436, 2.248200540161133, 2.246982891845703, 2.245865951538086, 2.2447125366210936, 2.2436670135498047, 2.242434802246094, 2.24148720703125, 2.240364486694336, 2.2392249145507814, 2.23807834777832, 2.236777850341797, 2.235707583618164, 2.2346877838134764, 2.2336137237548828, 2.2326200286865236, 2.2314899444580076, 2.2301430206298827, 2.229258874511719, 2.2282349151611327, 2.2271356872558594, 2.226018524169922, 2.224902536010742, 2.224078793334961, 2.2230458038330076, 2.2219505157470705, 2.2210410858154295, 2.2200210876464843, 2.2190523864746092, 2.2182324493408205, 2.217225457763672, 2.2165189575195314, 2.215649270629883, 2.2145558990478516, 2.2136562286376953], "test_acc": [10.57, 10.73, 10.78, 11.05, 11.09, 11.35, 11.71, 12.08, 12.18, 12.52, 12.62, 13.02, 13.34, 13.75, 14.47, 14.63, 14.98, 15.63, 15.91, 16.16, 16.44, 16.52, 16.89, 17.27, 17.35, 17.38, 17.61, 17.69, 17.79, 18.1, 18.18, 18.47, 18.7, 18.74, 18.79, 18.83, 18.89, 19.07, 19.19, 19.24, 19.51, 19.7, 19.94, 20.11, 20.39, 20.36, 20.73, 20.79, 21.01, 21.17, 21.41, 21.62, 21.53, 21.79, 21.99, 22.19, 22.36, 22.57, 22.65, 22.92, 23.12, 23.4, 23.49, 23.6, 23.77, 23.82, 23.95, 24.06, 24.22, 24.42, 24.6, 24.71, 24.83, 24.91, 24.99, 25.03, 25.13, 25.17, 25.35, 25.41, 25.44, 25.46, 25.52, 25.63, 25.7, 25.8, 25.88, 25.98, 26.09, 26.21, 26.29, 26.37, 26.47, 26.5, 26.71, 26.8, 26.92, 26.92, 26.95, 26.94]}