{"train_loss": [2.3034776797661416, 2.303355878438705, 2.3033063491185506, 2.303186845779419, 2.303083801880861, 2.303001643449832, 2.3029665017739323, 2.302897895910801, 2.3029079736807407, 2.3028406968483557, 2.3027628684655213, 2.302739894695771, 2.3026794140155498, 2.3026903812701884, 2.3026158436750754, 2.3026430759674463, 2.302657407980699, 2.302603854277195, 2.302623237096346, 2.302616481903272, 2.3025919871452527, 2.302551642442361, 2.30256225390312, 2.3025916937070017, 2.3025354697154117, 2.3025562579815206, 2.30253722851093, 2.3025435007535493, 2.3025307490275457, 2.3025258125402988, 2.3024968275657067, 2.302522552319062, 2.302505592810802, 2.302476791235117, 2.302476169512822, 2.302464741315597, 2.3024812936782837, 2.302461726848896, 2.3024634807537763, 2.3024979395744127, 2.3024702756832807, 2.302421628511869, 2.3024443198473024, 2.3024476717679927, 2.302443421803988, 2.3024707402938454, 2.3024475733439127, 2.3024661608231374, 2.3024325957665077, 2.302421393761268, 2.302386300991743, 2.3024073612995637, 2.3024029890696207, 2.3024611925467466, 2.3023978979159625, 2.302404182996505, 2.302400548030169, 2.3024391547227516, 2.3024143763077567, 2.3024142632117637, 2.3023832871363714, 2.302402374071953, 2.3023637796059635, 2.3023766444279596, 2.3023658569042498, 2.302341987536504, 2.3024217183773334, 2.3023656276556164, 2.3023937329267845, 2.3023728382893096, 2.302365697347201, 2.302413041775043, 2.3023672525699324, 2.302342796937013, 2.3023321377925385, 2.3023184733513076, 2.3023615219654183, 2.3023974284147606, 2.3023379490925717, 2.302312578910436, 2.3023376911114424, 2.302327255713634, 2.3023661876336123, 2.30235623335227, 2.302344075838725, 2.302302630131061, 2.302300144464542, 2.3023552540021064, 2.302299433488112, 2.302288153844002, 2.302295613900209, 2.3022691090901692, 2.302318973418994, 2.302302042643229, 2.302296201388041, 2.302297497406984, 2.3022865374883015, 2.3022575586270064, 2.3022500765629306, 2.302271732305869], "test_loss": [2.299455905151367, 2.2992643463134765, 2.2990854858398437, 2.298917041015625, 2.298759197998047, 2.298611926269531, 2.29848117980957, 2.2983525817871095, 2.298230191040039, 2.2981176666259766, 2.298011682128906, 2.297902136230469, 2.2977980499267576, 2.2976998168945313, 2.2976051239013673, 2.297517297363281, 2.2974328063964844, 2.297350146484375, 2.2972649078369143, 2.2971828247070314, 2.297107534790039, 2.2970263214111326, 2.2969476257324217, 2.2968662506103517, 2.296793621826172, 2.296718569946289, 2.2966499908447267, 2.296581954956055, 2.2965147186279298, 2.2964421783447264, 2.2963723846435546, 2.296300830078125, 2.296229251098633, 2.296166522216797, 2.2960998474121093, 2.2960355224609375, 2.2959737365722654, 2.2959083801269533, 2.2958428314208983, 2.295776107788086, 2.2957120513916016, 2.2956436431884764, 2.29557314453125, 2.2955069305419924, 2.295445068359375, 2.2953758209228514, 2.295306137084961, 2.2952462158203124, 2.295181878662109, 2.295115347290039, 2.295047659301758, 2.2949760437011717, 2.294912600708008, 2.294851321411133, 2.294783334350586, 2.2947197723388673, 2.294652276611328, 2.294581967163086, 2.2945135955810545, 2.294449346923828, 2.2943823028564454, 2.2943195281982423, 2.2942558654785157, 2.2941916198730468, 2.2941236755371093, 2.294051657104492, 2.2939852233886717, 2.293909713745117, 2.293841827392578, 2.2937730865478514, 2.2937007263183595, 2.2936306640625, 2.2935621520996095, 2.293496450805664, 2.293422006225586, 2.293350375366211, 2.293280938720703, 2.29321862487793, 2.293142739868164, 2.293078643798828, 2.2930111022949218, 2.2929374237060545, 2.292877258300781, 2.2928044006347656, 2.2927342224121094, 2.292653143310547, 2.2925781982421873, 2.2925142852783202, 2.2924378662109377, 2.292364501953125, 2.2922763763427736, 2.292195455932617, 2.2921159820556642, 2.292048193359375, 2.2919711029052734, 2.291895816040039, 2.2918211761474607, 2.2917360412597656, 2.2916587860107422, 2.291581118774414], "test_acc": [10.52, 10.61, 10.7, 10.7, 10.82, 10.78, 10.86, 10.94, 11.07, 11.25, 11.36, 11.53, 11.52, 11.66, 11.71, 11.91, 11.98, 11.99, 12.13, 12.27, 12.27, 12.56, 12.87, 13.04, 13.12, 13.14, 13.24, 13.3, 13.3, 13.42, 13.49, 13.67, 13.74, 13.92, 14.02, 14.04, 14.09, 14.19, 14.24, 14.35, 14.49, 14.53, 14.66, 14.69, 14.7, 14.8, 14.8, 14.9, 14.99, 15.08, 15.23, 15.32, 15.39, 15.42, 15.51, 15.6, 15.65, 15.73, 15.78, 15.84, 15.89, 15.97, 15.98, 15.99, 16.08, 16.09, 16.11, 16.18, 16.24, 16.37, 16.47, 16.55, 16.64, 16.7, 16.8, 16.77, 16.83, 16.89, 16.84, 16.87, 16.97, 16.99, 17.11, 17.14, 17.14, 17.26, 17.29, 17.34, 17.39, 17.36, 17.39, 17.44, 17.41, 17.45, 17.49, 17.52, 17.6, 17.61, 17.68, 17.72]}