{"train_loss": [2.3035651090817573, 2.303437243363796, 2.303348524753864, 2.303276303486946, 2.303184952491369, 2.3031295715234217, 2.3030690083136927, 2.3030157945094962, 2.302975271909665, 2.302931306912349, 2.302901829817356, 2.3028733974848037, 2.3028364976247153, 2.3028285851845376, 2.3028086491120168, 2.3028019666671753, 2.302777880277389, 2.302746757482871, 2.302751082029098, 2.3027468589635998, 2.302716018603398, 2.3027131624710866, 2.302709320263985, 2.302698299823663, 2.302699597676595, 2.30269708388891, 2.3027114097888655, 2.302685719269973, 2.302680082198901, 2.3026930949626823, 2.3026968833727715, 2.3026728434440416, 2.302677370951726, 2.302654007153633, 2.302671496073405, 2.302670367558797, 2.302677712073693, 2.302670709292094, 2.3026566401506083, 2.302663782926706, 2.302650440044892, 2.3026486091124707, 2.302651209708972, 2.302655812410208, 2.3026545769129045, 2.3026466326835826, 2.3026568027643055, 2.3026757717132567, 2.3026519243533796, 2.3026545017193527, 2.3026476450455493, 2.302650670516185, 2.3026651413012775, 2.302655899219024, 2.3026406997289413, 2.3026415409185947, 2.3026489477891188, 2.3026408005983403, 2.302652339446239, 2.3026516150205563, 2.3026572386423747, 2.3026594797770183, 2.3026464871871166, 2.3026353078010753, 2.3026430557935664, 2.302644568834549, 2.3026539399073673, 2.3026483113949117, 2.302639868320563, 2.3026524611008474, 2.302643547913967, 2.3026413721916, 2.302656247676947, 2.302649890459501, 2.302647452476697, 2.3026375538263566, 2.3026432171846047, 2.3026542119490796, 2.302641421709305, 2.302641738378085, 2.3026434800563713, 2.3026379811458098, 2.302635033314045, 2.302634159112588, 2.302631353109311, 2.3026269900493133, 2.302620526460501, 2.302623464510991, 2.3026346194438445, 2.302634933667305, 2.302629395020314, 2.302638012934954, 2.3026298706348127, 2.302641907105079, 2.302632790956742, 2.302647788096697, 2.302645105582017, 2.3026307521722256, 2.302633556952843, 2.3026291510997674], "test_loss": [2.2994959259033205, 2.2993422760009765, 2.2992027191162108, 2.2990775390625, 2.2989639770507813, 2.298859786987305, 2.2987651275634766, 2.2986797943115236, 2.298602017211914, 2.2985324645996092, 2.2984684692382813, 2.29841032409668, 2.298357553100586, 2.298308660888672, 2.298262387084961, 2.2982208374023436, 2.2981837158203127, 2.2981481384277345, 2.2981163848876953, 2.298085092163086, 2.2980567108154295, 2.2980305938720704, 2.2980065856933596, 2.297984552001953, 2.297962384033203, 2.297942254638672, 2.2979236145019533, 2.29790439453125, 2.297888754272461, 2.2978734771728515, 2.297859375, 2.2978447265625, 2.2978313812255857, 2.2978187438964843, 2.297806979370117, 2.2977961181640625, 2.2977851135253906, 2.2977754638671875, 2.2977651580810545, 2.2977559143066406, 2.297748147583008, 2.297738916015625, 2.2977299560546873, 2.2977207824707033, 2.2977142333984375, 2.297704864501953, 2.2976979248046874, 2.2976915435791017, 2.2976855712890627, 2.2976789764404297, 2.2976709106445314, 2.2976645111083984, 2.2976563690185547, 2.2976492584228514, 2.297643603515625, 2.297638067626953, 2.2976325958251955, 2.297628314208984, 2.2976225311279297, 2.2976169372558592, 2.297612673950195, 2.297606558227539, 2.297600329589844, 2.297595034790039, 2.2975902252197264, 2.2975857299804687, 2.297579733276367, 2.2975748016357422, 2.297569271850586, 2.2975629150390624, 2.297558187866211, 2.2975535583496094, 2.29754814453125, 2.297542736816406, 2.2975380889892576, 2.2975313751220705, 2.2975263366699217, 2.297522351074219, 2.297518487548828, 2.2975137634277343, 2.297509765625, 2.297508151245117, 2.2975017761230467, 2.2974988311767577, 2.2974950286865234, 2.2974898986816408, 2.2974844665527345, 2.2974778747558595, 2.2974729461669923, 2.2974666442871094, 2.2974633666992186, 2.297460321044922, 2.297456546020508, 2.2974531311035156, 2.29744850769043, 2.2974444946289063, 2.2974412017822265, 2.297436553955078, 2.297433544921875, 2.2974293884277346], "test_acc": [10.53, 10.51, 10.6, 10.62, 10.7, 10.73, 10.66, 10.6, 10.59, 10.6, 10.58, 10.51, 10.6, 10.66, 10.61, 10.74, 10.78, 10.85, 10.84, 10.9, 10.88, 10.99, 11.0, 11.06, 10.97, 11.04, 11.15, 11.23, 11.22, 11.23, 11.24, 11.33, 11.28, 11.28, 11.42, 11.4, 11.54, 11.53, 11.57, 11.67, 11.78, 11.92, 12.04, 12.14, 12.24, 12.39, 12.43, 12.43, 12.44, 12.45, 12.51, 12.53, 12.64, 12.62, 12.66, 12.7, 12.73, 12.77, 12.79, 12.78, 12.79, 12.85, 12.84, 12.82, 12.81, 12.78, 12.79, 12.78, 12.76, 12.77, 12.78, 12.77, 12.83, 12.87, 12.85, 12.88, 12.89, 12.89, 12.93, 12.91, 12.93, 12.94, 12.96, 12.95, 12.96, 12.96, 13.0, 12.97, 13.0, 13.01, 13.03, 13.04, 13.06, 13.09, 13.13, 13.13, 13.11, 13.11, 13.1, 13.08]}