{"train_loss": [2.303496283139938, 2.3031031785867153, 2.3027741181544767, 2.3024267392280775, 2.30209312072167, 2.3017367381315963, 2.301320893336565, 2.3008158463698165, 2.3003512474206778, 2.299755654579554, 2.2990554803457015, 2.298343692070399, 2.297495543039762, 2.296488168912056, 2.295445562631656, 2.294335925884736, 2.2930719467309806, 2.2917556793261795, 2.2903849717898246, 2.2890582653192375, 2.287638945457263, 2.2861591247411877, 2.284572793887212, 2.283008694037413, 2.281457535425822, 2.2799187941428944, 2.2782829608672706, 2.2767631756953706, 2.27503884939047, 2.2733001042635013, 2.271466659888243, 2.269822730162205, 2.2678690769733527, 2.2661356119009164, 2.264418213795393, 2.262680263397021, 2.2612199569359803, 2.2596036904897447, 2.2581336388221156, 2.2564080709066148, 2.254599400667044, 2.2537268284039618, 2.2524601765168017, 2.250918435439085, 2.2500464011461307, 2.2487291996295635, 2.2480985182982223, 2.2472006247593805, 2.246663774588169, 2.2452836324007084, 2.244221777182359, 2.243552599197779, 2.2424400225663796, 2.241642157236735, 2.2406373561956943, 2.240157368244269, 2.239316510542845, 2.23834615059388, 2.2372887446330143, 2.236527444766118, 2.2359460237698676, 2.2346874365439784, 2.2346236161696607, 2.2335194826126097, 2.2329575575315035, 2.232035497518686, 2.2308015377093584, 2.2301944995537784, 2.2299057618165627, 2.228645707399417, 2.2280623821111827, 2.2276228299507728, 2.2263676753410926, 2.2255523302616216, 2.2244392547851954, 2.2241373661236885, 2.2228830606509478, 2.22252033612667, 2.2214987577536167, 2.220944364865621, 2.2201565051690126, 2.2194026299012015, 2.218696811260321, 2.2173183746826957, 2.2165502389272054, 2.21562636081989, 2.2151959957220617, 2.214100802861727, 2.213779728229229, 2.213065327742161, 2.211493243926611, 2.2106930604347816, 2.2097983623162296, 2.2093780517578123, 2.2088676299804297, 2.20733240262056, 2.2070583661397296, 2.20611396814004, 2.204995354016622, 2.204403626001798], "test_loss": [2.2990640838623047, 2.298449188232422, 2.2978110290527343, 2.297132647705078, 2.296401809692383, 2.2955975555419923, 2.294697775268555, 2.293660873413086, 2.292457485961914, 2.291056750488281, 2.2894243743896485, 2.287512319946289, 2.285289926147461, 2.282691857910156, 2.279734078979492, 2.2763957122802734, 2.272703869628906, 2.2686873992919923, 2.264449087524414, 2.2600548797607423, 2.255575112915039, 2.251036407470703, 2.2463464080810547, 2.2414945526123047, 2.236748095703125, 2.231613330078125, 2.226569088745117, 2.2215950775146482, 2.216403048706055, 2.2106526947021483, 2.2048073822021483, 2.1993471282958983, 2.193592153930664, 2.1880721740722655, 2.1817660888671875, 2.175596060180664, 2.1699091918945315, 2.163982244873047, 2.1584253173828123, 2.1524852478027343, 2.1466446228027345, 2.141769271850586, 2.136979507446289, 2.131836459350586, 2.127340399169922, 2.122950033569336, 2.1187486114501954, 2.114580364990234, 2.111829248046875, 2.1082057861328125, 2.1043499816894533, 2.1018438720703125, 2.0987358245849608, 2.0950946105957033, 2.092047799682617, 2.0886050415039064, 2.0863088317871092, 2.0833923797607423, 2.0800571990966796, 2.076516439819336, 2.0742759872436523, 2.071399462890625, 2.0691748794555664, 2.066557810974121, 2.063663815307617, 2.0605933181762697, 2.058441711425781, 2.0549800552368165, 2.0522207565307617, 2.049760238647461, 2.047540594482422, 2.0452413421630857, 2.041273028564453, 2.037921142578125, 2.034821551513672, 2.0331210098266603, 2.029736701965332, 2.02729139251709, 2.023930487060547, 2.0218929962158203, 2.0186578887939453, 2.015878887939453, 2.013475694274902, 2.009936070251465, 2.0069621063232423, 2.0036947006225585, 2.001580389404297, 1.9988382095336914, 1.9956225112915038, 1.992302737426758, 1.9900828872680665, 1.987016535949707, 1.9842636260986328, 1.980802717590332, 1.9782096069335937, 1.9755116592407227, 1.9717765182495117, 1.9688227844238282, 1.9655820785522462, 1.9627713394165038], "test_acc": [10.62, 10.89, 11.23, 11.33, 11.88, 12.25, 12.84, 13.65, 14.67, 15.42, 16.15, 16.96, 17.54, 17.79, 17.84, 18.08, 18.31, 18.5, 18.92, 19.55, 19.79, 20.1, 20.54, 21.07, 21.65, 21.86, 22.31, 22.99, 23.26, 23.54, 23.85, 24.23, 24.53, 24.97, 25.21, 25.5, 25.84, 25.8, 25.96, 26.28, 26.38, 26.56, 26.82, 26.87, 27.04, 27.37, 27.42, 27.78, 27.77, 28.21, 28.26, 28.53, 28.62, 28.84, 29.4, 29.48, 29.46, 29.76, 29.97, 29.88, 30.32, 30.38, 30.65, 30.73, 30.88, 31.07, 31.02, 31.4, 31.65, 31.71, 31.89, 32.07, 32.28, 32.35, 32.45, 32.53, 32.99, 33.36, 33.81, 33.8, 33.98, 34.11, 34.32, 34.6, 34.58, 34.51, 34.91, 34.9, 35.03, 35.16, 35.31, 35.26, 35.42, 35.84, 35.88, 35.99, 35.96, 36.28, 36.43, 36.45]}