{"train_loss": [2.3036355947836853, 2.3033428748448688, 2.3032082771643614, 2.302988853821388, 2.302852290104597, 2.302608227118468, 2.3023977811519916, 2.3022503192608172, 2.302098874556713, 2.3019468075189833, 2.301679016993596, 2.301539857570942, 2.3013725066796327, 2.3011664684002215, 2.3009095821625145, 2.3007780105639726, 2.3005216769683057, 2.3002921850253375, 2.3000605094127167, 2.299798079026051, 2.2995905833366588, 2.299293472828009, 2.298955089617998, 2.298683113929553, 2.298368462538108, 2.2980504103195973, 2.2977718396064564, 2.297581290587401, 2.2972392338972827, 2.296903590666942, 2.2965495286843716, 2.2962334394454955, 2.295959146817525, 2.295590841464507, 2.295242499082516, 2.2949744530213185, 2.294624928939037, 2.2942875947707737, 2.2938435126573613, 2.2936186386988715, 2.2931959696305104, 2.2929075045463367, 2.2926359360034647, 2.2921188342265593, 2.2918735889288095, 2.2914517561594647, 2.2912015749857977, 2.290884694686303, 2.2905321347407805, 2.2903050844485944, 2.289721588599376, 2.2894947382119986, 2.289054479354467, 2.288738654210017, 2.2882841385327852, 2.288002495887952, 2.287755751609802, 2.287331817088983, 2.2870581895877153, 2.2866363115799735, 2.28649910229903, 2.2862271290559035, 2.2859027734169595, 2.2854929483853854, 2.285305852156419, 2.2847706372921284, 2.284510653446882, 2.2843841656660424, 2.284331119977511, 2.283612278180245, 2.283469555928157, 2.2835258000936265, 2.2831169122304673, 2.2829237210444915, 2.282491563528012, 2.2822417326462574, 2.282256117845193, 2.2820685936854437, 2.281601875867599, 2.2813306777905193, 2.281113378206889, 2.28095166805463, 2.280728966761858, 2.2805916737287473, 2.2803967041847035, 2.2802332419615525, 2.2802672771307138, 2.2796500542224982, 2.279788502668723, 2.2794956078896154, 2.2792408289053503, 2.2787322484529935, 2.2789207440156205, 2.2788551868536535, 2.278514546614427, 2.278514563731658, 2.2781927842360274, 2.2777686388064655, 2.2777328295585435, 2.2776475686293383], "test_loss": [2.2992253234863282, 2.2987936584472655, 2.2983650543212892, 2.297935562133789, 2.297499609375, 2.2970516723632812, 2.2965916900634764, 2.296110626220703, 2.2956043426513673, 2.295067691040039, 2.294487292480469, 2.2938604217529295, 2.2931825408935547, 2.2924577728271482, 2.291662857055664, 2.2908106475830077, 2.2898865325927735, 2.2889112670898437, 2.287873403930664, 2.286765704345703, 2.2856050659179687, 2.2843583068847657, 2.2830236907958983, 2.2816305084228516, 2.280179916381836, 2.278645608520508, 2.2770644165039062, 2.275478903198242, 2.2738665740966795, 2.2721620849609376, 2.270405227661133, 2.2686646240234376, 2.2669063110351564, 2.2651283203125, 2.2633264739990233, 2.2615072662353515, 2.2596462432861326, 2.2577816497802736, 2.255904455566406, 2.254001272583008, 2.252089437866211, 2.2502104278564454, 2.2484061981201173, 2.2463685791015626, 2.244436083984375, 2.24224892578125, 2.240343795776367, 2.2383880279541017, 2.2363950561523436, 2.234406216430664, 2.2322314361572264, 2.230332922363281, 2.228214276123047, 2.226099478149414, 2.2239680084228515, 2.222002523803711, 2.219915447998047, 2.217968228149414, 2.215751513671875, 2.213499380493164, 2.211656677246094, 2.2098200439453124, 2.2076028259277343, 2.2054158508300783, 2.2035931091308596, 2.20168698425293, 2.1993607177734376, 2.1974991180419923, 2.1956518615722658, 2.193826870727539, 2.1918157623291017, 2.190051614379883, 2.1881388671875, 2.186244448852539, 2.1845909606933596, 2.1829541290283205, 2.1815489654541014, 2.1795738525390624, 2.178180078125, 2.176299755859375, 2.1750376342773436, 2.173690084838867, 2.1720424407958983, 2.1704315643310546, 2.1696814727783202, 2.167584899902344, 2.166331768798828, 2.1648454162597655, 2.163875311279297, 2.162369778442383, 2.161424185180664, 2.160030667114258, 2.158615493774414, 2.1570861328125, 2.1560862396240235, 2.155406674194336, 2.1540079193115234, 2.1530348846435547, 2.1515485046386718, 2.1504367980957033], "test_acc": [10.64, 10.77, 10.93, 10.96, 11.12, 11.22, 11.45, 11.93, 12.29, 12.64, 13.17, 13.52, 14.12, 14.82, 15.27, 15.96, 16.43, 16.95, 17.29, 17.57, 17.72, 18.06, 18.18, 18.37, 18.52, 18.59, 18.72, 18.83, 19.16, 19.45, 19.68, 20.1, 20.33, 20.65, 20.93, 21.14, 21.42, 21.68, 21.8, 21.92, 22.14, 22.41, 22.74, 22.81, 23.12, 23.31, 23.65, 24.05, 24.2, 24.37, 24.43, 24.6, 24.9, 25.06, 25.19, 25.32, 25.54, 25.73, 25.97, 26.08, 26.36, 26.48, 26.54, 26.56, 26.72, 26.84, 26.93, 26.94, 27.13, 27.41, 27.64, 27.58, 27.73, 27.73, 27.8, 27.97, 28.26, 28.36, 28.53, 28.52, 28.65, 28.84, 28.74, 28.96, 29.08, 29.17, 29.29, 29.28, 29.47, 29.54, 29.48, 29.7, 29.89, 29.92, 30.04, 30.22, 30.16, 30.37, 30.55, 30.69]}