{"train_loss": [2.3034778332098935, 2.3033489826398017, 2.3031886467566856, 2.3030669456873185, 2.302950654885708, 2.3028105313961325, 2.3027549920937953, 2.3026260602168547, 2.3025318677608784, 2.302425882143852, 2.3023789185744064, 2.3022403362469794, 2.3022267683958395, 2.3021417116507505, 2.302070365807949, 2.3020067141606257, 2.3019306940910145, 2.301890482657995, 2.3017761218242154, 2.301728991361765, 2.301675824629955, 2.301504562451289, 2.3014458466798833, 2.3014027155362644, 2.301283122331668, 2.301275155483148, 2.3011192554082625, 2.30115538866092, 2.3010095577973586, 2.30090322188842, 2.3007780123979615, 2.300740820933611, 2.300687038592803, 2.300515108842116, 2.300523030452239, 2.3004184001531356, 2.3003692205135637, 2.300211623387459, 2.300158448708363, 2.3000373968711267, 2.299996235431769, 2.299747168712127, 2.299701584913792, 2.299621714078463, 2.2995566019645106, 2.2993835547031503, 2.299307719255105, 2.299147428610386, 2.2991862987860654, 2.29906745384901, 2.2989423990249636, 2.298914966827784, 2.298624447064522, 2.2985359619825316, 2.2984189773217225, 2.2984043286396907, 2.2983050321921326, 2.2982463207000343, 2.2981997343210074, 2.2979685147603353, 2.298009922565558, 2.2978427636317718, 2.2977282591355155, 2.297571593675858, 2.2975423580560927, 2.297404578404549, 2.2972579589256874, 2.2971398243537315, 2.2971246658227384, 2.2968854280618523, 2.296788095205258, 2.2967643450468014, 2.296775142351786, 2.296624579796424, 2.296456716610835, 2.2964107690713345, 2.296199816923875, 2.296120599599985, 2.2960777105429235, 2.295969294890379, 2.2959149525715756, 2.295820922117967, 2.2956103275983764, 2.2956418636517646, 2.295441722869873, 2.295459682513506, 2.2952112693053026, 2.2952998846005173, 2.2952256465569523, 2.2951008185362203, 2.2950831816746637, 2.2948698398394463, 2.294745447085454, 2.2947714035327618, 2.294761106906793, 2.294498817737286, 2.294468145492749, 2.294517621015891, 2.2944283583225347, 2.294246871654804], "test_loss": [2.2993357330322266, 2.2990197235107424, 2.298715548706055, 2.2984130004882815, 2.298117501831055, 2.2978218292236328, 2.297528326416016, 2.2972309967041014, 2.296938214111328, 2.296634353637695, 2.296325598144531, 2.296004150390625, 2.295676596069336, 2.2953391784667967, 2.2949804931640627, 2.294618035888672, 2.2942434844970703, 2.293853988647461, 2.29344973449707, 2.293030908203125, 2.2925868408203125, 2.292120623779297, 2.2916336669921873, 2.2911390533447267, 2.2906148223876954, 2.2900742889404295, 2.2895192932128907, 2.2889603942871095, 2.2883938537597657, 2.287788555908203, 2.2871443115234373, 2.2865117584228516, 2.285872830200195, 2.285208447265625, 2.2845485748291017, 2.2838517791748045, 2.283166229248047, 2.2824391815185545, 2.2816970458984374, 2.28094111328125, 2.2802038940429687, 2.279404379272461, 2.278636782836914, 2.2778314666748045, 2.2770323028564454, 2.2762051879882814, 2.2753835357666015, 2.274513043212891, 2.2737235107421876, 2.2728914184570312, 2.272044595336914, 2.2712241271972657, 2.2702875915527345, 2.2694049530029297, 2.26849873046875, 2.2676319213867187, 2.2667844512939452, 2.2659039459228514, 2.265046273803711, 2.264150134277344, 2.26328024597168, 2.2623454650878907, 2.2614419006347655, 2.260478793334961, 2.2596058685302736, 2.2586595336914064, 2.2577298309326173, 2.256765460205078, 2.255841748046875, 2.2548990631103516, 2.2540020141601564, 2.2530081481933593, 2.2521973907470705, 2.2512704132080077, 2.2503622497558595, 2.2494186950683592, 2.2483732452392577, 2.247463415527344, 2.2465881774902345, 2.245668893432617, 2.2448145080566406, 2.243879782104492, 2.242780471801758, 2.2419728424072267, 2.2410848754882813, 2.240157046508789, 2.239198385620117, 2.238273013305664, 2.237486798095703, 2.236578857421875, 2.235667501831055, 2.234809210205078, 2.2339141265869142, 2.2330482421875, 2.2322554290771484, 2.2313305755615236, 2.2306267669677733, 2.2298028198242186, 2.228882601928711, 2.228008712768555], "test_acc": [10.53, 10.74, 10.79, 10.93, 11.04, 11.24, 11.58, 11.87, 12.01, 12.3, 12.57, 12.74, 13.05, 13.41, 13.82, 14.3, 14.62, 14.9, 15.38, 15.76, 16.02, 16.2, 16.48, 16.74, 17.02, 17.22, 17.51, 17.57, 17.7, 17.78, 17.9, 17.98, 18.33, 18.5, 18.76, 18.89, 18.88, 19.0, 18.94, 18.98, 19.19, 19.35, 19.51, 19.59, 19.77, 19.91, 20.03, 20.2, 20.32, 20.4, 20.54, 20.8, 20.98, 21.14, 21.35, 21.49, 21.7, 21.78, 21.84, 22.02, 22.16, 22.47, 22.67, 22.73, 22.97, 23.07, 23.27, 23.42, 23.5, 23.68, 23.87, 24.01, 24.13, 24.17, 24.33, 24.37, 24.44, 24.61, 24.76, 24.85, 24.87, 25.05, 25.13, 25.1, 25.24, 25.4, 25.41, 25.39, 25.58, 25.55, 25.61, 25.74, 25.86, 25.98, 26.12, 26.04, 26.22, 26.25, 26.26, 26.26]}