{"train_loss": [2.303454631414169, 2.303224198023478, 2.3029154545221573, 2.3026841249221413, 2.302517726482489, 2.302290869370485, 2.302164618785565, 2.3018673591124705, 2.3016688738113795, 2.3014581081194754, 2.3012685916362665, 2.30092138388218, 2.3006914273286476, 2.3004053458189353, 2.300117213298113, 2.2997689063732443, 2.299458185220376, 2.29916473535391, 2.2988779929968026, 2.2983760363016374, 2.297978541789911, 2.2974923653480332, 2.297072272422986, 2.2967868297528, 2.296253498395284, 2.2957059358939147, 2.295245918860802, 2.294867548575768, 2.294338818085499, 2.2938557325265347, 2.2930952714039727, 2.292683811065478, 2.2922295289161876, 2.291789607512645, 2.291221501277043, 2.2905744577065494, 2.29001052685273, 2.28959641456604, 2.2889474832094634, 2.2884031576988026, 2.287673333363655, 2.2870102778459205, 2.2863317942007995, 2.285716515320998, 2.28531677478399, 2.284603259502313, 2.284308874912751, 2.2839347448104466, 2.283255177277785, 2.282793829991267, 2.282076317224747, 2.281430725562267, 2.281228807033637, 2.2803259128179305, 2.2796348504531077, 2.279652899962205, 2.2789840777715047, 2.2781643733000143, 2.2780227893438094, 2.277411719468924, 2.277205264262664, 2.2768919547398885, 2.2766470890778763, 2.27596688026037, 2.2759309420218834, 2.2756307516342553, 2.275093348821004, 2.2749646932650833, 2.2743747900693845, 2.274080299719786, 2.2736281737303123, 2.2731033459687846, 2.2733231000411203, 2.272913976204701, 2.2724288885410013, 2.2724240865462866, 2.2718678920696944, 2.2712867681796736, 2.2714630774962594, 2.271522074479323, 2.2707331131666133, 2.270742121720925, 2.2702305934368034, 2.2699345698723428, 2.269474278963529, 2.269575349489848, 2.268857327485696, 2.2685660258317606, 2.268627979205205, 2.267861991050916, 2.26820038771018, 2.2674417954224806, 2.2676450924995617, 2.267357423977974, 2.266684721677731, 2.266312496478741, 2.266566500908289, 2.2659014634596994, 2.2656052454923974, 2.265741676550645], "test_loss": [2.2991925872802734, 2.298725503540039, 2.2982624114990235, 2.2977893981933595, 2.2973163787841795, 2.296820928955078, 2.2963091522216796, 2.295742221069336, 2.295140090942383, 2.2944810180664064, 2.293777017211914, 2.2929920318603516, 2.2921356506347657, 2.2911758392333983, 2.2901424255371094, 2.288988677978516, 2.2877279754638673, 2.286398110961914, 2.284960760498047, 2.2834226287841797, 2.2817500946044924, 2.279914215087891, 2.278037872314453, 2.2760850677490234, 2.2740727752685546, 2.2719109497070313, 2.269678271484375, 2.267426629638672, 2.265155145263672, 2.262758917236328, 2.2602578125, 2.2579104858398438, 2.2554967315673826, 2.253047705078125, 2.250609994506836, 2.248068954467773, 2.24553483581543, 2.2430418395996092, 2.240339926147461, 2.2376024505615235, 2.2347826629638674, 2.232106677246094, 2.2292629333496095, 2.2264774353027343, 2.2237313385009765, 2.2205782989501954, 2.2182048400878904, 2.215357373046875, 2.2128748809814454, 2.2098653778076174, 2.2069038665771483, 2.2043667846679686, 2.2016344848632814, 2.1980508270263672, 2.194987939453125, 2.192881463623047, 2.190367123413086, 2.186862448120117, 2.1841197479248047, 2.1813699127197266, 2.179043780517578, 2.1761231048583984, 2.174573291015625, 2.171876647949219, 2.17112119140625, 2.1687039123535157, 2.1656436614990233, 2.163551010131836, 2.160967742919922, 2.159649645996094, 2.158233999633789, 2.1548441589355467, 2.153274365234375, 2.151760791015625, 2.1500526306152343, 2.1486039306640623, 2.146751257324219, 2.146840475463867, 2.14260869140625, 2.1426037017822264, 2.1405711212158205, 2.1393031036376953, 2.1373824096679686, 2.1365283142089844, 2.1357424865722656, 2.132703454589844, 2.130982635498047, 2.1292007873535157, 2.130453927612305, 2.1264834045410157, 2.1264991607666017, 2.124443899536133, 2.1239802124023437, 2.122148699951172, 2.120148294067383, 2.118634619140625, 2.1171336791992186, 2.1164252349853516, 2.1144824554443358, 2.112891311645508], "test_acc": [10.58, 10.8, 10.92, 11.31, 11.52, 12.18, 12.43, 12.83, 13.49, 13.95, 14.41, 14.85, 15.04, 15.51, 15.91, 16.43, 16.61, 16.99, 17.43, 17.58, 17.79, 17.94, 18.18, 18.47, 18.75, 19.09, 19.56, 19.9, 20.18, 20.7, 20.94, 21.08, 21.39, 21.65, 21.71, 21.95, 22.19, 22.52, 22.7, 22.84, 22.9, 23.28, 23.58, 23.88, 24.27, 24.49, 24.86, 25.08, 25.29, 25.31, 25.34, 25.69, 25.89, 25.96, 26.21, 26.2, 26.54, 26.63, 26.56, 26.84, 26.88, 26.9, 27.09, 27.16, 27.46, 27.28, 27.44, 27.53, 27.52, 27.94, 28.05, 28.23, 28.03, 28.19, 28.28, 28.49, 28.7, 28.78, 28.84, 29.05, 29.16, 29.29, 29.61, 29.76, 29.68, 29.85, 30.07, 30.55, 30.3, 30.83, 30.65, 30.78, 31.06, 31.23, 31.48, 31.56, 31.73, 31.6, 31.71, 32.19]}