{"train_loss": [2.3034866449160454, 2.303268603178171, 2.3030765667939797, 2.302840720078884, 2.302666703248635, 2.3025111406277388, 2.3023480458137318, 2.302192481358846, 2.301973789777511, 2.301830638983311, 2.3015896815520067, 2.301327754289676, 2.301155159412286, 2.3009188486979557, 2.3007264418479725, 2.3004571988032416, 2.300139889961634, 2.299882756746732, 2.2996180259264434, 2.299289339627975, 2.2989898962852284, 2.2985966499035175, 2.2982140296544786, 2.2978344593292626, 2.2974953510822393, 2.2970403756850803, 2.2966770795675426, 2.2962963721691034, 2.295800736011603, 2.2954514546272082, 2.2948547461094, 2.2944906613765617, 2.2939779587281057, 2.2936326570999928, 2.2930706855578302, 2.2926587037551096, 2.292189956934024, 2.2916634480158486, 2.2912150046764275, 2.2907445173997147, 2.290082746896988, 2.2896931593234724, 2.289255893536103, 2.2887265449915177, 2.2882927252696112, 2.287646594414344, 2.287279715904823, 2.286917718251546, 2.2862465393848908, 2.285862335180625, 2.285277121494978, 2.2848576735227537, 2.284352412590614, 2.2838506386830257, 2.283468719629141, 2.282990964865073, 2.2825167973836265, 2.282101170833294, 2.281640547972459, 2.2812966181681706, 2.280891172091166, 2.2805338193208744, 2.28020137823545, 2.2799180085842425, 2.2796204230724237, 2.2792338352936965, 2.2788495082121627, 2.2786848520621277, 2.2782026370366415, 2.277896417104281, 2.2776169728010127, 2.277495307188768, 2.277341566941677, 2.2769358561589166, 2.276688285363026, 2.2764095581494845, 2.276253196520683, 2.276094118142739, 2.27567813090789, 2.275507609049479, 2.275073446982946, 2.2751064862960426, 2.2748647102942834, 2.2744948601111385, 2.274399958512722, 2.274126276603112, 2.2737625941252095, 2.2736876383805886, 2.2733743557563195, 2.2733018190432817, 2.2730057404591486, 2.272630043518849, 2.2724353197293405, 2.2724308368487236, 2.2722611292814596, 2.2718092368199274, 2.271766650982392, 2.2714193814840073, 2.2711604595184327, 2.270884288274325], "test_loss": [2.2992230224609376, 2.2987818206787107, 2.2983429595947267, 2.2979047393798826, 2.2974576385498047, 2.2970009521484376, 2.296522021484375, 2.2960238159179687, 2.2954805236816407, 2.294908807373047, 2.2942875061035157, 2.2936076965332033, 2.292867025756836, 2.2920644317626953, 2.291180892944336, 2.290220892333984, 2.2891840759277344, 2.288061764526367, 2.286857015991211, 2.28555510559082, 2.284173727416992, 2.2826697845458983, 2.2810705474853514, 2.27936047668457, 2.2775831359863283, 2.275674887084961, 2.2737202392578126, 2.2717347595214843, 2.2696730346679685, 2.2675480743408203, 2.265292935180664, 2.2630927368164064, 2.260806478881836, 2.2585877716064453, 2.256338314819336, 2.254011834716797, 2.2517081817626954, 2.2493144592285157, 2.2469576171875, 2.2445010467529296, 2.2419526397705076, 2.2396073333740234, 2.237144821166992, 2.234629553222656, 2.232167785644531, 2.229439434814453, 2.226759664916992, 2.2242996368408203, 2.221660906982422, 2.219079901123047, 2.2165282043457033, 2.214028109741211, 2.211121334838867, 2.2083660369873046, 2.2058278717041016, 2.203164944458008, 2.200481634521484, 2.198138836669922, 2.1956367614746095, 2.1928098754882814, 2.190647085571289, 2.188357391357422, 2.186075051879883, 2.18367314453125, 2.181539959716797, 2.1792588989257813, 2.1768746337890623, 2.174780825805664, 2.1731402252197265, 2.171254345703125, 2.1692302856445314, 2.167514288330078, 2.1658811065673826, 2.164499548339844, 2.162207476806641, 2.161121401977539, 2.1595501922607423, 2.1575941467285156, 2.155829788208008, 2.1552189849853516, 2.1535703826904298, 2.1523926361083983, 2.1509779815673826, 2.1497498077392576, 2.1484696502685545, 2.1467357177734376, 2.1457100830078124, 2.1439795715332033, 2.1427687408447267, 2.141477005004883, 2.140383206176758, 2.1388867828369142, 2.1382358123779297, 2.136385125732422, 2.1355662078857423, 2.134397277832031, 2.1330896881103514, 2.131703497314453, 2.130458752441406, 2.1292943420410158], "test_acc": [10.56, 10.69, 10.88, 11.04, 11.16, 11.25, 11.44, 11.73, 12.08, 12.49, 13.07, 13.76, 14.54, 15.37, 15.98, 16.69, 17.63, 18.04, 18.61, 19.26, 19.29, 19.3, 19.45, 19.6, 19.51, 19.67, 19.83, 20.02, 20.2, 20.44, 20.57, 20.73, 20.79, 20.96, 21.24, 21.43, 21.57, 21.75, 22.21, 22.47, 22.72, 23.08, 23.46, 23.6, 23.78, 23.91, 24.18, 24.49, 24.59, 24.75, 24.9, 25.07, 25.07, 25.32, 25.45, 25.53, 25.7, 25.9, 25.98, 26.16, 26.24, 26.4, 26.59, 26.67, 26.81, 26.88, 26.82, 27.04, 27.12, 27.23, 27.44, 27.55, 27.65, 27.69, 27.69, 27.86, 27.86, 28.11, 28.28, 28.44, 28.66, 28.55, 28.61, 29.09, 28.88, 29.14, 29.36, 29.49, 29.51, 29.73, 29.88, 29.85, 30.35, 30.3, 30.46, 30.4, 30.54, 30.52, 30.55, 30.81]}