{"train_loss": [2.303536377197657, 2.303397581516168, 2.303315936602079, 2.303253250855666, 2.3031515298745573, 2.3031039574207406, 2.303042313380119, 2.3029880285263062, 2.302949697543413, 2.3029032603288306, 2.302877146769793, 2.302850025739425, 2.302806323613876, 2.3028085586352227, 2.3027886977562537, 2.302789744964013, 2.3027604488226086, 2.302717405099135, 2.3027332067489623, 2.3027321693224785, 2.3026870073416292, 2.3026879714085506, 2.302686416797149, 2.3026720371001805, 2.302677509112236, 2.3026763561444406, 2.302703834191347, 2.302663534726852, 2.3026566028594972, 2.302679804655222, 2.3026876834722665, 2.3026485229149842, 2.302658800589733, 2.302620364458133, 2.3026510312007025, 2.302649342096769, 2.3026627748440474, 2.302652953221248, 2.3026288112004596, 2.3026417603859533, 2.30262096172724, 2.3026180383486627, 2.302622707073505, 2.3026307258850487, 2.3026291040273814, 2.302615330158136, 2.3026342171889085, 2.3026648172965416, 2.30262642456935, 2.3026312760817698, 2.3026188514171504, 2.302624908471719, 2.302648538809556, 2.302633917026031, 2.3026086043088863, 2.3026109096331475, 2.302623043916164, 2.3026104107881205, 2.302627966954158, 2.3026275695898595, 2.3026390748146253, 2.302641086700635, 2.302619747626476, 2.3026006337923883, 2.3026151369779537, 2.3026171892117233, 2.302632159453172, 2.302623961522029, 2.3026104933176286, 2.302630554101406, 2.3026154505900847, 2.3026113259486665, 2.302637069653242, 2.302626851888803, 2.302623257270226, 2.3026057231120576, 2.302615316097553, 2.3026349996909117, 2.302614081211579, 2.302613775546734, 2.3026180835870598, 2.3026100776134393, 2.302602158448635, 2.302603286963243, 2.3025965653933014, 2.302590088966565, 2.3025786161422728, 2.302582544546861, 2.3026026768562122, 2.302602130938799, 2.3025952002941033, 2.302611190844805, 2.302595903323247, 2.3026159402651665, 2.3025998745209133, 2.302626053492228, 2.30262212569897, 2.302596303132864, 2.30260317447858, 2.3025940442696595], "test_loss": [2.2994906494140626, 2.2993304290771484, 2.2991838500976565, 2.299052072143555, 2.2989322143554687, 2.298820816040039, 2.298718685913086, 2.298626480102539, 2.2985422943115235, 2.2984668670654296, 2.298396002197266, 2.298331823730469, 2.2982726318359377, 2.2982174926757812, 2.298164471435547, 2.298115853881836, 2.2980730346679685, 2.298030194091797, 2.2979929565429686, 2.297954180908203, 2.2979181091308596, 2.297884362792969, 2.2978540740966795, 2.2978260040283205, 2.2977956970214843, 2.297768576049805, 2.2977428619384765, 2.2977162750244142, 2.2976947845458984, 2.29767326965332, 2.2976529083251953, 2.297631036376953, 2.2976105346679687, 2.297591049194336, 2.2975731536865234, 2.2975555877685547, 2.2975374114990235, 2.2975218170166016, 2.2975054656982423, 2.297489987182617, 2.2974765899658203, 2.297460321044922, 2.297444268798828, 2.297427716064453, 2.2974157318115234, 2.2973991973876955, 2.297385577392578, 2.2973726318359375, 2.2973607879638673, 2.2973477294921874, 2.297332208251953, 2.2973200256347655, 2.2973039794921877, 2.297289614868164, 2.2972765075683594, 2.2972646026611327, 2.297253091430664, 2.2972434661865235, 2.297229705810547, 2.2972176239013673, 2.297208071899414, 2.2971957275390626, 2.2971828674316406, 2.2971708984375, 2.2971597747802734, 2.297148895263672, 2.297136169433594, 2.2971254974365234, 2.2971130859375, 2.2971001251220704, 2.297089614868164, 2.297077926635742, 2.2970660430908203, 2.2970548889160156, 2.2970447540283203, 2.2970297088623046, 2.2970178131103514, 2.2970070526123045, 2.2969984466552735, 2.2969886810302733, 2.296979006958008, 2.2969736236572267, 2.2969592926025393, 2.296950933837891, 2.2969410125732423, 2.2969282012939454, 2.2969147186279297, 2.2969013580322266, 2.2968905822753904, 2.2968768524169922, 2.2968687469482423, 2.296861087036133, 2.2968505950927733, 2.296841027832031, 2.296830645751953, 2.296819482421875, 2.296812826538086, 2.296800323486328, 2.2967919555664063, 2.2967807220458982], "test_acc": [10.52, 10.56, 10.6, 10.69, 10.73, 10.7, 10.71, 10.66, 10.66, 10.63, 10.7, 10.71, 10.8, 10.84, 10.9, 11.0, 10.94, 11.07, 11.12, 11.05, 11.03, 11.13, 11.12, 11.11, 11.12, 11.28, 11.39, 11.6, 11.73, 11.84, 11.82, 11.86, 11.83, 11.79, 11.92, 11.89, 11.93, 11.94, 11.94, 12.0, 12.11, 12.17, 12.31, 12.41, 12.63, 12.67, 12.68, 12.7, 12.8, 12.83, 12.94, 12.93, 12.98, 13.02, 13.08, 13.09, 13.12, 13.21, 13.25, 13.31, 13.35, 13.37, 13.33, 13.41, 13.44, 13.53, 13.58, 13.57, 13.58, 13.62, 13.63, 13.67, 13.65, 13.65, 13.68, 13.68, 13.73, 13.82, 13.89, 13.92, 13.93, 13.9, 13.92, 13.93, 13.99, 14.01, 14.03, 14.06, 14.08, 14.1, 14.12, 14.13, 14.13, 14.14, 14.14, 14.17, 14.15, 14.19, 14.15, 14.22]}