{"train_loss": [2.303483675076411, 2.303069522441962, 2.302870277869396, 2.30254340110681, 2.302209961720002, 2.301914825806251, 2.3015411945489737, 2.301140415974152, 2.300729793768663, 2.300256222944993, 2.2996926124279318, 2.2990766525268556, 2.2984974940617877, 2.2976770743345605, 2.2968834913693943, 2.29602370262146, 2.2949937239671363, 2.2939880780684643, 2.2928991354428803, 2.2917813496711927, 2.290552182075305, 2.2892219635156486, 2.287898022700579, 2.2866292770092302, 2.28535108933082, 2.2839999076647635, 2.282729526055165, 2.281263514665457, 2.2797054468057096, 2.2783071713569836, 2.27671081775274, 2.2751912055871424, 2.273680329322815, 2.2720642285469252, 2.270531163460169, 2.2691899648079503, 2.2676582146913575, 2.2661186878497785, 2.2646620915486264, 2.2630815524321335, 2.2614235615118954, 2.2606186989026194, 2.259240356469766, 2.25757890970279, 2.256948429498917, 2.2557793464416114, 2.2549616605807574, 2.2541142084659676, 2.253373816074469, 2.2524996806413697, 2.251135889689128, 2.2503753007986607, 2.249828010950333, 2.249034692079593, 2.248065830499698, 2.2472729695148956, 2.2465666257418118, 2.2457954773536097, 2.244754991775904, 2.2437041484392606, 2.2434002845715253, 2.242470409319951, 2.2421004527654405, 2.2410881024140576, 2.2408483285170333, 2.239737288157145, 2.2388329126896003, 2.2386764868711815, 2.2377253874754293, 2.2372212905150195, 2.236248856324416, 2.2361141376006297, 2.2353265206019084, 2.2343474510388495, 2.2332689866041524, 2.233032809771024, 2.2318191620019765, 2.231602988487635, 2.2308261645145904, 2.2302060634661944, 2.2293197130545592, 2.228371867766747, 2.227992669129983, 2.226916265487671, 2.2261696375333346, 2.2251828022492237, 2.22510416385455, 2.2240397587800635, 2.223999453202272, 2.2225203838103855, 2.221768126120934, 2.220817815340482, 2.2204077867361214, 2.220229944204673, 2.219283746450375, 2.2183506812804783, 2.2180267835274723, 2.2167720415653327, 2.216083576740363, 2.215382213470263], "test_loss": [2.2990925537109375, 2.298513330078125, 2.2979175994873047, 2.297288882446289, 2.296624728393555, 2.295903079223633, 2.29511262512207, 2.2942146026611328, 2.2931889923095703, 2.2919983489990234, 2.2906434631347654, 2.289073571777344, 2.2872859619140624, 2.28520260925293, 2.282827700805664, 2.2801489807128905, 2.2771401336669923, 2.273829330444336, 2.2702739196777344, 2.266465170288086, 2.2624759857177734, 2.2583365386962893, 2.2541055084228514, 2.2497572357177735, 2.2454725494384764, 2.2408431396484376, 2.2363165435791017, 2.2316992889404297, 2.226939892578125, 2.2220734771728514, 2.2169341094970703, 2.211939700317383, 2.206727767944336, 2.201396859741211, 2.1961267303466796, 2.1908024597167968, 2.1854015625, 2.179443002319336, 2.1745423431396484, 2.1688587371826173, 2.16360280456543, 2.1580561492919923, 2.153046383666992, 2.147881494140625, 2.143084603881836, 2.138085028076172, 2.134429803466797, 2.130065542602539, 2.1265988708496093, 2.12322978515625, 2.119088821411133, 2.1167598663330076, 2.1130870544433593, 2.1097649322509766, 2.1069868896484376, 2.1030218017578126, 2.1007505554199217, 2.0984753784179686, 2.0949182983398438, 2.091364358520508, 2.088583203125, 2.0860790771484377, 2.0839631805419923, 2.081780224609375, 2.079171728515625, 2.075834158325195, 2.0740473571777343, 2.0710168975830077, 2.0678179565429686, 2.0658095993041994, 2.063300355529785, 2.0614223190307617, 2.0578066543579103, 2.055810516357422, 2.0527391021728514, 2.050197637939453, 2.0477937759399416, 2.045370556640625, 2.042037950134277, 2.040067822265625, 2.037428453063965, 2.033843533325195, 2.031554246520996, 2.029092784118652, 2.0262849670410157, 2.0226049377441404, 2.020522448730469, 2.0182139572143556, 2.0158649490356444, 2.0127574356079103, 2.0105297760009764, 2.0075157272338866, 2.004960917663574, 2.001847152709961, 1.9990796691894532, 1.9969389221191407, 1.993705906677246, 1.9907095123291016, 1.9880115478515625, 1.9857863388061523], "test_acc": [10.64, 10.77, 11.04, 11.3, 11.37, 11.75, 12.36, 12.87, 13.74, 14.64, 15.35, 16.13, 17.22, 17.74, 17.91, 18.25, 18.41, 18.65, 18.76, 19.2, 19.51, 19.92, 20.26, 20.56, 21.15, 21.24, 21.71, 22.22, 22.7, 23.24, 23.52, 23.88, 24.03, 24.48, 24.89, 25.11, 25.29, 25.52, 26.01, 25.86, 26.14, 26.3, 26.64, 26.84, 26.93, 27.02, 27.08, 27.32, 27.53, 27.63, 27.71, 28.11, 28.35, 28.23, 28.63, 28.76, 29.03, 29.11, 29.36, 29.62, 29.79, 29.7, 30.2, 30.2, 30.58, 30.61, 30.3, 31.06, 31.08, 30.95, 31.47, 31.28, 31.64, 31.73, 31.96, 32.0, 32.32, 32.58, 33.15, 33.13, 33.3, 33.25, 33.54, 33.9, 33.77, 34.08, 34.33, 34.43, 34.63, 34.92, 34.99, 35.25, 35.18, 35.26, 35.39, 35.46, 35.5, 35.81, 35.93, 36.03]}