{"train_loss": [2.3035213806690313, 2.303348088875795, 2.303231301063146, 2.303093399145664, 2.3029995325284127, 2.3028858887843597, 2.302784063265874, 2.3026859955909926, 2.3026052621694713, 2.302517722814511, 2.3024400619360117, 2.302348885780726, 2.302288466844803, 2.3021944247759305, 2.3021500220665563, 2.302084209368779, 2.302000406460884, 2.301937484741211, 2.3018732957350903, 2.3018065843826685, 2.301739791723398, 2.3016376049090654, 2.3015442200196095, 2.3014920558684913, 2.301431267689436, 2.3013474079278797, 2.301283074036623, 2.301233275120075, 2.3011432635478486, 2.3010735682952097, 2.3009846192139847, 2.30089158645043, 2.3008521874745687, 2.3007239231696497, 2.3006373325983684, 2.300554487032768, 2.3004887146827504, 2.3003926411653177, 2.3002844407008243, 2.3002373126836924, 2.3001100778579713, 2.3000038898908173, 2.299961451383737, 2.299804949760437, 2.299758153083997, 2.299657150415274, 2.2995880597676988, 2.2994987989083313, 2.2993349405435417, 2.299292037425897, 2.2991765743646866, 2.2990775994765453, 2.2989612860557362, 2.298870465083, 2.29877304541759, 2.298721245618967, 2.2985596222755236, 2.2985008105253564, 2.2983521785491554, 2.2982675864146307, 2.2981941192578046, 2.2980867171898867, 2.2980007789073844, 2.297853548710163, 2.2977746541683493, 2.2976348980879173, 2.297641060902522, 2.297493207760346, 2.297433237540416, 2.297255478761135, 2.2971816062927246, 2.297118967618698, 2.296975169426356, 2.296931521097819, 2.2968358088762333, 2.2967239294296657, 2.296601683054215, 2.2965305322255842, 2.2964287091524174, 2.2963047217100097, 2.2961910425088345, 2.296153505643209, 2.2960520738210435, 2.2959650803834966, 2.295857453957582, 2.2957140904206494, 2.2956300331996036, 2.295521443929428, 2.2954786740816555, 2.2953407666622065, 2.29528157772162, 2.2951557685167363, 2.295111944125249, 2.2950206524286516, 2.2949113075549787, 2.2948529958724975, 2.2947467180398795, 2.2946358809104335, 2.2946147337937965, 2.294495932261149], "test_loss": [2.299333059692383, 2.299012814331055, 2.29870341796875, 2.2984008880615234, 2.298104342651367, 2.2978107147216797, 2.2975202758789064, 2.297228845214844, 2.2969347961425783, 2.2966370422363283, 2.2963334930419923, 2.2960219665527344, 2.295703955078125, 2.295376126098633, 2.2950408782958984, 2.2946926422119143, 2.294332357788086, 2.2939576568603517, 2.2935689636230467, 2.293163491821289, 2.292747576904297, 2.292305960083008, 2.2918498779296876, 2.291376940917969, 2.2908944061279297, 2.290389239501953, 2.2898742950439455, 2.2893382232666015, 2.288782760620117, 2.2882141693115234, 2.287628060913086, 2.28702751159668, 2.286414044189453, 2.285779183959961, 2.2851379638671876, 2.2844754272460936, 2.283805740356445, 2.2831165252685546, 2.2824055450439453, 2.2816965881347655, 2.280964270019531, 2.28022001953125, 2.2794695556640625, 2.278693118286133, 2.2779259887695313, 2.2771387786865236, 2.2763519317626955, 2.2755531097412107, 2.2747399688720704, 2.2739330474853516, 2.2730971130371094, 2.2722665496826173, 2.271414208984375, 2.2705680480957033, 2.269726397705078, 2.2688901062011717, 2.2680030212402342, 2.2671442504882813, 2.2662385711669923, 2.265356164550781, 2.264467239379883, 2.2635692810058594, 2.2626961395263674, 2.26178486328125, 2.2608951843261718, 2.2600065002441405, 2.259138528442383, 2.2582265258789063, 2.2573525268554686, 2.2564337707519533, 2.255536944580078, 2.2546093719482423, 2.2537242950439453, 2.2528093658447266, 2.25190217590332, 2.250983215332031, 2.2500984008789064, 2.2491731536865234, 2.248256201171875, 2.2473321685791015, 2.246395635986328, 2.2454910736083984, 2.244529638671875, 2.243636993408203, 2.2427975341796875, 2.241842929077148, 2.240910198974609, 2.239968963623047, 2.2391042022705077, 2.2381758911132814, 2.2373864288330076, 2.236408871459961, 2.2355566009521484, 2.2346442810058593, 2.233770816040039, 2.2329149536132813, 2.232051092529297, 2.2311445831298826, 2.2302132629394533, 2.2293563049316405], "test_acc": [10.59, 10.67, 10.82, 10.96, 11.0, 11.12, 11.15, 11.41, 11.6, 11.67, 11.82, 11.97, 12.38, 12.56, 12.99, 13.35, 13.64, 14.27, 14.71, 15.11, 15.61, 15.96, 16.37, 16.75, 17.08, 17.53, 17.68, 17.96, 18.04, 18.29, 18.64, 18.92, 19.18, 19.4, 19.55, 19.57, 19.6, 19.67, 19.77, 19.86, 19.97, 20.1, 20.16, 20.33, 20.54, 20.67, 20.69, 20.77, 20.91, 21.04, 21.13, 21.22, 21.29, 21.38, 21.58, 21.75, 21.88, 22.05, 22.04, 22.13, 22.25, 22.39, 22.49, 22.61, 22.75, 22.95, 23.05, 23.27, 23.37, 23.51, 23.71, 23.75, 23.86, 23.86, 23.99, 24.13, 24.36, 24.43, 24.56, 24.78, 24.92, 25.04, 25.05, 25.11, 25.2, 25.27, 25.34, 25.41, 25.51, 25.57, 25.68, 25.7, 25.78, 25.98, 26.01, 26.11, 26.25, 26.28, 26.24, 26.36]}