{"train_loss": [2.3032768157812264, 2.302356570194929, 2.301471207080743, 2.3003522163782364, 2.2990126891013904, 2.2971713066101076, 2.2946707248687743, 2.2911759089200925, 2.28651937521421, 2.280225075208224, 2.272462386351365, 2.2639807083667853, 2.255385899543762, 2.246170135644766, 2.2363252486938086, 2.226256142518459, 2.2151061479861918, 2.2028705340165358, 2.190903692979079, 2.177775730842199, 2.165909367952591, 2.1534034160467295, 2.1430852993940697, 2.1341632555692622, 2.1257329690150724, 2.1171055861008474, 2.110828492580316, 2.1039554229149453, 2.097067139393244, 2.0909819807761756, 2.083753011776851, 2.079674005202758, 2.0727293766461887, 2.0688765696990186, 2.0621609333233955, 2.0573376854260763, 2.051508410466023, 2.0473643061442255, 2.0405112385749815, 2.0341558230228913, 2.028197730810214, 2.023992036550473, 2.0178075845424948, 2.01055384568679, 2.006252922767248, 1.9991546505536788, 1.9958720427293044, 1.9896805913020403, 1.9847274902539376, 1.978404487707676, 1.9727242005177033, 1.9668417774713955, 1.9633782704671223, 1.9577596160081716, 1.9526565420321929, 1.949036875137916, 1.9441343224965608, 1.9395517853590158, 1.9343536123251304, 1.9306291879751742, 1.9288243379348364, 1.9240507245063783, 1.9227299387638386, 1.9166651979470863, 1.9155186405548683, 1.9121000699507884, 1.907279541553595, 1.905150162256681, 1.9038415682621492, 1.8987446882785894, 1.8957069571201617, 1.895141668503101, 1.8933319421914907, 1.8889007595869212, 1.8861606252499117, 1.8845017475959582, 1.880462967738127, 1.8814536339197403, 1.876399848705683, 1.874658069243798, 1.8726178609407864, 1.8682314710739332, 1.8667739901787195, 1.8641300216699257, 1.8618636384988443, 1.8595713236393072, 1.8592095671555935, 1.8560164191784003, 1.8565662830303877, 1.8525583181625758, 1.847611663891719, 1.8478825349074144, 1.8456727373294342, 1.8449941011575552, 1.843458524422768, 1.8405815372100243, 1.8384468326201806, 1.8359537384448907, 1.8347008891594716, 1.8321299418424948], "test_loss": [2.2986863403320315, 2.297606915283203, 2.296363037109375, 2.294845083618164, 2.2928742645263673, 2.290207797241211, 2.2865380981445314, 2.281352960205078, 2.2740496368408203, 2.2642749633789063, 2.252547280883789, 2.2401129486083984, 2.227228088378906, 2.213822808837891, 2.199160775756836, 2.1836444488525393, 2.1669616577148436, 2.1491192962646486, 2.1301682861328124, 2.110475537109375, 2.0909701431274414, 2.072473011779785, 2.0557221893310547, 2.04096067199707, 2.0274631744384766, 2.015349612426758, 2.004012348937988, 1.9935239013671875, 1.9830155212402343, 1.9729678909301758, 1.9632893814086914, 1.9535304672241212, 1.9450414657592774, 1.936894987487793, 1.9270876556396483, 1.9178460708618164, 1.9094886138916016, 1.9017139907836913, 1.893180613708496, 1.8827509735107422, 1.8735527481079102, 1.8656807678222656, 1.8567003524780274, 1.8473551864624023, 1.836685025024414, 1.8281519577026366, 1.8193278564453126, 1.809728971862793, 1.8021348403930664, 1.7912635162353516, 1.7827163314819336, 1.776106428527832, 1.7676113616943359, 1.7586989044189454, 1.7509067016601563, 1.7441265838623048, 1.7347639236450196, 1.7284410049438477, 1.7201863555908203, 1.7135532043457031, 1.7090224456787109, 1.7014384841918946, 1.6991152786254884, 1.690515885925293, 1.6852322052001953, 1.6830436935424804, 1.675800001525879, 1.6690369064331054, 1.6668806900024413, 1.6587023559570313, 1.6564807250976563, 1.6521571975708007, 1.6459481491088868, 1.6425672988891602, 1.6394279342651368, 1.6342459381103516, 1.6308970916748047, 1.628470686340332, 1.623170622253418, 1.6209393264770509, 1.6137718719482421, 1.6107361206054687, 1.6053102340698242, 1.605218522644043, 1.6005274856567382, 1.5970088928222657, 1.595725424194336, 1.5906143661499024, 1.5855880737304688, 1.5846384857177735, 1.5802864486694337, 1.5761976028442384, 1.5755382553100585, 1.5729210693359374, 1.5679662139892578, 1.5660590042114257, 1.563927326965332, 1.5563323532104492, 1.5559781799316406, 1.555318376159668], "test_acc": [10.74, 11.33, 11.8, 12.54, 13.71, 15.04, 16.17, 16.7, 16.3, 16.5, 17.31, 18.27, 19.04, 20.46, 21.64, 22.49, 23.52, 24.44, 25.09, 25.2, 25.94, 26.21, 26.55, 27.02, 27.72, 27.91, 28.33, 28.66, 29.27, 29.53, 29.52, 30.17, 30.62, 30.8, 31.14, 31.57, 32.1, 32.63, 33.11, 33.61, 33.8, 34.66, 34.87, 34.79, 35.42, 35.59, 35.58, 36.45, 36.43, 37.26, 37.71, 37.63, 37.94, 37.95, 38.32, 38.36, 38.73, 38.63, 38.96, 39.33, 39.11, 39.78, 39.64, 40.07, 40.15, 40.22, 40.56, 40.81, 40.72, 40.93, 41.28, 41.66, 41.79, 41.77, 42.05, 42.07, 42.32, 42.45, 42.49, 42.68, 42.97, 42.99, 43.08, 43.28, 43.72, 43.53, 43.68, 43.94, 44.42, 44.5, 44.43, 44.6, 44.74, 45.03, 45.37, 45.53, 45.38, 45.55, 45.73, 45.61]}