{"train_loss": [2.3035936239438177, 2.303476166113829, 2.30337988841228, 2.30329779233688, 2.303216491601406, 2.3031528479013685, 2.3030930549670487, 2.3030406420047465, 2.302997778623532, 2.302956032141661, 2.302922936586233, 2.3028929190757945, 2.302862888116103, 2.302844516436259, 2.3028241444856694, 2.3028097446148212, 2.3027910648248135, 2.3027712222857355, 2.3027642977543366, 2.3027562068058893, 2.3027397351387218, 2.302732870517633, 2.3027267676133376, 2.302718981107076, 2.3027156004538902, 2.3027114764238017, 2.3027128433569883, 2.3027015313124046, 2.3026975087630444, 2.3026997028253016, 2.302699002241477, 2.3026898408547427, 2.3026894966761273, 2.3026804496080446, 2.302684852404472, 2.3026838009174053, 2.3026849642778053, 2.302681513933035, 2.302676296234131, 2.3026777897125634, 2.302672549394461, 2.3026712607114743, 2.3026716721363556, 2.3026725781269564, 2.302671634233915, 2.3026688746916943, 2.302671419045864, 2.302677453481234, 2.302668778712933, 2.302669170575264, 2.3026667717175604, 2.302667577450092, 2.3026718854904176, 2.302668707187359, 2.302663208888127, 2.302662999813373, 2.3026652323894012, 2.3026622619384374, 2.302666013668745, 2.3026654970951568, 2.30266641775767, 2.3026673170236442, 2.3026627247150127, 2.302658892900516, 2.30266111324995, 2.302661418914795, 2.3026644058716603, 2.3026621133853227, 2.3026590280043773, 2.302663216835413, 2.3026600250831017, 2.3026592230185483, 2.302663816549839, 2.3026613113207697, 2.302660330136617, 2.3026570576887866, 2.302658614745507, 2.302661821169731, 2.302657502125471, 2.302657689192356, 2.3026577008076203, 2.302655500632066, 2.302654962050609, 2.3026539735305005, 2.3026530681512294, 2.3026513448128334, 2.3026492131062044, 2.3026502597026335, 2.3026535773888615, 2.302653850041903, 2.3026512011503564, 2.302653766901065, 2.3026510348686804, 2.302654847731957, 2.302651894398225, 2.3026565625117374, 2.302655602724124, 2.30265058248471, 2.30265131241236, 2.30264975352165], "test_loss": [2.299501333618164, 2.2993540924072264, 2.299221453857422, 2.2991029266357423, 2.2989959686279295, 2.2988990173339845, 2.2988117462158204, 2.2987330017089844, 2.298662030029297, 2.2985985595703124, 2.2985410705566407, 2.2984892822265626, 2.298442297363281, 2.2983996795654296, 2.298360980224609, 2.2983261962890627, 2.2982951690673827, 2.2982667999267576, 2.298241375732422, 2.298217495727539, 2.2981959228515625, 2.2981765380859374, 2.2981589752197267, 2.298143054199219, 2.2981280792236327, 2.2981146240234374, 2.2981025390625, 2.2980909088134767, 2.298080859375, 2.2980717437744143, 2.2980635192871093, 2.2980553344726564, 2.298048358154297, 2.298041873168945, 2.298036196899414, 2.2980311401367186, 2.2980264373779296, 2.298022235107422, 2.298018328857422, 2.2980148010253907, 2.2980120025634765, 2.298008984375, 2.298006100463867, 2.298003485107422, 2.2980018005371092, 2.2979993469238282, 2.29799782409668, 2.297996697998047, 2.2979958099365234, 2.297994903564453, 2.2979934600830076, 2.2979924255371094, 2.2979911224365233, 2.2979902770996095, 2.2979897521972656, 2.2979893646240233, 2.2979891998291015, 2.297989273071289, 2.2979888916015625, 2.2979888244628905, 2.297988967895508, 2.2979887420654297, 2.2979884338378906, 2.297988262939453, 2.29798828125, 2.297988595581055, 2.297988439941406, 2.2979884826660157, 2.2979884857177733, 2.297988296508789, 2.2979885192871095, 2.2979888946533205, 2.2979888671875, 2.29798876953125, 2.2979888885498045, 2.29798850402832, 2.2979886627197263, 2.297989056396484, 2.2979895782470705, 2.297989822387695, 2.2979903625488283, 2.297991522216797, 2.2979911102294923, 2.297992123413086, 2.2979926239013673, 2.297992739868164, 2.297992886352539, 2.2979928161621093, 2.2979929595947266, 2.297992626953125, 2.2979930877685546, 2.297993862915039, 2.297994171142578, 2.2979946838378904, 2.2979949096679686, 2.2979949157714845, 2.2979953857421873, 2.2979954833984375, 2.2979957672119142, 2.2979962524414064], "test_acc": [10.53, 10.53, 10.57, 10.6, 10.65, 10.6, 10.56, 10.57, 10.5, 10.48, 10.49, 10.47, 10.51, 10.5, 10.5, 10.55, 10.5, 10.52, 10.49, 10.5, 10.57, 10.62, 10.78, 10.83, 10.81, 10.89, 10.95, 11.02, 11.04, 11.0, 11.13, 11.11, 11.15, 11.1, 11.19, 11.27, 11.36, 11.39, 11.42, 11.5, 11.6, 11.62, 11.68, 11.72, 11.8, 11.81, 11.91, 11.95, 11.96, 11.99, 12.03, 12.04, 12.05, 12.11, 12.14, 12.07, 12.11, 12.15, 12.11, 12.07, 12.07, 12.07, 12.05, 12.08, 12.06, 12.09, 12.07, 12.08, 12.13, 12.06, 12.03, 12.07, 12.06, 12.06, 12.04, 12.09, 12.12, 12.13, 12.13, 12.13, 12.14, 12.17, 12.18, 12.19, 12.19, 12.21, 12.2, 12.19, 12.14, 12.14, 12.18, 12.19, 12.19, 12.21, 12.2, 12.23, 12.22, 12.19, 12.19, 12.17]}