{"train_loss": [2.303426691202017, 2.3031628504777566, 2.3028075273220354, 2.302535518621787, 2.302335025102664, 2.302058567144932, 2.3018936120546782, 2.301517917559697, 2.3012527441367125, 2.3009605603340346, 2.300689428891891, 2.300222063064575, 2.29987581937741, 2.2994408283478176, 2.2990155482903507, 2.2984807424056224, 2.297978943433517, 2.2975199882800763, 2.2970362699948823, 2.2963122019400966, 2.295681236951779, 2.2948914485099987, 2.2942804293754775, 2.2937904253984107, 2.2930233356280203, 2.2921589331749157, 2.291439088185628, 2.2908253639172287, 2.290012514896882, 2.289274056752523, 2.2881480602117685, 2.287564403582842, 2.2868195111934955, 2.286147311406258, 2.285272579926711, 2.284307421170748, 2.283490086824466, 2.282844809996776, 2.2818533616188246, 2.281028184523949, 2.279955802819668, 2.2789754207317645, 2.278013577216711, 2.277164511802869, 2.2765685050915447, 2.275628341161288, 2.2752352934617264, 2.2747959363154875, 2.2739803130810077, 2.273337372755393, 2.2723404022363516, 2.2715427447588015, 2.2714062929153442, 2.270217142960964, 2.269270134583498, 2.269524807196397, 2.268629105274494, 2.2675934155782063, 2.267549141859397, 2.266794276237488, 2.266591018285507, 2.266297398469387, 2.266005196326818, 2.2651054944747533, 2.2651087699792325, 2.26471607929621, 2.2640556757266705, 2.2638642402795646, 2.2631576305780654, 2.262791613432077, 2.2620730124987087, 2.2613703868327995, 2.261800840573433, 2.2611916101895844, 2.2605524680553337, 2.2604653486838706, 2.25974048100985, 2.258898202578227, 2.259067584306766, 2.2592345207165447, 2.258157110825563, 2.258004765021495, 2.257379744603084, 2.25697816212972, 2.2562405268351235, 2.2563281658368233, 2.255436966358087, 2.2548413288898956, 2.254803450902303, 2.2538563043643265, 2.254105238425426, 2.253084634511899, 2.2532826527571066, 2.252837728842711, 2.2519678928913214, 2.251292610168457, 2.2515104330503024, 2.250539759489206, 2.250080414307423, 2.2503040711085003], "test_loss": [2.299150848388672, 2.2986394317626955, 2.298124200439453, 2.297591665649414, 2.2970538970947265, 2.296478076171875, 2.295871984863281, 2.295182308959961, 2.294435397338867, 2.293597409057617, 2.292675555419922, 2.291641616821289, 2.290482522583008, 2.2891602813720704, 2.2877310913085935, 2.2861011627197265, 2.2843003997802733, 2.2823778717041017, 2.2802894287109376, 2.27806875, 2.275651873779297, 2.2729999816894533, 2.270376675415039, 2.2676290435791016, 2.2648764617919923, 2.2619003143310548, 2.2588742462158202, 2.2558936798095703, 2.252905987548828, 2.2496588165283202, 2.246323587036133, 2.243322473144531, 2.240087368774414, 2.2368853607177734, 2.233636312866211, 2.2302377410888674, 2.226813720703125, 2.2235379943847655, 2.2198009185791014, 2.2159757049560547, 2.212175421142578, 2.208751205444336, 2.20491549987793, 2.201209576416016, 2.197695932006836, 2.1934062469482423, 2.190823907470703, 2.1871354949951174, 2.184369775390625, 2.180407775878906, 2.1767923736572268, 2.173864404296875, 2.1705751495361327, 2.1661323699951174, 2.162545541381836, 2.1606056243896483, 2.1579651702880858, 2.153687530517578, 2.1509913482666017, 2.1481284912109375, 2.1459434326171873, 2.142766177368164, 2.141820462036133, 2.1390260986328125, 2.1387984832763673, 2.1363766235351562, 2.1330393768310545, 2.130848748779297, 2.1279366302490232, 2.126850100708008, 2.125570263671875, 2.122092462158203, 2.120087796020508, 2.1182823852539063, 2.116824691772461, 2.1151538391113283, 2.112999313354492, 2.1136000854492187, 2.107945623779297, 2.108251904296875, 2.105596630859375, 2.1041589294433596, 2.101789959716797, 2.100888497924805, 2.0997632904052734, 2.0961895935058594, 2.0938320739746095, 2.091763705444336, 2.093644137573242, 2.0879517852783205, 2.088071987915039, 2.0854439971923826, 2.084764974975586, 2.0818390747070312, 2.079436373901367, 2.076956674194336, 2.074982986450195, 2.074014730834961, 2.0713299621582033, 2.069190802001953], "test_acc": [10.62, 10.92, 11.06, 11.36, 11.88, 12.28, 12.77, 13.28, 13.98, 14.45, 14.89, 15.21, 15.54, 16.12, 16.2, 16.7, 17.15, 17.24, 17.43, 17.8, 18.09, 18.45, 18.68, 19.11, 19.57, 20.05, 20.38, 20.81, 21.09, 21.23, 21.35, 21.78, 22.02, 22.37, 22.71, 22.91, 23.3, 23.56, 23.92, 24.4, 24.69, 24.85, 25.15, 25.19, 25.44, 25.49, 25.98, 26.01, 26.31, 26.38, 26.46, 26.62, 26.66, 26.67, 26.73, 26.87, 27.14, 27.31, 27.19, 27.31, 27.51, 27.48, 27.94, 28.09, 28.47, 28.44, 28.49, 28.58, 28.49, 28.76, 29.03, 29.41, 29.24, 29.31, 29.47, 29.61, 29.92, 29.82, 30.4, 30.41, 30.53, 30.6, 31.01, 31.26, 31.02, 31.12, 31.25, 31.69, 31.56, 32.12, 32.21, 32.27, 32.79, 32.9, 33.14, 33.24, 33.44, 33.74, 33.73, 34.12]}