{"train_loss": [2.3035804552909656, 2.3033974445783176, 2.303304514518151, 2.3031793563793865, 2.3030634329869195, 2.3029782949349817, 2.302875251036424, 2.302787616314032, 2.3027188246066754, 2.302647866958227, 2.302567594479292, 2.302497883943411, 2.3024543242576794, 2.3023880041562594, 2.302336101042919, 2.3022956542479687, 2.3022372007369993, 2.3021904413516703, 2.302131459651849, 2.30210708288046, 2.302045218149821, 2.3019817981964503, 2.3019200979134977, 2.3018854147348646, 2.3018490944153225, 2.301813143950242, 2.301750998619275, 2.301718211785341, 2.3016608666150997, 2.3016219860468157, 2.3015528911199326, 2.301508599672562, 2.3014809908011022, 2.3013849411255274, 2.3013294006005314, 2.301305191944807, 2.301253585326366, 2.301186895981813, 2.301127988252884, 2.3010881900787354, 2.3009886203668057, 2.3009609051239797, 2.3008992623060176, 2.300828043619792, 2.300792087041415, 2.3007118200644467, 2.3006888151168825, 2.300621567016993, 2.3005411294790417, 2.3005152268287463, 2.3004214195104744, 2.3003699901776438, 2.3003091335296633, 2.300240376056769, 2.300182492305071, 2.3001147514734512, 2.3000552330261623, 2.2999869028727216, 2.299911563213055, 2.2998390760177223, 2.2997977868104593, 2.299749325483273, 2.2996795739883034, 2.299567841260861, 2.2995376568574173, 2.2994530818401238, 2.2994062069134835, 2.2993334336158555, 2.299268232247768, 2.2992070723802613, 2.29913091476147, 2.299088942698943, 2.299016026961498, 2.2989496836295493, 2.298904362091651, 2.2988291434752637, 2.298730358099326, 2.2987161801411555, 2.2986364003939506, 2.2985650600531162, 2.2984687585097094, 2.298448612751105, 2.298362289942228, 2.2982992221147587, 2.298235923815996, 2.2981420651460307, 2.2981022058389127, 2.2980447347347552, 2.2980055937400232, 2.2978785906082546, 2.2978352571145084, 2.297738768504216, 2.2977069506278407, 2.297629894965734, 2.297577975346492, 2.297528464977558, 2.29746669561435, 2.2973278485811672, 2.297306700853201, 2.297266100614499], "test_loss": [2.299356607055664, 2.2990621704101564, 2.2987786407470705, 2.2985047698974608, 2.2982407196044923, 2.297980139160156, 2.2977276275634764, 2.297476123046875, 2.2972233459472657, 2.2969723907470705, 2.296717883300781, 2.2964613433837893, 2.296204534912109, 2.2959395965576173, 2.2956729888916017, 2.2953998474121096, 2.29511748046875, 2.2948342712402345, 2.2945432342529295, 2.294241766357422, 2.293931509399414, 2.2936101837158205, 2.2932808502197264, 2.2929423126220705, 2.2925913177490234, 2.2922301361083983, 2.2918640411376954, 2.291484182739258, 2.291093209838867, 2.2906964904785156, 2.290280212402344, 2.289861096191406, 2.289432177734375, 2.2889935241699217, 2.288549868774414, 2.288093698120117, 2.287633950805664, 2.287164404296875, 2.2866850830078125, 2.2861933197021482, 2.285691390991211, 2.285181051635742, 2.2846572021484377, 2.284126541137695, 2.283597174072266, 2.2830501068115234, 2.282507275390625, 2.2819527526855468, 2.2813854766845703, 2.280823571777344, 2.280236065673828, 2.279656982421875, 2.2790618438720704, 2.278464880371094, 2.2778626037597656, 2.2772535858154295, 2.2766427825927735, 2.276017565917969, 2.2753715209960936, 2.274727587890625, 2.2740849700927734, 2.273435192871094, 2.272790914916992, 2.2721217651367187, 2.2714575317382812, 2.270798220825195, 2.2701353271484375, 2.2694624908447265, 2.268786849975586, 2.268126040649414, 2.2674491302490236, 2.266772427368164, 2.2660902435302734, 2.2653994720458983, 2.2647198760986327, 2.264033825683594, 2.263339324951172, 2.2626566558837893, 2.2619624847412108, 2.2612767059326173, 2.260561737060547, 2.259873107910156, 2.259160824584961, 2.2584773712158204, 2.25781028137207, 2.2570772552490235, 2.256365673828125, 2.2556750427246093, 2.2549992950439455, 2.254291003417969, 2.253591357421875, 2.2528747100830078, 2.2521875579833983, 2.2514647064208986, 2.2507722625732423, 2.2500974090576173, 2.249419046020508, 2.2486925506591797, 2.2479627685546877, 2.247270184326172], "test_acc": [10.56, 10.62, 10.72, 10.9, 10.96, 11.02, 11.04, 11.1, 11.2, 11.46, 11.56, 11.67, 11.81, 12.13, 12.3, 12.85, 13.29, 13.54, 13.89, 14.32, 14.62, 15.25, 15.82, 16.22, 16.5, 16.88, 17.21, 17.46, 17.58, 17.9, 18.03, 18.21, 18.43, 18.63, 18.84, 18.88, 18.98, 19.1, 19.21, 19.28, 19.31, 19.46, 19.6, 19.76, 19.86, 20.06, 20.1, 20.22, 20.31, 20.49, 20.53, 20.7, 20.83, 20.87, 21.0, 21.06, 21.17, 21.15, 21.14, 21.31, 21.33, 21.37, 21.58, 21.65, 21.76, 21.94, 22.03, 22.17, 22.3, 22.45, 22.48, 22.55, 22.63, 22.62, 22.75, 22.85, 23.01, 23.21, 23.4, 23.62, 23.72, 23.84, 24.06, 24.21, 24.22, 24.27, 24.36, 24.48, 24.58, 24.78, 24.85, 24.81, 24.97, 25.14, 25.17, 25.18, 25.36, 25.54, 25.53, 25.62]}