{"train_loss": [2.3035288077134353, 2.3032797899001682, 2.303109260705801, 2.3029564411212236, 2.3028089706714336, 2.3026744866982485, 2.3025091843727306, 2.302273087012462, 2.302196506964855, 2.3020399698844325, 2.30183706956032, 2.3017001274304514, 2.301548023101611, 2.3013636741882717, 2.3012020428975424, 2.3010174732941846, 2.300847022350018, 2.3006539473166834, 2.3003974926777375, 2.30017831325531, 2.2999754979060247, 2.2997270602446336, 2.2994563830204497, 2.2992264466407972, 2.298953115634429, 2.2987331310908, 2.298415003067408, 2.2981692063502774, 2.297911122517708, 2.297625335668906, 2.2972633508535534, 2.29700984893701, 2.296726143665803, 2.2963846157758665, 2.2960284783289984, 2.2957139290296116, 2.2954662940441035, 2.2951453814139735, 2.294802058048737, 2.294414167526441, 2.2940625545306084, 2.293776969420604, 2.293422490511185, 2.293027924880003, 2.292717584585532, 2.2923786132763593, 2.2920844457088374, 2.2917324390166844, 2.2914308602993305, 2.291038682521918, 2.290640095564035, 2.29042966793745, 2.2899951494657076, 2.2895366503642154, 2.2892698703668057, 2.288927733592498, 2.288469030918219, 2.2881705864881856, 2.28783022073599, 2.2873750558266273, 2.287287852091667, 2.286633410820594, 2.286426714139107, 2.286075897094531, 2.2859564114839603, 2.2855195137170643, 2.2853486904731164, 2.2850576468003103, 2.2849633290217475, 2.284418235069666, 2.284190800251105, 2.2839469848535, 2.2836661430505605, 2.2835289625021127, 2.283210743390597, 2.283037869135539, 2.282729242398189, 2.2826570669809976, 2.2824146136259422, 2.2822043486130545, 2.281984524237804, 2.2817760002918734, 2.2816636537894226, 2.281333445891356, 2.2810730873010097, 2.280932969924731, 2.280697036400819, 2.280608107493474, 2.2804244273748155, 2.2801186818342942, 2.280127540612832, 2.2799840493079944, 2.279770989295764, 2.279476288648752, 2.2793589353561403, 2.2793470456049993, 2.2791419909550594, 2.278780627250671, 2.2786497244468102, 2.278521326872019], "test_loss": [2.2992486114501953, 2.2988357177734375, 2.2984305114746095, 2.2980258483886717, 2.2976151214599607, 2.2971925384521485, 2.296765234375, 2.2963193298339846, 2.295844583129883, 2.2953548645019533, 2.2948295989990233, 2.2942621337890623, 2.293661380004883, 2.2930080200195313, 2.2923211181640624, 2.2915767578125, 2.290771090698242, 2.289917755126953, 2.2890068939208983, 2.2880277038574217, 2.286992556762695, 2.2858993103027343, 2.284715982055664, 2.2834731201171876, 2.282160775756836, 2.280809063720703, 2.279372836303711, 2.2779054016113283, 2.2763787353515625, 2.2748096130371094, 2.2731686096191406, 2.2715313842773437, 2.2698499877929685, 2.268131002807617, 2.266386553955078, 2.2645981506347654, 2.2628444152832032, 2.261044683837891, 2.2592008758544924, 2.2573323577880857, 2.2554782989501954, 2.253647979736328, 2.2517661529541018, 2.2497359191894533, 2.2477823822021485, 2.245810388183594, 2.2438417022705077, 2.2417926940917967, 2.239867639160156, 2.2378587310791014, 2.2357793670654296, 2.2339753967285154, 2.2318618438720703, 2.2296991271972657, 2.2276191589355467, 2.2254223968505857, 2.223447802734375, 2.2213133087158203, 2.219108786010742, 2.2168936492919924, 2.214897769165039, 2.212657894897461, 2.210577355957031, 2.2084797393798827, 2.2063097106933593, 2.2045667175292967, 2.2025187408447264, 2.2004977569580078, 2.1984392120361327, 2.1966690185546875, 2.194925881958008, 2.192931823730469, 2.190994940185547, 2.189224008178711, 2.187767230224609, 2.1860342864990234, 2.184145916748047, 2.1825294647216795, 2.1808091552734377, 2.179502111816406, 2.1781389068603514, 2.176364483642578, 2.1750066833496096, 2.1736354309082033, 2.1725334838867187, 2.1705935119628905, 2.1694181610107424, 2.167975863647461, 2.167226092529297, 2.165671493530273, 2.1644221740722656, 2.1630616790771486, 2.1617685150146486, 2.1603344299316407, 2.1596714447021483, 2.15847412109375, 2.1576630889892576, 2.156739556884766, 2.155046563720703, 2.1540100830078126], "test_acc": [10.57, 10.75, 10.97, 11.06, 11.1, 11.25, 11.35, 11.61, 11.93, 12.2, 12.54, 13.02, 13.45, 14.0, 14.57, 15.21, 15.81, 16.51, 17.1, 17.72, 18.08, 18.56, 18.82, 18.95, 19.11, 19.14, 19.25, 19.56, 19.92, 20.11, 20.25, 20.45, 20.5, 20.81, 21.11, 21.12, 21.12, 21.21, 21.56, 21.78, 21.95, 22.09, 22.39, 22.41, 22.79, 23.04, 23.27, 23.55, 23.81, 23.88, 23.91, 24.26, 24.44, 24.61, 24.93, 24.89, 25.15, 25.33, 25.41, 25.57, 25.66, 25.8, 25.97, 26.18, 26.26, 26.51, 26.69, 26.78, 26.8, 27.04, 27.28, 27.33, 27.45, 27.55, 27.76, 27.82, 27.99, 28.08, 28.08, 28.23, 28.28, 28.26, 28.37, 28.51, 28.7, 28.59, 28.92, 28.9, 29.06, 29.18, 29.19, 29.39, 29.6, 29.69, 29.81, 29.92, 29.96, 30.0, 30.32, 30.31]}