{"train_loss": [2.303365715344747, 2.3030516838416073, 2.302886651112483, 2.3029281781269955, 2.302765089426285, 2.302612577340542, 2.302573443070436, 2.3024472248859893, 2.3022756356459397, 2.3021972313905374, 2.3021291078665316, 2.301918512124282, 2.301827517533914, 2.301724687600747, 2.3017978772138936, 2.301512926664108, 2.3014374977503067, 2.30126320031973, 2.301148193921798, 2.301080660942273, 2.3009563378798656, 2.3007673679253995, 2.3005186087045915, 2.3006262895388483, 2.3003927988883777, 2.3002349810722547, 2.300135374069214, 2.3000503961856547, 2.2998750533813084, 2.299666690826416, 2.2994798232347535, 2.299369956896855, 2.2993079307751776, 2.2990548097170316, 2.2989515775289293, 2.298785526935871, 2.298634539506374, 2.298320769652342, 2.298304626269218, 2.297845048782153, 2.2976936407578297, 2.297751439534701, 2.297344405223162, 2.297150403414017, 2.2969515372545293, 2.296849075953166, 2.29672837807582, 2.296443667167272, 2.2962699682284624, 2.2960513322781293, 2.2957663419919134, 2.295719863818242, 2.2953717225637194, 2.2951633765147283, 2.295131194897187, 2.2948764403661093, 2.29457964346959, 2.294382702387296, 2.2941425170653904, 2.293696066049429, 2.2937454596543922, 2.2936291651848033, 2.293194930981367, 2.292992294140351, 2.2929081146533674, 2.2924392260037934, 2.2923772897475807, 2.2920514644720615, 2.2920000223013073, 2.2917053143183392, 2.291661199545249, 2.2912370681762697, 2.2910695131008443, 2.29103757418119, 2.2906830047949764, 2.2906757752100626, 2.2904214021487115, 2.290395751977578, 2.2902252454024095, 2.289836421991006, 2.2898583852327787, 2.2896718978881836, 2.2896360519604806, 2.28937716117272, 2.2892595609029134, 2.289098592293568, 2.2889966163879785, 2.2892581713505282, 2.2887695752657375, 2.288561397943741, 2.288380505488469, 2.2884178473399235, 2.2882165896586883, 2.2880886169580315, 2.288107442855835, 2.2879735072453817, 2.2874971805474695, 2.287837158105312, 2.287814147044451, 2.287173360433334], "test_loss": [2.2993136138916017, 2.2989700469970704, 2.29863752746582, 2.298297116088867, 2.297966000366211, 2.297629635620117, 2.297289855957031, 2.296961117553711, 2.296607507324219, 2.296255026245117, 2.2958917541503907, 2.2954886505126955, 2.295078192138672, 2.2946334930419923, 2.2941788757324217, 2.293695635986328, 2.2931623291015626, 2.2926167877197265, 2.2920394744873045, 2.291437075805664, 2.290816217041016, 2.290136022949219, 2.289402035522461, 2.2886921966552736, 2.287939761352539, 2.287145623779297, 2.286324725341797, 2.285496334838867, 2.2846028533935545, 2.283656384277344, 2.2826852752685545, 2.2817089874267578, 2.2806928131103517, 2.2796242248535155, 2.278611001586914, 2.2774921112060547, 2.2763939544677734, 2.2752173095703125, 2.2740131896972655, 2.2727774658203126, 2.2715113830566405, 2.270356460571289, 2.2690507385253906, 2.2676910675048827, 2.266371697998047, 2.265018798828125, 2.2637244415283204, 2.2624759429931642, 2.2610550567626952, 2.2596713775634765, 2.258332046508789, 2.25707346496582, 2.2557720001220702, 2.254425134277344, 2.2531247161865235, 2.251610287475586, 2.250163003540039, 2.248698208618164, 2.247235095214844, 2.2457290740966798, 2.2443354522705077, 2.2428861419677735, 2.241453057861328, 2.2398321563720702, 2.23835068359375, 2.2369270812988282, 2.2353207763671876, 2.2337049865722656, 2.232427017211914, 2.230754702758789, 2.229358139038086, 2.227787384033203, 2.2262786651611326, 2.2251638275146486, 2.2236965179443358, 2.2225158935546876, 2.2208318603515624, 2.2196008361816406, 2.218232192993164, 2.2164990234375, 2.2155668365478514, 2.2145907958984377, 2.2126238006591796, 2.2114387817382815, 2.2108028076171875, 2.2093935791015626, 2.2077970642089846, 2.2070728057861326, 2.206034051513672, 2.2050971923828127, 2.203650927734375, 2.2025085510253906, 2.2008716094970704, 2.200558901977539, 2.1999573486328123, 2.1984712493896486, 2.197045959472656, 2.1967738159179686, 2.1955535278320313, 2.1946587921142577], "test_acc": [10.61, 10.7, 10.86, 10.98, 11.24, 11.38, 11.66, 11.91, 11.96, 12.16, 12.34, 12.56, 12.94, 13.23, 13.81, 14.29, 14.61, 15.14, 15.71, 16.42, 16.83, 17.09, 17.44, 17.64, 17.78, 17.91, 17.85, 17.88, 17.97, 18.1, 18.21, 18.28, 18.33, 18.34, 18.57, 18.79, 19.0, 19.21, 19.25, 19.54, 19.69, 19.87, 20.22, 20.53, 20.72, 20.99, 21.25, 21.71, 21.59, 21.67, 21.9, 22.27, 22.42, 22.7, 23.01, 23.15, 23.54, 23.66, 23.85, 24.07, 24.19, 24.36, 24.66, 24.81, 24.96, 25.22, 25.4, 25.56, 25.82, 25.91, 25.94, 26.08, 26.19, 26.49, 26.64, 26.87, 26.94, 27.12, 27.37, 27.41, 27.61, 27.82, 27.83, 27.86, 28.1, 28.22, 28.2, 28.34, 28.44, 28.64, 28.63, 28.61, 28.75, 28.81, 28.95, 28.99, 29.05, 29.23, 29.31, 29.52]}