{"train_loss": [2.3034949748944014, 2.3032971198742205, 2.3032197273694552, 2.3031080869527965, 2.303032002082238, 2.3030056305420703, 2.3029453840011205, 2.3028280398784537, 2.3028448917926885, 2.3027526323611918, 2.3026570356809177, 2.3026331381920055, 2.3026262142719367, 2.3025691228035168, 2.302609157562256, 2.302566347978054, 2.3024821189733653, 2.3023931906773494, 2.3024851206021433, 2.302384435213529, 2.302377580985045, 2.3023331807209897, 2.3023742076678153, 2.3023313173880946, 2.3022809762221117, 2.302296521113469, 2.302298362438495, 2.3022723815379997, 2.302260286991413, 2.3021947145462036, 2.302215600013733, 2.302255324828319, 2.3022288683133247, 2.3021860324419463, 2.3021119380608583, 2.302168784997402, 2.302177135149638, 2.302093626291324, 2.3021100649466884, 2.3020746231079103, 2.3020683575899175, 2.3020353421186788, 2.302037369287931, 2.3020809332529706, 2.302006615125216, 2.3019753083204613, 2.3019766037280744, 2.3019885955712733, 2.3019572930458265, 2.301984425691458, 2.301995606911488, 2.3019131409816254, 2.301956292299124, 2.301890210616283, 2.301871109008789, 2.3018171548843385, 2.301826826731364, 2.3018683335719965, 2.3017992875514888, 2.3017672618230183, 2.3018402533653455, 2.301841175250518, 2.3017108244773667, 2.3017371189899936, 2.301781763174595, 2.301739322222196, 2.3017150768866905, 2.301655496083773, 2.3017688298836734, 2.301700597542983, 2.301685962921534, 2.301633688731071, 2.3016500521928838, 2.3016280742791984, 2.3016225496927896, 2.301555639658219, 2.3015213636251595, 2.3015759211320144, 2.301498992015154, 2.301559733121823, 2.3014426439236373, 2.3015086840360595, 2.3014970284241896, 2.3015209735968174, 2.3014623024524785, 2.3014729787141848, 2.3014741053948033, 2.3014551309438853, 2.301435175920144, 2.3013522606629593, 2.3012765291409614, 2.301310307551653, 2.3014478023235614, 2.3013900212752514, 2.3013674607643715, 2.3013227071517552, 2.3012567569047975, 2.3012937233998225, 2.3012200612288254, 2.30122324747917], "test_loss": [2.2994051147460937, 2.2991665740966796, 2.298940414428711, 2.298721237182617, 2.298514581298828, 2.298321484375, 2.2981332763671873, 2.2979551696777345, 2.297772622680664, 2.2976071075439455, 2.297440005493164, 2.2972756896972655, 2.2971148681640625, 2.2969485961914065, 2.296793768310547, 2.296635092163086, 2.2964820037841798, 2.296320523071289, 2.296167221069336, 2.296007238769531, 2.2958543884277343, 2.295700347900391, 2.295550067138672, 2.2953920318603513, 2.295239929199219, 2.295089581298828, 2.294934484863281, 2.29477412109375, 2.2946202850341795, 2.294457955932617, 2.2942825622558596, 2.2941244079589844, 2.293953219604492, 2.2937888763427736, 2.2936222595214844, 2.293453207397461, 2.2932821502685545, 2.2931123779296874, 2.292941329956055, 2.2927568115234376, 2.292578240966797, 2.2924004974365233, 2.2922148864746092, 2.292040432739258, 2.291857275390625, 2.2916680847167967, 2.2914829040527342, 2.291292678833008, 2.2911065307617187, 2.290910073852539, 2.2907331573486327, 2.290538641357422, 2.290349377441406, 2.2901453887939454, 2.289942282104492, 2.2897385833740236, 2.2895331634521483, 2.2893250915527346, 2.2891184967041016, 2.2889192962646483, 2.2887160919189453, 2.2885078033447264, 2.2882919830322264, 2.2880803771972658, 2.287870977783203, 2.2876695251464843, 2.2874576751708986, 2.287242144775391, 2.2870398651123045, 2.2868340423583984, 2.286616583251953, 2.286374752807617, 2.2861541290283203, 2.2859298797607424, 2.285712808227539, 2.285474053955078, 2.2852418853759766, 2.285005535888672, 2.2847771392822267, 2.284571954345703, 2.284323336791992, 2.284099917602539, 2.2838651397705076, 2.283626040649414, 2.2833950103759766, 2.283182992553711, 2.2829586975097658, 2.2827288452148435, 2.2824771087646485, 2.2822225036621093, 2.28193935546875, 2.2816932220458983, 2.2814649780273437, 2.281234069824219, 2.281006106567383, 2.280781838989258, 2.2805473358154296, 2.2803024841308592, 2.2800231781005857, 2.279762176513672], "test_acc": [10.62, 10.74, 10.89, 10.99, 11.2, 11.42, 11.61, 11.76, 11.84, 11.95, 12.06, 12.05, 11.91, 11.95, 11.93, 11.97, 12.2, 12.24, 12.22, 12.34, 12.3, 12.42, 12.66, 12.7, 12.8, 12.97, 13.0, 13.14, 13.38, 13.49, 13.51, 13.67, 13.95, 14.05, 14.12, 14.31, 14.41, 14.65, 14.69, 14.98, 15.05, 15.19, 15.19, 15.28, 15.33, 15.38, 15.45, 15.47, 15.61, 15.67, 15.86, 16.04, 16.23, 16.37, 16.51, 16.67, 16.82, 16.95, 17.05, 17.15, 17.26, 17.29, 17.41, 17.57, 17.67, 17.69, 17.79, 17.88, 17.95, 18.08, 18.21, 18.27, 18.26, 18.36, 18.53, 18.67, 18.74, 18.84, 18.93, 19.09, 19.17, 19.26, 19.36, 19.39, 19.53, 19.66, 19.67, 19.76, 19.81, 19.83, 19.97, 20.03, 19.96, 20.08, 20.17, 20.3, 20.36, 20.49, 20.57, 20.66]}