{"train_loss": [2.303324693899888, 2.3029207822604056, 2.3026274907283293, 2.30224143969707, 2.3019210680937157, 2.301498163663424, 2.3010563269639626, 2.3005287488301596, 2.29998168028318, 2.299305467116527, 2.298548873876914, 2.297647438905178, 2.2967090184871966, 2.2955300190509895, 2.2944246689478556, 2.2930911767177093, 2.2916463766342554, 2.2900264091980764, 2.288535294777308, 2.2869399052399855, 2.285375173886617, 2.2833740105995766, 2.2816908487906824, 2.279901535083086, 2.278366661683107, 2.2764186241687874, 2.2746253038064026, 2.272812531544612, 2.2706954858241937, 2.26874491190299, 2.266757777409676, 2.264883691836626, 2.2627102234424687, 2.2606432725221683, 2.258850981638982, 2.257132453796191, 2.255430262516706, 2.2537670948566535, 2.251989908096118, 2.250398596127828, 2.248720776729095, 2.2476435936414276, 2.2465663977158377, 2.244618517924578, 2.244139889570383, 2.24287844988016, 2.241853515918438, 2.2411344839976386, 2.239927584085709, 2.2388647825289993, 2.2377663037715814, 2.2365370970505936, 2.2356166815146423, 2.2345544442152367, 2.23369538967426, 2.2331242854778584, 2.231550249075278, 2.231164582570394, 2.2296331466772616, 2.229001171160967, 2.228127871415554, 2.2269834053822053, 2.2266599722397635, 2.224943453226334, 2.224738808778616, 2.2233467982365536, 2.222800222421304, 2.2218829839657515, 2.221101060280433, 2.2202563114655325, 2.218660839398702, 2.2181930211874157, 2.2174148993614393, 2.216588368171301, 2.215062874402755, 2.2144232493180493, 2.213844565856151, 2.212705676372235, 2.2114808895649056, 2.210113730186071, 2.2097755982325626, 2.2092331629533035, 2.2085263362297645, 2.207234701743493, 2.2056540470856887, 2.2049904419825626, 2.203989216608879, 2.202677517059522, 2.202740086041964, 2.2017114058519023, 2.199879400546734, 2.1990091922955637, 2.198240420757196, 2.197640853661757, 2.196843003615355, 2.1955340813367794, 2.194443071194184, 2.193587704193898, 2.193124422048911, 2.1924406858590935], "test_loss": [2.299052508544922, 2.2984229064941406, 2.297764190673828, 2.2970581634521485, 2.296296484375, 2.295443426513672, 2.2944808380126953, 2.2933559326171875, 2.292045913696289, 2.2905080444335937, 2.2886831176757814, 2.2865414459228517, 2.2840315338134767, 2.28108671875, 2.277730157470703, 2.2739483581542967, 2.2697785247802735, 2.265237213134766, 2.2605477355957033, 2.2557675659179686, 2.2508822845458982, 2.245818536376953, 2.2408038055419923, 2.235380010986328, 2.230479254150391, 2.224792837524414, 2.2190244018554686, 2.213363653564453, 2.2078541442871096, 2.2014312072753905, 2.19511491394043, 2.1888047790527345, 2.182593896484375, 2.176421282958984, 2.1693226135253907, 2.1632102142333984, 2.156756295776367, 2.1502026458740233, 2.1446733032226564, 2.138916632080078, 2.1332544342041015, 2.1279300537109376, 2.122864028930664, 2.1179122436523437, 2.1140618072509767, 2.1084932220458983, 2.105694635009766, 2.101702276611328, 2.098244128417969, 2.096498278808594, 2.0912998809814454, 2.0892027130126953, 2.0851961181640624, 2.081122927856445, 2.078808688354492, 2.0752067779541017, 2.0716493759155274, 2.0693886123657226, 2.0659767486572265, 2.0620872451782226, 2.0595367553710937, 2.0564692138671874, 2.0537410903930664, 2.050779751586914, 2.0476328964233397, 2.0441596893310545, 2.042120524597168, 2.038124821472168, 2.0354970123291016, 2.0329116943359375, 2.02891875, 2.0258772079467775, 2.023168701171875, 2.0196181533813475, 2.016849703979492, 2.0144118057250977, 2.01091222076416, 2.007356182861328, 2.003838162231445, 2.0010883819580076, 1.9979859130859374, 1.9939314758300781, 1.9916148376464844, 1.9890056503295899, 1.9851733474731446, 1.9819057006835938, 1.9771097351074218, 1.9754227752685547, 1.9722195587158202, 1.9687562454223633, 1.9669303802490234, 1.9616830871582032, 1.9595109176635743, 1.9562447692871094, 1.9534022796630859, 1.949734913635254, 1.9467190872192384, 1.9427487091064453, 1.9399754455566407, 1.938732292175293], "test_acc": [10.67, 10.93, 11.19, 11.34, 11.81, 12.19, 12.65, 13.47, 14.41, 15.19, 15.85, 16.6, 17.11, 17.47, 17.76, 18.13, 18.32, 18.84, 19.24, 19.7, 20.17, 20.77, 21.16, 21.5, 22.19, 22.33, 22.65, 23.09, 23.84, 24.1, 24.39, 24.62, 24.98, 25.29, 25.42, 25.68, 25.81, 25.81, 26.15, 26.35, 26.54, 26.74, 27.05, 27.13, 27.4, 27.19, 27.59, 27.63, 28.05, 28.5, 28.48, 28.67, 28.97, 29.08, 29.49, 29.4, 29.76, 30.07, 30.07, 30.27, 30.49, 30.66, 30.94, 31.0, 31.3, 31.44, 31.37, 31.6, 31.94, 31.98, 32.44, 32.57, 32.82, 32.87, 33.12, 33.09, 33.63, 33.87, 34.06, 34.37, 34.42, 34.67, 34.71, 35.16, 35.08, 35.03, 35.44, 35.39, 35.61, 35.96, 36.1, 36.07, 36.15, 36.42, 36.53, 36.62, 36.47, 36.68, 36.65, 36.74]}