{"train_loss": [2.3035479618952825, 2.303393383515187, 2.3033095359802247, 2.3032134160017357, 2.3031407392941987, 2.3030985844440948, 2.3030424191401555, 2.3029580580882536, 2.302951960074596, 2.3028841715592603, 2.3028205816562357, 2.302796739186996, 2.3027840950550176, 2.302746540460831, 2.3027607740500033, 2.3027337844555196, 2.3026841102502287, 2.3026361557153554, 2.302680046741779, 2.3026274137007885, 2.3026198723377327, 2.3025970245018983, 2.302617361606696, 2.3025984635719885, 2.3025691124109122, 2.302577435053312, 2.3025797116450772, 2.302571883568397, 2.3025642798497126, 2.302535579754756, 2.302551882694929, 2.302568815304683, 2.302563995581407, 2.302537753031804, 2.3025050737918953, 2.302539459252969, 2.302545383037665, 2.302501918719365, 2.302515855202308, 2.302508623783405, 2.3025000780056684, 2.3024900185756194, 2.302495809090443, 2.302514463204604, 2.3024850551898663, 2.302476873764625, 2.302482862961598, 2.3024932029919745, 2.3024780090038592, 2.302494873144688, 2.302497596007127, 2.3024624592218643, 2.302489930544144, 2.3024683096469976, 2.3024623687450703, 2.302435186581734, 2.302446853808868, 2.3024716823528975, 2.3024432371824215, 2.302419927181342, 2.302467103493519, 2.302475810662294, 2.302411770209288, 2.3024360314393655, 2.302453808295421, 2.3024356450790013, 2.302428059088878, 2.302408238557669, 2.3024610763941054, 2.3024313890016996, 2.3024325230182745, 2.302422436689719, 2.3024262244884786, 2.3024154803691768, 2.3024165612000687, 2.3023974381960355, 2.3023867332018337, 2.302416950617081, 2.302378129347777, 2.302401797588055, 2.3023751142697457, 2.3024028784189468, 2.302399584574577, 2.302420496329283, 2.3023885011672975, 2.302394591233669, 2.30239042807848, 2.302389063590612, 2.302398739105616, 2.302357118557661, 2.302344556955191, 2.302349417637556, 2.3024033271349396, 2.3023849395605236, 2.3023920627740715, 2.302357014020284, 2.3023355716314073, 2.3023662860576923, 2.3023485195942412, 2.302331164555672], "test_loss": [2.2994500732421876, 2.2992547668457033, 2.299072689819336, 2.298902066040039, 2.2987434783935545, 2.298598159790039, 2.298459326171875, 2.2983307037353518, 2.2982041900634766, 2.298090219116211, 2.2979797058105467, 2.2978729309082033, 2.297772198486328, 2.2976715270996095, 2.2975778869628907, 2.2974856231689453, 2.2973961639404297, 2.2973074127197264, 2.29722477722168, 2.2971401336669923, 2.297062542724609, 2.296982763671875, 2.2969090240478516, 2.2968328918457033, 2.2967603210449217, 2.2966909606933594, 2.2966231048583983, 2.296554458618164, 2.296489337158203, 2.2964176635742186, 2.296344714355469, 2.2962818237304687, 2.2962126068115234, 2.2961486358642578, 2.2960830047607423, 2.296018051147461, 2.295956814575195, 2.2958939514160157, 2.2958285095214843, 2.295759954833984, 2.2956968170166014, 2.2956332366943357, 2.295566470336914, 2.2955067596435548, 2.295444607543945, 2.2953784454345705, 2.2953147064208985, 2.2952485107421876, 2.2951848236083983, 2.295122235107422, 2.2950622955322264, 2.2950002685546873, 2.294937741088867, 2.294872772216797, 2.2948093811035157, 2.2947440704345703, 2.2946782653808593, 2.294615090942383, 2.294547317504883, 2.2944900115966798, 2.29442926940918, 2.294367742919922, 2.294302426147461, 2.294234451293945, 2.2941691192626954, 2.2941061920166015, 2.2940438842773436, 2.2939771240234377, 2.2939138153076173, 2.2938519012451173, 2.2937877319335938, 2.293719204711914, 2.2936551849365236, 2.2935895263671875, 2.2935271270751953, 2.29346064453125, 2.2933912017822267, 2.293324563598633, 2.293254541015625, 2.2931932189941406, 2.2931218566894533, 2.2930547912597654, 2.2929889068603515, 2.2929205169677735, 2.2928532379150393, 2.2927887298583984, 2.292727798461914, 2.2926639068603514, 2.2925963745117186, 2.292526885986328, 2.2924535369873045, 2.2923858947753906, 2.292327587890625, 2.2922650482177733, 2.292194650268555, 2.29213049621582, 2.2920630767822265, 2.2919973358154295, 2.291926379394531, 2.2918590545654296], "test_acc": [10.58, 10.62, 10.74, 10.8, 10.84, 10.88, 10.99, 11.17, 11.27, 11.39, 11.51, 11.44, 11.54, 11.58, 11.71, 11.64, 11.75, 11.77, 11.78, 11.77, 11.83, 11.82, 11.92, 12.09, 12.14, 12.29, 12.44, 12.55, 12.64, 12.62, 12.82, 12.96, 13.16, 13.38, 13.48, 13.59, 13.75, 13.8, 13.84, 13.96, 14.06, 14.19, 14.27, 14.38, 14.46, 14.54, 14.67, 14.79, 14.87, 14.91, 15.03, 15.11, 15.24, 15.23, 15.29, 15.38, 15.5, 15.56, 15.64, 15.71, 15.82, 15.87, 15.96, 16.05, 16.05, 16.12, 16.21, 16.28, 16.41, 16.5, 16.54, 16.52, 16.59, 16.69, 16.76, 16.76, 16.76, 16.77, 16.83, 16.94, 16.98, 17.09, 17.14, 17.16, 17.31, 17.33, 17.41, 17.48, 17.55, 17.63, 17.66, 17.71, 17.69, 17.81, 17.8, 17.82, 17.85, 17.91, 17.91, 17.96]}