{"train_loss": [2.3033601944263165, 2.3027317358897283, 2.302081606326959, 2.301390700462537, 2.3005445828804603, 2.299584878407992, 2.2982460633302346, 2.2965652673672405, 2.2945236597305687, 2.29194819132487, 2.288656968948169, 2.284647792424911, 2.280126528862195, 2.275327675159161, 2.270463182987311, 2.265585318589822, 2.26036148132422, 2.254839176398057, 2.2492046741338876, 2.243446814096891, 2.237500724425683, 2.23042698212159, 2.224088928027031, 2.2175521502128013, 2.2109213211597543, 2.2048339299666577, 2.199526846714509, 2.194516024222741, 2.189541204770406, 2.1849358833753145, 2.1806056193816357, 2.178009120011941, 2.173752285272647, 2.170896480633662, 2.166305980926905, 2.1641422118896094, 2.160802666957562, 2.1578044738525, 2.1544538479584916, 2.150739635565342, 2.1472564599452872, 2.145214538085155, 2.142250116666158, 2.13799092341692, 2.1360488249705387, 2.1321887548153216, 2.130742095066951, 2.1280593927089986, 2.124767117622571, 2.121562776198754, 2.1181750615437824, 2.1145844135528957, 2.1131982375413942, 2.1097212938161998, 2.106323761206407, 2.1034625573035997, 2.1007257198676084, 2.096943039160508, 2.0937868448404164, 2.090736030615293, 2.0887295264464156, 2.0862416041203034, 2.0843169731971547, 2.079359485552861, 2.077774645731999, 2.0748138666152953, 2.0711910550410932, 2.0695517127330487, 2.068120269286327, 2.0647146105766296, 2.062719478056981, 2.0611356833042245, 2.059316225235279, 2.056462928882012, 2.054050823664054, 2.053278325765561, 2.0501178392997157, 2.0496111252369027, 2.047395056944627, 2.0459676002844787, 2.0444385033387404, 2.0414696250206386, 2.039915546392783, 2.0374895624625378, 2.0367881496747335, 2.035166743168464, 2.034529972076416, 2.03194227096362, 2.032946824416136, 2.030318512672033, 2.026842344112885, 2.0263982959282703, 2.024814023115696, 2.0248792302914156, 2.023953315844903, 2.021237203402397, 2.0201542655626934, 2.0185649550878084, 2.016798054254972, 2.015720494588216], "test_loss": [2.2988359741210935, 2.29795263671875, 2.2969653778076173, 2.2958437835693357, 2.2944953399658203, 2.29280719909668, 2.290654022216797, 2.287846960449219, 2.2841908569335936, 2.279405319213867, 2.273294888305664, 2.26575458984375, 2.2570750854492188, 2.247961227416992, 2.238481231689453, 2.2289661254882813, 2.2191422973632813, 2.208735464477539, 2.1979953857421877, 2.186706521606445, 2.1747806365966795, 2.1618013946533203, 2.1489070373535157, 2.135075015258789, 2.121688854980469, 2.1085829528808593, 2.0957084045410155, 2.085222496032715, 2.074649687194824, 2.0639697525024414, 2.055231362915039, 2.0469732040405275, 2.0392440994262695, 2.032463734436035, 2.024569348144531, 2.0181791046142576, 2.0115466552734373, 2.00436242980957, 1.9982453231811523, 1.990842578125, 1.9853296005249024, 1.9790705474853516, 1.9729667526245118, 1.9665324630737304, 1.960357632446289, 1.9531431228637695, 1.948026136779785, 1.9418883316040039, 1.9362907501220703, 1.9293510482788085, 1.9221210067749024, 1.916387319946289, 1.9112793655395508, 1.9046154357910157, 1.8988047103881835, 1.8904838409423828, 1.8850169372558594, 1.878484100341797, 1.8713552383422851, 1.8657780059814453, 1.860664128112793, 1.8531205612182617, 1.8501939575195312, 1.8418804397583008, 1.8361660873413086, 1.8314614654541015, 1.8262960968017579, 1.817702897644043, 1.8133306869506836, 1.8073217498779297, 1.803509555053711, 1.7991473388671875, 1.793526547241211, 1.787931007385254, 1.784088133239746, 1.7810955184936523, 1.7749384979248046, 1.7716171600341797, 1.7670839233398437, 1.766190966796875, 1.760364826965332, 1.754469352722168, 1.7501361099243165, 1.749507080078125, 1.7453492630004883, 1.7409511932373047, 1.738549252319336, 1.7342204879760743, 1.7330863006591797, 1.7294343856811523, 1.7266696701049804, 1.7203882064819336, 1.7213552520751954, 1.7176740432739257, 1.713992950439453, 1.7119509841918945, 1.7089678009033202, 1.7024492248535157, 1.7010717987060546, 1.7009093658447265], "test_acc": [10.69, 11.2, 11.36, 11.79, 12.45, 13.47, 14.56, 15.9, 16.51, 16.78, 16.39, 16.8, 17.66, 18.37, 19.14, 19.97, 20.97, 21.76, 22.54, 23.1, 24.16, 24.4, 24.94, 25.29, 25.72, 26.01, 26.45, 26.62, 27.15, 27.25, 27.58, 27.95, 28.22, 28.47, 28.65, 29.19, 29.59, 29.82, 30.09, 30.48, 30.42, 31.02, 31.54, 31.81, 32.22, 32.19, 32.23, 33.0, 32.96, 33.94, 34.33, 34.38, 34.87, 34.53, 35.0, 35.23, 35.64, 35.79, 36.01, 36.23, 36.48, 36.79, 37.04, 37.15, 37.16, 37.25, 37.74, 37.93, 38.06, 38.04, 38.34, 38.44, 38.66, 38.88, 38.74, 38.83, 38.9, 39.01, 39.52, 39.3, 39.74, 39.91, 39.94, 40.18, 40.49, 40.45, 40.48, 40.74, 40.96, 40.99, 41.07, 41.14, 41.39, 41.54, 41.61, 41.67, 41.69, 41.92, 42.13, 42.33]}