{"train_loss": [2.30369660120744, 2.3034802100597283, 2.3033093476906803, 2.3032426118850706, 2.3031258289630596, 2.3029667652570285, 2.302907251089047, 2.3027974367141724, 2.30277770115779, 2.3026219484133597, 2.3025847007066775, 2.3024613545491146, 2.3024082727921313, 2.302338344622881, 2.3022868627156967, 2.3022912056018145, 2.3022431703714226, 2.302176254834884, 2.3021190172586685, 2.30205022921929, 2.302064789258517, 2.3019786736904044, 2.3019350119126147, 2.3018533828930976, 2.301845858647273, 2.30177733531365, 2.3016692045407416, 2.3017218192418416, 2.3016754486621953, 2.301641267996568, 2.301525835501842, 2.301489577537928, 2.301469923899724, 2.3013901300919364, 2.3013331902332794, 2.301273768987411, 2.3012912982549425, 2.3011939152693137, 2.301188613206912, 2.301112113854824, 2.3010538853131806, 2.3010389456382163, 2.3009752854322776, 2.300916566604223, 2.3007490616578323, 2.3007764865190556, 2.3007120138559585, 2.3006704354897525, 2.3005951655216705, 2.300611922679803, 2.3004889598259557, 2.300502905478844, 2.300468899653508, 2.300366964095678, 2.300321883421678, 2.300297373991746, 2.30020986642593, 2.300116537167476, 2.300113404714144, 2.3000032871197433, 2.2999496527207204, 2.299948054093581, 2.299907280237247, 2.2998646412140284, 2.2997641098804964, 2.2996892812924505, 2.2996445906467926, 2.299617456167172, 2.299499937815544, 2.299480260335482, 2.299468850478148, 2.2994234402974447, 2.2993225898498144, 2.2992316166559856, 2.2990989960156956, 2.299157200104151, 2.2990484665601683, 2.299120788085155, 2.2990669892384457, 2.2989605781359552, 2.2989000882857886, 2.298878317612868, 2.298835545931107, 2.298664637101002, 2.298703583081563, 2.2985401728214363, 2.298518536029718, 2.298476976614732, 2.2985166488549647, 2.2984362266002556, 2.2984317681728266, 2.2983463568565172, 2.2983115789217825, 2.298203860796415, 2.298198419350844, 2.2980194721466454, 2.298089935229375, 2.29804829511887, 2.297997459387168, 2.29789952253684], "test_loss": [2.299360681152344, 2.299063186645508, 2.2987781005859373, 2.2985061767578125, 2.2982422943115233, 2.297989013671875, 2.2977356506347655, 2.297482693481445, 2.29723544921875, 2.2969869262695313, 2.2967338256835936, 2.2964777282714843, 2.2962165802001953, 2.295953323364258, 2.2956840759277344, 2.295399917602539, 2.2951146240234377, 2.294815740966797, 2.294514596557617, 2.2942023864746095, 2.29388893737793, 2.2935543914794922, 2.293218649291992, 2.2928687438964843, 2.2925039611816405, 2.292135482788086, 2.2917497100830078, 2.2913728637695314, 2.2909729248046875, 2.2905800842285156, 2.290167135620117, 2.289749237060547, 2.289330813598633, 2.2888873382568358, 2.2884494842529297, 2.2879983062744143, 2.287555368041992, 2.2870958282470704, 2.286636328125, 2.286143051147461, 2.2856660400390627, 2.285191094970703, 2.284718634033203, 2.2842142364501954, 2.2836941802978514, 2.2831847015380857, 2.28265986328125, 2.2821341369628905, 2.2816084594726562, 2.281082501220703, 2.2805544006347658, 2.2800234161376953, 2.2794952392578125, 2.278945477294922, 2.2783976348876953, 2.2778681823730467, 2.2773117553710938, 2.276720257568359, 2.276155209350586, 2.2755650665283205, 2.2749995025634764, 2.274416082763672, 2.2738568603515623, 2.2732670806884765, 2.2726736083984376, 2.27208564453125, 2.2714638854980467, 2.2708721588134764, 2.27025732421875, 2.2696887664794922, 2.2691127380371094, 2.268484326171875, 2.267873501586914, 2.267250588989258, 2.266623077392578, 2.2660725830078126, 2.265450942993164, 2.264843142700195, 2.2642626678466797, 2.263665704345703, 2.263085629272461, 2.2624733154296877, 2.2618866790771484, 2.261187908935547, 2.26063268737793, 2.259971188354492, 2.2593549133300783, 2.2587126831054687, 2.258154742431641, 2.2575910034179687, 2.25707119140625, 2.2564841400146483, 2.2559243927001953, 2.255317709350586, 2.2546721221923827, 2.2540536041259767, 2.253480383300781, 2.252945391845703, 2.2523665618896485, 2.251668841552734], "test_acc": [10.48, 10.55, 10.78, 10.82, 10.76, 10.83, 10.92, 11.17, 11.27, 11.48, 11.78, 11.81, 12.24, 12.58, 13.17, 13.6, 13.93, 14.35, 14.85, 15.19, 15.69, 16.02, 16.07, 16.43, 16.46, 16.55, 16.72, 16.92, 17.02, 17.14, 17.32, 17.51, 17.7, 17.85, 17.88, 17.9, 18.01, 18.07, 18.25, 18.31, 18.46, 18.58, 18.73, 18.92, 19.01, 19.11, 19.28, 19.5, 19.63, 19.7, 19.84, 19.92, 20.04, 20.11, 20.14, 20.24, 20.37, 20.54, 20.71, 20.84, 21.04, 21.31, 21.47, 21.46, 21.61, 21.69, 21.83, 21.99, 21.98, 22.03, 22.2, 22.25, 22.36, 22.57, 22.67, 22.78, 22.97, 23.09, 23.24, 23.46, 23.49, 23.6, 23.79, 23.78, 24.02, 24.02, 24.17, 24.11, 24.21, 24.31, 24.52, 24.55, 24.64, 24.75, 24.82, 24.91, 25.05, 25.21, 25.39, 25.4]}