{"train_loss": [2.3035328168135423, 2.3032354415991367, 2.303102303162599, 2.302886421863849, 2.30267560726557, 2.302507734298706, 2.3022951242251275, 2.3020903477301964, 2.3019003910896108, 2.301697934590853, 2.3014511768634502, 2.3012082766263915, 2.3010109620216563, 2.300721510862693, 2.30046268426455, 2.3001965363820394, 2.299861819927509, 2.299566500614851, 2.2992211152345705, 2.298906186299446, 2.2985179399832703, 2.2980847884447146, 2.297646793952355, 2.2972517123589147, 2.296845723421146, 2.2964266324654603, 2.2959803465085153, 2.2955157047662977, 2.294994458785424, 2.294541909144475, 2.2939823431846422, 2.2934768902949796, 2.2930344606057194, 2.292416076782422, 2.2919167830393863, 2.291420308748881, 2.2909604176496847, 2.2903638411790896, 2.289828389730209, 2.289226176799872, 2.2885390410056483, 2.2881499241559933, 2.2875024771079038, 2.286808791527381, 2.286419939994812, 2.285697853870881, 2.2853520961908194, 2.2847463754507213, 2.2841522485781938, 2.283705700360812, 2.2829491230157704, 2.282431016824184, 2.2819928908959413, 2.281523139660175, 2.2809410584278598, 2.2804267186384934, 2.2800043454537025, 2.2795051959844734, 2.2789608374620096, 2.2783695080341437, 2.2781604491747345, 2.277687954291319, 2.27741010983785, 2.2769042174021403, 2.2767962645261717, 2.27622210306999, 2.2758773534725876, 2.2757254942869527, 2.2752543229323168, 2.2751028568316727, 2.2746135149246607, 2.2745584218929977, 2.2742665541477693, 2.2738449371778047, 2.273473125237685, 2.2733033180236815, 2.272868570303306, 2.2729113939480903, 2.2724991290997236, 2.272252620794834, 2.2718813663873916, 2.271546344879346, 2.2714358757703734, 2.2710408736497927, 2.2707094663228746, 2.270380735397339, 2.270373050371806, 2.269939531424107, 2.2700080211345965, 2.26945469501691, 2.2692470947901406, 2.2687729101914624, 2.268702444052085, 2.2685906764788504, 2.268216564716437, 2.267938607166975, 2.267771461682442, 2.2672468423843384, 2.2670496372076183, 2.266770889208867], "test_loss": [2.2992066955566406, 2.298754391479492, 2.2983014739990235, 2.2978408203125, 2.2973727142333984, 2.296887261962891, 2.296386636352539, 2.2958488403320314, 2.295272552490234, 2.294649755859375, 2.293973327636719, 2.293228433227539, 2.2924246795654297, 2.2915326568603516, 2.2905582214355467, 2.2894933532714843, 2.28833193359375, 2.287082354736328, 2.285738391113281, 2.2842814727783205, 2.2827223388671873, 2.2810440307617186, 2.2792571838378906, 2.2773763702392578, 2.2754156524658202, 2.2733554901123045, 2.271245944213867, 2.2690709259033204, 2.266810592651367, 2.2645166870117186, 2.2621437866210936, 2.259769317626953, 2.2573751861572267, 2.2549058044433594, 2.2524652587890626, 2.2499348205566405, 2.2474513458251955, 2.2448416198730468, 2.242330154418945, 2.239643533325195, 2.236944058227539, 2.234242575073242, 2.2314784973144532, 2.2286796905517576, 2.2258805358886717, 2.22288327331543, 2.2201930084228514, 2.2173162811279297, 2.2143738372802733, 2.211633297729492, 2.2085758422851565, 2.2060962280273437, 2.20313974609375, 2.200224468994141, 2.1974651489257813, 2.1944774200439454, 2.191778155517578, 2.1892413391113283, 2.1863205810546873, 2.183336651611328, 2.1806857147216796, 2.178152697753906, 2.1761007904052736, 2.173886737060547, 2.1714757354736327, 2.1691427551269533, 2.1670715606689455, 2.1648340606689453, 2.162607403564453, 2.161018273925781, 2.1590814849853515, 2.157261096191406, 2.1551428314208985, 2.1535632781982423, 2.151768569946289, 2.1500873474121094, 2.148672393798828, 2.1471575744628906, 2.145248245239258, 2.1439397613525393, 2.142344332885742, 2.1408060089111327, 2.139430026245117, 2.13789501953125, 2.1364991424560547, 2.134307470703125, 2.133292370605469, 2.131971987915039, 2.130836810302734, 2.1290841186523437, 2.1280132995605467, 2.12655439453125, 2.1252416625976562, 2.1233718566894533, 2.1222987060546874, 2.120935623168945, 2.1196728942871093, 2.1183345794677733, 2.1163126373291017, 2.1154415435791014], "test_acc": [10.64, 10.69, 10.92, 11.1, 11.21, 11.33, 11.56, 11.97, 12.32, 12.87, 13.44, 14.02, 14.77, 15.51, 16.26, 16.85, 17.43, 17.92, 18.35, 18.56, 18.6, 18.65, 18.96, 19.1, 19.32, 19.53, 19.79, 20.08, 20.24, 20.44, 20.74, 21.09, 21.22, 21.51, 21.8, 22.02, 22.28, 22.53, 22.82, 22.99, 23.45, 23.7, 23.98, 24.13, 24.31, 24.53, 24.75, 24.93, 25.11, 25.33, 25.42, 25.76, 25.94, 25.94, 26.28, 26.39, 26.48, 26.61, 26.7, 27.02, 27.0, 27.16, 27.36, 27.37, 27.57, 27.55, 27.36, 27.73, 27.76, 27.85, 28.16, 28.09, 28.32, 28.5, 28.56, 28.62, 28.79, 28.93, 29.16, 29.12, 29.29, 29.41, 29.55, 29.78, 29.74, 29.76, 29.86, 29.96, 30.21, 30.35, 30.53, 30.76, 30.88, 30.88, 31.12, 31.13, 31.28, 31.43, 31.59, 31.65]}