{"train_loss": [2.3032921858322926, 2.3025109774027115, 2.301674054830502, 2.3007374897981303, 2.2995335737864178, 2.298062860660064, 2.2959519588030304, 2.2931460386667495, 2.289484024659181, 2.284632586210202, 2.278528878627679, 2.271484543115665, 2.264127385310638, 2.2566265100087874, 2.248736170010689, 2.240774113092667, 2.2319351923771396, 2.222470273727026, 2.2127159369297518, 2.2027391812740227, 2.192952590722304, 2.181566973221608, 2.1723751245400846, 2.1635305979312993, 2.1553546477586796, 2.148106373884739, 2.1422130431884376, 2.136096956179692, 2.12974549807035, 2.1236366990285043, 2.11759309279613, 2.1145657722766584, 2.108634329147828, 2.1048933683297575, 2.0982772698769203, 2.0951758409157777, 2.0903694146718736, 2.085960574639149, 2.0809390847499554, 2.0754604067557896, 2.0703765988349914, 2.067015843819349, 2.062177908114898, 2.0561701395572762, 2.0528954380597826, 2.0468934869154904, 2.0447400169494823, 2.039954175704565, 2.034848395372048, 2.02987982462614, 2.024901570417942, 2.0188878462864803, 2.016786513878749, 2.011662879356971, 2.006487299845769, 2.0026583726589497, 1.9987076316124355, 1.993508685246492, 1.9892908105483422, 1.9857291169655629, 1.9836583721332062, 1.9803877375064751, 1.9783973348446382, 1.9720513514983349, 1.9705540702893183, 1.9675022794650152, 1.9633659998575845, 1.9612009986852987, 1.9601179181001125, 1.956006139363998, 1.9536537601397588, 1.9517913155066662, 1.9500403853563162, 1.946388637713897, 1.9439869113457509, 1.9427708888665223, 1.9391387578768609, 1.9393287704541133, 1.9357841265507234, 1.934457792991247, 1.9327405749223172, 1.9283373105220305, 1.9259852785330551, 1.92356158158718, 1.9224072361603761, 1.9205423740240244, 1.9196971248357724, 1.916906959276933, 1.9184622709567731, 1.9143744523708637, 1.9098099577121246, 1.9097963131391085, 1.9070809089220486, 1.9079430998899998, 1.9066053124574514, 1.9032067549534333, 1.901731307995625, 1.8997818179619619, 1.8977870953388702, 1.8961987116397956], "test_loss": [2.298735971069336, 2.297724658203125, 2.2965631561279296, 2.295181964111328, 2.293425198364258, 2.2911104187011717, 2.287990255737305, 2.283683059692383, 2.2777221282958986, 2.269699234008789, 2.259695181274414, 2.248483923339844, 2.2367827575683594, 2.2249529724121095, 2.212257733154297, 2.1990682373046875, 2.1849874206542967, 2.169844189453125, 2.1539656707763672, 2.1374184967041017, 2.1201355560302733, 2.102313903808594, 2.0855790557861327, 2.0695090362548827, 2.0553289916992186, 2.0429525283813477, 2.0312241958618165, 2.0214802551269533, 2.0111507522583008, 2.0006846405029295, 1.9915847106933593, 1.982349610900879, 1.974256723022461, 1.9664996002197266, 1.9570577545166015, 1.9490585479736329, 1.9417753356933594, 1.9334778198242188, 1.926332228088379, 1.916685546875, 1.9095274307250976, 1.901838966369629, 1.894024755859375, 1.885715888977051, 1.8773939346313477, 1.8676153762817382, 1.8610304031372071, 1.8525897445678712, 1.8453639663696288, 1.8355859588623047, 1.8266357376098632, 1.819382098388672, 1.8133908157348633, 1.8044575485229493, 1.7973126556396484, 1.787464273071289, 1.7802362457275391, 1.773201597595215, 1.764639241027832, 1.7589465087890626, 1.7537891296386718, 1.7458830474853515, 1.744245297241211, 1.7350308685302733, 1.7291799438476563, 1.7263640625, 1.7213344039916991, 1.7123279907226563, 1.7100493103027343, 1.7028491165161133, 1.699640348815918, 1.6958627319335937, 1.6905815628051757, 1.6854469680786133, 1.6824471313476563, 1.6783368728637695, 1.6737484527587891, 1.6708960876464845, 1.6657990509033203, 1.6654911239624024, 1.6588934936523438, 1.6536416290283202, 1.6482274353027344, 1.648706982421875, 1.643777638244629, 1.6399878540039063, 1.6383536254882813, 1.6327046264648437, 1.6312175552368164, 1.6282709838867186, 1.625183578491211, 1.6195217971801759, 1.6197659240722657, 1.6172603073120118, 1.6126391494750976, 1.6113214431762695, 1.6083820083618163, 1.6009841186523437, 1.6000353210449219, 1.600314259338379], "test_acc": [10.75, 11.28, 11.42, 12.07, 12.83, 14.39, 15.74, 16.36, 16.2, 16.06, 16.85, 17.59, 18.5, 19.84, 20.8, 21.6, 22.76, 23.77, 24.56, 24.87, 25.32, 25.65, 26.23, 26.56, 26.93, 27.39, 27.76, 28.18, 28.76, 28.62, 28.9, 29.35, 30.03, 30.02, 30.58, 31.06, 31.52, 31.7, 32.21, 32.73, 32.73, 33.76, 34.03, 34.2, 34.23, 34.57, 34.72, 35.3, 35.31, 36.09, 36.46, 36.71, 36.95, 37.13, 37.57, 37.69, 38.04, 38.13, 38.29, 38.62, 38.41, 38.96, 38.96, 39.24, 39.22, 39.52, 39.73, 39.78, 39.82, 40.25, 40.47, 40.48, 40.92, 40.76, 41.0, 41.03, 41.35, 41.38, 41.73, 41.53, 41.87, 41.86, 42.32, 42.19, 42.8, 42.72, 42.55, 42.98, 43.26, 43.42, 43.7, 43.47, 44.01, 43.85, 44.16, 44.07, 44.38, 44.57, 44.31, 44.42]}