{"train_loss": [2.3036345665271467, 2.3033152733093654, 2.3031673847100675, 2.302924257058364, 2.302769744090545, 2.3024931400250166, 2.3022528648376466, 2.3020769950671074, 2.301891781733586, 2.3017036205682997, 2.301380309080466, 2.3011974646494937, 2.300977179942987, 2.3007103326993112, 2.3003784717657627, 2.3001841477858713, 2.2998418453412177, 2.299536515504886, 2.2992163541989448, 2.2988594232461392, 2.298570757645827, 2.298156434450394, 2.2976944733888676, 2.2973230667603324, 2.2968933429473486, 2.296453027236156, 2.2960650535730216, 2.295789747360425, 2.295333960117438, 2.294867766209138, 2.2943810450725066, 2.2939577133227615, 2.2935704512473865, 2.2930703847836225, 2.2926186977288663, 2.2922391983178945, 2.291778068664746, 2.2913219989874425, 2.290719455939073, 2.290393752929492, 2.289847879532056, 2.28945878469027, 2.2890711472584653, 2.288379318286211, 2.288049146456596, 2.2874943488683455, 2.2871453737601257, 2.286735715621557, 2.286239020029704, 2.285920017804855, 2.285154865338252, 2.2848691053879566, 2.2843057785278713, 2.2839150165900204, 2.2833311900114404, 2.282961516502576, 2.2826360115638145, 2.2821502966758533, 2.2817793302046945, 2.281257490011362, 2.2811581446574283, 2.2808198934946304, 2.280474598591144, 2.2799354418730124, 2.2797506179565037, 2.279096924341642, 2.2787835359573365, 2.2786776995047546, 2.2786154202925855, 2.2777131367952395, 2.2775854715934165, 2.277733030074682, 2.2771996803772754, 2.276993409792582, 2.2764410067827274, 2.276161807011335, 2.276220654218625, 2.2759784209422578, 2.2754113209553255, 2.2750875222377287, 2.274823015775436, 2.27462493456327, 2.2743570321645494, 2.2741977098660593, 2.2739700506895018, 2.2737892352617703, 2.2738200132663433, 2.2730493013675397, 2.2731988974106616, 2.2728698583749622, 2.2725006562012893, 2.2719193269044924, 2.272107675136664, 2.272019009101085, 2.2715884685516357, 2.2715586258814886, 2.2711744852555102, 2.2705898217665843, 2.2705551826036894, 2.2704111741139337], "test_loss": [2.299197088623047, 2.29873447265625, 2.2982716400146486, 2.2978035888671875, 2.297324969482422, 2.2968259552001955, 2.2963107177734376, 2.2957616302490234, 2.2951731048583985, 2.2945412414550783, 2.2938467651367187, 2.2930944732666014, 2.292267822265625, 2.291366860961914, 2.290378775024414, 2.289303384399414, 2.28812522277832, 2.286871127319336, 2.2855257019042967, 2.28408371887207, 2.282573892211914, 2.280947412109375, 2.279210842895508, 2.2774037353515624, 2.2755217376708985, 2.2735390655517578, 2.2715061370849607, 2.2695019592285157, 2.267485055541992, 2.2653451171875, 2.2631623443603517, 2.261010870361328, 2.2588237426757813, 2.2566234619140624, 2.2543914184570313, 2.2521633575439455, 2.249857522583008, 2.2475815460205077, 2.2452782836914063, 2.242957223510742, 2.240583157348633, 2.23828434753418, 2.2360896453857424, 2.2335539459228517, 2.2311587982177734, 2.2283700775146484, 2.226047213745117, 2.223657369995117, 2.2211552551269533, 2.2186860961914063, 2.215946026611328, 2.2136900238037107, 2.2110668762207033, 2.2084256652832033, 2.205828887939453, 2.203550180053711, 2.200983053588867, 2.1988284881591795, 2.1961106536865236, 2.19337600402832, 2.191425439453125, 2.18935383605957, 2.1867158264160156, 2.1842861236572264, 2.1822880096435546, 2.180150225830078, 2.1775126129150393, 2.1756276306152342, 2.173586911010742, 2.1716856842041015, 2.1695283905029297, 2.1678505340576173, 2.1656750732421877, 2.1637095245361326, 2.162076397705078, 2.1603619903564453, 2.159071017456055, 2.15693017578125, 2.155624627685547, 2.153598547363281, 2.1524192779541016, 2.151085827636719, 2.149438690185547, 2.1477552703857423, 2.1471302459716797, 2.1447915710449217, 2.1435526611328126, 2.1420069122314453, 2.1409484649658204, 2.1393018798828125, 2.1384579711914062, 2.13684609375, 2.135303713989258, 2.1336864318847657, 2.132614410400391, 2.131906625366211, 2.130318765258789, 2.1291818817138672, 2.1275088134765623, 2.1261605102539063], "test_acc": [10.67, 10.74, 10.92, 11.06, 11.16, 11.32, 11.73, 12.2, 12.54, 13.09, 13.45, 13.97, 14.64, 15.16, 15.97, 16.58, 17.02, 17.31, 17.58, 17.62, 17.86, 18.16, 18.49, 18.48, 18.61, 18.76, 18.99, 19.32, 19.64, 20.1, 20.41, 20.65, 20.92, 21.37, 21.56, 21.78, 21.95, 22.13, 22.45, 22.77, 22.96, 23.34, 23.77, 24.02, 24.2, 24.25, 24.54, 24.78, 24.89, 25.05, 25.36, 25.62, 25.84, 25.87, 26.06, 26.31, 26.44, 26.54, 26.53, 26.63, 26.94, 27.1, 27.18, 27.34, 27.58, 27.51, 27.64, 27.96, 27.97, 28.27, 28.44, 28.56, 28.57, 28.73, 28.84, 28.87, 29.22, 29.16, 29.36, 29.29, 29.43, 29.59, 29.51, 29.77, 30.0, 30.01, 30.13, 30.3, 30.49, 30.59, 30.75, 31.01, 31.08, 31.24, 31.23, 31.33, 31.27, 31.72, 31.77, 31.82]}