{"train_loss": [2.303342808209933, 2.3031974541835294, 2.303185405486669, 2.3030201924152864, 2.3028766956084814, 2.3027703187404533, 2.302751369965382, 2.3026515178191356, 2.30270812694843, 2.3026047468185427, 2.3024742829493987, 2.3024437562013285, 2.3023387676630263, 2.3023758979944082, 2.3022400366954314, 2.302303706071316, 2.3023462711236418, 2.30224289894104, 2.302274887989729, 2.302259987439865, 2.3022176638627663, 2.302111804790986, 2.3021401753792397, 2.3021933323297743, 2.302086072701674, 2.302109599724794, 2.3020812609256844, 2.3020903813533296, 2.3020589785698133, 2.3020145263427345, 2.3019537051518757, 2.3019883443147706, 2.301941493229988, 2.3019043977443987, 2.301899609810267, 2.3018540859222414, 2.3018959320508516, 2.3018293380737305, 2.3018208778821503, 2.3018642822901407, 2.3017931008950256, 2.3016701086973534, 2.3017013256366434, 2.30171450590476, 2.3016929877110015, 2.301701521873474, 2.301651613528912, 2.3017105487676766, 2.301593529872405, 2.301582510043413, 2.3014738584176087, 2.301468667617211, 2.301501299173404, 2.3015908112892736, 2.301450082583305, 2.3014702051113813, 2.3013938708183095, 2.301478245930794, 2.301393548036233, 2.3014040286724384, 2.3013285649128448, 2.301372891206008, 2.301257385351719, 2.3012632571733915, 2.301209762157538, 2.301123944306985, 2.3013348230948814, 2.3011191985546016, 2.301227364784632, 2.301168984021896, 2.3010952246494782, 2.3012016730430798, 2.3011132331994864, 2.3010472499407255, 2.3010066331961214, 2.3009454287015476, 2.3010477707936214, 2.301156915151156, 2.3009355667309883, 2.300898975592393, 2.300948320902311, 2.3008193376736763, 2.300990532606076, 2.3009118208518395, 2.3008879728806324, 2.3007307205444727, 2.3007537487225656, 2.3008895941269705, 2.3007000739757832, 2.300648512595739, 2.3005387862523397, 2.300571902592977, 2.3006518027721308, 2.3007264259534006, 2.300553297996521, 2.3005779688174908, 2.300524679819743, 2.3004017878801393, 2.3004028393672065, 2.3004215020399825], "test_loss": [2.2994071197509767, 2.2991682189941405, 2.2989369873046877, 2.298713671875, 2.298498861694336, 2.298292361450195, 2.2981112426757813, 2.297921844482422, 2.297735705566406, 2.297561297607422, 2.2973918243408202, 2.297200436401367, 2.297017288208008, 2.2968366943359375, 2.2966664306640623, 2.296489764404297, 2.296318695068359, 2.2961477996826174, 2.29596994934082, 2.295794094848633, 2.2956204864501952, 2.295425375366211, 2.2952311767578126, 2.295042102050781, 2.294856442260742, 2.294669827270508, 2.2944847045898435, 2.2943019775390625, 2.2941086303710936, 2.293902844238281, 2.2936965545654298, 2.2934831268310547, 2.293265444946289, 2.293072006225586, 2.2928672729492185, 2.2926569091796876, 2.292464056396484, 2.292239904785156, 2.292028268432617, 2.2918029174804686, 2.291574935913086, 2.2913384063720703, 2.291085610961914, 2.2908470947265624, 2.2905997467041015, 2.2903334197998046, 2.290086279296875, 2.2898519897460936, 2.289596304321289, 2.289353112792969, 2.2890889709472657, 2.288795861816406, 2.2885316925048826, 2.288286639404297, 2.2880196624755857, 2.2877601623535155, 2.287473941040039, 2.287200830078125, 2.2869036224365233, 2.2866407196044922, 2.2863727752685548, 2.2860989501953126, 2.2858279052734374, 2.285554623413086, 2.28526379699707, 2.2849549713134767, 2.2846719329833984, 2.2843472290039064, 2.2840487701416015, 2.2837622039794923, 2.283455026245117, 2.2831587951660155, 2.2828680877685548, 2.2825846099853515, 2.2822718383789065, 2.2819635192871095, 2.2816938903808595, 2.2814321472167967, 2.281099346923828, 2.2808112365722657, 2.2805353759765623, 2.2801842681884765, 2.2799124908447266, 2.279610046386719, 2.2792984008789063, 2.2789662536621096, 2.278646319580078, 2.278354769897461, 2.2780371612548826, 2.277694958496094, 2.2773066680908203, 2.2769874938964842, 2.276650961303711, 2.2763967071533204, 2.2760669342041018, 2.2757436187744142, 2.2754188507080078, 2.275059780883789, 2.2747167266845705, 2.274337741088867], "test_acc": [10.57, 10.69, 10.75, 10.96, 10.96, 11.11, 11.29, 11.64, 11.85, 12.0, 12.25, 12.44, 12.61, 12.73, 12.88, 13.18, 13.39, 13.36, 13.57, 13.74, 13.78, 13.94, 13.92, 14.04, 14.17, 14.25, 14.36, 14.45, 14.43, 14.5, 14.69, 14.83, 15.0, 15.06, 15.15, 15.33, 15.45, 15.56, 15.65, 15.79, 15.9, 15.96, 16.06, 16.06, 16.21, 16.29, 16.39, 16.45, 16.67, 16.72, 16.9, 16.98, 17.15, 17.27, 17.37, 17.52, 17.61, 17.77, 17.98, 18.12, 18.22, 18.29, 18.42, 18.58, 18.68, 18.84, 18.93, 19.04, 19.09, 19.21, 19.33, 19.52, 19.68, 19.71, 19.78, 19.88, 19.99, 20.1, 20.17, 20.27, 20.4, 20.54, 20.49, 20.6, 20.7, 20.84, 20.9, 20.97, 21.12, 21.2, 21.25, 21.35, 21.43, 21.56, 21.57, 21.66, 21.73, 21.82, 21.91, 21.97]}