{"train_loss": [2.3033996875469502, 2.3026216549751086, 2.301926244222201, 2.301074721263005, 2.3001066470757507, 2.298953388287471, 2.297390718949147, 2.295247414173224, 2.292738869251349, 2.2892481131431386, 2.2848001926373214, 2.279501215616862, 2.2739160843384574, 2.268019317969298, 2.262121453652015, 2.255652222877894, 2.249062606004568, 2.2418899352733908, 2.2345060929273948, 2.226826272255335, 2.2193011497839903, 2.210143040388058, 2.2023829142252604, 2.1947120183553452, 2.187157855889736, 2.179547689511226, 2.1745228107158954, 2.1690149961373746, 2.1643289828911807, 2.1599245010278163, 2.154202540104206, 2.151911843128693, 2.146243880650936, 2.1426448803681595, 2.1389627444438446, 2.1357153981159893, 2.131109982270461, 2.1281733616804464, 2.1241198503054104, 2.1191723621808567, 2.1155232750452484, 2.1137083533482675, 2.1085431245657116, 2.103901079679147, 2.1012324559382902, 2.0971173851917952, 2.0937444044993474, 2.0910829366781774, 2.088215194298671, 2.082693420923673, 2.0784171333679784, 2.0748816936444014, 2.0732299798574205, 2.068036446204552, 2.0644986831224883, 2.060985783735911, 2.0579733478717315, 2.054804182969607, 2.0499337929945725, 2.0467269772138352, 2.0434158184589486, 2.04022508645669, 2.0376082771863695, 2.0335873735256684, 2.0326664527257283, 2.028288051409599, 2.025091670721005, 2.023442846689469, 2.0207101403138577, 2.018028280673883, 2.014503094783196, 2.014668320386838, 2.0118590568884827, 2.0096466846955128, 2.0060257138350073, 2.0056453255506663, 2.0008380761513345, 2.0023932554782964, 1.9990523980214046, 1.996791962476877, 1.995637624997359, 1.9930642840189812, 1.9923608593451672, 1.9881789027116237, 1.9870180292007251, 1.9845889189304449, 1.9857620257597703, 1.982682405679654, 1.9826656460762024, 1.9802729038091806, 1.9747762673940414, 1.9767687757809957, 1.9752919001457019, 1.9738490532606077, 1.9717937588691712, 1.9702980958498442, 1.968494954170325, 1.966823915946178, 1.96554207496154, 1.9641298349087055], "test_loss": [2.2987910736083985, 2.2978467010498047, 2.296785778808594, 2.295541665649414, 2.2940215576171874, 2.292081500244141, 2.2895698425292967, 2.286196984863281, 2.2817443084716795, 2.2757424346923827, 2.2680161865234374, 2.2587373046875, 2.2486174285888674, 2.2382564758300783, 2.2274699157714846, 2.216458563232422, 2.2047135345458986, 2.192308853149414, 2.1793345977783205, 2.165706756591797, 2.150902752685547, 2.136064419555664, 2.121243682861328, 2.10565908203125, 2.090956349182129, 2.0779672836303713, 2.0656195022583006, 2.0551213043212893, 2.0452465515136717, 2.035864486694336, 2.0266561126708984, 2.018107469177246, 2.0103641998291018, 2.0023846710205078, 1.9942233261108397, 1.9871183654785156, 1.9800868469238282, 1.973580567932129, 1.9670422180175782, 1.9590141647338868, 1.9520344284057618, 1.9462093475341797, 1.9387076919555664, 1.9314772354125977, 1.924089566040039, 1.9159150985717774, 1.9094629287719727, 1.9024009643554687, 1.8965548141479491, 1.888019987487793, 1.8820419067382812, 1.87595330657959, 1.869129719543457, 1.8614143920898438, 1.853692108154297, 1.8444677017211915, 1.8375367141723633, 1.832353515625, 1.823857810974121, 1.8193050369262695, 1.8126621337890625, 1.8044755966186523, 1.8002323532104492, 1.7924815933227538, 1.78565390625, 1.7830811935424804, 1.777276805114746, 1.7706677200317382, 1.7650566162109376, 1.7578815155029297, 1.7557249954223633, 1.7510707366943359, 1.7456620330810546, 1.742030778503418, 1.7369477981567383, 1.7334252639770509, 1.7268149658203125, 1.724573649597168, 1.7209321166992186, 1.7190801315307618, 1.7109142181396484, 1.707814402770996, 1.7040240615844726, 1.7048467910766603, 1.6995241287231446, 1.6924004959106445, 1.6937443099975587, 1.6890414428710938, 1.6848584182739257, 1.6836136291503907, 1.678950355529785, 1.6761055038452148, 1.6749283752441406, 1.6698868377685547, 1.6669931076049804, 1.6651859375, 1.6609510070800781, 1.6557281967163087, 1.6558859573364257, 1.6531574295043945], "test_acc": [10.74, 11.09, 11.58, 12.1, 12.84, 14.45, 15.61, 16.91, 17.08, 16.8, 16.86, 17.35, 18.28, 19.01, 20.08, 20.75, 21.65, 22.36, 23.41, 23.83, 24.59, 24.66, 25.53, 25.95, 26.4, 26.64, 27.04, 27.54, 28.0, 28.16, 28.01, 28.08, 28.88, 29.16, 29.39, 29.71, 30.1, 30.14, 30.78, 31.11, 31.39, 31.75, 32.76, 32.67, 33.3, 33.34, 33.46, 33.99, 34.17, 34.73, 35.16, 35.32, 35.71, 35.45, 36.01, 36.17, 36.54, 36.53, 36.76, 36.87, 37.36, 37.59, 37.92, 37.91, 38.37, 38.52, 38.68, 38.81, 38.82, 39.06, 39.13, 39.29, 39.5, 39.68, 39.54, 39.89, 39.96, 39.97, 40.42, 40.16, 40.63, 40.66, 41.0, 40.8, 41.05, 41.16, 41.68, 41.74, 41.82, 41.99, 42.07, 42.27, 42.36, 42.54, 42.45, 42.84, 42.71, 43.01, 42.97, 43.28]}