{"train_loss": [2.303353064488142, 2.3031592222360464, 2.3028951082474145, 2.3026837801321958, 2.3024692419247748, 2.302193384292798, 2.3020612771694475, 2.301773007099445, 2.3015386385795398, 2.3012437233558067, 2.3010389107924243, 2.300646926806523, 2.300460027425717, 2.300135567249396, 2.2997342983881635, 2.2994551261266074, 2.299043698799916, 2.2986642379027145, 2.2981274262452738, 2.2977798162362513, 2.297316312789917, 2.2965837674263194, 2.296154690400148, 2.295637076940292, 2.294956514162895, 2.2945810538071854, 2.2939078441032996, 2.2936217167438606, 2.2929094650806525, 2.292117044253227, 2.29139577792241, 2.290977652867635, 2.2904857225907156, 2.2896088215020987, 2.2893601570373927, 2.2884873041739833, 2.2882428346536097, 2.2872950070943587, 2.286623498109671, 2.286046309960194, 2.2855342394266374, 2.2843507980689024, 2.2839403244165273, 2.2831523118874966, 2.2827908680989193, 2.281968564253587, 2.2814168691635133, 2.280398913530203, 2.2808479694219734, 2.2796575913062465, 2.2791497682913757, 2.278934749578818, 2.277450089576917, 2.2770016285089345, 2.2766701105313425, 2.276474148187882, 2.2762103435320733, 2.2758664730267646, 2.2759409066958307, 2.274634159528292, 2.2746742193515486, 2.273947886320261, 2.274028592231946, 2.2732630106119007, 2.2736699275481396, 2.2729810207318035, 2.2722911480145576, 2.2722342546169574, 2.2721395070736223, 2.271212267875671, 2.2711624157734405, 2.271217255714612, 2.271389808410253, 2.2710117700772408, 2.2703642105444883, 2.2704234129343277, 2.269377794632545, 2.2693524085558376, 2.269599587489397, 2.269077320587941, 2.268958296531286, 2.2683069626490275, 2.2681077413069897, 2.267942766042856, 2.2675978483297885, 2.2678078455802724, 2.266912242693779, 2.267050294387035, 2.2672908996924375, 2.2668225936400583, 2.2663692706670515, 2.266364537141262, 2.2656973099097226, 2.265889076697521, 2.265749844526633, 2.2650989171786184, 2.264572259095999, 2.2649226347605387, 2.264208010526804, 2.2640383219107605], "test_loss": [2.2991998413085937, 2.2987338562011717, 2.2982701232910157, 2.2977843627929686, 2.2972801971435546, 2.296751171875, 2.296198971557617, 2.2955996673583985, 2.294948455810547, 2.294226171875, 2.29343388671875, 2.2925526153564455, 2.2915775817871094, 2.2904920959472657, 2.2892855529785154, 2.287992980957031, 2.2865708892822267, 2.285002517700195, 2.283293356323242, 2.2814880676269533, 2.2795441223144532, 2.277430825805664, 2.2752656036376955, 2.272940167236328, 2.270522204589844, 2.268058285522461, 2.265512463378906, 2.2630761810302733, 2.2606035095214843, 2.257862945556641, 2.254969284057617, 2.2522880859375, 2.24965341796875, 2.246933139038086, 2.244319274902344, 2.241295343017578, 2.238598065185547, 2.2355190551757813, 2.2326757415771485, 2.2297531494140626, 2.227138687133789, 2.223713088989258, 2.2209035369873047, 2.2178222229003905, 2.2143433197021483, 2.210958874511719, 2.2079386474609377, 2.204211129760742, 2.2017609008789063, 2.199199353027344, 2.196003775024414, 2.1939236053466797, 2.1893745483398437, 2.1874048828125, 2.184063186645508, 2.181105239868164, 2.17872490234375, 2.176201550292969, 2.1739853759765624, 2.1718551666259764, 2.1691575439453126, 2.166717025756836, 2.1645196807861327, 2.1628673126220703, 2.1610955505371092, 2.1580840789794924, 2.1566264099121093, 2.1543448303222656, 2.153968713378906, 2.1516293518066405, 2.1509299133300783, 2.1484056243896483, 2.147577252197266, 2.14647917175293, 2.1442506500244143, 2.1428499267578127, 2.141006265258789, 2.139816912841797, 2.1390995086669924, 2.138071829223633, 2.137030859375, 2.134971383666992, 2.1332704010009764, 2.132407928466797, 2.1313054901123047, 2.1292287048339844, 2.1280516876220705, 2.1262957885742186, 2.1262297302246096, 2.1246484924316404, 2.122627340698242, 2.1229912811279297, 2.1210020721435545, 2.119208120727539, 2.118481088256836, 2.1174367492675783, 2.1164827239990234, 2.115772183227539, 2.1138901916503907, 2.1123452087402343], "test_acc": [10.67, 10.88, 11.16, 11.51, 11.96, 12.37, 12.69, 13.22, 13.58, 14.1, 14.61, 15.0, 15.37, 15.82, 16.02, 16.32, 16.75, 16.77, 17.1, 17.25, 17.5, 17.8, 18.09, 18.39, 18.61, 18.85, 19.23, 19.57, 20.06, 20.29, 20.35, 20.79, 21.14, 21.46, 21.89, 22.1, 22.38, 22.55, 22.94, 23.29, 23.7, 23.98, 24.16, 24.44, 24.58, 24.65, 25.03, 24.95, 25.32, 25.27, 25.67, 25.75, 25.73, 25.89, 25.91, 26.2, 26.28, 26.38, 26.36, 26.8, 26.76, 26.85, 26.83, 27.04, 27.23, 27.01, 27.13, 27.21, 27.43, 27.59, 27.81, 27.85, 28.01, 27.95, 27.95, 28.35, 28.29, 28.39, 28.67, 28.79, 28.79, 28.86, 28.88, 29.12, 29.08, 29.3, 29.48, 29.27, 29.98, 29.95, 29.94, 30.25, 30.51, 30.38, 30.54, 30.67, 30.84, 30.94, 31.01, 30.89]}