{"train_loss": [2.3034474580715862, 2.302803452198322, 2.302253682796772, 2.3016019240403787, 2.300896834715819, 2.30010921282646, 2.2990707996564033, 2.297710495117383, 2.296220985437051, 2.2942419541187777, 2.291703583032657, 2.2886947179451966, 2.285358259616754, 2.281572513702588, 2.2777698706357907, 2.2735657416857205, 2.2694165914486617, 2.26499364559467, 2.260532041085072, 2.255930026372274, 2.2512852522043083, 2.2456022586577977, 2.2404911126845923, 2.235345163100805, 2.229712688617217, 2.2239083834183524, 2.2192433901322195, 2.214374923094725, 2.210135182967553, 2.206349476178487, 2.2019929733031836, 2.199818892356677, 2.195601547681368, 2.1927186232346756, 2.190183564944145, 2.1877990716542954, 2.184425951884343, 2.1824231679622943, 2.1795532043163592, 2.1761639484992394, 2.1735714594523112, 2.172333057110126, 2.16891523874723, 2.165706351475838, 2.163974719781142, 2.1612172725873116, 2.158756669362386, 2.1573197487073066, 2.1553130638905063, 2.1515124975106654, 2.148809316830757, 2.146427978613438, 2.145412729336665, 2.1419623075387415, 2.1395891110102334, 2.137215625934112, 2.1353517428422584, 2.1328879105739103, 2.129907156870915, 2.127190594184093, 2.124708468486101, 2.1225748288325774, 2.1204624683429034, 2.117407295031425, 2.1163195909597934, 2.112610792196714, 2.1100855812048303, 2.1086158737158165, 2.106307315520751, 2.1037168585337125, 2.1010267960719573, 2.1006343914912295, 2.0978201939509464, 2.096293235436464, 2.092819094352233, 2.0926061847271065, 2.088686931438935, 2.089159282048543, 2.0868342038912653, 2.0845341578508036, 2.083560638855665, 2.0817140927681557, 2.0810965920105957, 2.0778971060728417, 2.0768029793714864, 2.0748761378801786, 2.0755279100858246, 2.0732697728352667, 2.0729053518710994, 2.070944903447078, 2.066994716265263, 2.068113748232524, 2.0669674760256056, 2.0655481638052526, 2.0641774046115384, 2.062867310108283, 2.0617181356136616, 2.060297618156824, 2.0594581469511373, 2.0580571819574405], "test_loss": [2.2988773864746093, 2.298042919921875, 2.297129574584961, 2.2960952667236327, 2.2948879333496093, 2.2934208251953123, 2.291611911010742, 2.28930498046875, 2.2864095428466795, 2.282653045654297, 2.2778868408203126, 2.271933575439453, 2.2648602264404296, 2.25702121887207, 2.248697213745117, 2.240244348144531, 2.2315789337158205, 2.2225975677490233, 2.2134118103027345, 2.20385046081543, 2.1935060852050783, 2.1829366790771485, 2.1721905059814453, 2.160430603027344, 2.1486092132568357, 2.136644091796875, 2.124689678955078, 2.113983920288086, 2.1030719543457033, 2.0927235565185547, 2.082794384765625, 2.0744919723510744, 2.0669651321411133, 2.05952391204834, 2.052206674194336, 2.0458636810302733, 2.0396971801757813, 2.033799784851074, 2.0282874557495116, 2.0215872161865236, 2.0153960540771485, 2.0110840698242187, 2.0050037719726563, 1.9988514953613281, 1.9936221710205078, 1.9872554611206055, 1.9817185317993165, 1.9767588592529297, 1.9720673583984376, 1.9656810791015624, 1.9605217407226563, 1.955995782470703, 1.950127914428711, 1.944980484008789, 1.9388857070922851, 1.931672900390625, 1.9264625030517577, 1.9216792709350585, 1.9148227523803711, 1.910579867553711, 1.905256300354004, 1.8987065551757814, 1.893981735229492, 1.887636065673828, 1.881909489440918, 1.877591081237793, 1.8728407363891602, 1.8659717727661134, 1.8600249038696288, 1.853516668701172, 1.8505652084350586, 1.8455569564819336, 1.8395963180541992, 1.8356320007324218, 1.8304951278686523, 1.8271692077636719, 1.8198752807617187, 1.8170148345947266, 1.81296388092041, 1.8097427139282227, 1.803820085144043, 1.7990400756835938, 1.7962774322509765, 1.7961860214233398, 1.7906424240112304, 1.783985220336914, 1.7848100021362305, 1.7805854583740235, 1.7763352233886718, 1.7742151748657227, 1.770217446899414, 1.767671694946289, 1.7656373016357423, 1.7603771362304688, 1.758444271850586, 1.7563066986083984, 1.7524374160766603, 1.7477758911132812, 1.74640528717041, 1.7453937438964844], "test_acc": [10.67, 11.09, 11.45, 11.84, 12.57, 13.36, 14.85, 15.84, 17.06, 17.33, 17.35, 17.15, 17.4, 18.17, 18.97, 19.6, 20.35, 20.94, 21.63, 22.33, 22.92, 23.49, 24.05, 24.46, 24.96, 25.35, 25.81, 26.32, 26.72, 26.72, 26.88, 27.09, 27.63, 27.91, 28.16, 28.5, 28.74, 28.78, 29.31, 29.61, 29.72, 30.06, 30.4, 30.64, 30.74, 30.97, 31.33, 31.67, 31.93, 32.4, 33.0, 33.1, 33.54, 32.98, 33.75, 34.26, 34.6, 34.49, 35.0, 34.87, 35.5, 35.65, 36.05, 36.03, 36.1, 36.15, 36.51, 36.71, 36.81, 36.93, 37.21, 37.25, 37.55, 37.86, 37.61, 38.02, 38.16, 38.42, 38.63, 38.56, 38.99, 38.68, 38.98, 39.23, 39.31, 39.29, 39.51, 39.78, 39.87, 39.92, 40.0, 40.18, 40.25, 40.6, 40.44, 40.63, 40.65, 40.79, 40.92, 41.18]}