{"train_loss": [2.303587873776754, 2.303420398785518, 2.3032924040769918, 2.303166772157718, 2.303064652589651, 2.302964586478013, 2.302862757902879, 2.302764965326358, 2.302693775983957, 2.3026224203598806, 2.302536766345684, 2.3024673400781093, 2.3024085839589437, 2.302341241714282, 2.302288421606406, 2.302230403973506, 2.3021743609355045, 2.3021206715168097, 2.302063874097971, 2.3020094730915166, 2.301958396495917, 2.3018955297959156, 2.3018264470956264, 2.301785710530403, 2.3017193763684003, 2.3016704571552764, 2.3016183773676553, 2.301576869915693, 2.301518218945234, 2.3014708164410713, 2.301403262065007, 2.301336297010764, 2.301303671567868, 2.3012227694193523, 2.301151415017935, 2.3011087735493976, 2.3010452068769016, 2.3009920358657836, 2.3009232820608676, 2.3008664149504443, 2.3007701500868185, 2.3007241518069534, 2.300666467960064, 2.3005830508012037, 2.300528444387974, 2.300436433156331, 2.3004089459394796, 2.3003345012664793, 2.300254245904776, 2.300213599205017, 2.3001195332942865, 2.3000595037753766, 2.2999806660872237, 2.2998922928785666, 2.299816241631141, 2.2997856048437266, 2.299709993142348, 2.2996244754546726, 2.29955104130965, 2.2994644122245984, 2.2994297510538346, 2.2993543575971556, 2.2992881145232764, 2.2991731827075665, 2.2991249732482126, 2.299032376362727, 2.2989864642803486, 2.2988873866888193, 2.298863134628687, 2.298722302608001, 2.2986825038225223, 2.2986299545336992, 2.298537122286283, 2.298472606218778, 2.2984178029573883, 2.2983295764678564, 2.2982470414577385, 2.2982036480536827, 2.298103798964085, 2.298035444968786, 2.297955349775461, 2.297901291113633, 2.2978279456114157, 2.2977367193270952, 2.297682355611752, 2.2975923960025493, 2.2975218705641915, 2.297462819172786, 2.297406053543091, 2.2973158579606276, 2.2972436929360414, 2.2971716868571748, 2.297106712903732, 2.2970300570512427, 2.296980027052072, 2.2968998132607874, 2.2968494335810345, 2.2967466378823307, 2.296702518218603, 2.29662942030491], "test_loss": [2.2993470275878907, 2.2990419311523436, 2.298749102783203, 2.2984657745361328, 2.298190234375, 2.297918930053711, 2.2976528442382813, 2.2973875762939455, 2.297121713256836, 2.2968572204589845, 2.2965887145996096, 2.2963153930664064, 2.2960386260986327, 2.295755941772461, 2.295468688964844, 2.2951719116210936, 2.294866442871094, 2.2945545806884766, 2.294234490966797, 2.293902426147461, 2.293559292602539, 2.2932023712158203, 2.292835452270508, 2.2924587768554687, 2.2920682647705077, 2.2916661010742185, 2.291254006958008, 2.290833285522461, 2.290399865722656, 2.289954190063477, 2.289493374633789, 2.289025128173828, 2.2885494445800783, 2.288059652709961, 2.287565002441406, 2.287054034423828, 2.286537979125977, 2.2860129455566405, 2.285476870727539, 2.28492783203125, 2.2843611938476562, 2.2837953002929687, 2.2832202362060547, 2.282628353881836, 2.282035809326172, 2.281426663208008, 2.280819696044922, 2.2802055816650393, 2.2795831665039064, 2.278955160522461, 2.2783112884521484, 2.277667803955078, 2.2770113555908202, 2.276348858642578, 2.275678469848633, 2.2750143157958984, 2.2743433258056642, 2.273658203125, 2.2729590423583983, 2.2722602661132814, 2.2715643798828125, 2.2708543029785155, 2.2701568176269533, 2.2694302368164063, 2.26871572265625, 2.268003695678711, 2.267276092529297, 2.2665435974121095, 2.26583508605957, 2.2650982971191405, 2.2643701629638673, 2.2636377471923828, 2.262902569580078, 2.2621726531982422, 2.26143688659668, 2.260695523071289, 2.2599554168701173, 2.259219952392578, 2.258461294555664, 2.2577146911621093, 2.2569655853271486, 2.256224493408203, 2.2554611450195314, 2.254714581298828, 2.254014254760742, 2.253241781616211, 2.2524820587158203, 2.2517248565673826, 2.25099853515625, 2.2502506774902344, 2.2495152679443358, 2.2487576019287108, 2.2480146301269532, 2.247254476928711, 2.246501681518555, 2.2457843383789062, 2.245061541748047, 2.2443214630126955, 2.2435474365234374, 2.242808044433594], "test_acc": [10.53, 10.63, 10.72, 10.88, 10.96, 11.05, 11.11, 11.13, 11.34, 11.51, 11.62, 11.85, 12.01, 12.3, 12.66, 13.06, 13.5, 13.89, 14.32, 14.72, 15.24, 15.85, 16.03, 16.44, 16.98, 17.31, 17.43, 17.77, 18.01, 18.09, 18.38, 18.53, 18.69, 18.93, 18.91, 19.07, 19.0, 19.17, 19.24, 19.29, 19.39, 19.53, 19.61, 19.75, 19.99, 20.16, 20.28, 20.29, 20.43, 20.45, 20.54, 20.67, 20.78, 20.91, 20.93, 21.15, 21.28, 21.46, 21.52, 21.59, 21.66, 21.7, 21.79, 21.89, 22.03, 22.18, 22.21, 22.35, 22.44, 22.52, 22.64, 22.79, 23.04, 23.13, 23.3, 23.49, 23.62, 23.78, 23.77, 23.91, 24.03, 24.12, 24.19, 24.22, 24.45, 24.53, 24.57, 24.69, 24.83, 24.96, 25.04, 25.12, 25.22, 25.24, 25.34, 25.45, 25.58, 25.64, 25.76, 25.84]}