{"train_loss": [2.3033861410923495, 2.3031212427677255, 2.302849770203615, 2.3026127338409426, 2.3023687588862884, 2.3020760799065614, 2.301897984895951, 2.3015734440241102, 2.3012945749820806, 2.300995595027239, 2.300576329231262, 2.300171436407627, 2.2998032209200736, 2.2993962495754925, 2.2989380408556035, 2.298362431770716, 2.2978386408243425, 2.2971738821420913, 2.2965758024117884, 2.296094261071621, 2.2954076840327335, 2.2946324513508722, 2.293906031510769, 2.293072345929268, 2.2922470349531907, 2.2916881292294233, 2.2908757380950147, 2.2902742000726555, 2.2893175504146477, 2.2885400888247367, 2.287719952754485, 2.2867221392118013, 2.285984361477387, 2.2851169677881096, 2.284426483741173, 2.2835931973579604, 2.2827615957993728, 2.281850128296094, 2.280625045605195, 2.279201648785518, 2.278792356222104, 2.2780030916898677, 2.2768795814269627, 2.275669570458241, 2.275347040249751, 2.2742766679861606, 2.2731548040341107, 2.2731507625335303, 2.2718792683038957, 2.271510830292335, 2.270277785643553, 2.27000412940979, 2.2693157471143284, 2.268977553416521, 2.268334702345041, 2.2677370523795104, 2.267160380192292, 2.2663875102996824, 2.2663193109707955, 2.2657782432360527, 2.265576978830191, 2.2653612124614226, 2.264625563376989, 2.2644666011516863, 2.2639157521419038, 2.263806382815043, 2.2627479889453985, 2.2624272542122084, 2.262081478803586, 2.2616082173127396, 2.260879040375734, 2.261219620704651, 2.2606526515422725, 2.2604743688534468, 2.260046999271099, 2.259622617256947, 2.258822891039726, 2.2588190720631527, 2.2578405319116053, 2.2579537018751488, 2.2576029618581135, 2.2570283669691817, 2.256718707084656, 2.2559351260845477, 2.2565919772172585, 2.2562840541203815, 2.2554106638981746, 2.2546510305160132, 2.254308488430121, 2.254132206012041, 2.253666469378349, 2.2531840972411326, 2.2524836619695026, 2.252324510843326, 2.252557175587385, 2.2515887645574715, 2.25140737814781, 2.2509584720318134, 2.2503511496079276, 2.250256961431259], "test_loss": [2.299160110473633, 2.2986533630371095, 2.2981317901611327, 2.297588983154297, 2.297008386230469, 2.296402520751953, 2.295751953125, 2.2950373931884767, 2.2942305114746095, 2.2933305755615234, 2.2923249481201173, 2.291183657836914, 2.28991955871582, 2.2885162231445313, 2.28697265625, 2.285237841796875, 2.2833454833984375, 2.281273425292969, 2.2790158813476564, 2.276651870727539, 2.274132196044922, 2.271421829223633, 2.268657229614258, 2.2657279205322265, 2.262716604614258, 2.2596654388427733, 2.2565902465820313, 2.2534818359375, 2.250319302368164, 2.2470768096923828, 2.243846585083008, 2.2404439727783205, 2.2372368896484374, 2.233631658935547, 2.2302368530273435, 2.226871517944336, 2.223057974243164, 2.2195405456542967, 2.21590185546875, 2.2117748016357424, 2.2074790618896483, 2.2038573638916015, 2.1998842864990236, 2.195803726196289, 2.1917161163330077, 2.187194891357422, 2.1832797485351563, 2.1803115753173827, 2.175934167480469, 2.173044293212891, 2.168662078857422, 2.1656699462890625, 2.1634955017089843, 2.1594069061279297, 2.15635439453125, 2.1536452026367185, 2.1504017303466796, 2.1488525451660156, 2.145862619018555, 2.14351455078125, 2.140964190673828, 2.139560092163086, 2.13748434753418, 2.134739041137695, 2.132596533203125, 2.1316652801513674, 2.130093908691406, 2.1275801208496095, 2.126022103881836, 2.1237041748046876, 2.121544332885742, 2.121128091430664, 2.1181779602050783, 2.1173928619384768, 2.1150968536376955, 2.11306650390625, 2.110961169433594, 2.1096223175048827, 2.1072273681640623, 2.1068656494140625, 2.104008139038086, 2.1029147857666017, 2.100911065673828, 2.099798937988281, 2.0975045349121095, 2.0966927307128906, 2.0938941314697264, 2.0925910583496092, 2.0900372802734375, 2.0900493438720704, 2.0875925811767577, 2.0863703216552736, 2.0850819091796877, 2.0820154174804686, 2.0799021026611326, 2.0791986267089846, 2.0775451171875, 2.076286209106445, 2.074330758666992, 2.072900732421875], "test_acc": [10.61, 10.79, 11.02, 11.02, 11.17, 11.39, 11.82, 12.07, 12.77, 13.49, 14.04, 14.69, 15.34, 15.74, 16.27, 16.56, 16.79, 16.93, 17.03, 17.36, 17.6, 17.88, 18.41, 19.14, 19.64, 19.9, 20.36, 20.76, 21.22, 21.63, 21.95, 22.22, 22.47, 22.94, 23.13, 23.55, 23.61, 24.13, 24.41, 24.74, 24.84, 25.1, 25.32, 25.46, 25.68, 25.83, 25.94, 26.13, 26.21, 26.46, 26.46, 26.7, 26.68, 26.77, 27.0, 27.02, 27.17, 27.41, 27.45, 27.67, 27.77, 27.9, 27.96, 28.24, 28.37, 28.24, 28.33, 28.44, 28.91, 29.01, 29.11, 29.32, 29.28, 29.59, 29.65, 29.59, 30.03, 30.21, 30.4, 30.43, 30.53, 30.64, 30.73, 31.19, 31.06, 31.07, 31.4, 31.29, 31.74, 31.9, 31.63, 32.08, 32.2, 32.1, 32.4, 32.61, 32.55, 32.64, 32.81, 32.95]}