{"train_loss": [2.3035711850875464, 2.303399798808954, 2.3032785256703696, 2.3031734637725045, 2.3030790597964557, 2.302998133194752, 2.3029029014783027, 2.3027755407186654, 2.30274881032797, 2.302674492200216, 2.302587441297678, 2.3025424828896157, 2.3024879675645096, 2.3024328097318993, 2.302380148569743, 2.3023333011529385, 2.302302087881626, 2.302248093409416, 2.3021749967183824, 2.3021375760053977, 2.302101102242103, 2.30204186745179, 2.3019911729372464, 2.301961452533037, 2.30191963941623, 2.301884765502734, 2.3018276917628753, 2.3017996690212152, 2.301774133780064, 2.3017290641099977, 2.3016614626615475, 2.3016268650690717, 2.3015967069528043, 2.3015324782102535, 2.3014698731593595, 2.301446014184218, 2.3013977558184893, 2.3013450249647485, 2.3013091325759887, 2.3012532998354005, 2.3011985791035188, 2.3011444990451517, 2.301103502053481, 2.301039404135484, 2.301001155682099, 2.3009337406892043, 2.3009071215605124, 2.3008488178253175, 2.300803167392046, 2.300760448895968, 2.300676681445195, 2.3006564782215997, 2.3005853836353007, 2.300490742463332, 2.3004610263384304, 2.30042937596639, 2.3003391345342, 2.300297624636919, 2.3002364763846765, 2.300156610439985, 2.300162377112951, 2.3000658334829867, 2.299996196306669, 2.2999078640571007, 2.2999277389966526, 2.2998188556768957, 2.299809998121017, 2.2997276031053984, 2.299723555491521, 2.2995907911887534, 2.2995530501390116, 2.2995052294853404, 2.2994477051955005, 2.2994040807088214, 2.299345718897306, 2.299287593059051, 2.299231314047789, 2.2991985706182625, 2.2991231062473396, 2.299068402632689, 2.2989948437764096, 2.2989553744976337, 2.2989046928210137, 2.29884394071041, 2.298775960237552, 2.298707269399594, 2.298660594989092, 2.298611985720121, 2.2985657655275786, 2.298466791250767, 2.2984265303000426, 2.2983957015551053, 2.2983365749701474, 2.298219400185805, 2.2982017437616986, 2.298181170072311, 2.2981080489280896, 2.2980169620269386, 2.2980035959145964, 2.2979231565426557], "test_loss": [2.2993631286621095, 2.2990734466552736, 2.2987961944580078, 2.2985300720214843, 2.298270895385742, 2.2980156982421875, 2.2977689453125, 2.2975242492675783, 2.297278363037109, 2.2970364501953124, 2.2967919342041014, 2.296544158935547, 2.2962960693359373, 2.296040396118164, 2.295788739013672, 2.295531304931641, 2.2952677032470703, 2.2950009002685547, 2.2947292663574217, 2.294445413208008, 2.294154702758789, 2.2938589324951173, 2.293552932739258, 2.293240023803711, 2.2929122131347657, 2.2925818572998047, 2.29224248046875, 2.29189114074707, 2.2915334197998045, 2.2911669464111326, 2.290784716796875, 2.2904014434814455, 2.290013394165039, 2.2896138610839842, 2.289207131958008, 2.2887867950439453, 2.288369561767578, 2.287946090698242, 2.2875086853027344, 2.2870610717773436, 2.286606350708008, 2.286148956298828, 2.285679772949219, 2.285204022216797, 2.2847144012451173, 2.2842190948486327, 2.283729214477539, 2.283227685546875, 2.2827271789550783, 2.2822168853759766, 2.2816847259521484, 2.2811771759033204, 2.280643310546875, 2.280091958618164, 2.2795481231689454, 2.278989367675781, 2.27843291015625, 2.2778703063964842, 2.277299588012695, 2.2767119537353517, 2.276147134399414, 2.2755519134521482, 2.2749650177001954, 2.274354284667969, 2.2737600372314453, 2.2731551513671877, 2.2725597747802735, 2.2719599365234373, 2.27137453918457, 2.2707636627197267, 2.2701429931640624, 2.269530130004883, 2.2689030731201174, 2.2682953063964844, 2.267686047363281, 2.26706809387207, 2.266445785522461, 2.265830783081055, 2.2651938079833984, 2.264567208862305, 2.2639385528564455, 2.263304196166992, 2.2626707611083985, 2.2620427337646483, 2.261447189331055, 2.260797619628906, 2.2601517303466796, 2.259513970947266, 2.2589096282958985, 2.258286279296875, 2.257646319580078, 2.2570000030517576, 2.256361669921875, 2.2556836151123045, 2.2550639739990235, 2.2544520141601563, 2.2538350494384765, 2.2531839477539064, 2.252526904296875, 2.2518597351074217], "test_acc": [10.59, 10.6, 10.77, 10.89, 11.02, 11.02, 11.03, 11.02, 11.22, 11.39, 11.5, 11.65, 11.83, 12.04, 12.29, 12.42, 12.82, 13.03, 13.52, 13.9, 14.23, 14.69, 14.99, 15.58, 16.01, 16.44, 16.74, 17.05, 17.29, 17.56, 17.76, 18.03, 18.19, 18.21, 18.47, 18.73, 18.82, 18.88, 19.09, 19.25, 19.41, 19.5, 19.72, 19.85, 20.0, 20.01, 20.06, 20.07, 20.16, 20.24, 20.38, 20.49, 20.56, 20.69, 20.71, 20.89, 20.9, 21.12, 21.16, 21.14, 21.11, 21.1, 21.21, 21.23, 21.22, 21.4, 21.54, 21.67, 21.85, 21.91, 21.98, 22.05, 22.15, 22.17, 22.3, 22.46, 22.61, 22.75, 22.88, 23.09, 23.27, 23.31, 23.43, 23.54, 23.64, 23.74, 23.91, 24.06, 24.14, 24.32, 24.41, 24.48, 24.63, 24.69, 24.82, 24.96, 25.16, 25.21, 25.29, 25.39]}