{"train_loss": [2.303348823082753, 2.3031267863053544, 2.3030794265942696, 2.3030691214096852, 2.302892713669019, 2.302883760134379, 2.302809380262326, 2.302741843003493, 2.302713288405003, 2.3026438884246043, 2.3026313341580904, 2.302609902773148, 2.3025181696965142, 2.3025794004782654, 2.3025502846791195, 2.3026001893557035, 2.302539657323788, 2.3024026381663787, 2.302503162775284, 2.3025013422354674, 2.3023644832464365, 2.302385549056224, 2.302401197873629, 2.3023587795404286, 2.302380013465881, 2.302377941669562, 2.302501328786214, 2.3023593492997, 2.302343799517705, 2.3024230143962763, 2.3024539244480624, 2.3023037158525907, 2.3023711504080357, 2.302208904730968, 2.3023242259636905, 2.3023109417695267, 2.3023615720944526, 2.302347521904187, 2.30223871805729, 2.302290044686733, 2.302227527055985, 2.3021953539970594, 2.3022199820249507, 2.3022521092341495, 2.3022302615336883, 2.302163153428298, 2.302251077309633, 2.3023327882473286, 2.3022156776526037, 2.3022371573325917, 2.302160321137844, 2.302199361874507, 2.3022583826994283, 2.3022302114046536, 2.302105758740352, 2.3021287973110494, 2.3021595257979173, 2.302134513243651, 2.302140720685323, 2.3021591791739833, 2.3022306087689524, 2.302222516597846, 2.3021196817740415, 2.3020557752022377, 2.302127985465221, 2.3021263018632547, 2.3021253060071896, 2.3021364976198244, 2.3020953465730716, 2.302136914546673, 2.3020714576427754, 2.302053899031419, 2.3021511401885597, 2.3021000544230144, 2.3021041802870923, 2.3019816264128075, 2.302024087539086, 2.302126031655532, 2.3020383602533583, 2.302016540674063, 2.3020518254011106, 2.3020581165949503, 2.3019611089657515, 2.3019914474242773, 2.3019373594186243, 2.3019076836414825, 2.3018530741716043, 2.3018737089939605, 2.3019691626230876, 2.301904448484763, 2.301917434961368, 2.3020058314005536, 2.3019234700080675, 2.3020035358575672, 2.3018922206683037, 2.3019740141355074, 2.302023833225935, 2.301869310476841, 2.301894620137337, 2.30185251052563], "test_loss": [2.2994566619873047, 2.2992535064697264, 2.2990631622314455, 2.298888430786133, 2.2987302368164064, 2.29857216796875, 2.2984228576660155, 2.2982897186279296, 2.298161614990234, 2.2980461334228517, 2.2979281372070313, 2.29782297668457, 2.297721026611328, 2.2976189514160157, 2.2975133239746093, 2.297415594482422, 2.2973306213378906, 2.297232443237305, 2.297152005004883, 2.2970552642822266, 2.2969629425048828, 2.2968794921875, 2.2968011871337892, 2.2967269317626955, 2.296635806274414, 2.296550729370117, 2.2964691009521485, 2.2963809539794924, 2.296300988769531, 2.2962173919677733, 2.296142288208008, 2.2960528564453124, 2.2959686950683595, 2.295879034423828, 2.2957969635009765, 2.295713296508789, 2.295629251098633, 2.295559533691406, 2.295481411743164, 2.2954065856933594, 2.2953254791259767, 2.2952367462158203, 2.2951526947021486, 2.295074331665039, 2.295002703857422, 2.2949042846679686, 2.294820004272461, 2.2947312042236327, 2.2946480438232424, 2.2945583251953123, 2.294454251098633, 2.294370150756836, 2.294266665649414, 2.294172311401367, 2.2940783172607424, 2.2939722869873047, 2.2938755920410157, 2.293777227783203, 2.293665881347656, 2.293564926147461, 2.293473812866211, 2.2933771270751953, 2.293255407714844, 2.293155044555664, 2.2930608428955077, 2.292968771362305, 2.292846694946289, 2.292744338989258, 2.292643798828125, 2.292533883666992, 2.292435595703125, 2.292323880004883, 2.292207699584961, 2.2921018096923826, 2.2920032745361327, 2.2918526763916014, 2.291735388183594, 2.2916334136962893, 2.29151911315918, 2.2914131805419924, 2.2913041778564454, 2.291214303588867, 2.291091293334961, 2.2909614196777346, 2.2908582427978517, 2.290719869995117, 2.2906064270019533, 2.290488806152344, 2.2903846252441404, 2.2902384185791016, 2.2901249786376954, 2.2900100952148437, 2.289901089477539, 2.2897927764892576, 2.289661471557617, 2.289528741455078, 2.2894423614501953, 2.289306918334961, 2.2891875091552736, 2.289078512573242], "test_acc": [10.57, 10.66, 10.81, 10.91, 10.95, 11.0, 11.09, 11.13, 11.2, 11.43, 11.51, 11.53, 11.6, 11.69, 11.65, 11.61, 11.62, 11.61, 11.65, 11.7, 11.75, 11.67, 11.59, 11.59, 11.55, 11.6, 11.71, 11.76, 11.69, 11.75, 11.98, 12.04, 12.12, 12.14, 12.18, 12.33, 12.39, 12.56, 12.74, 12.9, 13.03, 13.2, 13.44, 13.53, 13.66, 13.76, 13.87, 13.88, 14.12, 14.24, 14.36, 14.37, 14.48, 14.6, 14.87, 15.01, 15.15, 15.3, 15.46, 15.49, 15.65, 15.75, 15.9, 15.95, 16.03, 16.11, 16.21, 16.31, 16.42, 16.44, 16.39, 16.48, 16.59, 16.62, 16.72, 16.82, 16.87, 16.9, 16.96, 17.07, 17.1, 17.27, 17.33, 17.42, 17.5, 17.52, 17.56, 17.61, 17.59, 17.69, 17.7, 17.75, 17.77, 17.88, 17.84, 17.85, 17.93, 17.93, 17.93, 17.95]}