{"train_loss": [2.30350586328751, 2.303317279693408, 2.3032391572609927, 2.3031312153889583, 2.303056350732461, 2.3030273137948454, 2.302968363272838, 2.3028580787854316, 2.3028710291935846, 2.3027837863335243, 2.3026952682397304, 2.302671916056902, 2.302664191294939, 2.3026119611202143, 2.3026469450730542, 2.302608306591327, 2.302531400704995, 2.302452061115167, 2.3025343766579263, 2.3024445014122206, 2.3024377981821695, 2.302398095986782, 2.3024356389657044, 2.3023985795485666, 2.3023524143756964, 2.302367166372446, 2.3023702004016973, 2.3023490722362814, 2.302338186288491, 2.3022807219089607, 2.3023025512695314, 2.302337476534721, 2.3023167793567363, 2.30227715357756, 2.302212889989217, 2.3022660261545425, 2.302274990081787, 2.3022004475960363, 2.302216782936683, 2.3021892241942576, 2.3021829647895617, 2.302154882137592, 2.302159646229866, 2.3021975229947995, 2.3021339752735237, 2.3021087071834465, 2.3021112081332085, 2.3021240692872267, 2.3020966016329254, 2.302123753229777, 2.3021322672183695, 2.302062508998773, 2.302102838418423, 2.302048650154701, 2.3020333369572956, 2.3019857473862477, 2.301996654119247, 2.3020367610148895, 2.301975837731973, 2.3019468943277994, 2.302015178020184, 2.302019941501128, 2.3019037118324865, 2.3019312497897024, 2.301970393841083, 2.30193330569145, 2.3019157837598754, 2.3018640750493757, 2.3019636832750763, 2.3019055782220303, 2.301897231737773, 2.3018578407091974, 2.3018706492888623, 2.301851935264392, 2.3018485142634466, 2.3017955486591046, 2.301764587866954, 2.301818108558655, 2.301746761493194, 2.301798300865369, 2.3017073252262215, 2.301762488560799, 2.3017563954377787, 2.301779211484469, 2.3017262385441706, 2.301735305174803, 2.3017369588216146, 2.301723659955538, 2.3017151502462534, 2.301641600559919, 2.3015849400789308, 2.301609736833817, 2.3017275914167747, 2.3016796711163643, 2.3016629225168472, 2.3016203293433555, 2.3015651177137326, 2.3016044274354592, 2.301547835423396, 2.3015449511699186], "test_loss": [2.299414041137695, 2.2991841979980467, 2.298966668701172, 2.2987572174072266, 2.2985611328125, 2.29837776184082, 2.2981998626708986, 2.2980313201904297, 2.2978601196289064, 2.297705480957031, 2.297550402832031, 2.297398712158203, 2.297250717163086, 2.297099215698242, 2.2969582397460937, 2.296814422607422, 2.2966755462646486, 2.2965299072265624, 2.2963923522949217, 2.2962507080078125, 2.2961153076171876, 2.2959780670166015, 2.2958470581054686, 2.295707647705078, 2.295573645019531, 2.29544225769043, 2.2953083892822264, 2.2951711975097657, 2.2950360870361326, 2.294895837402344, 2.294745449829102, 2.2946107666015627, 2.294464572143555, 2.2943262573242187, 2.294184359741211, 2.2940416473388674, 2.293899853515625, 2.293757699584961, 2.2936134552001954, 2.2934589263916014, 2.2933123840332033, 2.2931634033203125, 2.2930064056396486, 2.2928609100341797, 2.292707846069336, 2.2925511810302734, 2.2923977783203124, 2.2922427734375, 2.292089938354492, 2.291929751586914, 2.291784487915039, 2.291627474975586, 2.2914731567382813, 2.2913078063964845, 2.291140789794922, 2.290975790405273, 2.2908064849853518, 2.290638427734375, 2.290468069458008, 2.290307766723633, 2.290142999267578, 2.289975241088867, 2.2898004180908202, 2.28962626953125, 2.2894511138916016, 2.289284246826172, 2.2891088043212893, 2.288930648803711, 2.2887656372070313, 2.288599533081055, 2.2884267517089842, 2.288228927612305, 2.28805361328125, 2.2878785858154296, 2.287698941040039, 2.2875104736328127, 2.2873216491699218, 2.2871302734375, 2.2869464721679686, 2.2867773193359375, 2.286571774291992, 2.286385693359375, 2.2861957061767577, 2.286002584838867, 2.2858135040283205, 2.285639028930664, 2.2854585052490233, 2.285276934814453, 2.285070867919922, 2.2848695709228517, 2.2846448669433594, 2.2844491943359375, 2.28426474609375, 2.284081234741211, 2.2838959533691408, 2.283716876220703, 2.2835302368164063, 2.283330838012695, 2.283107684326172, 2.282904721069336], "test_acc": [10.62, 10.73, 10.82, 10.98, 11.1, 11.36, 11.56, 11.62, 11.77, 11.91, 11.93, 11.99, 12.05, 12.02, 11.91, 11.93, 11.87, 12.06, 12.15, 12.31, 12.44, 12.51, 12.48, 12.63, 12.64, 12.8, 13.0, 13.2, 13.36, 13.45, 13.59, 13.74, 13.86, 13.93, 14.1, 14.22, 14.44, 14.61, 14.71, 14.81, 14.88, 14.96, 15.09, 15.19, 15.32, 15.35, 15.38, 15.54, 15.68, 15.79, 15.94, 15.98, 15.99, 16.19, 16.28, 16.37, 16.5, 16.54, 16.76, 16.87, 17.02, 17.11, 17.17, 17.27, 17.33, 17.42, 17.47, 17.52, 17.6, 17.68, 17.74, 17.86, 17.94, 18.1, 18.18, 18.12, 18.28, 18.37, 18.45, 18.53, 18.64, 18.82, 18.95, 18.96, 19.09, 19.1, 19.24, 19.23, 19.36, 19.45, 19.48, 19.51, 19.61, 19.73, 19.79, 19.89, 19.92, 19.92, 19.98, 19.96]}