{"train_loss": [2.303409281755105, 2.3030894542351747, 2.3027938292576717, 2.302424155137478, 2.3021243217663887, 2.301835741752233, 2.301499674259088, 2.301153193376003, 2.300649562248817, 2.3002489230571648, 2.2996501543583014, 2.298952902280367, 2.2983334883665427, 2.2975545834272335, 2.2967642227808636, 2.2958033635066104, 2.294714206915635, 2.2936175768191998, 2.292548238925445, 2.291287529774201, 2.2900628462815895, 2.288602133286305, 2.2871800147570096, 2.2857909043629965, 2.284571162248269, 2.2828823694816003, 2.2816003762758696, 2.2802324472329554, 2.278571235216581, 2.2771470858500553, 2.2751324011729315, 2.2739804756947053, 2.272117749849955, 2.2709155039909557, 2.2690367185152494, 2.2677114278842243, 2.266015731371366, 2.264508167291299, 2.2631220310162274, 2.2615616718928018, 2.2599469802318475, 2.2588564622096525, 2.257970854563591, 2.2565395342998014, 2.255715882472503, 2.254238941730597, 2.253610691657433, 2.25299563285632, 2.251928640023256, 2.251277827605223, 2.2502003461886675, 2.2496420297867212, 2.2487663391308907, 2.2479028548949804, 2.2473076814260238, 2.2464476383649385, 2.2456631489289114, 2.2451548790320373, 2.2442485827666063, 2.24356947801052, 2.2427574989123222, 2.241998997101417, 2.2413940301308264, 2.24089690660819, 2.2403990672184873, 2.2393773537415727, 2.2384759065432425, 2.2381637854453844, 2.237112196897849, 2.2361757376255134, 2.235756290264619, 2.2352987301655305, 2.234808858847007, 2.2337924205339874, 2.232882415942657, 2.232304997321887, 2.2316640682709523, 2.231033959144201, 2.2301622678072026, 2.2297504785733344, 2.228609189009055, 2.2282413745537784, 2.2274844414148576, 2.2262851384969857, 2.225704885751773, 2.225025768157763, 2.224306815709823, 2.2238155144911547, 2.2231461518850084, 2.22233580992772, 2.22112410007379, 2.220486670274001, 2.2195392792041484, 2.2191667263324444, 2.2185439861737764, 2.217519119458321, 2.217055652080438, 2.216244188333169, 2.2151052933472855, 2.2142590920130414], "test_loss": [2.2990951721191406, 2.298512646484375, 2.2979117248535155, 2.297286959838867, 2.2966243255615235, 2.2959077697753907, 2.2951063537597656, 2.294209133911133, 2.293155285644531, 2.291972100830078, 2.290608435058594, 2.2890231994628905, 2.2871930725097656, 2.285068298339844, 2.282624691772461, 2.2798541259765623, 2.2767327056884765, 2.2732588836669922, 2.269557861328125, 2.265584375, 2.2613955963134766, 2.2570562957763673, 2.2526625518798826, 2.2481521423339843, 2.24371357421875, 2.238829672241211, 2.2341751007080077, 2.229511602783203, 2.224799426269531, 2.219767736816406, 2.2141149169921874, 2.208901434326172, 2.2033822967529297, 2.1982236114501954, 2.192833642578125, 2.1871604949951173, 2.181557791137695, 2.1756174072265626, 2.1704396118164064, 2.164406500244141, 2.1585727081298827, 2.1546008514404296, 2.1491765625, 2.1444331359863282, 2.140306399536133, 2.1349387115478518, 2.130328823852539, 2.1278024841308594, 2.1240937530517576, 2.120767263793945, 2.1179173400878906, 2.1148717132568358, 2.111243325805664, 2.1081408416748046, 2.1055882385253906, 2.102540219116211, 2.099392318725586, 2.0976244049072266, 2.09484538269043, 2.091293649291992, 2.0893936889648437, 2.087251428222656, 2.0840408264160155, 2.081957125854492, 2.0798122253417968, 2.0766134582519533, 2.0740487731933595, 2.071313821411133, 2.068299508666992, 2.065906690979004, 2.063535971069336, 2.0614514892578124, 2.058867533874512, 2.056703401184082, 2.0527843826293943, 2.051356954956055, 2.0490026275634765, 2.04551075592041, 2.04255858001709, 2.041708786010742, 2.038109651184082, 2.0358600341796875, 2.0328653884887697, 2.030308106994629, 2.0272263885498045, 2.02441750793457, 2.0224133712768553, 2.018843698120117, 2.0164542602539064, 2.012993591308594, 2.010525506591797, 2.0080749969482423, 2.0056897384643553, 2.001964677429199, 2.000200686645508, 1.9972829620361328, 1.9943634765625, 1.9905047592163085, 1.9882169174194335, 1.986058511352539], "test_acc": [10.57, 10.77, 11.16, 11.29, 11.49, 11.7, 12.22, 12.78, 13.65, 14.7, 15.59, 16.32, 17.24, 18.17, 18.69, 18.93, 18.85, 19.06, 19.26, 19.47, 19.54, 19.88, 20.13, 20.47, 20.99, 21.27, 21.69, 22.17, 22.76, 22.99, 23.33, 23.62, 23.9, 24.38, 24.53, 24.9, 25.08, 25.2, 25.45, 25.5, 25.61, 26.08, 26.29, 26.52, 26.52, 26.56, 26.7, 27.11, 27.13, 27.6, 27.56, 27.84, 27.85, 28.04, 28.63, 28.58, 28.74, 29.02, 29.44, 29.36, 29.66, 29.35, 30.07, 30.24, 30.29, 30.36, 30.25, 30.7, 30.81, 30.73, 30.99, 31.34, 31.43, 31.5, 31.85, 31.94, 31.97, 32.14, 32.58, 32.68, 32.95, 32.71, 32.82, 33.66, 33.19, 33.89, 33.87, 34.25, 34.03, 34.39, 34.72, 34.75, 34.88, 35.1, 35.21, 35.24, 35.49, 35.41, 35.61, 35.8]}