{"train_loss": [2.303390285296318, 2.302746533124875, 2.3021752345256314, 2.301497509540656, 2.300770086508531, 2.2998561260027763, 2.2987129339805015, 2.297249556810428, 2.2955197963959133, 2.2933437549150906, 2.290544978166238, 2.2871604130818293, 2.2833954077500564, 2.2791458209355673, 2.2748403708140055, 2.2704971460195686, 2.2659560020153338, 2.2610720817859358, 2.2563342675184592, 2.251029766522921, 2.2457351507284704, 2.2397451792007836, 2.233901777022924, 2.228104603596223, 2.222152087015983, 2.216140572841351, 2.2109807252883913, 2.206147277049529, 2.201360267859239, 2.1973650785592884, 2.193089240636581, 2.190270165296701, 2.1862040580847326, 2.1837923575670293, 2.180299559006324, 2.1776062531348988, 2.1746105120732233, 2.172555407499656, 2.1690687870367977, 2.165855285448906, 2.162671543390323, 2.1608331105647944, 2.158182073862125, 2.1542522650498612, 2.152497729888329, 2.1490960261760614, 2.1476076969733606, 2.1450511803993813, 2.1427221157611944, 2.139634213080773, 2.136595184375078, 2.134056849968739, 2.1321407960011407, 2.128995736440023, 2.1263189444175135, 2.1240724734770944, 2.121316704994593, 2.1186034734432515, 2.115324943493574, 2.112549366095127, 2.1105551744118713, 2.1076186932050263, 2.1061862896650267, 2.102132800297859, 2.1008120408424964, 2.097698858456734, 2.0943613144067617, 2.092859011430007, 2.0913554136569683, 2.0874647287222055, 2.0856280277936885, 2.084602680573097, 2.08264045837598, 2.0801378931754675, 2.077313755414425, 2.076667937559959, 2.073631875942915, 2.073338688336886, 2.0707183954043265, 2.068998068723923, 2.0674959607613395, 2.065072782834371, 2.0642227246211124, 2.0618522946651163, 2.060631022392175, 2.0592358283507517, 2.0587117650570015, 2.056505008844229, 2.0564738472302753, 2.054222318759331, 2.0512010806646104, 2.0510184881014704, 2.049736209710439, 2.0488749103668407, 2.0479826615406918, 2.046001544671181, 2.0446573092387275, 2.043016481705201, 2.0420926213264465, 2.0403269483492923], "test_loss": [2.298857192993164, 2.2979983612060546, 2.297055841064453, 2.2959883239746093, 2.294726663208008, 2.293171276855469, 2.2912196044921873, 2.288717205810547, 2.285513186645508, 2.2813748291015625, 2.2760921417236326, 2.2695390716552732, 2.2618488006591795, 2.253492028808594, 2.2446997344970705, 2.235828106689453, 2.226767660522461, 2.217301809692383, 2.2075344390869143, 2.197092169189453, 2.186098095703125, 2.1744049713134768, 2.162450823974609, 2.1497010833740235, 2.137394094848633, 2.1244811096191407, 2.111886120605469, 2.1007793792724607, 2.090385595703125, 2.079533056640625, 2.070314741516113, 2.0618553405761717, 2.0540857818603517, 2.047746588134766, 2.040328338623047, 2.033789572143555, 2.0273332824707033, 2.0214496994018556, 2.0150320602416993, 2.008487138366699, 2.0025498779296873, 1.9974817977905273, 1.9912249801635742, 1.9849526779174804, 1.9790645797729491, 1.973117384338379, 1.9676650680541992, 1.962041636657715, 1.957220001220703, 1.9506665756225585, 1.9444706161499024, 1.9402464614868165, 1.9339101257324218, 1.927584864807129, 1.9224277618408203, 1.9159598068237305, 1.910369728088379, 1.9046306884765625, 1.8975569244384765, 1.8918187194824219, 1.886795817565918, 1.8802362762451172, 1.8757734329223632, 1.868840901184082, 1.8632814712524415, 1.8585273880004882, 1.8527902786254882, 1.8455349975585937, 1.8401742202758788, 1.8341931060791015, 1.8300801620483398, 1.8257741317749023, 1.8192911239624023, 1.8147985656738281, 1.8109086410522461, 1.806946957397461, 1.8018655838012696, 1.7985349975585938, 1.7929129013061524, 1.7902115493774413, 1.7846583572387695, 1.780363003540039, 1.7769653701782226, 1.775414419555664, 1.7712316055297852, 1.7658376663208009, 1.7645925247192382, 1.760393782043457, 1.7571165130615234, 1.7546887313842774, 1.7503985443115235, 1.746847691345215, 1.7461445983886719, 1.7426842102050781, 1.7393631484985352, 1.736390072631836, 1.7336428771972656, 1.727812907409668, 1.7261960815429687, 1.7250774841308594], "test_acc": [10.69, 11.15, 11.54, 11.85, 12.68, 13.69, 14.91, 15.76, 16.78, 17.16, 16.98, 17.15, 17.43, 18.22, 18.79, 19.71, 20.45, 21.23, 21.98, 22.71, 23.25, 23.8, 24.54, 24.96, 25.48, 25.82, 26.25, 26.51, 26.9, 26.92, 27.17, 27.54, 27.84, 28.18, 28.29, 28.6, 29.05, 29.27, 29.66, 29.81, 29.98, 30.35, 30.71, 30.91, 31.37, 31.41, 31.49, 32.01, 32.19, 32.95, 33.37, 33.54, 34.11, 33.69, 34.41, 34.55, 35.03, 35.22, 35.47, 35.51, 35.96, 35.93, 36.3, 36.46, 36.72, 36.83, 37.16, 37.24, 37.34, 37.58, 37.72, 38.02, 38.27, 38.32, 38.21, 38.39, 38.57, 38.67, 38.9, 38.86, 39.13, 39.21, 39.49, 39.44, 39.77, 39.69, 39.88, 40.13, 40.24, 40.37, 40.55, 40.56, 40.62, 40.98, 41.02, 41.24, 41.17, 41.39, 41.48, 41.58]}