{"train_loss": [2.3035837980417107, 2.303405336233286, 2.303265493955368, 2.3031334497989753, 2.3030227263768515, 2.302921153948857, 2.3028161965883696, 2.3027021285815117, 2.3026326063351754, 2.302538902942951, 2.302443638826028, 2.3023811199726203, 2.3023013585653063, 2.302217471293914, 2.3021405519583285, 2.302097500898899, 2.3020037522682775, 2.3019387666995708, 2.301867658052689, 2.301806607001867, 2.301735704373091, 2.301656397183736, 2.3015665213267007, 2.3015029913339857, 2.3014166990915936, 2.301354902829879, 2.3012751762683576, 2.301229503215888, 2.3011456727981567, 2.3010824863727275, 2.3009794681500164, 2.3008961212940706, 2.3008422979941736, 2.3007274664365327, 2.3006407872224464, 2.3005699237187702, 2.300478833149641, 2.300399294266334, 2.3003185712374172, 2.3002246881142643, 2.300096632884099, 2.300017322026766, 2.2999428626818537, 2.299828600883484, 2.2997390643144264, 2.299620861884875, 2.299580738483331, 2.2994850825040767, 2.2993949645604843, 2.299305869982793, 2.299172882544689, 2.299105342229207, 2.2989713528217415, 2.2988572707543007, 2.2987724126913607, 2.298720985192519, 2.2986045605097063, 2.2984901960079487, 2.298385179348481, 2.298284501907153, 2.2982459037731857, 2.29810499166831, 2.298024073625222, 2.2978837062151003, 2.29781776085878, 2.297699010066497, 2.2976274374203802, 2.2974611392387976, 2.2974539506129728, 2.2972402199720725, 2.2972074771538757, 2.297140960204296, 2.2969665282811875, 2.2968876477999567, 2.2968260893454917, 2.2967230491149118, 2.2965833535561195, 2.296508864256052, 2.2964187964414937, 2.2963260779014, 2.2962149192125367, 2.2961406145340355, 2.296046140255072, 2.2959456511032887, 2.2958261373715523, 2.2957349844467947, 2.295647688401051, 2.295547676086426, 2.2954792615694877, 2.295377086981749, 2.295284298138741, 2.295187264222365, 2.2950789592204948, 2.2950136728775807, 2.294964422323765, 2.2948267068618384, 2.2947782430893335, 2.294653933476179, 2.2946005423863727, 2.2945233650696584], "test_loss": [2.2993307220458985, 2.299008056640625, 2.298696578979492, 2.2983936828613283, 2.298097064208984, 2.2978031982421876, 2.2975116577148436, 2.297219921875, 2.2969255493164065, 2.296628775024414, 2.2963247161865232, 2.2960134490966797, 2.2956929534912107, 2.29536399230957, 2.295025402832031, 2.2946723022460938, 2.294306295776367, 2.293928942871094, 2.2935352569580076, 2.29312922668457, 2.292705325317383, 2.2922649169921874, 2.2918088500976563, 2.2913319946289064, 2.290839974975586, 2.290332131958008, 2.289807388305664, 2.2892697204589845, 2.2887134002685547, 2.2881439483642576, 2.2875529052734374, 2.2869494537353514, 2.2863314422607424, 2.285697640991211, 2.2850526611328124, 2.28438681640625, 2.2837161712646483, 2.2830273010253905, 2.282328921508789, 2.281614990234375, 2.2808763275146484, 2.2801355224609376, 2.279386981201172, 2.2786157867431642, 2.277844512939453, 2.2770600646972654, 2.2762770324707033, 2.275479983520508, 2.274685269165039, 2.2738760925292967, 2.2730386657714843, 2.2722270690917967, 2.271384295654297, 2.2705375396728518, 2.2696825469970703, 2.2688379669189453, 2.267986080932617, 2.2671261932373046, 2.2662361236572264, 2.2653507934570314, 2.264473013305664, 2.263574166870117, 2.2627074005126953, 2.2618010375976563, 2.2609188659667967, 2.2600388916015626, 2.2591288696289062, 2.2581994049072267, 2.257328793334961, 2.2564145080566407, 2.255515966796875, 2.254605892944336, 2.253673620605469, 2.252749819946289, 2.2518231140136717, 2.2509191192626954, 2.2500016632080078, 2.249089440917969, 2.2481427825927733, 2.247239733886719, 2.2463229583740234, 2.245408349609375, 2.244461706542969, 2.243551919555664, 2.242680239868164, 2.2417415222167967, 2.2408108001708986, 2.2398921630859374, 2.2390133209228518, 2.238118344116211, 2.2372568084716797, 2.236337268066406, 2.235423565673828, 2.2345329650878907, 2.233622280883789, 2.232789401245117, 2.231897537231445, 2.23107158203125, 2.2301335235595703, 2.229266961669922], "test_acc": [10.54, 10.6, 10.79, 10.96, 11.1, 11.16, 11.16, 11.42, 11.59, 11.73, 12.02, 12.2, 12.58, 12.92, 13.44, 13.76, 14.22, 14.65, 15.11, 15.71, 16.11, 16.48, 16.88, 17.24, 17.54, 17.9, 18.18, 18.36, 18.47, 18.75, 18.99, 19.13, 19.26, 19.3, 19.3, 19.4, 19.54, 19.65, 19.8, 19.81, 19.97, 20.09, 20.14, 20.32, 20.42, 20.61, 20.68, 20.72, 20.83, 21.03, 21.15, 21.31, 21.44, 21.56, 21.56, 21.74, 21.81, 21.98, 22.07, 22.09, 22.24, 22.49, 22.62, 22.81, 22.91, 22.97, 23.09, 23.24, 23.37, 23.52, 23.73, 23.82, 23.87, 24.06, 24.13, 24.26, 24.24, 24.3, 24.38, 24.6, 24.77, 24.83, 24.92, 25.01, 25.16, 25.21, 25.37, 25.5, 25.64, 25.73, 25.77, 25.74, 25.78, 25.94, 25.98, 26.13, 26.23, 26.32, 26.4, 26.5]}