{"train_loss": [2.3035268942515055, 2.303410285558456, 2.303343271597838, 2.3032373990768042, 2.303145879965562, 2.303070179010049, 2.3030267727680696, 2.302965989479652, 2.3029565083674894, 2.3029003834113095, 2.302839645361289, 2.302815143267314, 2.30276833375295, 2.302767242529453, 2.3027138190391736, 2.3027242153118817, 2.3027271839288566, 2.3026896378932853, 2.3026986421682896, 2.302691748814705, 2.3026733153905625, 2.302647385230431, 2.302651692659427, 2.302669090491075, 2.302630587724539, 2.3026450377244214, 2.3026294530966345, 2.3026329193359767, 2.3026237475566376, 2.3026231612914647, 2.302603576733516, 2.3026202079577325, 2.302611235471872, 2.3025906012608455, 2.3025901849453265, 2.302584054531195, 2.302593014179132, 2.3025812363013243, 2.3025843222935993, 2.302607053365463, 2.3025889855164747, 2.302561490963667, 2.3025756267400888, 2.3025777022043865, 2.302573123345008, 2.302594189766126, 2.3025815963745115, 2.3025884787241617, 2.302572367130182, 2.3025647615775084, 2.302545241209177, 2.3025617972398416, 2.3025545065219584, 2.3025917536173113, 2.3025546251199183, 2.302558091359261, 2.3025594527904802, 2.302584662804237, 2.3025684216083624, 2.3025677821575066, 2.3025516870694283, 2.3025591385670197, 2.302539330873734, 2.3025469089165713, 2.3025425568605082, 2.3025297299409524, 2.302577298726791, 2.3025497778868065, 2.302562082119477, 2.3025499729009775, 2.302549265592526, 2.302577623954186, 2.302548027649904, 2.30253438827319, 2.3025299249551234, 2.302522732049991, 2.30254957309136, 2.302565655952845, 2.302539006868998, 2.3025206358004837, 2.302535464213445, 2.3025358114487084, 2.30255057934003, 2.302552549655621, 2.3025414674710003, 2.3025248704812467, 2.3025189674817597, 2.3025486927766066, 2.3025237010075497, 2.3025151998568805, 2.3025290452516995, 2.302508898270436, 2.3025396353159193, 2.3025235970815023, 2.3025256303640513, 2.3025274026088227, 2.30252064313644, 2.302508621949416, 2.3024994238829, 2.3025133848190307], "test_loss": [2.299473849487305, 2.2993003509521484, 2.299140414428711, 2.298992269897461, 2.2988549865722656, 2.298728268432617, 2.298615316772461, 2.2985074798583986, 2.298406326293945, 2.2983138580322264, 2.2982288330078124, 2.2981431915283204, 2.2980646270751954, 2.2979898162841796, 2.2979193756103515, 2.297854330444336, 2.2977939514160157, 2.2977348022460937, 2.297676675415039, 2.2976209442138673, 2.297570098876953, 2.297517315673828, 2.297466217041016, 2.297414080810547, 2.2973684753417967, 2.297321157836914, 2.2972796478271484, 2.297237924194336, 2.297198745727539, 2.2971567901611327, 2.2971166870117186, 2.297077307128906, 2.297036358642578, 2.2970009765625, 2.2969652282714845, 2.29692919921875, 2.2968950439453124, 2.296859848022461, 2.29682431640625, 2.2967882263183594, 2.2967557373046876, 2.2967203033447268, 2.2966854614257812, 2.296650927734375, 2.2966198028564455, 2.2965850219726565, 2.2965513549804686, 2.296522738647461, 2.296491384887695, 2.296458215332031, 2.2964276458740236, 2.296393505859375, 2.2963610900878906, 2.296331753540039, 2.296299954223633, 2.2962678253173827, 2.2962345184326174, 2.296201058959961, 2.296170635986328, 2.296139212036133, 2.2961053436279295, 2.296077294921875, 2.296045458984375, 2.2960161468505857, 2.2959852752685546, 2.2959538787841796, 2.295923583984375, 2.2958891571044924, 2.2958596252441406, 2.295828857421875, 2.295798489379883, 2.295768212890625, 2.2957381256103515, 2.2957083129882814, 2.2956773162841797, 2.295645166015625, 2.295614465332031, 2.2955909912109376, 2.2955593963623047, 2.2955299499511717, 2.295499774169922, 2.2954687591552734, 2.29544423828125, 2.29541501159668, 2.2953882690429688, 2.295354244995117, 2.2953245910644533, 2.295299053955078, 2.295266372680664, 2.2952346862792967, 2.2951991302490233, 2.2951672576904296, 2.2951362762451173, 2.295106655883789, 2.2950766479492186, 2.2950474243164063, 2.2950180755615235, 2.2949856201171874, 2.2949546875, 2.294925457763672], "test_acc": [10.49, 10.55, 10.59, 10.68, 10.71, 10.75, 10.73, 10.71, 10.73, 10.81, 10.99, 11.07, 11.11, 11.25, 11.23, 11.4, 11.4, 11.52, 11.56, 11.57, 11.59, 11.74, 11.84, 11.92, 12.12, 12.1, 12.12, 12.43, 12.5, 12.51, 12.64, 12.69, 12.83, 12.93, 13.0, 13.02, 13.2, 13.28, 13.32, 13.27, 13.36, 13.43, 13.48, 13.53, 13.58, 13.56, 13.72, 13.82, 13.96, 14.08, 14.19, 14.24, 14.37, 14.4, 14.42, 14.48, 14.52, 14.56, 14.58, 14.58, 14.63, 14.67, 14.73, 14.8, 14.82, 14.85, 14.91, 14.97, 15.02, 15.08, 15.1, 15.15, 15.19, 15.23, 15.29, 15.32, 15.35, 15.43, 15.45, 15.46, 15.51, 15.52, 15.56, 15.56, 15.55, 15.58, 15.59, 15.61, 15.72, 15.78, 15.8, 15.82, 15.86, 15.87, 15.87, 15.91, 16.0, 16.08, 16.1, 16.15]}