{"train_loss": [2.30361911822588, 2.3031423189701177, 2.3028983171169575, 2.302501295774411, 2.302208760457161, 2.301704695285895, 2.3012413556759173, 2.3008075377879997, 2.3003249027790167, 2.2997825365800124, 2.2989651826711803, 2.298339546032441, 2.2975268663504185, 2.296613635160984, 2.2955200176972608, 2.2945995929913643, 2.29331729106414, 2.2921963337140205, 2.2909915924072264, 2.289707446709657, 2.288574674190619, 2.2870943051118116, 2.2855669461763823, 2.284280840555827, 2.282877436051002, 2.2813107857337367, 2.2799815324636605, 2.27888962550041, 2.2773974302487496, 2.275722867403275, 2.2741207550733518, 2.2726304622796865, 2.2711941211651534, 2.269478728832343, 2.2681434233983357, 2.2667475370260384, 2.2653340058448985, 2.2639431317647296, 2.2619172835961368, 2.260936472354791, 2.259576826217847, 2.258463353377122, 2.25733502522493, 2.2555607477823894, 2.255024408071469, 2.2538122219917103, 2.2530058750739466, 2.252475221340473, 2.251241577588595, 2.2504832964677077, 2.248681952403142, 2.248446762867463, 2.2472926115378353, 2.2467439009593084, 2.2455124714435675, 2.244647144048642, 2.2440974431160168, 2.2434110048489693, 2.2423546094160813, 2.241374414395063, 2.2413454581529666, 2.240482286306528, 2.240226676525214, 2.2384925903418127, 2.2381483200268866, 2.2367365782077497, 2.2359077716485047, 2.2354987596854183, 2.235319265952477, 2.2329468947190505, 2.232713987888434, 2.233192325861026, 2.2320392137918716, 2.2313749221655037, 2.229807252761645, 2.2292200981042325, 2.228739983607561, 2.227909062458919, 2.2267748948855277, 2.2255504235243184, 2.224793342443613, 2.2241522030952647, 2.223440126272348, 2.2229342283346716, 2.2220866637352183, 2.2213966877032547, 2.221201293896406, 2.2194591075946124, 2.219513682830028, 2.2186661176192453, 2.217385255984771, 2.2160639267701367, 2.2157645849081185, 2.215558058787615, 2.2147357848974374, 2.213879308333764, 2.213058756559323, 2.211433637447846, 2.2112065205207236, 2.2105686181630846], "test_loss": [2.2990537689208983, 2.2984326385498046, 2.2977867553710936, 2.297104605102539, 2.2963688446044923, 2.2955545959472654, 2.2946567962646482, 2.293610791015625, 2.2924098907470705, 2.2910145935058592, 2.2893827880859376, 2.287520886230469, 2.2853332916259768, 2.282840676879883, 2.2799920227050783, 2.2768282836914064, 2.273265557861328, 2.2694916717529297, 2.2655595123291015, 2.261501107788086, 2.257374496459961, 2.253085290527344, 2.24877587890625, 2.2443029754638673, 2.2399362060546877, 2.2351162048339845, 2.230425421142578, 2.2258665649414064, 2.221346389770508, 2.2160013641357423, 2.21090680847168, 2.205741387939453, 2.2005566955566405, 2.195368130493164, 2.1898788635253905, 2.184725076293945, 2.178705322265625, 2.1737053771972654, 2.1683237426757813, 2.1634469299316406, 2.1577522674560545, 2.1530231201171874, 2.149400311279297, 2.1439427185058593, 2.139489910888672, 2.1333601135253906, 2.1299253143310546, 2.1269591583251954, 2.122824966430664, 2.119526513671875, 2.1146759521484375, 2.112134878540039, 2.108218408203125, 2.104758255004883, 2.101469073486328, 2.0993944671630858, 2.0962551361083985, 2.094016082763672, 2.0903435974121094, 2.086194692993164, 2.0850400268554687, 2.082223797607422, 2.0792133850097656, 2.076208850097656, 2.0739699432373047, 2.070583142089844, 2.0677002166748046, 2.065123780822754, 2.061651466369629, 2.058940852355957, 2.0560395751953124, 2.0547837982177732, 2.0502262573242187, 2.047364686584473, 2.0449798904418945, 2.0421088287353517, 2.0396789291381836, 2.0361948623657224, 2.033835890197754, 2.03055009765625, 2.028378515625, 2.0252610122680665, 2.022864321899414, 2.0201036712646485, 2.018885629272461, 2.0143083389282226, 2.0128730880737304, 2.0081831298828123, 2.0049714096069335, 2.0024744583129883, 2.000823959350586, 1.9968669128417968, 1.9952121139526366, 1.9906455535888672, 1.9892039840698241, 1.986725877380371, 1.9840218963623046, 1.9798982879638671, 1.9783866455078125, 1.9743381088256835], "test_acc": [10.66, 10.9, 11.16, 11.22, 11.55, 12.12, 12.65, 13.29, 14.18, 14.48, 15.24, 15.96, 16.41, 16.78, 16.65, 16.95, 17.28, 17.61, 18.12, 18.38, 18.98, 19.57, 20.08, 20.61, 21.3, 21.63, 21.98, 22.46, 23.03, 23.46, 23.8, 24.15, 24.28, 24.86, 25.1, 25.37, 25.53, 25.77, 25.97, 26.33, 26.43, 26.76, 27.23, 27.33, 27.62, 27.5, 27.69, 28.01, 28.01, 28.25, 28.32, 28.54, 28.74, 28.77, 29.1, 29.25, 29.34, 29.73, 29.7, 29.96, 30.23, 30.38, 30.61, 30.67, 31.03, 30.94, 31.23, 31.4, 31.49, 31.79, 32.22, 32.17, 32.4, 32.54, 32.55, 32.9, 33.26, 33.24, 33.48, 33.61, 33.89, 33.85, 33.98, 34.27, 34.35, 34.57, 34.84, 34.74, 35.24, 34.99, 35.04, 35.29, 35.63, 35.54, 35.75, 35.82, 35.53, 35.89, 36.05, 36.21]}