{"train_loss": [2.30346474586389, 2.303296476144057, 2.3032304238050414, 2.3031898596347906, 2.3030608201638247, 2.303030732961801, 2.302965335968213, 2.302907351347116, 2.3028735986122717, 2.3028198095468375, 2.3028008540471396, 2.3027764717737833, 2.302715358367333, 2.3027415996942766, 2.3027201145123213, 2.302740135559669, 2.302698201399583, 2.302622666114416, 2.3026686118199273, 2.302672100067139, 2.3025915946715916, 2.302601308089036, 2.3026059169035693, 2.3025825769473345, 2.302596371601789, 2.3025961191226276, 2.3026584007801154, 2.3025810816349126, 2.3025710937304376, 2.3026179796610124, 2.3026349434485804, 2.3025559504826862, 2.3025847557263495, 2.302504746730511, 2.3025677693195834, 2.30256262864822, 2.3025911911939962, 2.3025767901004888, 2.302523639263251, 2.3025523992685173, 2.3025145353415075, 2.3025046391364854, 2.3025156730260603, 2.3025315027970534, 2.3025270162484586, 2.3024958176490586, 2.302539664048415, 2.3025946739392404, 2.3025235591790616, 2.3025338631409866, 2.3025030680191825, 2.3025182638412867, 2.3025606198188586, 2.3025361250608394, 2.302480084468157, 2.302490999759772, 2.302512682401217, 2.302492208358569, 2.302514416132218, 2.302518951587188, 2.302547889489394, 2.3025462908622547, 2.3025049429673414, 2.302462234863868, 2.3024983442746674, 2.3024998016846485, 2.3025217154087163, 2.3025118522154977, 2.3024882377722324, 2.3025219697218673, 2.3024895289005376, 2.302481413498903, 2.302534544162261, 2.3025121230345507, 2.3025099222476664, 2.3024631628623378, 2.3024827003479005, 2.3025272100399703, 2.3024886045700463, 2.302482587251908, 2.302494419538058, 2.3024855240797386, 2.302454595688062, 2.302467210476215, 2.302445523555462, 2.3024338288184922, 2.302405252823463, 2.302413272857666, 2.3024605347560003, 2.3024502693078457, 2.3024429474121484, 2.3024862509507398, 2.302444816247011, 2.3024854916792648, 2.3024443332965556, 2.302499635402973, 2.30249912861066, 2.3024371306101483, 2.30245367258023, 2.3024288134697155], "test_loss": [2.2994774841308594, 2.2993007934570313, 2.299136831665039, 2.298988815307617, 2.2988537811279297, 2.2987245666503906, 2.2986046325683596, 2.2984963562011718, 2.2983953674316404, 2.298305892944336, 2.298217514038086, 2.298137951660156, 2.2980628204345703, 2.2979903900146486, 2.297917205810547, 2.297849920654297, 2.2977900360107424, 2.2977273895263672, 2.2976754547119143, 2.297617236328125, 2.2975633880615236, 2.2975110900878906, 2.297464517211914, 2.297420910644531, 2.2973707397460936, 2.297324850463867, 2.2972819946289063, 2.2972356567382812, 2.2971988861083985, 2.297158868408203, 2.2971212615966796, 2.2970803253173826, 2.297042416381836, 2.2970022186279295, 2.2969648651123045, 2.2969278747558595, 2.296887454223633, 2.296852850341797, 2.2968188232421873, 2.296786737060547, 2.2967548828125, 2.2967158264160155, 2.2966830963134766, 2.296645541381836, 2.296615252685547, 2.296576840209961, 2.296540557861328, 2.2965076385498047, 2.2964768524169923, 2.296443374633789, 2.2964053649902345, 2.296372769165039, 2.2963327423095703, 2.2962963134765624, 2.2962622131347654, 2.2962278533935545, 2.296194970703125, 2.2961665130615234, 2.296128845214844, 2.2960938873291017, 2.296063446044922, 2.296028414916992, 2.295989227294922, 2.295954217529297, 2.2959216094970705, 2.2958918792724607, 2.295855807495117, 2.2958220550537107, 2.295785464477539, 2.2957495819091798, 2.2957189270019533, 2.295687631225586, 2.2956531799316404, 2.295616357421875, 2.2955867218017576, 2.295543374633789, 2.2955034545898436, 2.295472775268555, 2.2954402404785155, 2.2954095336914064, 2.2953796630859373, 2.2953544708251954, 2.2953134552001955, 2.2952812866210937, 2.2952500030517577, 2.2952117706298827, 2.2951716918945313, 2.295136859130859, 2.2951031951904297, 2.2950581909179686, 2.295024530029297, 2.294995431518555, 2.2949602905273436, 2.294931802368164, 2.2948931518554687, 2.2948545349121092, 2.2948288970947264, 2.294790057373047, 2.294756768798828, 2.294723504638672], "test_acc": [10.51, 10.61, 10.65, 10.74, 10.77, 10.76, 10.79, 10.91, 10.95, 10.97, 10.95, 11.04, 11.1, 11.22, 11.28, 11.25, 11.35, 11.45, 11.35, 11.4, 11.46, 11.34, 11.23, 11.31, 11.33, 11.36, 11.5, 11.52, 11.63, 11.66, 11.79, 11.81, 11.94, 12.05, 12.14, 12.28, 12.34, 12.51, 12.54, 12.7, 12.71, 12.81, 12.84, 12.92, 13.08, 13.15, 13.19, 13.25, 13.29, 13.37, 13.51, 13.46, 13.59, 13.75, 13.87, 13.82, 13.91, 14.0, 14.01, 14.17, 14.21, 14.3, 14.38, 14.41, 14.49, 14.49, 14.5, 14.6, 14.78, 14.86, 14.94, 14.95, 15.03, 15.13, 15.19, 15.23, 15.26, 15.27, 15.3, 15.43, 15.42, 15.44, 15.45, 15.43, 15.49, 15.5, 15.55, 15.56, 15.6, 15.67, 15.71, 15.72, 15.8, 15.87, 15.93, 15.95, 16.02, 16.09, 16.17, 16.18]}