{"train_loss": [2.303506105985397, 2.3033861447603274, 2.303243652368203, 2.3031351602994476, 2.3030332883199054, 2.3029147123679135, 2.3028653205969394, 2.302760015389858, 2.3026828820888814, 2.3025992974256857, 2.3025652481959415, 2.3024601404483502, 2.302454209327698, 2.3023931173177865, 2.3023485886744965, 2.3023053529935007, 2.3022560199101765, 2.3022353771405344, 2.3021579400087013, 2.3021340272365474, 2.3021114190419514, 2.301993588912181, 2.3019647830571883, 2.3019462408163607, 2.301877744992574, 2.301893264819414, 2.3017863291960494, 2.301831007615114, 2.3017356035036918, 2.3016828286342133, 2.301618415270096, 2.301603707900414, 2.301576684682797, 2.3014778332832533, 2.3014982229624037, 2.3014498025943073, 2.301428039257343, 2.301338400596227, 2.3013274315075996, 2.3012587088804977, 2.301249169692015, 2.301101027390896, 2.3010817099840213, 2.3010572622983885, 2.301021138215676, 2.3009267904819586, 2.300890294710795, 2.300811477807852, 2.3008247717832906, 2.300788117066408, 2.300719384658031, 2.300715986887614, 2.3005608381369176, 2.300513942425068, 2.3004446078569463, 2.3004474211961794, 2.30038482714922, 2.3003784253047064, 2.3003445686438146, 2.300234775054149, 2.300271465228154, 2.3001944951522044, 2.300105522840451, 2.300042960582635, 2.3000231859011526, 2.2999502793336526, 2.299879525257991, 2.2998103673641497, 2.299826889160352, 2.2996921863311375, 2.299635684184539, 2.2996218418463683, 2.2996227288857485, 2.299551526094094, 2.2994550166985928, 2.2994385254688754, 2.299343634263063, 2.299289952791654, 2.2992549040378667, 2.2992177376380334, 2.2991769595023914, 2.2991313335223076, 2.299023196636102, 2.299044329080826, 2.298924844081585, 2.2989243800823504, 2.2987839264747425, 2.2988793886624848, 2.2988008933189588, 2.2987414286686825, 2.2987259620275253, 2.2985747661346045, 2.298534069917141, 2.2985200667992616, 2.2985381150857, 2.2983624812884207, 2.2983760576981767, 2.298385827969282, 2.298325542303232, 2.2982056953968146], "test_loss": [2.2993699401855467, 2.299089553833008, 2.298822415161133, 2.29855959777832, 2.298308645629883, 2.298059390258789, 2.297816146850586, 2.2975726623535158, 2.297336605834961, 2.297097723388672, 2.2968570373535155, 2.2966131866455077, 2.296370129394531, 2.2961227630615233, 2.2958683197021483, 2.2956134826660155, 2.2953496520996093, 2.295085290527344, 2.2948166900634765, 2.294539691162109, 2.2942508697509765, 2.2939508056640623, 2.2936433959960936, 2.2933305786132814, 2.2930025451660154, 2.2926682891845704, 2.2923322692871095, 2.2919938446044923, 2.2916484832763673, 2.2912868041992187, 2.290902169799805, 2.2905233337402344, 2.2901486846923826, 2.289755026245117, 2.2893619262695313, 2.2889575988769533, 2.2885478454589845, 2.2881284912109376, 2.2877024963378907, 2.2872669494628908, 2.2868326629638673, 2.2863707702636717, 2.285916534423828, 2.2854509979248046, 2.2849820281982423, 2.2844985565185545, 2.2840224670410154, 2.283518338012695, 2.2830537536621094, 2.2825653839111326, 2.282061431884766, 2.2815650634765623, 2.2810236267089845, 2.2804809387207032, 2.2799471801757814, 2.2794183807373045, 2.2788959564208984, 2.2783594482421874, 2.277840530395508, 2.277298400878906, 2.276772528076172, 2.276219110107422, 2.2756643127441407, 2.2750802062988282, 2.2745205322265627, 2.2739538635253904, 2.273399673461914, 2.2728046630859375, 2.2722240447998048, 2.271639990234375, 2.271056997680664, 2.270458218383789, 2.2699231567382814, 2.2693527465820313, 2.2687760040283202, 2.268198977661133, 2.2675737701416017, 2.2669901794433596, 2.2664291290283205, 2.2658377319335936, 2.2652735473632815, 2.2646912872314453, 2.2640225341796874, 2.263459780883789, 2.262874578857422, 2.262291403198242, 2.2616827056884765, 2.2611067596435546, 2.2605331268310547, 2.2599412841796873, 2.259370080566406, 2.2587779083251953, 2.258186880493164, 2.257609292602539, 2.2570523162841796, 2.256421728515625, 2.2558812042236327, 2.2553112731933593, 2.254728973388672, 2.2541124908447268], "test_acc": [10.51, 10.66, 10.75, 10.81, 10.9, 10.96, 11.07, 11.41, 11.81, 11.89, 12.05, 12.25, 12.56, 12.54, 12.86, 13.22, 13.69, 13.96, 14.25, 14.65, 15.01, 15.21, 15.54, 15.82, 16.15, 16.2, 16.4, 16.56, 16.87, 17.23, 17.48, 17.63, 17.69, 17.84, 17.91, 17.97, 18.02, 18.06, 18.3, 18.41, 18.39, 18.48, 18.66, 18.82, 18.9, 18.98, 19.03, 19.17, 19.23, 19.39, 19.51, 19.55, 19.66, 19.75, 19.76, 19.89, 20.05, 20.23, 20.37, 20.43, 20.57, 20.73, 20.8, 20.87, 21.09, 21.18, 21.31, 21.38, 21.55, 21.76, 21.87, 22.0, 22.05, 22.09, 22.29, 22.47, 22.55, 22.56, 22.73, 22.92, 23.07, 23.16, 23.21, 23.22, 23.39, 23.6, 23.81, 23.87, 23.88, 23.91, 24.07, 24.09, 24.21, 24.3, 24.41, 24.41, 24.53, 24.59, 24.68, 24.67]}