{"train_loss": [2.3034730568910255, 2.3032556289281603, 2.303178740770389, 2.303058512394245, 2.302979511481065, 2.302958015295175, 2.3028941992001655, 2.302761820646433, 2.302785382515345, 2.302682577035366, 2.302571816933461, 2.302546303700178, 2.302539983162513, 2.3024716585110396, 2.302521178049919, 2.302468316982954, 2.302369562173501, 2.3022591755940365, 2.3023697816408597, 2.302246279594226, 2.3022382889038475, 2.302183168973678, 2.3022302548090616, 2.302175393471351, 2.3021150277211118, 2.302129680682451, 2.30212877652584, 2.3020896269724918, 2.302075901398292, 2.3019906832621646, 2.302006658529624, 2.30205762386322, 2.3020156169549013, 2.301967038252415, 2.3018708363557474, 2.301935244217897, 2.301938608365181, 2.3018371673730704, 2.3018519218151385, 2.3017966997929107, 2.301786134793208, 2.3017462926033216, 2.3017388411057302, 2.3017912516227135, 2.3016913414001463, 2.3016457508771846, 2.3016447421831963, 2.301651648986034, 2.3016113427969125, 2.301636842580942, 2.301651353102464, 2.3015406211217244, 2.3015896387589283, 2.3014947885122057, 2.3014646413998725, 2.3013945824060684, 2.301402097481948, 2.30144557647216, 2.301359474964631, 2.3013192513050176, 2.3013997414173226, 2.301385401456784, 2.3012230090605907, 2.301248771716387, 2.3013004333545, 2.301244573104076, 2.3012072135240604, 2.3011225608678965, 2.3012693032240255, 2.3011732523257917, 2.3011414368947345, 2.3010616675401345, 2.3010814471122547, 2.3010515585923805, 2.3010385427719506, 2.3009389253763053, 2.3008994212517373, 2.300949713511345, 2.30085908694145, 2.300942384891021, 2.300764769774217, 2.3008538643519083, 2.300831451171484, 2.300850135852129, 2.300781124066084, 2.300787002612383, 2.3007852230316552, 2.3007485762620585, 2.3007034326211, 2.3005969010866605, 2.3004809990907327, 2.300530477670523, 2.3007151836004014, 2.300624664624532, 2.300596075791579, 2.3005394691076035, 2.3004413824815018, 2.3004739608520115, 2.3003597632432595, 2.3003801565903883], "test_loss": [2.2993867736816407, 2.299129913330078, 2.298885095214844, 2.298645831298828, 2.298419396972656, 2.2982067321777344, 2.297997848510742, 2.2977980285644533, 2.297590689086914, 2.2974015258789064, 2.297208190917969, 2.297021505737305, 2.2968326171875, 2.296633670043945, 2.2964491058349608, 2.296256365966797, 2.296073239135742, 2.295876348876953, 2.295685339355469, 2.2954858764648436, 2.2952935272216797, 2.2950995025634766, 2.294907080078125, 2.2947063232421874, 2.2945086578369143, 2.2943111724853518, 2.294112902832031, 2.293898822021484, 2.293692184448242, 2.293473095703125, 2.2932378326416014, 2.2930284912109373, 2.2928000915527345, 2.292582064819336, 2.2923547149658203, 2.2921290466308593, 2.291894876098633, 2.2916669799804685, 2.291430258178711, 2.291177462768555, 2.290923748779297, 2.290684063720703, 2.2904286010742188, 2.2901785400390624, 2.2899161834716795, 2.2896463287353517, 2.2893932556152343, 2.2891259033203126, 2.2888624450683595, 2.2885901824951174, 2.288334930419922, 2.2880586639404297, 2.2877886352539063, 2.2874970764160154, 2.2872072357177733, 2.286910791015625, 2.2866165344238283, 2.2863248321533205, 2.286030358886719, 2.2857480682373046, 2.285453060913086, 2.285148141479492, 2.284824282836914, 2.2845176116943358, 2.284211038208008, 2.2839114135742187, 2.2836053497314452, 2.2832824981689455, 2.2829859283447265, 2.2826838317871094, 2.282365414428711, 2.2820137847900392, 2.281696951293945, 2.2813718200683595, 2.281048843383789, 2.2807033905029295, 2.280359362792969, 2.280002780151367, 2.279668029785156, 2.279363995361328, 2.2790090911865235, 2.2786757263183595, 2.2783372192382814, 2.2779766174316407, 2.2776361724853516, 2.27731796875, 2.276979425048828, 2.276638754272461, 2.276251382446289, 2.2758808837890623, 2.2754749908447267, 2.2751166748046874, 2.2747754730224607, 2.2744353118896483, 2.2741046752929686, 2.273772888183594, 2.273420755004883, 2.2730388275146485, 2.2726163146972658, 2.2722219635009764], "test_acc": [10.63, 10.8, 10.92, 11.05, 11.37, 11.64, 11.77, 11.95, 12.07, 12.19, 12.07, 12.01, 12.06, 12.08, 12.19, 12.16, 12.1, 12.16, 12.2, 12.32, 12.31, 12.35, 12.31, 12.38, 12.65, 12.87, 13.0, 13.17, 13.36, 13.43, 13.52, 13.7, 13.76, 13.81, 13.98, 14.18, 14.42, 14.59, 14.8, 15.01, 15.13, 15.25, 15.41, 15.53, 15.63, 15.8, 15.97, 16.1, 16.32, 16.42, 16.54, 16.68, 16.78, 16.9, 17.02, 17.08, 17.21, 17.26, 17.37, 17.45, 17.68, 17.74, 17.87, 17.97, 18.07, 18.2, 18.31, 18.42, 18.59, 18.8, 18.98, 19.09, 19.22, 19.33, 19.46, 19.55, 19.61, 19.54, 19.62, 19.79, 19.93, 20.06, 20.19, 20.28, 20.37, 20.51, 20.63, 20.71, 20.74, 20.91, 21.1, 21.22, 21.34, 21.49, 21.63, 21.61, 21.69, 21.74, 21.87, 21.98]}