{"train_loss": [2.30350724428128, 2.3030352415182653, 2.3026570320129394, 2.3022281701748186, 2.301797132614331, 2.301361969189766, 2.3008016127806443, 2.3001151812382234, 2.2994452317555747, 2.2986208078188772, 2.2975393986090635, 2.2963767522420637, 2.295123121677301, 2.293626560920324, 2.2920924675770293, 2.290180365855877, 2.288260587056478, 2.286218747114524, 2.2842296025691886, 2.282189117333828, 2.2801530049397396, 2.277683215874892, 2.275392101972531, 2.2732306248102434, 2.270664073870732, 2.2680870918127205, 2.2656875170194186, 2.2631337691576054, 2.260583027203878, 2.2580737334031324, 2.255325159048423, 2.2532454240016446, 2.2504410731486786, 2.2480111672328067, 2.2460658917060266, 2.24416987040104, 2.2419902049578155, 2.2404738132770246, 2.238687741450774, 2.2365982563067703, 2.2349850966380194, 2.234106323046562, 2.2323975935960427, 2.230600487268888, 2.229766703874637, 2.2282808982408966, 2.226808981406383, 2.2262685317259567, 2.2252698947221803, 2.223188001070267, 2.221919446113782, 2.2207025106136618, 2.2203403558486547, 2.2185103526482215, 2.217311352949876, 2.2162074535320966, 2.215193184216817, 2.213858623382373, 2.2126619803599823, 2.211084822508005, 2.209995158513387, 2.2089986929526697, 2.2079177905351686, 2.2065706222485275, 2.2059529732435177, 2.2039740635798526, 2.202725997949258, 2.2019070050655265, 2.2008788958573953, 2.199395304459792, 2.1979659331150545, 2.197643627264561, 2.195876913804274, 2.194915467653519, 2.1927812026097224, 2.1925882168305226, 2.1904496675882585, 2.1901625676032825, 2.1888744549873547, 2.1872913281122845, 2.186293639280857, 2.185116787445851, 2.184333549401699, 2.1823783666659624, 2.1813989755434866, 2.1800541987785924, 2.1797904894902156, 2.1782548604867396, 2.177842604808318, 2.176369903026483, 2.174026944087102, 2.174042917520572, 2.1732624591925207, 2.172022042519007, 2.171170987838354, 2.170039421472794, 2.169534387343969, 2.1684300006964268, 2.1676648194973285, 2.1667861467752703], "test_loss": [2.2990073272705076, 2.2983271545410155, 2.2976103973388673, 2.2968306060791015, 2.2959752990722655, 2.2950111297607423, 2.293905065917969, 2.2925920715332033, 2.2910445892333984, 2.289177606201172, 2.28693268737793, 2.2842356201171876, 2.2810408935546875, 2.277286508178711, 2.272983123779297, 2.2681595275878905, 2.2629344177246096, 2.2574103973388673, 2.2517709777832033, 2.246098626708984, 2.2402685485839844, 2.234316943359375, 2.2282418060302733, 2.221875830078125, 2.2154390380859375, 2.2084322540283203, 2.201531591796875, 2.1948895294189454, 2.187705389404297, 2.1800797302246093, 2.172094268798828, 2.1647912109375, 2.1577009918212893, 2.1502375244140626, 2.1422594177246093, 2.135525161743164, 2.1289801940917967, 2.1224748260498045, 2.117635403442383, 2.111527487182617, 2.1051774658203124, 2.1013285034179687, 2.0964294525146485, 2.0915885986328124, 2.0877826232910155, 2.0829465087890626, 2.0781477005004882, 2.0751833068847656, 2.071707748413086, 2.067759127807617, 2.063939678955078, 2.0607521759033203, 2.056747297668457, 2.053216439819336, 2.049579881286621, 2.045765936279297, 2.0421849334716797, 2.039100354003906, 2.034533262634277, 2.0313671875, 2.028184136962891, 2.024355952453613, 2.0205384994506836, 2.0170753356933595, 2.013832963562012, 2.0100228576660157, 2.007045555114746, 2.0029416122436525, 1.9985982162475586, 1.99467197265625, 1.9920691390991212, 1.9887063217163086, 1.9840040023803711, 1.9808893966674805, 1.977044387817383, 1.9742190002441407, 1.9685625274658203, 1.9655575561523437, 1.9620934341430665, 1.958755337524414, 1.9546726821899414, 1.9495624252319337, 1.9471814880371094, 1.9444113800048828, 1.9403913513183593, 1.9349850509643556, 1.9338097839355468, 1.9297508102416991, 1.926255987548828, 1.9224725814819337, 1.9189720245361328, 1.9162052337646485, 1.912941148376465, 1.9083696060180664, 1.905899055480957, 1.9036058715820312, 1.8997634521484374, 1.8958769653320313, 1.8934521713256836, 1.8921322647094727], "test_acc": [10.65, 10.92, 11.19, 11.51, 12.02, 12.45, 13.16, 14.35, 15.32, 16.06, 17.04, 17.52, 17.78, 17.71, 17.67, 18.24, 18.51, 19.15, 19.66, 20.23, 20.74, 21.3, 21.76, 22.19, 22.64, 22.93, 23.55, 23.96, 24.41, 24.75, 25.02, 25.18, 25.55, 25.92, 26.07, 26.34, 26.5, 26.7, 26.85, 27.13, 27.23, 27.63, 28.03, 28.0, 28.39, 28.54, 28.76, 28.93, 29.15, 29.5, 29.87, 29.7, 30.13, 29.95, 30.41, 30.64, 30.91, 31.07, 31.37, 31.4, 31.69, 31.58, 32.36, 32.18, 32.56, 32.87, 32.93, 33.52, 33.67, 33.65, 34.25, 34.19, 34.46, 34.65, 34.54, 34.82, 35.2, 35.39, 35.48, 35.7, 35.57, 35.63, 35.81, 36.11, 36.14, 36.03, 36.38, 36.41, 36.62, 36.77, 36.93, 37.15, 37.1, 37.36, 37.43, 37.41, 37.66, 37.86, 37.91, 37.98]}