{"train_loss": [2.30355147642967, 2.303344767521589, 2.303202637647971, 2.3030776262283323, 2.30296139778235, 2.3028594493865966, 2.3027350853650996, 2.302560737194159, 2.3025188421591736, 2.3024122733336227, 2.3022792113132966, 2.302202262633886, 2.3021128251002385, 2.3020112483929367, 2.301920755704244, 2.3018258608304536, 2.3017504203013885, 2.301649423745962, 2.3015101218834904, 2.3014123629301024, 2.3013223770337228, 2.3011988059068336, 2.3010774147816195, 2.3009838440479378, 2.300865095089643, 2.300773941553556, 2.3006322463353475, 2.3005336437469874, 2.300436345124856, 2.300313807756473, 2.300149390636346, 2.300041725085332, 2.299934195860838, 2.2997734082050814, 2.2996104038678684, 2.2994944223990808, 2.2993786610089817, 2.299234737494053, 2.2990992772273526, 2.2989327571330924, 2.298770685073657, 2.29863549379202, 2.2984910127444147, 2.2983155513421085, 2.2981801515970472, 2.2980152503038065, 2.2979047536849975, 2.2977435050866544, 2.2976119787265095, 2.297457375893226, 2.297246586970794, 2.297173679791964, 2.296963666035579, 2.2967410588875796, 2.2966282153740907, 2.296491360053038, 2.296269568418845, 2.296128314580673, 2.295963840606885, 2.295749321962014, 2.295720792428041, 2.2954270833577866, 2.295282632876665, 2.295075259453211, 2.2950378894805907, 2.294778658182193, 2.294709697747842, 2.2945301214853924, 2.294483260008005, 2.2941526143978805, 2.294022252620795, 2.2938959543521587, 2.2937149243477064, 2.2936104805041584, 2.293436368306478, 2.2932921360700558, 2.2931188008724113, 2.293035190533369, 2.292857038669097, 2.292710296312968, 2.292542038819729, 2.292440962791443, 2.292320088851146, 2.2921591795407807, 2.291993229205792, 2.2918468933839065, 2.291707741908538, 2.291637846139761, 2.291512654377864, 2.291293573379517, 2.291262748913887, 2.2911683620550694, 2.2910230294252054, 2.2908150807405128, 2.290784744727306, 2.2907440442305345, 2.290590583972442, 2.290415692940736, 2.2903397016036204, 2.290241383283566], "test_loss": [2.2993059539794922, 2.2989557067871096, 2.2986144104003907, 2.2982818054199217, 2.2979509307861328, 2.29761611328125, 2.297286178588867, 2.2969518646240235, 2.2966051879882814, 2.296255416870117, 2.2958908294677736, 2.295512121582031, 2.2951220306396483, 2.294709555053711, 2.2942870208740236, 2.2938403717041016, 2.2933680084228514, 2.292882073974609, 2.292371826171875, 2.291824215698242, 2.291254849243164, 2.2906650268554687, 2.2900405181884764, 2.2893900451660154, 2.288704992675781, 2.2880118255615236, 2.2872799713134766, 2.286523449707031, 2.285743539428711, 2.284940188598633, 2.284096420288086, 2.283242041015625, 2.282362890625, 2.2814577453613283, 2.2805277770996093, 2.2795660766601564, 2.2786112060546877, 2.2776357757568357, 2.276629803466797, 2.2756063507080078, 2.274567175292969, 2.2735263580322265, 2.2724624877929687, 2.2713560760498046, 2.270262612915039, 2.2691528900146483, 2.2680391845703123, 2.266910824584961, 2.2657968872070313, 2.264660760498047, 2.263496350097656, 2.262407232666016, 2.2612399658203124, 2.260038879394531, 2.258855682373047, 2.2576306640625, 2.2564513427734374, 2.2552432098388673, 2.2540037109375, 2.252743133544922, 2.2515528717041016, 2.250242510986328, 2.249010494995117, 2.2477160034179686, 2.246466748046875, 2.2452355407714846, 2.244003643798828, 2.2427378143310546, 2.2415054229736326, 2.2402554290771484, 2.239018637084961, 2.237736813354492, 2.236433099365234, 2.2351947357177733, 2.2340027954101562, 2.2327746704101563, 2.231479977416992, 2.2302235443115235, 2.2289262115478516, 2.227748483276367, 2.226541796875, 2.225279708862305, 2.2240288665771484, 2.222880059814453, 2.221814172363281, 2.2204951843261718, 2.2193017883300783, 2.2180987030029296, 2.217101254272461, 2.215914419555664, 2.2147481018066406, 2.2135836212158204, 2.212422048950195, 2.2111470306396486, 2.210240628051758, 2.209233966064453, 2.208320944213867, 2.207323941040039, 2.206042092895508, 2.2049953552246095], "test_acc": [10.56, 10.65, 10.88, 10.98, 11.07, 11.03, 11.08, 11.37, 11.54, 11.65, 12.01, 12.26, 12.58, 12.98, 13.3, 13.84, 14.38, 14.74, 15.28, 15.75, 16.32, 17.02, 17.46, 17.63, 17.92, 18.16, 18.62, 18.68, 19.03, 19.01, 19.14, 19.36, 19.35, 19.57, 19.74, 19.97, 20.06, 20.17, 20.3, 20.43, 20.55, 20.76, 20.92, 20.97, 21.09, 21.23, 21.3, 21.57, 21.67, 21.68, 21.87, 22.0, 22.16, 22.26, 22.46, 22.62, 22.82, 22.92, 23.15, 23.34, 23.5, 23.73, 23.9, 24.11, 24.21, 24.44, 24.5, 24.68, 24.73, 24.91, 25.01, 25.09, 25.25, 25.41, 25.62, 25.69, 25.8, 25.98, 26.12, 26.22, 26.28, 26.34, 26.42, 26.66, 26.64, 26.66, 26.81, 27.04, 27.23, 27.37, 27.46, 27.57, 27.66, 27.68, 27.94, 28.01, 28.15, 28.11, 28.35, 28.43]}