{"train_loss": [2.303294896468138, 2.302849722519899, 2.3025191649412498, 2.302083206176758, 2.3017088651657103, 2.3012094852251885, 2.3006769999479637, 2.3000293212059217, 2.2993372116333397, 2.298466808979328, 2.2974742913857487, 2.2962875959200737, 2.295014199232444, 2.2934233867205105, 2.2918949640714206, 2.2901074103820016, 2.2881969360204844, 2.2860722236144237, 2.284159758152106, 2.2821236873284363, 2.280097965093759, 2.277542736591437, 2.2753917908057186, 2.2730510546610905, 2.271028710022951, 2.268481636047363, 2.2661088674496384, 2.263737494517595, 2.2609837611516315, 2.258467335578723, 2.2559341565156594, 2.25363495411017, 2.2509051756981093, 2.248519884623014, 2.2463648380377355, 2.244534860513149, 2.242601842757983, 2.240970529654087, 2.2390609900156657, 2.2372967707805143, 2.2355016952905897, 2.2343680962538106, 2.233193616989331, 2.230892383135282, 2.2303784608840944, 2.228882581148392, 2.2276455060029643, 2.2267715784219595, 2.225327667211875, 2.2240357875823973, 2.2227156253961415, 2.2212334217169345, 2.2200423864217904, 2.218786987891564, 2.2176765539707284, 2.2169489487623557, 2.215057947085454, 2.214531977971395, 2.21257834984706, 2.2118344435325037, 2.210671171775231, 2.209261853266985, 2.2088355565682436, 2.2066056832289083, 2.2062680990268024, 2.2045724061819225, 2.203820576423254, 2.202710170623584, 2.201771476941231, 2.2007395444772184, 2.198740794719794, 2.1980797046270126, 2.197100888765775, 2.1960708514238014, 2.1941648526069444, 2.193439438404181, 2.192568753927182, 2.191159403629792, 2.1895948281654944, 2.187869163048573, 2.187344717979431, 2.186674215243413, 2.1858204688781346, 2.1842981234574927, 2.182251798800933, 2.181520963937808, 2.180294862160316, 2.1787332675395867, 2.1787780981797438, 2.177498163932409, 2.175350939921844, 2.1745358613821177, 2.173647993650192, 2.1729397009580564, 2.172308573967371, 2.1707671416111483, 2.1694261679282554, 2.1685427066607352, 2.1681031483870288, 2.1674205058660263], "test_loss": [2.299016714477539, 2.298345538330078, 2.2976358825683594, 2.2968682678222656, 2.2960266296386718, 2.295060269165039, 2.293954733276367, 2.292632681274414, 2.2910649597167967, 2.289185299682617, 2.2869104400634765, 2.2842094818115233, 2.2809951171875, 2.2771907470703123, 2.2728533752441407, 2.2680502990722657, 2.2628543853759764, 2.2573457763671874, 2.2517987884521484, 2.2462318359375, 2.2405289947509766, 2.23456552734375, 2.2286767974853516, 2.222124395751953, 2.2163146728515626, 2.2093284576416017, 2.202223013305664, 2.1953729919433593, 2.188774090576172, 2.1808473754882813, 2.17325400390625, 2.165587353515625, 2.1582911499023436, 2.1512459167480467, 2.142958752441406, 2.1363894439697266, 2.1295884063720703, 2.1230595825195313, 2.1177130126953125, 2.112090005493164, 2.106818746948242, 2.101685891723633, 2.096762518310547, 2.092012210083008, 2.0881547912597656, 2.0826231582641603, 2.0798042449951173, 2.0758366088867186, 2.072267950439453, 2.0702449523925783, 2.0646629974365234, 2.0622321563720702, 2.0577566207885742, 2.0535451599121095, 2.0508961883544923, 2.046726672363281, 2.0427655181884767, 2.039972035217285, 2.036070790100098, 2.031802215576172, 2.0289586380004883, 2.025342221069336, 2.0220515396118164, 2.0185736251831057, 2.014905322265625, 2.0106813430786135, 2.0083224746704103, 2.0035785842895506, 2.000427885437012, 1.997610447692871, 1.993078355407715, 1.989209114074707, 1.986060890197754, 1.9821380096435546, 1.9790626083374023, 1.9764300979614258, 1.9719555252075196, 1.968019125366211, 1.9637295547485352, 1.9605768524169922, 1.9570559661865234, 1.9521373931884765, 1.9494137359619141, 1.9467422912597656, 1.9421220779418946, 1.9386633407592773, 1.9329014770507813, 1.931391943359375, 1.92776827545166, 1.9241558624267578, 1.921977052307129, 1.9162706481933593, 1.9141667678833008, 1.9107472274780273, 1.9078452911376953, 1.9037332244873046, 1.9014404647827148, 1.8966383071899413, 1.8939232879638672, 1.893671696472168], "test_acc": [10.68, 10.98, 11.25, 11.5, 12.01, 12.35, 12.95, 13.98, 14.76, 15.57, 16.38, 16.98, 17.33, 17.51, 17.97, 18.19, 18.74, 19.19, 19.68, 20.37, 20.96, 21.27, 21.92, 22.18, 22.7, 23.15, 23.48, 23.99, 24.59, 24.77, 24.92, 25.34, 25.57, 25.71, 25.8, 26.29, 26.5, 26.5, 26.73, 27.01, 27.28, 27.41, 27.84, 27.73, 28.08, 28.09, 28.32, 28.5, 28.86, 29.31, 29.3, 29.47, 29.79, 29.92, 30.51, 30.37, 30.83, 30.94, 30.89, 31.22, 31.38, 31.53, 31.98, 31.87, 32.36, 32.58, 32.41, 32.84, 33.13, 33.22, 33.86, 33.92, 34.35, 34.38, 34.43, 34.67, 34.94, 35.12, 35.34, 35.59, 35.36, 35.71, 35.69, 36.04, 35.93, 36.02, 36.42, 36.22, 36.56, 36.85, 37.14, 37.01, 37.12, 37.48, 37.57, 37.43, 37.25, 37.82, 37.64, 37.51]}