{"train_loss": [2.3034322139544363, 2.3031650353700686, 2.302985605215415, 2.3027545048640325, 2.3025866826375325, 2.3023711901444655, 2.3021614404825064, 2.3019382293407733, 2.3017276391004904, 2.3014881806495864, 2.3012416839599608, 2.30095167526832, 2.3006974587073694, 2.3003628553488316, 2.3001074112378634, 2.2997706248210026, 2.2993875387387397, 2.2990024340458404, 2.29862449108026, 2.298198692003886, 2.2977934806774822, 2.297209146695259, 2.296699059315217, 2.2962287970078297, 2.2957848475529596, 2.2952305151866033, 2.294742672259991, 2.294240045547485, 2.2936199359404736, 2.2930762657752406, 2.292497260753925, 2.2919191605005507, 2.291371448834737, 2.2906809501158887, 2.2901761550169724, 2.289562840950795, 2.2890812238057454, 2.2884122353333693, 2.2877573117231713, 2.287242539723714, 2.2865060476156382, 2.2859224588443072, 2.2854413863940115, 2.2845582491312273, 2.2841558523667165, 2.2835055644695577, 2.2829571595558753, 2.282412501481863, 2.2816823384700675, 2.2812202392480314, 2.280580894763653, 2.2799640875596268, 2.2794218864196387, 2.2788647132042126, 2.278431828205402, 2.2780574572392, 2.2772773064099825, 2.2770130450908956, 2.2764001516195442, 2.2759490832304343, 2.275619825338706, 2.275109141912216, 2.2749059597651162, 2.274372507364322, 2.2742678947937796, 2.2736113046988464, 2.2735915141227916, 2.2731741917438995, 2.2729007348036157, 2.2725097766289344, 2.272014353825496, 2.2718802305368277, 2.271551939157339, 2.27129588555067, 2.2708234291810254, 2.2704655384406065, 2.2703759321799644, 2.270053580479744, 2.269647321334252, 2.269208964934716, 2.2690994574473455, 2.268940209119748, 2.26873122606522, 2.2683376379502125, 2.2678025618577613, 2.2675861462568627, 2.2672793217194385, 2.2667970657348633, 2.266964000921983, 2.2665898744876567, 2.2662055443494746, 2.265684653551151, 2.2656066686679157, 2.265435989697774, 2.2650015274683635, 2.264662476686331, 2.264214648344578, 2.2639816204706826, 2.263873768464113, 2.2635290958942513], "test_loss": [2.2991934875488282, 2.2987232299804687, 2.2982527252197267, 2.297771109008789, 2.297272897338867, 2.2967557861328123, 2.296214178466797, 2.295625421142578, 2.2949956268310547, 2.294307458496094, 2.293548669433594, 2.29271220703125, 2.291793862915039, 2.2907802429199218, 2.2896724182128905, 2.2884498718261717, 2.2871211608886717, 2.2856597686767577, 2.2840879150390627, 2.2823958160400393, 2.2805954681396483, 2.2786332305908203, 2.276565185546875, 2.2743659759521484, 2.2721561645507813, 2.269824563598633, 2.2674324920654296, 2.265003732299805, 2.2625304443359373, 2.2599688232421875, 2.257381787109375, 2.254817712402344, 2.2521966583251953, 2.2495603454589843, 2.246885760498047, 2.2441979370117187, 2.2415138458251955, 2.2387010559082032, 2.2359145904541013, 2.2331322937011717, 2.2302320526123047, 2.2273351013183595, 2.2244126129150392, 2.221389691162109, 2.218513702392578, 2.215350314331055, 2.212524072265625, 2.2093431518554687, 2.2062793731689454, 2.2037587463378907, 2.2003389068603516, 2.1977499450683595, 2.1946279388427734, 2.1913887908935545, 2.188796356201172, 2.1858453002929688, 2.1825410247802735, 2.1804141571044924, 2.177411975097656, 2.1745490203857423, 2.171924060058594, 2.16940940246582, 2.167269711303711, 2.1649858154296875, 2.162662777709961, 2.160517102050781, 2.1585355346679687, 2.156324499511719, 2.15463232421875, 2.153119482421875, 2.150615255737305, 2.1486187408447264, 2.1473173461914064, 2.1451851806640625, 2.143538018798828, 2.1420013153076174, 2.140550225830078, 2.138641314697266, 2.13700832824707, 2.135443603515625, 2.134049313354492, 2.132439392089844, 2.130883215332031, 2.129453530883789, 2.128452947998047, 2.1263055114746092, 2.1243727813720703, 2.1231665130615234, 2.121994485473633, 2.1200344146728516, 2.119735647583008, 2.1172294555664064, 2.116182727050781, 2.1145663787841795, 2.1133845916748046, 2.111643423461914, 2.1103514373779295, 2.108655972290039, 2.1068685455322265, 2.1057306579589845], "test_acc": [10.64, 10.76, 11.02, 11.18, 11.32, 11.5, 11.87, 12.23, 12.45, 13.15, 13.89, 14.53, 15.11, 15.66, 16.12, 16.71, 17.29, 17.69, 17.91, 18.32, 18.73, 18.87, 19.12, 19.37, 19.74, 19.9, 20.08, 20.27, 20.5, 20.77, 21.06, 21.31, 21.55, 21.74, 22.07, 22.34, 22.5, 22.68, 23.03, 23.25, 23.61, 23.79, 24.11, 24.34, 24.64, 24.66, 24.91, 24.96, 24.99, 25.39, 25.39, 25.69, 25.72, 25.9, 26.14, 26.26, 26.35, 26.41, 26.63, 26.77, 26.84, 26.91, 27.09, 27.09, 27.25, 27.37, 27.42, 27.45, 27.71, 27.95, 28.18, 28.11, 28.28, 28.51, 28.53, 28.68, 28.89, 29.04, 29.16, 29.23, 29.23, 29.46, 29.56, 29.65, 29.77, 29.74, 30.17, 30.0, 30.11, 30.52, 30.71, 30.76, 30.98, 31.24, 31.35, 31.38, 31.27, 31.44, 31.82, 31.61]}