{"train_loss": [2.3035961230595907, 2.3034851275957546, 2.3033820011676887, 2.3032947638095953, 2.303217572432298, 2.3031460144580937, 2.3030903284366313, 2.303034453514295, 2.30298863252004, 2.302945631589645, 2.302914050909189, 2.302877193230849, 2.302856259468274, 2.302830727895101, 2.3028114661192283, 2.3027925796997852, 2.302776350119175, 2.3027640079840634, 2.302747796743344, 2.302738757011218, 2.302732784320147, 2.3027151132241275, 2.3027092365118174, 2.302705497619433, 2.3026979580903664, 2.3026996343563764, 2.302684616431212, 2.3026906600365273, 2.3026810432091738, 2.3026762522183932, 2.302675128594423, 2.302672770084479, 2.302669484798725, 2.3026639027473252, 2.302667072491768, 2.3026678207593085, 2.3026657245098017, 2.3026588757832847, 2.30266314469851, 2.3026608772766894, 2.3026623921516616, 2.3026501087042, 2.3026540462787333, 2.3026560758933043, 2.302652728251922, 2.3026496129158214, 2.3026485479795014, 2.302648901939392, 2.3026445847291215, 2.3026496447049656, 2.302647720850431, 2.3026485583721064, 2.302644760792072, 2.302645675952618, 2.3026405358925843, 2.302642650481982, 2.30264180684701, 2.302645501112327, 2.302642520880088, 2.302642770913931, 2.302643119983184, 2.3026454301980825, 2.3026391102717474, 2.3026421198478113, 2.3026417377667547, 2.3026407247934584, 2.3026368874769942, 2.3026342349174693, 2.3026406147541145, 2.3026366148239528, 2.3026353505941537, 2.3026367951662112, 2.302634245921404, 2.302636054234627, 2.30263192714789, 2.30263265646421, 2.3026336682148467, 2.302631671612079, 2.302627227245233, 2.302632934619219, 2.302628671205961, 2.3026309007253403, 2.302632418045631, 2.3026308787174714, 2.3026275316874187, 2.3026281919234837, 2.302625330289205, 2.3026335190504024, 2.302630864045559, 2.302627913768475, 2.3026258040697147, 2.302623176574707, 2.302622877023159, 2.302619496369973, 2.3026284071115346, 2.3026243032553255, 2.3026276227755424, 2.302626954592191, 2.3026221819413015, 2.3026230897658913], "test_loss": [2.299487338256836, 2.299326712036133, 2.2991810150146486, 2.299048165893555, 2.2989270080566406, 2.2988166656494142, 2.2987155029296873, 2.298622592163086, 2.2985377838134764, 2.2984598388671875, 2.2983873992919923, 2.2983205200195314, 2.298258514404297, 2.298201055908203, 2.298147702026367, 2.2980981201171873, 2.2980515625, 2.2980084686279296, 2.297967111206055, 2.2979286193847654, 2.2978922271728517, 2.2978577423095703, 2.297825173950195, 2.2977934967041014, 2.29776337890625, 2.297734945678711, 2.297708203125, 2.2976823028564453, 2.2976575042724607, 2.2976343292236328, 2.2976105865478518, 2.2975884704589844, 2.297567193603516, 2.2975459197998047, 2.2975261138916014, 2.297506597900391, 2.297488073730469, 2.2974695556640623, 2.2974521026611328, 2.29743427734375, 2.2974169677734375, 2.297400451660156, 2.297383996582031, 2.297368157958984, 2.297352474975586, 2.297336166381836, 2.297320443725586, 2.2973058349609374, 2.2972914459228515, 2.297277395629883, 2.2972629119873047, 2.297249270629883, 2.2972351165771485, 2.2972208953857423, 2.2972068786621094, 2.2971932189941406, 2.297179852294922, 2.2971669860839845, 2.297154342651367, 2.2971415618896485, 2.2971287841796877, 2.2971162322998047, 2.297103744506836, 2.2970910736083985, 2.297078857421875, 2.2970662872314453, 2.297053958129883, 2.2970414184570314, 2.297029931640625, 2.2970178253173827, 2.2970059356689454, 2.296994171142578, 2.296982745361328, 2.296971517944336, 2.2969597076416015, 2.2969479522705076, 2.296935836791992, 2.2969235015869143, 2.29691162109375, 2.2968999755859376, 2.2968882080078123, 2.2968769012451173, 2.296865557861328, 2.296854669189453, 2.2968429779052735, 2.296831622314453, 2.2968204833984376, 2.296809573364258, 2.296798065185547, 2.296786697387695, 2.296775384521484, 2.2967643310546877, 2.2967532165527342, 2.2967418914794924, 2.2967310455322267, 2.296719583129883, 2.2967086029052735, 2.2966975952148436, 2.29668662109375, 2.2966754272460936], "test_acc": [10.48, 10.54, 10.53, 10.61, 10.66, 10.68, 10.62, 10.53, 10.57, 10.58, 10.52, 10.63, 10.61, 10.53, 10.62, 10.66, 10.65, 10.65, 10.71, 10.77, 10.82, 10.91, 11.03, 11.02, 11.15, 11.11, 11.34, 11.45, 11.57, 11.59, 11.6, 11.69, 11.7, 11.63, 11.86, 11.98, 12.06, 12.28, 12.44, 12.48, 12.56, 12.66, 12.7, 12.69, 12.82, 12.9, 12.96, 13.0, 13.02, 13.1, 13.13, 13.12, 13.17, 13.18, 13.12, 13.11, 13.13, 13.16, 13.16, 13.15, 13.16, 13.21, 13.21, 13.31, 13.31, 13.37, 13.36, 13.39, 13.46, 13.52, 13.56, 13.6, 13.61, 13.61, 13.67, 13.66, 13.67, 13.68, 13.7, 13.67, 13.7, 13.73, 13.78, 13.82, 13.82, 13.84, 13.82, 13.79, 13.81, 13.83, 13.85, 13.89, 13.94, 13.96, 14.02, 14.08, 14.08, 14.09, 14.11, 14.16]}