{"train_loss": [2.3035050575549785, 2.3033289035161335, 2.303099483710069, 2.302932124260144, 2.3028147923640714, 2.302662544372754, 2.3025859655478063, 2.302398762947474, 2.3022889711917975, 2.3021784715163403, 2.3020822463891446, 2.30189414085486, 2.3017898608476686, 2.301672930595202, 2.3015449450566217, 2.3014058718314536, 2.3013054694884865, 2.30118388518309, 2.301102618070749, 2.3008799913602, 2.3007534980773925, 2.300599339069464, 2.300413609162355, 2.300358285659399, 2.300140053186661, 2.299947651838645, 2.2998090114348972, 2.2997133676822368, 2.299525706584637, 2.2993612002103756, 2.299083951803354, 2.298917985573793, 2.298765282753186, 2.2986207943696244, 2.298420309409117, 2.2981848802321996, 2.2979398745756883, 2.2978254587222366, 2.2975974822655703, 2.2973800530800452, 2.2971151382495196, 2.2968895508692815, 2.2966118415196735, 2.29637575394068, 2.296273979773888, 2.295963834493588, 2.2958840706409553, 2.295736592243879, 2.295402390528948, 2.29524961129213, 2.2950015587684436, 2.294739639453399, 2.2946211533668714, 2.2942267240622103, 2.293971603955978, 2.2939245223999025, 2.2936151950787274, 2.293271813025841, 2.2931576979465973, 2.292867814577543, 2.2926884712317053, 2.2925087592540643, 2.2923811490719137, 2.2920064797768225, 2.291938697374784, 2.29177666077247, 2.291464482820951, 2.2913161687361887, 2.2911018249316095, 2.290736659979209, 2.2906276232156997, 2.2903469091806654, 2.290283628610464, 2.2901457334176087, 2.289796290642176, 2.2897954726830507, 2.28943036702963, 2.289181549732502, 2.289250527895414, 2.2891424741500463, 2.2887405994610908, 2.2887851647841626, 2.288475408920875, 2.288288358541635, 2.2881224265465367, 2.288063924740522, 2.2877293189366656, 2.2875949022097464, 2.2875895469616623, 2.28720825390938, 2.287368053045028, 2.2870359720327915, 2.287110905158214, 2.286965594536219, 2.2866249995353893, 2.286505434451959, 2.28663284656329, 2.286325941330347, 2.2862509379020106, 2.2862201226063266], "test_loss": [2.2992766906738282, 2.298898910522461, 2.2985316619873046, 2.2981654968261718, 2.297805630493164, 2.297444241333008, 2.2970836944580078, 2.2967038330078124, 2.2963107147216797, 2.295901773071289, 2.295485317993164, 2.295041458129883, 2.294576287841797, 2.29407783203125, 2.293561102294922, 2.292999768066406, 2.292400405883789, 2.2917944580078125, 2.2911574981689453, 2.2904671752929686, 2.289727865600586, 2.2889365997314455, 2.2881289916992187, 2.287289276123047, 2.286409729003906, 2.2854820037841796, 2.2845158569335937, 2.2835183685302733, 2.282499816894531, 2.281436975097656, 2.280293569946289, 2.2791555908203125, 2.2780104614257812, 2.2768402404785157, 2.275650390625, 2.2744139099121092, 2.2731634887695313, 2.271910302734375, 2.270593911743164, 2.269286209106445, 2.2679167694091795, 2.2665467163085937, 2.265138101196289, 2.26373669128418, 2.2623607849121092, 2.2609136352539063, 2.2595838439941405, 2.2581928771972657, 2.2568088409423828, 2.2553837860107424, 2.2539190490722656, 2.2524931365966796, 2.2510689178466796, 2.249447378540039, 2.247869348144531, 2.246462951660156, 2.245042202758789, 2.243372100830078, 2.2417513061523437, 2.2401731353759766, 2.238663397216797, 2.237007208251953, 2.2355810333251953, 2.2339248962402345, 2.2327005889892577, 2.2313335845947266, 2.229629699707031, 2.2280783660888672, 2.22648349609375, 2.2250617767333982, 2.223647027587891, 2.221700607299805, 2.2203010864257813, 2.219000601196289, 2.2173589294433595, 2.215933020019531, 2.2144301605224608, 2.213318746948242, 2.2113622528076173, 2.210363375854492, 2.208811538696289, 2.2075386322021484, 2.206001580810547, 2.2047866729736327, 2.203844744873047, 2.2019609100341797, 2.2004386260986326, 2.1989015380859374, 2.1983922424316407, 2.1966193267822267, 2.1957874267578124, 2.19434538269043, 2.1936560607910156, 2.1924650817871094, 2.1910790252685546, 2.189848553466797, 2.18887751159668, 2.1878439910888674, 2.186619171142578, 2.185540328979492], "test_acc": [10.6, 10.7, 10.75, 10.96, 11.17, 11.44, 11.71, 12.16, 12.52, 12.71, 13.19, 13.8, 13.99, 14.36, 14.68, 15.09, 15.42, 15.66, 16.0, 16.33, 16.9, 17.15, 17.51, 17.74, 17.81, 17.93, 18.19, 18.45, 18.6, 18.97, 18.98, 19.37, 19.7, 19.82, 19.96, 20.25, 20.49, 20.84, 20.98, 21.16, 21.39, 21.49, 21.71, 21.91, 22.01, 22.15, 22.33, 22.46, 22.58, 22.84, 22.86, 23.09, 23.07, 23.13, 23.22, 23.42, 23.77, 23.96, 23.99, 24.22, 24.44, 24.56, 24.84, 24.97, 25.24, 25.31, 25.39, 25.48, 25.6, 25.85, 26.04, 26.15, 26.18, 26.46, 26.4, 26.4, 26.64, 26.84, 26.95, 27.13, 27.25, 27.33, 27.45, 27.61, 27.74, 27.73, 27.76, 27.89, 28.05, 28.2, 28.26, 28.28, 28.38, 28.35, 28.49, 28.61, 28.77, 28.8, 28.69, 28.89]}