{"train_loss": [2.303494155101287, 2.3033743026929026, 2.3033191595322045, 2.3032044233419957, 2.3031055028621967, 2.303025600849054, 2.3029878384027724, 2.30292201653505, 2.302925668618618, 2.302862306741568, 2.3027903507917356, 2.3027670218394354, 2.3027113260366976, 2.302718368554727, 2.302650984739646, 2.302672601968814, 2.302683265392597, 2.3026351867577968, 2.302651426731012, 2.3026447577354237, 2.302622340275691, 2.302587301303179, 2.3025957498794947, 2.302621447123014, 2.302571002642314, 2.302590055954762, 2.3025720736919304, 2.3025774326079933, 2.302566002576779, 2.3025630950927733, 2.302537284141932, 2.302560296425453, 2.3025462413445497, 2.3025198557437996, 2.30251961793655, 2.302509910021073, 2.302524039072868, 2.3025072323970304, 2.3025098158763004, 2.3025405981601814, 2.302516153531197, 2.302475339938433, 2.3024952955735034, 2.3024979261251595, 2.302493377832266, 2.3025194137524334, 2.3025002540686192, 2.3025141893289027, 2.3024871820058577, 2.3024769776906724, 2.302447955424969, 2.302467821805905, 2.3024617133996426, 2.3025133224634025, 2.3024591855513745, 2.3024642461385483, 2.302462791785216, 2.3024972396019177, 2.3024757440273578, 2.3024749425741344, 2.3024489794022, 2.3024643922463444, 2.302432145216526, 2.3024435611871574, 2.3024353828185644, 2.302415820879814, 2.3024840489411966, 2.3024389254741178, 2.3024609798040148, 2.302443493329562, 2.3024391987384893, 2.3024801877828747, 2.302439398643298, 2.302418600595914, 2.3024109730353723, 2.3023989469577106, 2.3024368573457767, 2.3024660263306056, 2.30241886530167, 2.3023944720243796, 2.3024165630340576, 2.3024108660526763, 2.302440824264135, 2.302435822975941, 2.302424296965966, 2.3023922321123953, 2.302388123365549, 2.302433993266179, 2.3023896321272237, 2.3023789956019476, 2.3023910479667857, 2.3023656887885853, 2.302409177560073, 2.302390983165839, 2.302389967135894, 2.3023916152807384, 2.302381820556445, 2.302360108571175, 2.302351202108921, 2.302370605713282], "test_loss": [2.299461895751953, 2.2992763854980467, 2.299104150390625, 2.298942922973633, 2.298791940307617, 2.298651123046875, 2.2985263671875, 2.298404330444336, 2.2982893859863283, 2.298183477783203, 2.2980847442626953, 2.297983642578125, 2.297888510131836, 2.297798095703125, 2.297711557006836, 2.2976320556640624, 2.297555438232422, 2.2974811218261717, 2.2974060668945313, 2.2973347961425783, 2.2972680480957033, 2.2971966705322266, 2.2971268951416017, 2.297056185913086, 2.2969938537597656, 2.296928240966797, 2.296869284057617, 2.2968102813720703, 2.29675442199707, 2.2966932189941405, 2.296634881591797, 2.2965758178710938, 2.2965155822753904, 2.296462728881836, 2.2964071197509766, 2.2963533264160154, 2.296302349853516, 2.29624889831543, 2.2961946533203124, 2.2961399993896485, 2.2960871002197267, 2.2960315979003907, 2.295973532104492, 2.2959191864013673, 2.2958695220947267, 2.2958148010253905, 2.295757925415039, 2.295710232543945, 2.2956562774658202, 2.295603140258789, 2.2955503356933593, 2.295491390991211, 2.295441549682617, 2.295391180419922, 2.2953363647460936, 2.295284017944336, 2.2952287170410157, 2.295171435546875, 2.295118713378906, 2.2950668975830077, 2.295011120605469, 2.294962170410156, 2.294910186767578, 2.2948585510253907, 2.2948055908203124, 2.2947489959716796, 2.29469557800293, 2.294636587524414, 2.294583807373047, 2.2945295104980468, 2.294472503662109, 2.294417221069336, 2.2943649505615236, 2.2943138000488283, 2.294255191040039, 2.2941968658447265, 2.2941408416748046, 2.2940929595947264, 2.294034036254883, 2.2939843170166014, 2.293931399536133, 2.2938752807617186, 2.293829653930664, 2.2937734497070315, 2.2937214630126954, 2.293659521484375, 2.2936011138916017, 2.293552896118164, 2.293494253540039, 2.2934361724853516, 2.293370736694336, 2.2933095642089842, 2.2932510437011717, 2.2931967376708986, 2.2931382659912107, 2.2930826599121095, 2.2930239471435545, 2.2929580657958986, 2.2928984527587892, 2.2928409606933595], "test_acc": [10.51, 10.59, 10.66, 10.74, 10.78, 10.77, 10.82, 10.88, 10.94, 11.12, 11.17, 11.33, 11.41, 11.52, 11.63, 11.68, 11.82, 11.78, 11.81, 12.09, 12.13, 12.3, 12.44, 12.64, 12.86, 12.95, 13.04, 13.02, 13.07, 13.25, 13.37, 13.44, 13.59, 13.72, 13.75, 13.75, 13.87, 13.96, 14.09, 14.12, 14.18, 14.27, 14.27, 14.27, 14.3, 14.36, 14.49, 14.51, 14.58, 14.67, 14.67, 14.81, 14.95, 15.01, 15.15, 15.21, 15.27, 15.38, 15.39, 15.47, 15.51, 15.58, 15.64, 15.68, 15.71, 15.74, 15.82, 15.87, 15.95, 16.04, 16.1, 16.17, 16.2, 16.26, 16.31, 16.38, 16.43, 16.49, 16.58, 16.63, 16.64, 16.71, 16.7, 16.76, 16.75, 16.76, 16.79, 16.88, 16.91, 16.91, 16.94, 16.99, 17.06, 17.03, 17.1, 17.08, 17.16, 17.14, 17.18, 17.3]}