{"train_loss": [2.3034497316067037, 2.3031853773655038, 2.302947266285236, 2.302651130236112, 2.3024224244631255, 2.3022112858601105, 2.3019777346880006, 2.3017462418629573, 2.3014124906980076, 2.301173289005573, 2.300794872259482, 2.3003680559305044, 2.3000327770526594, 2.299600975941389, 2.2991965850194296, 2.2986795883912308, 2.2980915436377893, 2.297538635058281, 2.2969832897186278, 2.2963140530463977, 2.2956734449435503, 2.2948638836542767, 2.294066917590606, 2.293278164129991, 2.2925800855343157, 2.291636213278159, 2.2909071121460354, 2.2901481334979716, 2.289190078393007, 2.2884408174416957, 2.287287635069627, 2.2866320237135276, 2.285602970001025, 2.284931989816519, 2.283851776367579, 2.2830598543851806, 2.282112591694563, 2.2811213517800355, 2.2802357563605677, 2.2792633160566673, 2.27809723340548, 2.2773169450270823, 2.276540643740923, 2.2755023699540358, 2.27475869900141, 2.273612002837352, 2.2730181229420197, 2.2724246605848655, 2.2714893041512907, 2.2708731590173183, 2.270062170884548, 2.269559104014666, 2.2688735264998217, 2.2682501242710993, 2.2677870897146373, 2.2671129789107884, 2.2665874530107546, 2.266155437934093, 2.2655880542901845, 2.265098908620003, 2.264548824994992, 2.2641023146800507, 2.26368595575675, 2.26339286779746, 2.263017040032607, 2.26246959062723, 2.2618582603258965, 2.261664867401123, 2.2609764429239125, 2.2604874403048782, 2.2600946854322386, 2.25989791063162, 2.2596571628863993, 2.2590408899845222, 2.2585480463810454, 2.2581223659026315, 2.2578438288126237, 2.257510407154377, 2.2568868594291884, 2.256643821642949, 2.2559437800676396, 2.255793033502041, 2.25541901466174, 2.2546782799256153, 2.254404709278009, 2.253957412793086, 2.2534489876184707, 2.2532009803331814, 2.2527298743908224, 2.2523843618539665, 2.251764511450743, 2.25123399465512, 2.250785180238577, 2.25064837260124, 2.2502374331156414, 2.2495415357443003, 2.249340536044194, 2.248793432040092, 2.248180603981018, 2.247643188941173], "test_loss": [2.2991593322753907, 2.2986488983154296, 2.29813349609375, 2.2976060699462892, 2.2970586364746093, 2.2964845275878907, 2.295862777709961, 2.295194708251953, 2.2944390533447265, 2.293612973022461, 2.2927003875732423, 2.2916619995117187, 2.2904964111328123, 2.2891915924072266, 2.2877204345703124, 2.28608115234375, 2.2842721710205076, 2.2822589447021486, 2.280077130126953, 2.277699703979492, 2.2751351776123045, 2.2723779663085937, 2.2694758270263673, 2.2664243530273436, 2.2633610778808593, 2.26006435546875, 2.2568192443847654, 2.253595275878906, 2.2503468872070314, 2.246984915161133, 2.2433495513916015, 2.2399215881347656, 2.236308334350586, 2.232872171020508, 2.2293353088378907, 2.225628060913086, 2.2219225799560545, 2.2180136810302735, 2.2142751983642577, 2.2101753997802733, 2.2059650573730467, 2.2025014099121094, 2.198476611328125, 2.194488409423828, 2.1906799499511718, 2.186134112548828, 2.18193271484375, 2.178736096191406, 2.174878338623047, 2.1713344421386718, 2.1680489776611327, 2.16489462890625, 2.161043878173828, 2.157737643432617, 2.1549162170410154, 2.1518263061523437, 2.1487987091064453, 2.146778607177734, 2.144314129638672, 2.141032028198242, 2.139362966918945, 2.137336947631836, 2.134852978515625, 2.132707962036133, 2.130855422973633, 2.1283400970458985, 2.1261537231445313, 2.1240641876220705, 2.1221543640136717, 2.120181301879883, 2.1181466949462893, 2.116501852416992, 2.1146494567871095, 2.1132432312011717, 2.110283544921875, 2.109351135253906, 2.1075513885498047, 2.104949075317383, 2.1028688201904298, 2.102304525756836, 2.0999978088378906, 2.098539309692383, 2.0965559844970705, 2.0948008209228517, 2.0928727325439453, 2.0905726623535155, 2.089196307373047, 2.0866466552734373, 2.085087417602539, 2.0829747314453124, 2.081382342529297, 2.0793497589111327, 2.0780718811035155, 2.0753709594726564, 2.0741276702880858, 2.0721431671142576, 2.0700964965820314, 2.0676972290039064, 2.0659160278320314, 2.064164840698242], "test_acc": [10.55, 10.73, 10.98, 11.22, 11.25, 11.48, 11.79, 12.26, 12.81, 13.33, 14.41, 15.06, 15.9, 16.7, 17.6, 18.34, 18.82, 19.06, 19.05, 19.12, 19.27, 19.5, 19.63, 19.78, 19.91, 20.23, 20.41, 20.68, 20.93, 21.45, 21.7, 21.97, 22.46, 22.75, 22.99, 23.22, 23.57, 23.93, 24.02, 24.41, 24.49, 24.77, 25.12, 25.22, 25.38, 25.54, 25.56, 25.79, 25.83, 26.17, 26.25, 26.4, 26.42, 26.72, 27.14, 27.05, 27.17, 27.16, 27.43, 27.43, 27.64, 27.62, 27.97, 28.23, 28.31, 28.24, 28.13, 28.67, 28.94, 29.08, 29.3, 29.48, 29.69, 29.68, 29.87, 30.18, 30.19, 30.38, 30.43, 30.52, 30.69, 30.64, 30.62, 31.19, 30.93, 31.1, 31.23, 31.35, 31.35, 31.69, 31.83, 32.01, 32.21, 32.37, 32.69, 32.74, 32.88, 33.0, 33.08, 33.66]}