{"train_loss": [2.303595528847132, 2.3034749746322634, 2.303374403562301, 2.303297817401397, 2.303219432097215, 2.303149916575505, 2.3030956347783405, 2.3030416739292634, 2.30299514012459, 2.3029552759268346, 2.302922773361206, 2.3028869635019547, 2.30286080348186, 2.302838850632692, 2.302826878352043, 2.3027973945324236, 2.302786806302193, 2.3027658052933524, 2.3027557531992593, 2.3027461485984997, 2.3027372904312915, 2.30272715703035, 2.302716683118771, 2.302716842064491, 2.3027075339586305, 2.3027028664564475, 2.3026979244672336, 2.3026957970399122, 2.3026920275810436, 2.302690164859478, 2.302685741277841, 2.3026846145972226, 2.302683945802542, 2.302679715401087, 2.3026773464985384, 2.3026797380202857, 2.3026788778794116, 2.3026702098357372, 2.302677828226334, 2.3026664030857575, 2.302669523923825, 2.302670876185099, 2.302665861447652, 2.302666613383171, 2.3026635102736646, 2.302664908995995, 2.302666049125867, 2.302662892219348, 2.30266160598168, 2.3026647726694742, 2.3026618022185104, 2.3026591258171276, 2.302658665485871, 2.302659360567729, 2.3026573902521377, 2.3026609127338116, 2.302655356358259, 2.302657007559752, 2.3026507053619776, 2.3026522275729056, 2.302657065024743, 2.302654219285036, 2.3026500897529796, 2.30265054274828, 2.3026543562228863, 2.302653347528898, 2.3026509107687536, 2.3026528089474407, 2.3026507151432525, 2.3026486036105034, 2.302651290404491, 2.3026467335529817, 2.302651270841941, 2.3026469664695934, 2.302648168955094, 2.3026467201037284, 2.3026507133092635, 2.3026461662390294, 2.3026440424796863, 2.302649377553891, 2.30264565211076, 2.3026448940619444, 2.3026435888730563, 2.3026463649211784, 2.302643356567774, 2.3026446984364437, 2.3026424083954247, 2.3026477471376077, 2.302643970342783, 2.302640575629014, 2.3026419248336403, 2.3026401330263186, 2.302640936924861, 2.302642451188503, 2.302642691441071, 2.3026389745565563, 2.302639533311893, 2.302637562996302, 2.3026412908847513, 2.3026412969980483], "test_loss": [2.2994933471679686, 2.29933857421875, 2.2991984130859375, 2.2990715728759765, 2.2989563568115234, 2.29885178527832, 2.2987563415527346, 2.2986702545166016, 2.2985909149169923, 2.2985190460205076, 2.29845302734375, 2.2983924255371093, 2.2983367980957032, 2.2982847778320314, 2.2982377716064453, 2.298194512939453, 2.298153955078125, 2.298116510009766, 2.298081295776367, 2.2980488342285157, 2.2980187469482423, 2.297990246582031, 2.2979624786376953, 2.297938088989258, 2.2979145202636717, 2.297891958618164, 2.297871447753906, 2.297851452636719, 2.2978326934814453, 2.2978148803710936, 2.2977975036621094, 2.2977814819335936, 2.297766165161133, 2.297751611328125, 2.297737463378906, 2.2977237030029296, 2.297710711669922, 2.297698385620117, 2.2976863861083983, 2.2976745178222657, 2.2976629028320312, 2.2976523193359375, 2.2976418640136718, 2.2976315856933596, 2.2976212951660155, 2.2976119201660157, 2.297602828979492, 2.2975937103271487, 2.2975849517822264, 2.2975756591796874, 2.29756686706543, 2.297559265136719, 2.2975507690429686, 2.2975427459716795, 2.297535205078125, 2.297527279663086, 2.29751962890625, 2.2975124725341796, 2.2975052001953125, 2.2974979400634767, 2.2974909240722656, 2.2974834716796875, 2.297476239013672, 2.297468801879883, 2.297461688232422, 2.297454620361328, 2.29744775390625, 2.2974406524658204, 2.297433480834961, 2.297426773071289, 2.2974200469970705, 2.297413131713867, 2.297406478881836, 2.2974002960205078, 2.2973941375732423, 2.2973881927490236, 2.297382135009766, 2.2973755767822266, 2.297369122314453, 2.297362860107422, 2.297356539916992, 2.2973505493164064, 2.2973448516845703, 2.2973386413574217, 2.297332629394531, 2.297326773071289, 2.2973202362060547, 2.2973144592285157, 2.2973081634521484, 2.2973017303466796, 2.2972957427978518, 2.2972897552490235, 2.29728369140625, 2.297277572631836, 2.2972713470458985, 2.297265805053711, 2.297259927368164, 2.297254364013672, 2.29724870300293, 2.2972428497314454], "test_acc": [10.52, 10.52, 10.54, 10.61, 10.66, 10.63, 10.62, 10.6, 10.45, 10.52, 10.53, 10.54, 10.55, 10.48, 10.58, 10.63, 10.5, 10.46, 10.53, 10.57, 10.61, 10.77, 10.86, 10.92, 10.92, 10.96, 11.05, 11.17, 11.22, 11.21, 11.25, 11.31, 11.25, 11.33, 11.57, 11.58, 11.67, 11.68, 11.85, 12.03, 12.16, 12.25, 12.28, 12.39, 12.41, 12.47, 12.6, 12.59, 12.58, 12.57, 12.64, 12.69, 12.73, 12.72, 12.71, 12.72, 12.78, 12.72, 12.76, 12.77, 12.8, 12.78, 12.77, 12.74, 12.8, 12.81, 12.75, 12.75, 12.82, 12.84, 12.86, 12.82, 12.82, 12.83, 12.82, 12.83, 12.87, 12.88, 12.91, 12.91, 12.91, 12.97, 12.99, 12.97, 13.0, 13.01, 13.02, 13.03, 13.05, 13.07, 13.06, 13.08, 13.14, 13.14, 13.12, 13.11, 13.18, 13.17, 13.16, 13.19]}