{"train_loss": [2.303663130295582, 2.303494395965185, 2.3033578597582305, 2.3032887819485786, 2.303194215358832, 2.3030776506815203, 2.303026014107924, 2.3029469435031595, 2.3029233584037194, 2.302821705280206, 2.302794413688855, 2.3027170511392447, 2.3026849074241444, 2.3026430839147323, 2.3026134118055688, 2.302623757949242, 2.3026003605280168, 2.302565939609821, 2.3025364368389813, 2.3025063398556833, 2.3025209151781523, 2.3024853235636003, 2.30246513073261, 2.302434730529785, 2.3024435135034413, 2.302416826517154, 2.3023668338090943, 2.302402726197854, 2.302398655964778, 2.302383159979796, 2.3023411200596735, 2.302330533052102, 2.302331532576145, 2.3023175361828927, 2.3022879906189746, 2.3022783395571587, 2.302297891714634, 2.302260462443034, 2.302270795137454, 2.3022663911183674, 2.30223106665489, 2.3022333848170744, 2.3022136076902733, 2.3022147209216386, 2.302144954754756, 2.3021630806800646, 2.302158341040978, 2.30215583275526, 2.302120173894442, 2.302139735221863, 2.3020875466175568, 2.3021159141491623, 2.302104194347675, 2.302084968640254, 2.30207271025731, 2.3020668421036157, 2.302043257615505, 2.3020309399335814, 2.3020193258921307, 2.302000377117059, 2.3019749788137585, 2.301995849609375, 2.301986188154954, 2.3019916913448237, 2.3019478901838646, 2.301920490998488, 2.3019399581811366, 2.3019235305297068, 2.301888128427359, 2.301871939805838, 2.301887481029217, 2.3018785287172365, 2.301851330047999, 2.301823665545537, 2.3017784094199154, 2.3017954569596513, 2.3017972426536755, 2.3018128126095503, 2.301804080987588, 2.3017822742462157, 2.3017507571440476, 2.301762945835407, 2.3017449715198617, 2.3016986443446235, 2.3017260673718574, 2.3016688505808514, 2.3016757677762936, 2.3016667164289033, 2.301668748488793, 2.3016445306631237, 2.301657243264027, 2.3016347927924916, 2.301624292593736, 2.301603467036516, 2.301606617218409, 2.301546776600373, 2.301573127355331, 2.3015595809007303, 2.3015412428440194, 2.301526338626177], "test_loss": [2.2994184967041016, 2.29918388671875, 2.2989632781982423, 2.298756521606445, 2.2985614105224608, 2.2983789611816405, 2.298202182006836, 2.2980307922363283, 2.297867807006836, 2.2977097106933595, 2.2975530731201173, 2.297401934814453, 2.297249981689453, 2.297102087402344, 2.2969574127197268, 2.2968105743408205, 2.296663900756836, 2.2965205291748045, 2.2963786499023437, 2.2962364837646483, 2.29609587097168, 2.295953662109375, 2.295813427734375, 2.295667697143555, 2.2955238525390627, 2.2953785919189453, 2.2952295440673827, 2.2950880798339846, 2.2949413116455077, 2.2947996520996092, 2.2946489440917968, 2.2945016876220703, 2.2943535705566407, 2.2941967681884767, 2.2940423950195314, 2.2938835876464845, 2.2937269592285157, 2.293568002319336, 2.29341174621582, 2.2932450103759767, 2.2930824157714844, 2.2929241424560547, 2.2927629425048828, 2.2925969024658204, 2.2924239349365236, 2.29225329284668, 2.292079022216797, 2.2919028686523437, 2.291722247314453, 2.291549398803711, 2.2913778930664064, 2.2912022216796877, 2.291028338623047, 2.2908469635009765, 2.2906673828125, 2.29049443359375, 2.290313265991211, 2.290124786376953, 2.289946011352539, 2.289759173583984, 2.2895741027832033, 2.2893849792480467, 2.2891966400146484, 2.289008361816406, 2.2888099365234376, 2.2886209716796877, 2.2884217559814455, 2.288228860473633, 2.2880274658203126, 2.28783171081543, 2.2876390167236327, 2.287440155029297, 2.287236392211914, 2.287031799316406, 2.286829992675781, 2.286633740234375, 2.2864258483886717, 2.2862245483398436, 2.2860209899902344, 2.285818295288086, 2.2856102813720702, 2.2854017974853518, 2.2852012329101563, 2.28497822265625, 2.2847710540771486, 2.284555215454102, 2.284337591552734, 2.284119793701172, 2.2839149353027346, 2.2837050018310547, 2.283504116821289, 2.2832937103271482, 2.2830857360839842, 2.2828754333496093, 2.28265950012207, 2.2824367095947267, 2.2822280700683595, 2.282013879394531, 2.281802749633789, 2.2815846069335937], "test_acc": [10.46, 10.59, 10.71, 10.82, 10.7, 10.61, 10.61, 10.69, 10.89, 11.01, 10.99, 11.05, 11.28, 11.46, 11.59, 11.7, 11.88, 12.29, 12.6, 12.9, 13.23, 13.5, 13.67, 13.94, 14.15, 14.56, 14.82, 14.98, 15.3, 15.59, 15.8, 16.03, 16.17, 16.2, 16.35, 16.42, 16.59, 16.64, 16.67, 16.67, 16.75, 16.82, 16.98, 17.02, 17.14, 17.24, 17.41, 17.53, 17.68, 17.7, 17.75, 17.89, 17.94, 18.0, 18.13, 18.22, 18.24, 18.33, 18.5, 18.59, 18.66, 18.75, 18.79, 18.79, 18.75, 18.86, 18.9, 18.97, 19.1, 19.15, 19.24, 19.29, 19.33, 19.29, 19.38, 19.47, 19.58, 19.67, 19.74, 19.83, 19.89, 19.86, 19.98, 19.96, 20.06, 20.15, 20.17, 20.21, 20.31, 20.38, 20.4, 20.41, 20.53, 20.66, 20.76, 20.81, 20.93, 20.97, 21.09, 21.13]}