{"train_loss": [2.303587731948266, 2.3034388065338134, 2.3033091422839043, 2.3031975966233476, 2.303091425162095, 2.303009898845966, 2.3029076564006314, 2.302817469988114, 2.3027504621407924, 2.302688506933359, 2.3026141735223624, 2.3025556484858196, 2.3025025178224614, 2.3024442257025304, 2.3024018727816067, 2.3023571766339814, 2.3023169847635123, 2.30226512383192, 2.3022105999481983, 2.3021837546275212, 2.302148620898907, 2.3020925320111787, 2.3020307577573336, 2.302009287247291, 2.3019551772337694, 2.301927024890215, 2.301885696557852, 2.3018548702582335, 2.3018166914964335, 2.3017866587027527, 2.301733775016589, 2.3016880500010957, 2.3016642411549886, 2.301608236019428, 2.3015547189957055, 2.301531839982057, 2.301474757072253, 2.3014469507413033, 2.301389956474304, 2.3013551534750523, 2.301284629259354, 2.3012509963451286, 2.301220668279208, 2.3011678824057946, 2.301125048368405, 2.3010585118562745, 2.3010327498118084, 2.3009857948009786, 2.3009302475513556, 2.3009104068462665, 2.3008423279493284, 2.300791324713291, 2.300741785000532, 2.3006783748284363, 2.3006216489351714, 2.3006038170594434, 2.300554924744826, 2.300494923347082, 2.300456529397231, 2.3003831160374175, 2.3003633291293415, 2.300318102347545, 2.300263202496064, 2.300184478515234, 2.3001503100762, 2.3000890377240304, 2.3000621159871417, 2.2999951099738096, 2.299977490840814, 2.299886677815364, 2.299852271569081, 2.299791355010791, 2.2997431944578124, 2.29970281062982, 2.299674303103716, 2.2996016080562884, 2.2995426177978517, 2.2995160487981945, 2.2994453460742266, 2.2994001431342883, 2.299350984279926, 2.2993175683877407, 2.2992640880438, 2.2991838173988537, 2.299152668928489, 2.2990903389759554, 2.299030836423238, 2.298998133952801, 2.2989535606824436, 2.298900270462036, 2.298841294875512, 2.298797871516301, 2.2987448930740357, 2.2986964378601464, 2.298657272412227, 2.298603908220927, 2.298570354168232, 2.2984820952782266, 2.298434374882625, 2.298380833405715], "test_loss": [2.2993653686523436, 2.299080310058594, 2.2988061218261717, 2.298543533325195, 2.2982894805908205, 2.298041241455078, 2.297798550415039, 2.297559048461914, 2.2973203521728514, 2.2970848388671876, 2.2968484283447266, 2.2966106048583983, 2.2963698974609374, 2.2961263092041015, 2.2958815948486326, 2.2956334808349608, 2.2953771392822264, 2.295119839477539, 2.294855450439453, 2.2945861755371095, 2.2943086120605467, 2.29402297668457, 2.293729721069336, 2.2934313842773437, 2.2931196380615235, 2.2928023498535155, 2.292480447387695, 2.29214990234375, 2.2918128326416016, 2.291466668701172, 2.2911092712402343, 2.290748257446289, 2.2903829040527346, 2.2900052673339846, 2.2896225921630857, 2.2892320739746093, 2.2888359100341797, 2.288435610961914, 2.2880267486572268, 2.287609060668945, 2.287182540893555, 2.286750567626953, 2.286313134765625, 2.285866390991211, 2.2854161560058595, 2.2849555603027345, 2.284495718383789, 2.284028375244141, 2.283558303833008, 2.2830842041015624, 2.2825982849121096, 2.2821082305908202, 2.2816094787597656, 2.2811046478271484, 2.280593249511719, 2.2800862091064453, 2.2795738342285157, 2.27904928894043, 2.2785216857910155, 2.2779862121582033, 2.277454879760742, 2.276914096069336, 2.2763861083984374, 2.2758330444335937, 2.275284243774414, 2.2747365325927733, 2.274184033203125, 2.2736190338134765, 2.273072299194336, 2.272508596801758, 2.2719445007324217, 2.271374084472656, 2.270802633666992, 2.2702366302490233, 2.2696703979492185, 2.2690922149658204, 2.2685133880615234, 2.2679389190673827, 2.267356072998047, 2.266778173828125, 2.2661994903564455, 2.2656264587402344, 2.265037301635742, 2.2644424438476562, 2.2638871612548828, 2.263294189453125, 2.2626914337158204, 2.2621009063720705, 2.2615262268066405, 2.2609443542480467, 2.260367776489258, 2.2597727081298826, 2.2591889404296874, 2.258593084716797, 2.258008758544922, 2.2574275482177732, 2.256847933959961, 2.2562574523925782, 2.255647006225586, 2.2550577880859377], "test_acc": [10.56, 10.63, 10.78, 10.9, 10.95, 10.95, 11.03, 11.04, 11.18, 11.36, 11.43, 11.48, 11.77, 11.82, 12.16, 12.62, 12.95, 13.12, 13.54, 14.09, 14.34, 14.83, 15.36, 15.67, 16.02, 16.2, 16.57, 16.84, 17.18, 17.31, 17.55, 17.78, 17.85, 18.1, 18.27, 18.35, 18.58, 18.74, 18.84, 18.93, 18.97, 19.05, 19.11, 19.26, 19.34, 19.44, 19.59, 19.74, 19.77, 19.88, 20.09, 20.33, 20.45, 20.49, 20.49, 20.61, 20.72, 20.67, 20.75, 20.86, 21.0, 21.14, 21.29, 21.31, 21.36, 21.48, 21.54, 21.66, 21.69, 21.78, 21.86, 21.94, 22.07, 22.19, 22.25, 22.36, 22.42, 22.59, 22.77, 22.84, 23.04, 23.13, 23.33, 23.5, 23.66, 23.82, 23.91, 23.99, 24.09, 24.18, 24.26, 24.31, 24.35, 24.36, 24.48, 24.63, 24.78, 24.9, 24.94, 25.03]}