{"train_loss": [2.3035930780264047, 2.303478073462462, 2.3033634283603766, 2.303271083954053, 2.303196481557993, 2.303122803492424, 2.3030693910060784, 2.3030049122296847, 2.3029608958806747, 2.3029209424287846, 2.3028861082517182, 2.3028415924463514, 2.302813817293216, 2.302790330006526, 2.30276480393532, 2.302745394828992, 2.302735789005573, 2.3027141247040186, 2.302705239026974, 2.30268359428797, 2.3026764759650598, 2.302671530919197, 2.3026491586978617, 2.3026581837580755, 2.302642349707775, 2.3026327004799474, 2.3026280384797317, 2.302633557564173, 2.302623449227749, 2.302625006895799, 2.3026176085838905, 2.302613268754421, 2.3026050231395625, 2.3026075589351165, 2.3026043745187614, 2.3026030057515854, 2.302588728758005, 2.3025960457630648, 2.3025890038563657, 2.3025844304989547, 2.302579679244604, 2.3025804648032557, 2.302575775904533, 2.302569733521877, 2.302570589383443, 2.302566022139329, 2.30256907695379, 2.302577558541909, 2.302558351174379, 2.302560976224068, 2.302563099983411, 2.302555723068042, 2.3025559498713566, 2.3025511032495745, 2.302552904226841, 2.302551291539119, 2.3025435435466277, 2.3025448725773736, 2.3025493927491016, 2.3025450211304883, 2.3025399666566115, 2.3025390796172314, 2.3025452460998146, 2.3025365939507116, 2.3025373575014947, 2.3025297470581836, 2.302532359269949, 2.30253139092372, 2.302537218729655, 2.3025174018664236, 2.302525046544197, 2.302522262548789, 2.3025185267130532, 2.302524045186165, 2.3025211022450374, 2.302523469313597, 2.3025192541953845, 2.3025054797148092, 2.302517225803473, 2.3025136580834022, 2.3025060274662117, 2.3025105458039503, 2.3025038700837355, 2.3025034568248652, 2.3025036781262127, 2.30249691926516, 2.3024948095664, 2.302490107829754, 2.302488155854054, 2.302492077534015, 2.302483902222071, 2.3024812955122727, 2.3024875500263313, 2.3024873525668412, 2.3024830451378455, 2.3024757385253904, 2.302495609796964, 2.3024763150092884, 2.3024809684508885, 2.3024677356084187], "test_loss": [2.2994628997802735, 2.299277667236328, 2.2991071868896484, 2.2989496032714842, 2.298804000854492, 2.2986697174072264, 2.2985453002929686, 2.298427505493164, 2.2983174011230467, 2.2982134796142577, 2.2981162170410157, 2.2980238372802733, 2.2979364990234377, 2.2978535400390623, 2.29777529296875, 2.297699365234375, 2.297625424194336, 2.297555969238281, 2.297489810180664, 2.297423944091797, 2.297360144042969, 2.2972978149414063, 2.2972366119384766, 2.297178332519531, 2.2971206970214846, 2.2970643585205077, 2.2970095642089845, 2.2969563385009764, 2.2969045837402344, 2.2968525604248047, 2.2968011474609376, 2.2967506286621093, 2.2967024017333983, 2.2966543212890627, 2.2966068145751954, 2.2965597503662107, 2.2965111694335936, 2.2964641723632813, 2.296417630004883, 2.296371139526367, 2.29632529296875, 2.296278903198242, 2.296231643676758, 2.296184713745117, 2.2961383544921876, 2.296091748046875, 2.2960482299804688, 2.2960039123535156, 2.2959595245361326, 2.2959150604248046, 2.2958700134277343, 2.295825100708008, 2.29578157043457, 2.295735659790039, 2.2956911224365233, 2.2956483673095702, 2.2956043670654296, 2.2955597076416017, 2.295516125488281, 2.2954710510253906, 2.295427474975586, 2.295383447265625, 2.2953398681640627, 2.295294903564453, 2.2952505035400392, 2.295206262207031, 2.2951616546630857, 2.295117608642578, 2.2950742279052734, 2.295027243041992, 2.294983306884766, 2.2949393951416015, 2.294895462036133, 2.2948510162353517, 2.2948073669433593, 2.294764306640625, 2.294720178222656, 2.294675607299805, 2.2946305572509766, 2.2945866973876954, 2.2945418548583985, 2.294497903442383, 2.294453723144531, 2.2944080688476562, 2.2943638671875, 2.2943195892333983, 2.294275146484375, 2.294228128051758, 2.2941808685302734, 2.294134307861328, 2.2940878265380857, 2.294042156982422, 2.293996743774414, 2.2939513580322264, 2.293905307006836, 2.2938593170166017, 2.2938153594970703, 2.2937692321777345, 2.293723010253906, 2.293677551269531], "test_acc": [10.5, 10.55, 10.53, 10.67, 10.69, 10.73, 10.67, 10.6, 10.64, 10.65, 10.76, 10.8, 10.9, 10.9, 11.0, 11.03, 11.08, 11.25, 11.33, 11.43, 11.38, 11.56, 11.59, 11.69, 11.85, 11.97, 12.18, 12.34, 12.5, 12.67, 12.8, 12.95, 13.05, 13.17, 13.28, 13.43, 13.61, 13.78, 13.83, 14.0, 14.08, 14.24, 14.28, 14.45, 14.5, 14.6, 14.64, 14.71, 14.79, 14.89, 14.95, 14.99, 15.04, 15.14, 15.22, 15.31, 15.45, 15.53, 15.69, 15.82, 15.91, 15.97, 15.97, 16.01, 16.1, 16.15, 16.21, 16.25, 16.31, 16.41, 16.47, 16.52, 16.56, 16.62, 16.68, 16.74, 16.77, 16.86, 16.92, 16.98, 17.0, 17.06, 17.09, 17.13, 17.15, 17.17, 17.21, 17.21, 17.24, 17.28, 17.37, 17.41, 17.47, 17.56, 17.55, 17.62, 17.62, 17.67, 17.67, 17.76]}