{"train_loss": [2.303394667307536, 2.3031089525956374, 2.3029573733990008, 2.3029913566051383, 2.3028439454543284, 2.302707706964933, 2.3026751848367546, 2.302563336568001, 2.3024166736847316, 2.302350202584878, 2.3022986344802074, 2.3021209105467184, 2.3020496429541173, 2.301973632665781, 2.302046610758855, 2.3018055469561847, 2.301761293411255, 2.301619269297673, 2.301538405662928, 2.301495103346996, 2.301405345476591, 2.301267878214518, 2.3010813566354607, 2.301180672645569, 2.3010030055657413, 2.300891614571596, 2.3008320411046346, 2.3007791684224057, 2.300661879319411, 2.300521344404954, 2.3003826826046674, 2.300307883360447, 2.300288052436633, 2.300117649176182, 2.300039058465224, 2.299944057220068, 2.2998414974946244, 2.29960969044612, 2.2996305349545603, 2.299285806142367, 2.2991971187102487, 2.2992621226188463, 2.2989708655919783, 2.2988452691298265, 2.2987052073845495, 2.298641833892235, 2.298554985339825, 2.2983672007536278, 2.2982506868166803, 2.2981083857707487, 2.2979228514891403, 2.297888652483622, 2.297633798305805, 2.2974988014270097, 2.297473820661887, 2.2973272488667416, 2.2971103607079923, 2.2969973686413887, 2.2967997239186215, 2.296506035633576, 2.2965721044784937, 2.296485335398943, 2.296147687618549, 2.2960147142410277, 2.295956774858328, 2.2956498176623614, 2.2955930061829397, 2.2953557680814693, 2.2953208232537294, 2.2950755541141215, 2.2950461784998577, 2.294724200322078, 2.2946081063686274, 2.2945623232768133, 2.294326173953521, 2.294286973659809, 2.2940950986666557, 2.294045132245773, 2.2938801624836067, 2.293606124780117, 2.2936104664435755, 2.2934503848736103, 2.2933843325345946, 2.2932011164151707, 2.293068782488505, 2.2929392704596885, 2.292836515720074, 2.293006142591819, 2.2926214835582637, 2.2924778705988174, 2.292325924604367, 2.2923189071508556, 2.292141012656383, 2.292081845112336, 2.2920444042254715, 2.2919540674258503, 2.2916011315125684, 2.2917976159315843, 2.2918173392613728, 2.2913055004217684], "test_loss": [2.2993346771240235, 2.2990139739990236, 2.2987049438476563, 2.2983916748046873, 2.2980896392822268, 2.2977854736328127, 2.297482272338867, 2.2971931640625, 2.296881881713867, 2.2965797637939454, 2.2962666290283202, 2.2959247955322266, 2.295586169433594, 2.2952167999267576, 2.2948483489990235, 2.2944572235107423, 2.2940360229492187, 2.29361083984375, 2.2931559478759764, 2.2926920166015625, 2.2922093841552735, 2.2916888580322268, 2.2911235809326174, 2.290582864379883, 2.2900151916503906, 2.2894213623046875, 2.2888062744140627, 2.2881875579833983, 2.287526220703125, 2.2868240447998045, 2.2861115814208985, 2.2853876159667967, 2.284654504394531, 2.283881100463867, 2.283141390991211, 2.282315054321289, 2.2815086059570313, 2.2806571044921875, 2.2797831420898436, 2.278884265136719, 2.2779368072509767, 2.277067791748047, 2.276106130981445, 2.2751057525634764, 2.27412448425293, 2.273118182373047, 2.272154113769531, 2.2711858306884767, 2.2701436798095704, 2.2690793853759765, 2.268034243774414, 2.2670487457275392, 2.2660328796386717, 2.264993795776367, 2.2639818359375, 2.2628637939453125, 2.261778125, 2.2606634124755858, 2.259561929321289, 2.2584002136230468, 2.2572821319580076, 2.2561979858398438, 2.255089886474609, 2.253868240356445, 2.2527450469970702, 2.251633383178711, 2.250431814575195, 2.2491797790527346, 2.2481162506103516, 2.2468420959472657, 2.2457152099609377, 2.244497427368164, 2.2433056976318357, 2.2422862854003904, 2.2410872161865236, 2.240071701049805, 2.23877522277832, 2.2376171661376953, 2.236455889892578, 2.235088427734375, 2.23411865234375, 2.2332116302490235, 2.2317529663085938, 2.230587484741211, 2.229804931640625, 2.228614514160156, 2.22733332824707, 2.2264465545654297, 2.225476043701172, 2.224569564819336, 2.2233607666015627, 2.2222692260742187, 2.220937680053711, 2.2203584777832033, 2.2196020782470702, 2.218444494628906, 2.2171423370361327, 2.2166091247558595, 2.2155519714355467, 2.2146436889648435], "test_acc": [10.57, 10.7, 10.78, 10.94, 11.09, 11.36, 11.47, 11.64, 11.87, 11.93, 12.13, 12.42, 12.57, 12.94, 13.32, 13.63, 13.96, 14.49, 14.93, 15.41, 15.89, 16.44, 16.79, 17.13, 17.35, 17.57, 17.76, 17.88, 17.88, 17.95, 18.02, 18.05, 18.26, 18.34, 18.48, 18.43, 18.49, 18.66, 18.81, 18.97, 19.15, 19.34, 19.53, 19.63, 19.84, 19.99, 20.22, 20.44, 20.48, 20.83, 21.15, 21.35, 21.54, 21.69, 21.93, 22.1, 22.28, 22.54, 22.75, 22.94, 23.15, 23.39, 23.55, 23.78, 23.79, 24.1, 24.12, 24.36, 24.55, 24.68, 24.83, 24.95, 24.92, 25.21, 25.34, 25.71, 25.77, 26.05, 26.11, 26.18, 26.32, 26.57, 26.68, 26.7, 26.97, 27.13, 27.06, 27.31, 27.6, 27.77, 27.7, 27.9, 27.89, 28.26, 28.33, 28.32, 28.5, 28.62, 28.62, 28.58]}