{"train_loss": [2.3033913019375922, 2.3028308452704014, 2.302262558692541, 2.301672804661286, 2.300967761186453, 2.300198788520617, 2.2991366147994996, 2.297847470870385, 2.2963312124594664, 2.2944796164830525, 2.2921185322296926, 2.289250125640478, 2.2859588561913906, 2.282284410794576, 2.278520699647757, 2.274702544090075, 2.2706828276316324, 2.2664851610477155, 2.26225860057733, 2.2579952515088593, 2.2535475101226417, 2.248248519652929, 2.2433933667647534, 2.2383440806315495, 2.2330387824620956, 2.2280153097250524, 2.2233015176577444, 2.2186952052972257, 2.2141019319876647, 2.2098549292637752, 2.2059872847336988, 2.2034821822093082, 2.199826228312957, 2.197338032722473, 2.1935525307288537, 2.1917391361334384, 2.188947653159117, 2.1864709640160584, 2.18370045820872, 2.180666434459197, 2.17778217731378, 2.176205573326502, 2.173878642840263, 2.170354670744676, 2.168831356977805, 2.1657696711711396, 2.1645241126036034, 2.1625810109652006, 2.159948243850317, 2.157384860821259, 2.15463537864196, 2.15189437743945, 2.1508185019859902, 2.148063966555473, 2.1453744142483444, 2.1431932363754664, 2.1410545404140766, 2.138009208287948, 2.1355974331880225, 2.133059363487439, 2.131453442573547, 2.129584271479876, 2.1279889332942474, 2.1239333507342217, 2.122578501701355, 2.119946437004285, 2.1167898551011697, 2.1153718239221817, 2.1139239561863437, 2.1109071786587057, 2.108995045148409, 2.107579444616269, 2.105769545604021, 2.1031860223183263, 2.10089397308154, 2.1001498100085136, 2.0972287171926256, 2.096479025253883, 2.094587743282318, 2.0931316186220217, 2.0917934656143187, 2.089331121933766, 2.087928192737775, 2.0855625889240166, 2.084964009431692, 2.083443566163381, 2.0827498842508363, 2.0804548948239057, 2.0811677327522866, 2.0789733972304907, 2.0759472608566285, 2.075343129879389, 2.074084963859656, 2.073943009131994, 2.0731452578153364, 2.0706131803683747, 2.0698920622850077, 2.0685215341739167, 2.066825499290075, 2.065881739518581], "test_loss": [2.2988860137939455, 2.2980645935058592, 2.297160690307617, 2.2961535278320313, 2.29497421875, 2.293536602783203, 2.291752062988281, 2.2894952392578123, 2.286639724731445, 2.2829951232910157, 2.2783827056884767, 2.2726443298339842, 2.2657648529052734, 2.2581483367919923, 2.2500162200927734, 2.2418122985839846, 2.233460479736328, 2.2247971313476564, 2.215983932495117, 2.2068120727539062, 2.197138967895508, 2.1866036437988283, 2.176103625488281, 2.1647243896484376, 2.153458840942383, 2.1417125213623045, 2.1299718994140626, 2.1195496459960936, 2.1088043823242186, 2.097551611328125, 2.0882026107788088, 2.0796935440063478, 2.0717296112060546, 2.0651848220825197, 2.057633624267578, 2.05172096862793, 2.0453997299194335, 2.038706709289551, 2.032912228393555, 2.026433410644531, 2.0213586227416993, 2.0154511962890624, 2.0101083129882813, 2.0042491760253904, 1.9987634063720703, 1.9925814422607422, 1.9879468215942382, 1.982861326599121, 1.9782165924072266, 1.9724290588378905, 1.965976921081543, 1.9610848220825194, 1.956463006591797, 1.9509617172241212, 1.9458359664916993, 1.9389722061157226, 1.9342654571533202, 1.9285101181030273, 1.9225925979614258, 1.9174573043823242, 1.9129268173217773, 1.9063560470581056, 1.9034442642211915, 1.8961340469360353, 1.8910612350463867, 1.8863566436767578, 1.8816038482666015, 1.8736454864501952, 1.8690039794921876, 1.8632168548583985, 1.859120950317383, 1.8546505035400391, 1.8488356674194335, 1.8436514938354491, 1.8394087646484376, 1.8364242950439453, 1.8298127349853515, 1.8261955993652343, 1.8214420196533203, 1.8200811569213866, 1.8142977600097656, 1.8086630599975586, 1.8044734420776367, 1.8033095977783202, 1.798951170349121, 1.794200535583496, 1.7917386627197265, 1.7877096221923827, 1.786545362854004, 1.782603321838379, 1.7800506378173828, 1.7740654266357423, 1.774432975769043, 1.7707960830688476, 1.7674920135498047, 1.7650602005004883, 1.7620626174926757, 1.75613514251709, 1.7544288696289063, 1.7539096878051759], "test_acc": [10.65, 11.09, 11.28, 11.63, 12.25, 12.83, 14.31, 15.23, 16.32, 16.67, 16.8, 16.51, 17.22, 17.87, 18.67, 19.24, 20.02, 20.89, 21.77, 22.31, 22.87, 23.43, 24.2, 24.63, 25.15, 25.45, 25.72, 26.11, 26.62, 26.5, 26.74, 27.05, 27.41, 27.99, 28.09, 28.41, 28.71, 28.77, 29.38, 29.51, 29.45, 30.12, 30.25, 30.43, 30.81, 30.92, 31.2, 31.58, 31.72, 32.49, 32.67, 33.15, 33.35, 33.11, 33.91, 34.3, 34.63, 34.7, 35.03, 35.15, 35.41, 35.14, 35.86, 35.81, 36.16, 36.23, 36.34, 36.65, 36.84, 36.89, 37.2, 37.38, 37.41, 37.9, 37.91, 37.91, 38.15, 37.99, 38.48, 38.62, 38.65, 38.78, 38.69, 38.97, 39.17, 39.3, 39.37, 39.61, 39.79, 39.78, 39.92, 40.01, 40.25, 40.37, 40.38, 40.52, 40.4, 40.73, 40.76, 40.95]}