{"train_loss": [2.3034743981483654, 2.3031195108707134, 2.3028672958031677, 2.302629845570295, 2.3023833776131655, 2.3021381861124284, 2.30183854836684, 2.3014083416034015, 2.3011780897776286, 2.3008185404997605, 2.3003531841131357, 2.2999458459707407, 2.2995050870455227, 2.29894183415633, 2.298425027040335, 2.2977981524589732, 2.2971287262745395, 2.2964441971901137, 2.2956286473151963, 2.2947944610546798, 2.293989011568901, 2.293127023256742, 2.2921102963961086, 2.2912257035573322, 2.2902387930796695, 2.2893920067029123, 2.2883108952106572, 2.2873839482282983, 2.286437860513345, 2.2854299013431256, 2.284248924255371, 2.2833674394167387, 2.2821971092468654, 2.2811171788435716, 2.279962560458061, 2.2787789051349345, 2.277925892976614, 2.2768958293474637, 2.2755344892159486, 2.274309522066361, 2.2731776671531874, 2.2723288499392, 2.2711573123931883, 2.2698102834897163, 2.2689984401067096, 2.2682830835000063, 2.267324246504368, 2.2665647549506946, 2.2658960055082273, 2.2645931476201766, 2.264007298151652, 2.2635475305410533, 2.2628781648782583, 2.2619169840445887, 2.2614219518808216, 2.2607050125415507, 2.2596523981827956, 2.2594582686057456, 2.2588110012885854, 2.257851813389705, 2.2577378407502784, 2.2562379953188776, 2.2562266857196125, 2.25561576745449, 2.255479634113801, 2.2546940369483752, 2.2542801056152735, 2.2538441786399255, 2.2535603761672975, 2.2525586635638506, 2.2520794636163957, 2.251584082383376, 2.250864261847276, 2.2507815868426593, 2.249958107410333, 2.2496567885080974, 2.24886113680326, 2.248787802304977, 2.248095334493197, 2.2476131873253062, 2.247111413417718, 2.246305777476384, 2.246076918870975, 2.245167656433888, 2.244743397908333, 2.244375169582856, 2.2436374829365655, 2.2434082740392443, 2.2429266795133933, 2.2421872432415304, 2.2419812489778566, 2.241799020155882, 2.2409947670423067, 2.2404551145357963, 2.2399022267414974, 2.2393903750639694, 2.239230271486136, 2.238134580392104, 2.2377138608541243, 2.237360819792136], "test_loss": [2.2991332061767578, 2.2985914855957033, 2.2980434173583983, 2.2974745697021484, 2.2968748809814454, 2.2962306213378905, 2.295540267944336, 2.294775817871094, 2.2939133331298827, 2.292955084228516, 2.2918730285644533, 2.290641619873047, 2.2892550659179687, 2.2876701507568358, 2.285914569091797, 2.2839483245849608, 2.2817264770507815, 2.279306088256836, 2.2766811584472655, 2.273817007446289, 2.2707819763183594, 2.267625036621094, 2.2642538146972657, 2.2608008605957033, 2.257236703491211, 2.2536917144775392, 2.250030126953125, 2.246431640625, 2.242843637084961, 2.239082388305664, 2.2350294830322266, 2.2312061584472658, 2.2271832580566406, 2.223054913330078, 2.2189490692138674, 2.2146535797119142, 2.210593243408203, 2.2061676513671875, 2.2016686645507813, 2.197315933227539, 2.1930259765625, 2.1887838836669924, 2.184478454589844, 2.1788345275878904, 2.174641879272461, 2.1701446197509764, 2.1660255889892577, 2.161825469970703, 2.1585848388671875, 2.1548616027832033, 2.151236309814453, 2.148639303588867, 2.144618096923828, 2.1412062255859374, 2.1384951385498048, 2.1347811309814455, 2.1326318420410155, 2.1295671630859374, 2.1268924530029296, 2.1238290740966796, 2.1216669342041015, 2.1188549560546877, 2.115993212890625, 2.114521203613281, 2.111686148071289, 2.110072268676758, 2.108061068725586, 2.105413006591797, 2.1027573120117187, 2.101041134643555, 2.099355990600586, 2.0965041046142576, 2.093973583984375, 2.09194228515625, 2.0908919830322263, 2.0885916748046873, 2.0859107849121092, 2.0837971435546874, 2.0817636352539064, 2.0801967590332033, 2.078802816772461, 2.0753065399169923, 2.073901153564453, 2.07120280456543, 2.06956520690918, 2.066217323303223, 2.065013740539551, 2.0624931640625, 2.0613401473999025, 2.0585270401000977, 2.05652216796875, 2.0543492065429687, 2.0512996612548826, 2.0495290100097656, 2.04844493560791, 2.0458864471435545, 2.043694921875, 2.0421962951660158, 2.039123408508301, 2.0375251052856447], "test_acc": [10.67, 10.87, 11.1, 11.13, 11.37, 11.66, 12.01, 12.27, 12.79, 13.53, 14.33, 15.07, 15.75, 16.39, 17.24, 17.89, 18.22, 18.45, 18.73, 19.02, 19.32, 19.49, 19.62, 19.95, 20.44, 20.85, 20.89, 21.33, 21.65, 21.99, 22.18, 22.69, 23.05, 23.46, 23.8, 23.95, 24.24, 24.48, 24.85, 25.13, 25.26, 25.63, 25.96, 26.05, 26.26, 26.57, 26.62, 26.79, 27.02, 27.06, 27.31, 27.45, 27.51, 27.74, 27.83, 28.0, 28.4, 28.42, 28.57, 28.58, 28.67, 28.86, 29.01, 29.14, 29.17, 29.66, 29.73, 29.69, 29.98, 30.18, 30.35, 30.46, 30.6, 30.65, 30.64, 30.84, 31.22, 31.26, 31.66, 31.65, 31.61, 31.95, 32.08, 32.38, 32.48, 32.36, 32.9, 32.87, 32.95, 33.2, 33.33, 33.61, 33.87, 33.85, 34.12, 34.17, 34.22, 34.32, 34.68, 34.7]}