{"train_loss": [2.303489073117574, 2.303163269238594, 2.3029348410092867, 2.3027223898814273, 2.302505659445738, 2.3022947219701915, 2.30203636548458, 2.3016645871675934, 2.3014866101436127, 2.301194653755579, 2.300814228180127, 2.3005011100035446, 2.3001625953576506, 2.29973284586882, 2.2993438048240464, 2.298876314285474, 2.298386269960648, 2.297881342203189, 2.2972628458952293, 2.296647817049271, 2.2960541694592207, 2.295406078680968, 2.2946343703147694, 2.2939736659710226, 2.293224261357234, 2.2925877020909238, 2.2917495165115747, 2.2910576777580456, 2.2903358245507266, 2.289572131328094, 2.288665089851771, 2.2880045089966212, 2.2871424259283604, 2.2863160237287863, 2.285432647436093, 2.284535262523553, 2.283892224385188, 2.2831021131613314, 2.2820851827279114, 2.2811065967266377, 2.280214106730926, 2.2795229985163763, 2.2785819573280137, 2.277496836735652, 2.276795540100489, 2.2761036524405847, 2.275301649631598, 2.2745826464432937, 2.27395350871942, 2.272908069537236, 2.2722967312886166, 2.271857802073161, 2.2711832015942304, 2.2703429399392543, 2.2698968924008884, 2.2692775481786485, 2.268380998342465, 2.268122389377692, 2.2675817838081946, 2.2667840810922475, 2.266708736541944, 2.265434977335808, 2.2653856644263635, 2.2648772802108375, 2.2647698335158517, 2.264150228255834, 2.263828878524976, 2.263438949218163, 2.26329813125806, 2.262410890750396, 2.2620656184661083, 2.261658851305644, 2.2611292209380713, 2.261031631323007, 2.2603756287159062, 2.2601511551783635, 2.259560021987328, 2.259479690209413, 2.258940052986145, 2.2585719707684637, 2.258175124266209, 2.2575277322377914, 2.257411294717055, 2.256662887793321, 2.2562793529950653, 2.255991783508888, 2.255437461535136, 2.255221401116787, 2.254846829634446, 2.254228347998399, 2.254121628785745, 2.2539572672966197, 2.2533283955011614, 2.2528652301201455, 2.2524194234456774, 2.2521242569654416, 2.2519279443300686, 2.251073966270838, 2.2507426047936465, 2.2504656840593387], "test_loss": [2.299161932373047, 2.298652816772461, 2.298142559814453, 2.2976160888671875, 2.297066720581055, 2.2964846984863283, 2.295867788696289, 2.2951946533203125, 2.2944526733398436, 2.2936378479003907, 2.292733026123047, 2.2917142211914063, 2.290584146118164, 2.2893119689941406, 2.2879136779785156, 2.286362033081055, 2.2846300048828123, 2.282742706298828, 2.28069326171875, 2.278451953125, 2.276057403564453, 2.2735429931640625, 2.2708203338623045, 2.2680058441162108, 2.265071878051758, 2.2621258697509767, 2.2590713134765625, 2.2560463989257813, 2.2530215576171875, 2.249897967529297, 2.2465810821533205, 2.243432830810547, 2.2401296020507813, 2.236743640136719, 2.2333614929199217, 2.229872787475586, 2.226536380004883, 2.222968264770508, 2.219293814086914, 2.2156545928955076, 2.2120325378417967, 2.208516830444336, 2.2048260864257814, 2.200286251831055, 2.196517141723633, 2.192620199584961, 2.1888781982421874, 2.185020477294922, 2.1818854431152346, 2.178336932373047, 2.174743768310547, 2.1721154296875, 2.1682514617919924, 2.164819110107422, 2.161880599975586, 2.158310403442383, 2.1559929260253905, 2.152920700073242, 2.1500572967529297, 2.1470398712158203, 2.1448514038085937, 2.1421058074951174, 2.1393754577636717, 2.1376550933837892, 2.1350405822753906, 2.1335484283447266, 2.131447622680664, 2.1290885498046874, 2.126650601196289, 2.125118490600586, 2.1234527130126954, 2.1209762969970702, 2.1187071899414063, 2.11693271484375, 2.1159327087402344, 2.11386767578125, 2.1115301513671874, 2.1097296295166017, 2.107857760620117, 2.1065310333251954, 2.1052958953857424, 2.1024157653808593, 2.1011921752929688, 2.0989748779296873, 2.0977129302978517, 2.094613674926758, 2.0935686645507814, 2.09152041015625, 2.0906455017089844, 2.088045217895508, 2.086472689819336, 2.084479116821289, 2.082085192871094, 2.080307958984375, 2.0794899658203123, 2.0772184692382814, 2.0756642517089845, 2.0743245544433595, 2.0716583831787108, 2.0701408721923826], "test_acc": [10.65, 10.82, 11.06, 11.15, 11.35, 11.37, 11.9, 12.2, 12.55, 13.17, 13.9, 14.45, 15.38, 15.96, 16.59, 17.3, 17.93, 18.21, 18.51, 18.7, 18.96, 19.18, 19.35, 19.53, 19.73, 20.27, 20.52, 20.76, 21.09, 21.34, 21.56, 21.94, 22.15, 22.47, 22.88, 23.23, 23.49, 23.73, 24.01, 24.26, 24.6, 24.98, 25.27, 25.26, 25.41, 25.72, 25.91, 26.18, 26.32, 26.54, 26.65, 26.89, 27.03, 27.14, 27.24, 27.3, 27.59, 27.68, 27.83, 27.96, 28.12, 28.27, 28.41, 28.39, 28.51, 28.79, 28.88, 28.92, 29.07, 29.23, 29.42, 29.49, 29.78, 30.04, 30.06, 30.11, 30.29, 30.42, 30.59, 30.77, 30.62, 31.01, 31.02, 31.27, 31.31, 31.31, 31.75, 31.76, 31.88, 31.96, 32.04, 32.26, 32.49, 32.74, 32.84, 32.97, 33.14, 33.26, 33.38, 33.58]}