{"train_loss": [2.303575738882407, 2.3034623017677895, 2.303375953894395, 2.3032818879836645, 2.3032000138209416, 2.303129403407757, 2.3030767135131054, 2.30302172318483, 2.302991816936395, 2.3029453644385707, 2.302900394415244, 2.3028726822290664, 2.3028383438403788, 2.3028239879852688, 2.3027905873763257, 2.302783852357131, 2.3027754300679915, 2.3027522441668387, 2.3027489692736895, 2.302740470568339, 2.302727561119275, 2.302712786503327, 2.302710222586607, 2.3027138526623068, 2.3026945707125543, 2.3026985345742643, 2.302688534443195, 2.3026878155194797, 2.302682227966113, 2.3026812137701573, 2.3026714490010187, 2.302677275584294, 2.3026731356596337, 2.3026632755230634, 2.3026618431776, 2.302659050012246, 2.3026613993522447, 2.302655784900372, 2.302657261872903, 2.3026662649252474, 2.302657849360735, 2.30264736750187, 2.3026522611960387, 2.302652918986785, 2.302650144772652, 2.3026597151389487, 2.302654424080482, 2.302655697480226, 2.3026497846994642, 2.30264683564504, 2.3026393364637325, 2.30264667731065, 2.3026422292758255, 2.3026565906329033, 2.3026427360681385, 2.3026437710493037, 2.302644930130396, 2.3026555208059456, 2.3026475802446025, 2.3026478975247113, 2.302641830077538, 2.302642396780161, 2.3026366704549543, 2.302638998398414, 2.3026379328507645, 2.3026332366160855, 2.3026511473533433, 2.302642342983148, 2.302645123921908, 2.3026403384330947, 2.3026400700593608, 2.302651643141722, 2.302639324237139, 2.3026344562188172, 2.3026319528237367, 2.3026305773319344, 2.3026397949610002, 2.302643882922637, 2.302636982844426, 2.3026300204105867, 2.3026347533250466, 2.3026364870560476, 2.302639687978304, 2.3026429341389583, 2.302635947251931, 2.3026317663681812, 2.3026285801178368, 2.3026382146737516, 2.3026312577418793, 2.3026280054679282, 2.302635343869527, 2.302625708702283, 2.302637219429016, 2.302630194639548, 2.3026327597789273, 2.3026327010912775, 2.3026296921265432, 2.3026257038116453, 2.3026216965455277, 2.302627142881736], "test_loss": [2.29949201965332, 2.299336184692383, 2.2991947875976564, 2.299066372680664, 2.2989492797851563, 2.2988430419921877, 2.298747750854492, 2.298659408569336, 2.298578707885742, 2.2985058837890624, 2.298439572143555, 2.298376446533203, 2.2983187194824217, 2.2982655334472657, 2.298217172241211, 2.298173391723633, 2.2981330017089845, 2.298095278930664, 2.2980590057373047, 2.2980255126953124, 2.2979953216552733, 2.2979651885986327, 2.2979373260498046, 2.2979104888916018, 2.297886163330078, 2.2978626556396486, 2.297841748046875, 2.297821566772461, 2.297802966308594, 2.297784066772461, 2.2977663513183595, 2.2977490844726565, 2.2977320770263674, 2.297716925048828, 2.2977023498535156, 2.2976888793945314, 2.297675662231445, 2.2976626251220704, 2.297649710083008, 2.2976365844726563, 2.2976249664306643, 2.2976130310058593, 2.297601431274414, 2.2975896575927734, 2.297579281616211, 2.297567919921875, 2.297556936645508, 2.297547900390625, 2.297538717651367, 2.2975286224365234, 2.2975193786621095, 2.2975095794677736, 2.29750087890625, 2.297492907714844, 2.2974838134765627, 2.2974746490478517, 2.2974660430908203, 2.297456784057617, 2.2974491760253906, 2.2974406982421876, 2.29743203125, 2.297425344848633, 2.297416864013672, 2.2974091186523435, 2.297401226806641, 2.2973926818847654, 2.297385189819336, 2.297376580810547, 2.2973693786621094, 2.2973621490478515, 2.297355145263672, 2.2973481384277346, 2.2973415252685547, 2.297333953857422, 2.297326919555664, 2.2973185607910156, 2.2973120391845705, 2.2973066070556643, 2.297299447631836, 2.297292318725586, 2.2972849212646484, 2.2972779541015624, 2.297271810913086, 2.2972642303466797, 2.2972584411621093, 2.2972511993408204, 2.2972448486328125, 2.2972394134521483, 2.2972324737548826, 2.2972246307373045, 2.2972165924072265, 2.2972093444824218, 2.297203399658203, 2.297196701049805, 2.2971900115966797, 2.297183480834961, 2.297177496337891, 2.297170358276367, 2.2971639709472655, 2.2971573791503905], "test_acc": [10.53, 10.53, 10.57, 10.6, 10.7, 10.69, 10.66, 10.55, 10.52, 10.55, 10.63, 10.72, 10.63, 10.63, 10.69, 10.66, 10.64, 10.67, 10.75, 10.8, 10.89, 11.01, 11.03, 11.1, 11.09, 11.19, 11.2, 11.25, 11.41, 11.51, 11.56, 11.7, 11.77, 11.86, 11.86, 11.84, 11.89, 11.88, 11.94, 12.03, 12.08, 12.21, 12.25, 12.3, 12.4, 12.41, 12.45, 12.53, 12.53, 12.58, 12.56, 12.65, 12.65, 12.66, 12.73, 12.71, 12.69, 12.79, 12.88, 12.89, 12.9, 12.89, 12.89, 12.87, 12.91, 12.93, 12.91, 12.96, 13.01, 13.05, 13.07, 13.08, 13.07, 13.12, 13.1, 13.12, 13.16, 13.17, 13.23, 13.23, 13.22, 13.24, 13.29, 13.29, 13.32, 13.36, 13.35, 13.35, 13.37, 13.42, 13.42, 13.4, 13.44, 13.42, 13.4, 13.42, 13.45, 13.48, 13.48, 13.49]}