{"train_loss": [2.3034243760964808, 2.3027155503248555, 2.30209511365646, 2.3013480791678798, 2.3005191870224784, 2.2995634726988965, 2.298287201539064, 2.2965733846028646, 2.2946354737648598, 2.29199688128936, 2.2886208259142364, 2.2845734865237506, 2.280160983403524, 2.2753639753048236, 2.270602597945776, 2.265380315291576, 2.260147404059386, 2.254509930732923, 2.248741922623072, 2.2427665239725356, 2.2368032088646523, 2.229516871770223, 2.2230953827882423, 2.2166522557918844, 2.209897379386119, 2.203030378390581, 2.198024996733054, 2.1928386498720216, 2.1884047807791296, 2.184439661563971, 2.1795422902474035, 2.177368544920897, 2.172476668846913, 2.1692797532448402, 2.1662323927268003, 2.1634675551683475, 2.159500911908272, 2.1571293170635517, 2.1537076925620053, 2.149623291920393, 2.1465327275105013, 2.1450096246523733, 2.1407642639600315, 2.136881624123989, 2.1347453765380076, 2.131373354104849, 2.1285155546970858, 2.1265371646636573, 2.124162354836097, 2.1195956838436616, 2.116165270866492, 2.1132566201381193, 2.1119450978743726, 2.1077134667298734, 2.1047647787974433, 2.101804013741322, 2.099409950696505, 2.0965434334216972, 2.0926450588764287, 2.0895860916528948, 2.0866061320671667, 2.0838798932540112, 2.0814863770436016, 2.077833356612768, 2.076749261831626, 2.072612262994815, 2.0697435861978777, 2.0681716915888666, 2.065546488456237, 2.0629076346372948, 2.059854369897109, 2.059695253616724, 2.0568726099454437, 2.055074973595448, 2.051464043519436, 2.0512692637932606, 2.046874430546394, 2.047898184641814, 2.045082729290693, 2.0427763874714193, 2.041788470745087, 2.0396339550996436, 2.0389887418502415, 2.0353052068979314, 2.0341909157924163, 2.0320205184129567, 2.0329609018105725, 2.030352854117369, 2.0300733239222795, 2.0279423074844556, 2.0233088768445526, 2.024836798508962, 2.0235290955274534, 2.022145198858701, 2.020383748030051, 2.0190314195094965, 2.0174458338664127, 2.015941842397054, 2.014945953625899, 2.0134404387229528], "test_loss": [2.298835021972656, 2.2979451110839846, 2.2969580352783203, 2.295820037841797, 2.294462551879883, 2.2927737274169924, 2.290638342285156, 2.287843426513672, 2.2842419036865236, 2.27948039855957, 2.2733621154785157, 2.2657903869628906, 2.2571141845703124, 2.2479422149658204, 2.2384247528076173, 2.2288013214111326, 2.218752069091797, 2.208212228393555, 2.1972998474121095, 2.1858547607421874, 2.173418930053711, 2.16078215637207, 2.1480406982421876, 2.13414919128418, 2.120419204711914, 2.1074143676757813, 2.0947059204101564, 2.0838648880004884, 2.0733131149291992, 2.06354581451416, 2.0541557937622072, 2.046082730102539, 2.038587777709961, 2.030993878173828, 2.0234485183715822, 2.0167424926757813, 2.0100932388305663, 2.004038946533203, 1.9980047790527344, 1.9906274200439453, 1.9842854110717774, 1.9792727691650391, 1.9725542663574218, 1.96575390625, 1.9595658966064453, 1.952272608947754, 1.9464220489501953, 1.9405156311035157, 1.9352994247436524, 1.9278537139892578, 1.9222519912719727, 1.9169875900268554, 1.9105624938964845, 1.9042058181762695, 1.8973700317382813, 1.8890610443115234, 1.8829955963134766, 1.877893637084961, 1.8699010787963868, 1.8655401794433595, 1.8594937454223632, 1.8521353637695313, 1.8472945404052734, 1.8400787338256837, 1.833781234741211, 1.829872300720215, 1.824674185180664, 1.8176770401000977, 1.8117266952514648, 1.8046933486938477, 1.8021172500610352, 1.7971607574462891, 1.7917392517089843, 1.787819859313965, 1.782524543762207, 1.7793298767089845, 1.772243180847168, 1.7697124572753906, 1.766066633605957, 1.7634073852539063, 1.7566749053955077, 1.7524258880615233, 1.7495218353271484, 1.7500236389160155, 1.7445346420288086, 1.7375132766723633, 1.7387337783813477, 1.7343985412597656, 1.7299719146728516, 1.7283787170410156, 1.7241627334594727, 1.7213949172973633, 1.7197716384887696, 1.7145574615478516, 1.7119406631469727, 1.7100206314086914, 1.7060599227905273, 1.701189663696289, 1.7004460220336914, 1.6986623291015626], "test_acc": [10.71, 11.08, 11.54, 11.97, 12.77, 13.98, 15.22, 16.43, 17.01, 17.22, 16.9, 16.98, 17.81, 18.83, 19.29, 20.18, 20.93, 21.7, 22.4, 23.25, 23.92, 24.27, 24.67, 25.26, 25.83, 26.22, 26.52, 26.89, 27.21, 27.43, 27.58, 27.76, 28.35, 28.47, 28.86, 29.06, 29.41, 29.43, 29.92, 30.32, 30.6, 30.8, 31.6, 31.67, 32.11, 32.21, 32.23, 32.97, 33.09, 33.63, 34.12, 34.38, 34.7, 34.45, 34.97, 35.02, 35.6, 35.73, 36.01, 36.09, 36.21, 36.45, 36.86, 36.99, 37.38, 37.27, 37.65, 37.98, 37.92, 38.12, 38.5, 38.6, 38.61, 38.83, 38.81, 38.95, 39.14, 39.25, 39.59, 39.42, 39.85, 39.67, 39.89, 40.06, 40.36, 40.34, 40.71, 40.78, 40.77, 41.02, 41.1, 41.14, 41.03, 41.49, 41.51, 41.58, 41.68, 42.03, 42.04, 42.35]}