{"train_loss": [2.303636200611408, 2.303497803516877, 2.303381653321095, 2.303305596571702, 2.3032222270965574, 2.3031318517831654, 2.3030788140419203, 2.3030158947675656, 2.3029837045914086, 2.3029150424859464, 2.3028865618583483, 2.3028345053012553, 2.3028083458924904, 2.3027778277030357, 2.3027555875289134, 2.3027548887790776, 2.3027388425973747, 2.302716289422451, 2.302697027646578, 2.3026811495805397, 2.302685848871867, 2.302667041313954, 2.302655243873596, 2.3026423307565542, 2.3026465746072624, 2.3026338693423147, 2.3026106791618544, 2.302626142746363, 2.30262762766618, 2.302618373357333, 2.3026029183314396, 2.302598370038546, 2.3026010036468505, 2.3025989495790924, 2.3025857735902835, 2.302584210420266, 2.3025973870204046, 2.3025802441132375, 2.302585687392797, 2.3025911728541057, 2.302575225707812, 2.302576070565444, 2.302570433494372, 2.3025763254899245, 2.3025480912281915, 2.3025571083411194, 2.302561263549022, 2.3025640774995852, 2.3025527037107025, 2.3025579379155086, 2.302537717574682, 2.3025532227296095, 2.3025490699670255, 2.302549777275477, 2.302546936426407, 2.30254083780142, 2.302539219000401, 2.3025384151018584, 2.302531178180988, 2.3025298479275826, 2.302520438340994, 2.3025349005674705, 2.302534065491114, 2.302543566777156, 2.302525756909297, 2.3025116614806347, 2.3025336002692196, 2.302523156312796, 2.3025128700794317, 2.302505298761221, 2.3025155898852225, 2.302514021824568, 2.30251058615171, 2.302499319345523, 2.30248441696167, 2.3024883453662577, 2.302501134383373, 2.3025053079311664, 2.3025063471916396, 2.3025019113834087, 2.3024892336282976, 2.3025027030553575, 2.302491044998169, 2.3024856145565327, 2.3024934181800254, 2.302477667881892, 2.302484734853109, 2.3024832853904136, 2.302481485024477, 2.302471866974464, 2.3024828776335107, 2.30247794848222, 2.3024764152673574, 2.3024693372922065, 2.3024794181187946, 2.3024573974120313, 2.302465470631917, 2.302465077546927, 2.3024577091901732, 2.3024570024930515], "test_loss": [2.2994613159179687, 2.2992723236083985, 2.2990981018066408, 2.2989378509521483, 2.2987892486572266, 2.298653628540039, 2.2985262298583984, 2.2984052795410155, 2.2982934478759764, 2.298188150024414, 2.2980870086669922, 2.297992950439453, 2.297901434326172, 2.297815121459961, 2.2977326568603518, 2.2976520568847656, 2.2975740783691405, 2.297499346923828, 2.2974279022216795, 2.2973575317382813, 2.2972897735595703, 2.2972244415283205, 2.2971614440917967, 2.29709743347168, 2.297034881591797, 2.296974591064453, 2.29691279296875, 2.296854653930664, 2.2967971405029295, 2.2967427917480467, 2.2966861267089844, 2.2966320404052736, 2.2965791107177735, 2.296524978637695, 2.296472360229492, 2.2964198211669924, 2.296366763305664, 2.2963147918701172, 2.2962635498046877, 2.2962117584228516, 2.296160641479492, 2.296111538696289, 2.296062774658203, 2.296013217163086, 2.2959614837646485, 2.29591135559082, 2.295860452270508, 2.2958106231689452, 2.295758807373047, 2.2957099060058592, 2.2956609954833986, 2.2956141235351564, 2.295564761352539, 2.295515264892578, 2.295466400146484, 2.2954186645507813, 2.2953690673828127, 2.2953186370849608, 2.295271365356445, 2.2952226287841797, 2.295173291015625, 2.295124295043945, 2.295074703979492, 2.2950242919921875, 2.294974053955078, 2.294925259399414, 2.294873782348633, 2.2948237548828123, 2.2947741302490234, 2.294724417114258, 2.29467353515625, 2.2946247039794923, 2.2945735107421874, 2.2945219329833986, 2.294469009399414, 2.294417965698242, 2.29436686706543, 2.294316159057617, 2.294263909912109, 2.2942141662597657, 2.294165328979492, 2.294114944458008, 2.2940648345947268, 2.294011947631836, 2.293960803222656, 2.2939073364257814, 2.293854391479492, 2.2938015899658204, 2.293749685668945, 2.2936986724853514, 2.2936502990722656, 2.2935968414306642, 2.2935454284667967, 2.2934948120117187, 2.2934411987304686, 2.2933870422363283, 2.293335778808594, 2.2932832092285156, 2.293230142211914, 2.293177014160156], "test_acc": [10.49, 10.53, 10.54, 10.67, 10.72, 10.66, 10.58, 10.61, 10.61, 10.64, 10.69, 10.72, 10.77, 10.86, 10.86, 10.83, 10.97, 11.14, 11.17, 11.31, 11.46, 11.54, 11.81, 11.92, 12.19, 12.37, 12.58, 12.61, 12.66, 12.83, 13.04, 13.29, 13.31, 13.46, 13.62, 13.83, 14.01, 14.1, 14.21, 14.27, 14.37, 14.45, 14.61, 14.61, 14.63, 14.74, 14.86, 15.03, 15.19, 15.24, 15.3, 15.37, 15.45, 15.51, 15.57, 15.65, 15.71, 15.82, 15.86, 15.88, 15.89, 15.9, 15.96, 15.99, 16.06, 16.09, 16.21, 16.29, 16.36, 16.36, 16.4, 16.47, 16.48, 16.52, 16.53, 16.56, 16.67, 16.75, 16.78, 16.85, 16.91, 16.95, 16.98, 16.98, 17.08, 17.15, 17.22, 17.3, 17.32, 17.33, 17.44, 17.5, 17.51, 17.5, 17.56, 17.57, 17.63, 17.7, 17.78, 17.83]}