{"train_loss": [2.303591819298573, 2.303479006351569, 2.3033858134196357, 2.303295269379249, 2.3032162342316065, 2.303147017650115, 2.3030909966199826, 2.303037545619867, 2.3030006054120187, 2.302957075070112, 2.302917170524597, 2.302887937350151, 2.3028575426492934, 2.3028385400772096, 2.3028115584300113, 2.3027990475679054, 2.3027868802730853, 2.3027681540220213, 2.302760388300969, 2.3027510422926682, 2.3027399472701244, 2.302728269650386, 2.3027233979640864, 2.302722126398331, 2.302709525670761, 2.302709168654222, 2.3027015374257016, 2.3026991177827885, 2.302694786511935, 2.3026927385574734, 2.302686314093761, 2.3026883956713555, 2.302685205753033, 2.302679129747244, 2.3026773575024726, 2.3026753541750784, 2.3026756390547143, 2.3026720823385776, 2.3026723390970476, 2.3026763170193405, 2.3026715584290334, 2.302665850443718, 2.3026679014548277, 2.3026678225932975, 2.3026659341958853, 2.3026706035320577, 2.3026677064406567, 2.3026678048647367, 2.302664453555376, 2.302662779734685, 2.3026588464394595, 2.3026624814057963, 2.3026596209941768, 2.3026667601022965, 2.3026596949650693, 2.3026599566141766, 2.3026603154647045, 2.3026656560408765, 2.30266119211148, 2.302661325381352, 2.3026579483961447, 2.302657678188422, 2.302655080648569, 2.3026559927524666, 2.302655383868095, 2.3026530229128324, 2.30266152650882, 2.3026572374197154, 2.3026581917053615, 2.302655640626565, 2.302655292168642, 2.30266115237505, 2.30265458547152, 2.3026521053069677, 2.302650629557096, 2.3026501172628158, 2.302654116581648, 2.3026558607052534, 2.3026528138380784, 2.3026493237568784, 2.302651359484746, 2.302652339446239, 2.302653570052905, 2.3026552885006635, 2.3026511950370594, 2.302649211883545, 2.3026475380628537, 2.3026519604218314, 2.3026487179291553, 2.3026471327512694, 2.3026507071959665, 2.302645638661507, 2.30265107521644, 2.3026473638338922, 2.3026488249118513, 2.302648681249374, 2.3026469768621984, 2.302644894673274, 2.302642703667665, 2.302645332996662], "test_loss": [2.299497994995117, 2.2993481414794923, 2.299212771606445, 2.299090963745117, 2.2989806091308593, 2.298880856323242, 2.2987914001464844, 2.298709732055664, 2.298635580444336, 2.2985690124511717, 2.2985087158203124, 2.298452865600586, 2.2984020294189453, 2.2983558502197265, 2.298314181518555, 2.2982767028808593, 2.2982425903320314, 2.2982114349365235, 2.2981820404052735, 2.2981553009033204, 2.2981313995361328, 2.2981086059570313, 2.298087664794922, 2.2980679473876955, 2.298050225830078, 2.2980333129882813, 2.2980183715820313, 2.2980045654296877, 2.2979918792724607, 2.2979796020507814, 2.2979681915283203, 2.2979572509765624, 2.2979470611572266, 2.297938088989258, 2.2979296813964845, 2.2979220703125, 2.297914859008789, 2.2979079650878904, 2.2979010986328126, 2.2978944580078124, 2.2978888366699217, 2.2978828582763673, 2.2978773406982422, 2.297871975708008, 2.297867315673828, 2.297862548828125, 2.297857693481445, 2.2978538970947264, 2.2978502716064453, 2.297846203613281, 2.297842419433594, 2.2978386505126953, 2.2978354553222657, 2.2978323791503907, 2.2978291564941404, 2.29782568359375, 2.2978226654052736, 2.297819534301758, 2.297817086791992, 2.2978142333984377, 2.2978113830566405, 2.297809292602539, 2.297806524658203, 2.2978043548583984, 2.297801953125, 2.297799185180664, 2.297796813964844, 2.297794088745117, 2.2977919982910158, 2.2977898193359376, 2.297787844848633, 2.2977859619140624, 2.2977843841552734, 2.2977821502685547, 2.2977801849365234, 2.2977776458740236, 2.297775894165039, 2.297774658203125, 2.2977727294921877, 2.2977709564208983, 2.2977688049316405, 2.2977668548583985, 2.297765301513672, 2.2977633819580077, 2.297761901855469, 2.2977600189208984, 2.297758450317383, 2.2977571716308596, 2.2977553985595702, 2.2977530792236327, 2.2977509399414062, 2.2977488983154295, 2.2977470977783203, 2.297745504760742, 2.297743618774414, 2.2977416595458986, 2.2977399841308594, 2.2977378479003905, 2.2977361389160156, 2.297734436035156], "test_acc": [10.53, 10.53, 10.57, 10.58, 10.67, 10.67, 10.55, 10.53, 10.52, 10.53, 10.48, 10.54, 10.54, 10.52, 10.5, 10.52, 10.54, 10.47, 10.48, 10.5, 10.6, 10.77, 10.87, 10.81, 10.86, 10.83, 10.87, 10.94, 11.17, 11.15, 11.18, 11.27, 11.29, 11.3, 11.4, 11.45, 11.49, 11.48, 11.54, 11.61, 11.72, 11.81, 11.93, 12.01, 12.14, 12.18, 12.28, 12.25, 12.29, 12.31, 12.34, 12.34, 12.32, 12.31, 12.28, 12.29, 12.33, 12.38, 12.4, 12.38, 12.4, 12.43, 12.43, 12.43, 12.41, 12.41, 12.41, 12.39, 12.35, 12.34, 12.35, 12.36, 12.39, 12.39, 12.41, 12.41, 12.41, 12.41, 12.42, 12.36, 12.39, 12.4, 12.4, 12.41, 12.46, 12.49, 12.48, 12.48, 12.49, 12.51, 12.56, 12.51, 12.53, 12.56, 12.55, 12.57, 12.59, 12.59, 12.57, 12.55]}