{"train_loss": [2.3033498647885446, 2.302617881848262, 2.3021776566138636, 2.301470747972146, 2.300672284150735, 2.2997942148110804, 2.2986294550773425, 2.2971795241038007, 2.295385521497482, 2.293064127824245, 2.290244418535477, 2.2866746541781304, 2.2828780437127136, 2.278126376103132, 2.2734764184707252, 2.268920932671963, 2.2637225597332686, 2.2586674140049863, 2.253439692961864, 2.2477367101571497, 2.241567217386686, 2.2348949768604376, 2.22855798464555, 2.2221187475400095, 2.2154809878422665, 2.2094668528972528, 2.204643209775289, 2.1988749461296275, 2.1938860575358072, 2.189835011653411, 2.1854205675614184, 2.1819236510839217, 2.1778248041104047, 2.1751407366532547, 2.171097859969506, 2.169377952355605, 2.165212621444311, 2.162303420824882, 2.1593617469836506, 2.15568956106137, 2.1518471601681832, 2.1506229125536405, 2.147226842244466, 2.142745233193422, 2.1408327934069513, 2.137819015674102, 2.1353058546017376, 2.133209217511691, 2.130877009110573, 2.127994940831111, 2.124202906779754, 2.120734167404664, 2.1196545619231, 2.1167452790798285, 2.113645555422856, 2.110962425134121, 2.1074733468202442, 2.10448468373372, 2.1013366060379224, 2.0978671269539073, 2.0965125392644834, 2.092829510798821, 2.091427381833394, 2.0874959129553576, 2.086320085403247, 2.0830219770089173, 2.079047190531706, 2.078685475007082, 2.0761956022335935, 2.0733824839958777, 2.071375285050808, 2.07128756413093, 2.0691057507808392, 2.0655997973222, 2.063156248972966, 2.062396546204885, 2.058615736777966, 2.058670119750194, 2.0575170666743547, 2.054939639262664, 2.0525871179042716, 2.0501313719993983, 2.0497632977290032, 2.047943771802462, 2.0459620610261573, 2.0440256387759477, 2.0441863405398832, 2.0415527252050545, 2.0425940855955464, 2.0375792952684257, 2.036356349174793, 2.0357109668927316, 2.034913746210245, 2.0346209578025034, 2.0342258074344732, 2.030800219682547, 2.03072106440862, 2.028470038756346, 2.0260285530334863, 2.026121300306076], "test_loss": [2.2988588317871095, 2.2980051544189455, 2.2970668640136718, 2.2959963012695312, 2.2947344940185546, 2.293174816894531, 2.2912300201416014, 2.2887311737060547, 2.2854968017578123, 2.281249688720703, 2.2758621948242186, 2.269114483642578, 2.2611841796875, 2.2524173278808592, 2.243161291503906, 2.2337699951171874, 2.224183724975586, 2.214279998779297, 2.203757763671875, 2.1925322357177732, 2.180792172241211, 2.168166928100586, 2.1553432983398437, 2.1417232666015624, 2.128653015136719, 2.1149138519287107, 2.102320913696289, 2.0905697906494143, 2.0797536026000976, 2.0697063369750976, 2.0606028198242186, 2.0519065887451173, 2.0442742279052735, 2.0370898986816406, 2.030127018737793, 2.024255630493164, 2.017158871459961, 2.010013412475586, 2.0041039535522462, 1.9980121948242187, 1.9919841705322265, 1.98524871673584, 1.9793081573486329, 1.9720406539916993, 1.9672747436523437, 1.9600863632202148, 1.9554561172485352, 1.9480251220703124, 1.9437540145874024, 1.9385458618164062, 1.9307881942749023, 1.9262670516967773, 1.9206781539916993, 1.913652864074707, 1.9075236129760742, 1.901503155517578, 1.8964151489257812, 1.8903443557739257, 1.882136685180664, 1.8759268188476563, 1.8702611145019532, 1.8644849105834962, 1.860756591796875, 1.8534573501586915, 1.8482877548217773, 1.8411566940307618, 1.8385581253051757, 1.8322072372436524, 1.8249053131103516, 1.8201104431152344, 1.8157261459350587, 1.81082430267334, 1.805755404663086, 1.8032508056640626, 1.7978709228515626, 1.791129200744629, 1.7879823593139648, 1.7831189559936524, 1.7780608032226564, 1.7769309310913086, 1.7713215362548829, 1.765194512939453, 1.7628220977783202, 1.7610904067993165, 1.758257357788086, 1.7519275772094727, 1.750665805053711, 1.7458005554199219, 1.7446623764038085, 1.7393975738525391, 1.736886668395996, 1.7345132415771485, 1.7324073852539061, 1.7286325759887695, 1.7259716979980468, 1.723084718322754, 1.7199180099487306, 1.71574169921875, 1.7121205337524414, 1.7117145797729492], "test_acc": [10.68, 10.99, 11.3, 11.58, 12.3, 13.35, 14.65, 15.46, 16.45, 16.9, 17.03, 17.04, 17.68, 18.1, 18.77, 19.67, 20.59, 21.51, 22.29, 23.1, 23.72, 24.21, 24.83, 25.32, 25.83, 26.24, 26.44, 26.67, 27.11, 27.29, 27.26, 27.88, 28.05, 28.18, 28.34, 28.94, 29.24, 29.42, 30.0, 29.87, 30.24, 30.68, 31.17, 31.04, 31.62, 31.52, 31.61, 32.3, 32.61, 33.38, 33.35, 33.8, 34.36, 34.04, 34.58, 34.58, 35.16, 35.2, 35.34, 35.65, 36.27, 36.01, 36.62, 36.76, 37.22, 37.01, 37.18, 37.55, 37.75, 37.77, 38.05, 38.21, 38.38, 38.72, 38.5, 38.72, 39.04, 39.18, 39.34, 39.32, 39.85, 39.74, 39.68, 40.12, 39.88, 39.99, 40.18, 40.55, 40.53, 40.79, 40.97, 40.95, 41.14, 41.31, 41.21, 41.44, 41.47, 41.82, 41.81, 41.96]}