{"train_loss": [2.303328537940979, 2.3030007894222555, 2.3026559744125756, 2.302344621144808, 2.302006749617748, 2.30160332154005, 2.301318105673179, 2.300827686603253, 2.300353970894447, 2.299830293044066, 2.299134396895384, 2.298400056667817, 2.2976909123934233, 2.2968983601301143, 2.2960150657555998, 2.2949003818707587, 2.293848064618233, 2.2926182985305785, 2.291409843395918, 2.2904429246217775, 2.289148357586983, 2.287690354616214, 2.2863891075818965, 2.2848312811973766, 2.2833022710604545, 2.2821672604634213, 2.2806739788789017, 2.2794141225325757, 2.2776758511861166, 2.2761237083337247, 2.2745316554338504, 2.2726796009601693, 2.2711267831997994, 2.2694680134455365, 2.268323160440494, 2.2666170163032335, 2.265281455944746, 2.2637135126651864, 2.2616691344823594, 2.259367371828128, 2.2589965673593375, 2.258026332121629, 2.256346973394736, 2.254757143289615, 2.254757590782948, 2.2533983560708855, 2.2520916492511063, 2.252422981384473, 2.250858921271104, 2.2503401627907387, 2.248739654589922, 2.248565442745502, 2.2477039728409203, 2.247522122432024, 2.2464542767940423, 2.245608245409452, 2.2448488015394945, 2.24381586710612, 2.2434792671448145, 2.242780312513694, 2.242331359325311, 2.2419760606227777, 2.240875326670133, 2.2406657628524, 2.2397507276290503, 2.239492984307118, 2.237820589236724, 2.2372004478405683, 2.2365345398585004, 2.235872741234608, 2.2345134319403233, 2.2349388611622345, 2.234167265280699, 2.2336312905336038, 2.2327516311254256, 2.2321168618324476, 2.2307747920354206, 2.2305344453224767, 2.229353798964085, 2.2290509761908117, 2.2285461376874873, 2.227483132557991, 2.2269042461346356, 2.2252825315182028, 2.2264086827253684, 2.2256461718143563, 2.2242062226319925, 2.22299061188331, 2.2224800060956906, 2.221497522867643, 2.220679050225478, 2.220211851902497, 2.218892615880722, 2.21827335418799, 2.2186485938536813, 2.2168699765816715, 2.2165725273963734, 2.2156371978613048, 2.21470621854831, 2.2141488472620647], "test_loss": [2.29908974609375, 2.2985020935058595, 2.2978823638916017, 2.297226419067383, 2.2965044525146485, 2.295723599243164, 2.2948510681152343, 2.2938518432617188, 2.2926823303222656, 2.291316784667969, 2.2897514709472655, 2.287910678100586, 2.2858242156982422, 2.2834581512451173, 2.2807942687988283, 2.2777818756103514, 2.2744442199707033, 2.270857879638672, 2.267005676269531, 2.2630727478027346, 2.259041015625, 2.254757275390625, 2.2505623443603517, 2.246052862548828, 2.2414507202148437, 2.2368205261230467, 2.232214602661133, 2.2273397369384766, 2.222464401245117, 2.2173369232177733, 2.212208605957031, 2.2065607330322266, 2.201703302001953, 2.1956222351074217, 2.190058160400391, 2.1849041961669924, 2.178422442626953, 2.173340658569336, 2.168266806030273, 2.162444546508789, 2.155893359375, 2.1516316345214843, 2.146374627685547, 2.1417615814208983, 2.1369664398193358, 2.1319463104248046, 2.128042111206055, 2.125975616455078, 2.1218429290771486, 2.1193148406982423, 2.114949185180664, 2.1127483581542967, 2.111257620239258, 2.1071779022216797, 2.1043666748046874, 2.102491555786133, 2.098783639526367, 2.0973233947753904, 2.094316583251953, 2.0920951202392577, 2.0890890197753906, 2.0874136505126955, 2.0848026641845703, 2.0821390075683595, 2.079020709228516, 2.0779364135742187, 2.075912178039551, 2.0723963973999022, 2.070235594177246, 2.067121800231934, 2.0639450332641602, 2.0638181228637693, 2.0594028839111327, 2.058363032531738, 2.0553777557373047, 2.0525964965820314, 2.0490758132934572, 2.0465794525146483, 2.043332975769043, 2.0423194992065428, 2.039170018005371, 2.037108934020996, 2.0341195022583007, 2.0327205230712893, 2.028898977661133, 2.0270375396728517, 2.0230066314697264, 2.0213013687133787, 2.017111444091797, 2.01707745513916, 2.013694044494629, 2.0104969635009766, 2.0087399032592774, 2.00421815032959, 2.001541651916504, 1.999551904296875, 1.9969202682495117, 1.9943602111816405, 1.9911515579223633, 1.9893068984985351], "test_acc": [10.69, 10.9, 11.05, 11.13, 11.33, 11.72, 12.07, 12.9, 13.66, 14.18, 14.8, 15.63, 16.27, 16.3, 16.44, 16.5, 16.69, 17.13, 17.55, 18.04, 18.86, 19.43, 20.19, 20.59, 21.17, 21.72, 22.21, 22.66, 23.01, 23.47, 24.08, 24.13, 24.66, 24.82, 24.91, 25.44, 25.52, 25.95, 26.16, 26.47, 26.4, 26.76, 26.77, 26.61, 26.87, 26.95, 27.07, 27.37, 27.45, 27.68, 27.8, 28.01, 28.24, 28.23, 28.45, 28.21, 28.76, 28.81, 28.86, 29.21, 29.3, 29.33, 29.66, 29.91, 30.07, 30.1, 29.96, 30.44, 30.94, 31.02, 31.16, 31.41, 31.27, 31.64, 31.76, 31.47, 32.12, 32.07, 32.45, 32.64, 32.73, 32.66, 32.78, 33.19, 33.17, 33.29, 33.63, 33.46, 33.91, 34.25, 33.98, 34.62, 34.85, 34.61, 34.89, 35.03, 34.98, 34.99, 35.12, 35.64]}