{"train_loss": [2.3035801380108563, 2.303423816118485, 2.303310127136035, 2.3032120313399878, 2.3031252066294354, 2.303051043168092, 2.302966744471819, 2.3028587396328266, 2.302833867684389, 2.3027707686791055, 2.3026999889275968, 2.30266373585432, 2.30262011381296, 2.302578716400342, 2.302537246239491, 2.302503977677761, 2.3024833685312514, 2.3024435507945524, 2.3023911201036893, 2.3023679225872726, 2.3023455081841884, 2.302304713542645, 2.3022727452791654, 2.3022574216891556, 2.302235293999696, 2.3022156324142067, 2.3021792167272324, 2.3021678514969657, 2.30215780490484, 2.3021326089516663, 2.3020929795045117, 2.3020755217625544, 2.3020610032937467, 2.3020233331582487, 2.301986142916557, 2.3019833913216226, 2.301951654140766, 2.301920473269927, 2.3019073590254173, 2.3018813769022626, 2.301851503054301, 2.301818810365139, 2.3018035038923608, 2.3017666737238565, 2.301753874314137, 2.3017148898198054, 2.301703431056096, 2.3016755825433974, 2.301650554094559, 2.301633639824696, 2.301588035852481, 2.3015757352877886, 2.3015435237150927, 2.3014882772396774, 2.3014772329574975, 2.301471610558339, 2.301417129467695, 2.3014011126298173, 2.301367516395373, 2.3013259624823545, 2.3013354289226045, 2.3012884739117743, 2.3012426669781023, 2.301196480408693, 2.3012199047284247, 2.3011602371166915, 2.301159314620189, 2.301107268455701, 2.3011118980554435, 2.30103958936838, 2.301028899046091, 2.300998811844068, 2.3009757194763574, 2.300948056196555, 2.300922852296096, 2.300890401693491, 2.3008665604469103, 2.3008508529418554, 2.3008104165395102, 2.3007843897892877, 2.3007431287031905, 2.3007224828768997, 2.3006993202062755, 2.300668501242613, 2.3006297160417604, 2.3005971315579536, 2.3005797606248124, 2.3005463551252316, 2.300527803103129, 2.3004676286990824, 2.3004465225415354, 2.30043681034675, 2.3004085375712466, 2.3003393717301197, 2.3003308271750424, 2.300327829214243, 2.3002904885854476, 2.3002321934088683, 2.3002403075878437, 2.3001839191485676], "test_loss": [2.299391357421875, 2.2991313751220703, 2.2988845153808595, 2.2986498840332033, 2.298424267578125, 2.2982049346923827, 2.2979948272705077, 2.2977893646240233, 2.297585971069336, 2.2973888122558592, 2.2971914154052735, 2.296995523071289, 2.2968020904541016, 2.296605484008789, 2.2964146575927735, 2.296221450805664, 2.2960267669677736, 2.295834585571289, 2.2956391693115235, 2.2954404022216797, 2.2952392181396486, 2.2950360473632814, 2.294827682495117, 2.29461875, 2.2944031494140624, 2.2941856842041015, 2.293964144897461, 2.2937380584716798, 2.2935104370117188, 2.293278646850586, 2.2930372436523436, 2.292794763183594, 2.292553649902344, 2.2923057220458984, 2.2920547058105467, 2.2917944122314453, 2.2915379516601564, 2.291279382324219, 2.2910128936767578, 2.290739874267578, 2.290465386962891, 2.2901891998291015, 2.2899080322265624, 2.289622705078125, 2.289329577636719, 2.2890328887939453, 2.2887401458740233, 2.288437826538086, 2.288137658691406, 2.2878346405029295, 2.2875213806152344, 2.2872182098388674, 2.286903790283203, 2.286578472900391, 2.28625712890625, 2.2859285095214843, 2.285597644042969, 2.2852634979248045, 2.2849262420654295, 2.2845809539794923, 2.2842435028076173, 2.28388987121582, 2.283537924194336, 2.2831740447998046, 2.2828210418701174, 2.2824573822021486, 2.282101513671875, 2.281737335205078, 2.28138046875, 2.281010903930664, 2.2806349700927733, 2.2802654937744142, 2.2798888580322267, 2.279517169189453, 2.2791441680908204, 2.2787687744140626, 2.278388464355469, 2.2780154724121093, 2.2776302185058594, 2.2772470489501955, 2.276856982421875, 2.2764699340820314, 2.2760828125, 2.2756944091796876, 2.2753116760253906, 2.2749106048583982, 2.2745101135253907, 2.274108462524414, 2.273713687133789, 2.273321936035156, 2.2729256408691407, 2.272521728515625, 2.2721229431152343, 2.27170539855957, 2.2713048553466795, 2.2709129302978517, 2.2705133239746096, 2.27010009765625, 2.2696933013916016, 2.2692715393066405], "test_acc": [10.56, 10.65, 10.7, 10.87, 10.97, 10.94, 10.95, 10.92, 11.0, 11.19, 11.28, 11.36, 11.42, 11.59, 11.82, 12.03, 12.15, 12.32, 12.59, 12.97, 13.31, 13.58, 13.81, 14.12, 14.52, 14.89, 15.22, 15.62, 15.91, 16.26, 16.6, 16.82, 17.03, 17.3, 17.47, 17.7, 17.86, 18.01, 18.15, 18.26, 18.28, 18.37, 18.61, 18.79, 18.87, 18.95, 19.08, 19.11, 19.31, 19.4, 19.64, 19.64, 19.76, 19.93, 20.02, 20.06, 20.18, 20.22, 20.26, 20.22, 20.41, 20.41, 20.48, 20.49, 20.63, 20.71, 20.73, 20.88, 20.88, 20.98, 21.0, 21.13, 21.23, 21.29, 21.34, 21.38, 21.45, 21.51, 21.59, 21.69, 21.78, 21.84, 21.97, 22.03, 22.1, 22.11, 22.13, 22.16, 22.23, 22.31, 22.35, 22.48, 22.62, 22.64, 22.78, 22.82, 22.87, 22.99, 23.18, 23.34]}