{"train_loss": [2.303444424042335, 2.302937315060542, 2.302676057815552, 2.302248768317394, 2.3018004674177903, 2.301373094167465, 2.3008224884668986, 2.3001997018471743, 2.2995166851924016, 2.298704459117009, 2.2977391346907003, 2.296611091418144, 2.295481582176991, 2.2939086363865777, 2.2923235673170823, 2.290625002445319, 2.28862831164629, 2.2866976896921796, 2.284714146760794, 2.2826560240525464, 2.2804381015973214, 2.2780772331433417, 2.275729264357151, 2.2734105807084304, 2.271011945528862, 2.268526919071491, 2.2662036755146127, 2.263412204766885, 2.260627962381412, 2.258048432301252, 2.255296768286289, 2.252702697729453, 2.250064533184736, 2.2477618095202323, 2.2453625672902815, 2.2437008570402095, 2.2414242322628315, 2.239590693742801, 2.2377874044271615, 2.2358230022283703, 2.233723221681057, 2.233054991257496, 2.2313779830932616, 2.229048979588044, 2.228345539630988, 2.2268910768704537, 2.2256344844133427, 2.224694887185708, 2.223729411149636, 2.2223952177243356, 2.220434853969476, 2.2191647706887663, 2.218459070645846, 2.217165401654366, 2.215789000193278, 2.2145492932735347, 2.2132554384378285, 2.211980570279635, 2.21042068310273, 2.2087741118211013, 2.2081968050736647, 2.20673293700585, 2.206112680068383, 2.204304593037336, 2.203822302818298, 2.202099125813215, 2.200410119081155, 2.2001528275318636, 2.1987724481484827, 2.1976753974572207, 2.1963267992704343, 2.195993719956814, 2.194657593507033, 2.193048634284582, 2.191212406525245, 2.1909211348264646, 2.1887062861369206, 2.1881904339179012, 2.1871643231465265, 2.1859457480601776, 2.1846192775628506, 2.1831251370601166, 2.1822925365888155, 2.18076225182949, 2.1796334187189736, 2.178164743154477, 2.17802330102676, 2.1764894827818257, 2.1764774615948017, 2.173919939994812, 2.1729494950710198, 2.171803230505723, 2.1713503220142463, 2.1712268982178125, 2.170278229468908, 2.168715455593207, 2.168407759299645, 2.1668068506778817, 2.165649155470041, 2.1651062690294705], "test_loss": [2.2990152770996093, 2.298348974609375, 2.2976484344482424, 2.2968904388427736, 2.296065817260742, 2.2951338348388672, 2.2940601226806643, 2.292791360473633, 2.2912827392578126, 2.289479476928711, 2.287346618652344, 2.2847647888183595, 2.281730487060547, 2.2781032104492187, 2.273915344238281, 2.269222619628906, 2.2640785034179687, 2.2586459350585937, 2.253044467163086, 2.247280096435547, 2.2414231719970705, 2.2353466094970704, 2.2291882232666014, 2.2227215148925783, 2.2163550506591796, 2.209155130004883, 2.202251022338867, 2.195085559082031, 2.187685400390625, 2.1801186492919924, 2.172053335571289, 2.164497412109375, 2.156707485961914, 2.149205340576172, 2.1416509399414063, 2.134873278808594, 2.1280757385253906, 2.1206664276123046, 2.115420999145508, 2.109517398071289, 2.104723370361328, 2.09889514465332, 2.0942168701171875, 2.088907144165039, 2.084687075805664, 2.0798304992675782, 2.076574026489258, 2.0722158477783204, 2.0691098403930663, 2.065541520690918, 2.0607814224243164, 2.05794522857666, 2.0539994491577147, 2.050255975341797, 2.046775273132324, 2.042065400695801, 2.0396265060424805, 2.0364100524902344, 2.0317059722900392, 2.0274180679321288, 2.023656999206543, 2.0203357849121093, 2.0174498001098633, 2.01432326965332, 2.0109929489135743, 2.006063508605957, 2.004395910644531, 2.0000903900146483, 1.9951289947509765, 1.9924655914306642, 1.9887784713745118, 1.9863720794677735, 1.981296987915039, 1.9790643661499023, 1.9745466552734374, 1.9706787521362306, 1.9672490203857422, 1.9637463790893555, 1.9588814392089844, 1.956716828918457, 1.952995281982422, 1.9468276580810546, 1.9446127822875976, 1.9412689163208008, 1.9376864074707032, 1.9327170135498046, 1.9302459365844726, 1.9271917358398438, 1.92442013092041, 1.9201964950561523, 1.9169189514160156, 1.9137115875244142, 1.910960661315918, 1.9070933456420898, 1.9042599655151367, 1.9019344116210937, 1.8979527603149413, 1.8945412292480468, 1.8918293395996093, 1.8900833908081054], "test_acc": [10.63, 10.86, 11.19, 11.37, 11.66, 12.21, 12.87, 13.89, 14.81, 15.64, 16.58, 17.41, 17.67, 17.87, 17.94, 18.35, 18.64, 19.15, 19.49, 19.94, 20.61, 21.09, 21.7, 22.29, 22.89, 23.05, 23.59, 23.96, 24.4, 24.76, 25.15, 25.42, 25.6, 25.83, 26.0, 26.49, 26.63, 26.71, 27.09, 27.09, 27.35, 27.68, 27.91, 27.9, 28.05, 28.53, 28.66, 29.0, 29.15, 29.63, 29.53, 29.72, 30.2, 29.98, 30.69, 30.61, 30.86, 30.93, 31.1, 31.51, 31.73, 31.47, 32.26, 32.29, 32.83, 32.75, 32.64, 33.58, 33.37, 33.52, 33.95, 34.14, 34.52, 34.55, 34.76, 35.02, 35.21, 35.18, 35.57, 35.58, 35.63, 35.72, 35.83, 36.1, 36.08, 36.05, 36.25, 36.49, 36.52, 36.61, 36.99, 36.95, 37.29, 37.44, 37.48, 37.65, 37.53, 37.72, 37.86, 37.98]}