{"train_loss": [2.3035928145433084, 2.3034730471097506, 2.303374514212975, 2.3032823856060323, 2.303207954382285, 2.3031362875913963, 2.303074124531868, 2.303018958140642, 2.3029744747357492, 2.302930965179052, 2.3028949596943, 2.302859291052207, 2.30283404252468, 2.3028042615988316, 2.3027867103234314, 2.3027678752556824, 2.3027484582020685, 2.30273388226827, 2.3027199366153814, 2.302709976832072, 2.302698495449164, 2.302685966858497, 2.3026737689971926, 2.302668813558725, 2.302663587912535, 2.302656386448787, 2.3026502872124697, 2.302650201014983, 2.3026456374388475, 2.302643179282164, 2.3026390136816564, 2.30263249812982, 2.302636911930182, 2.302625488623595, 2.302618938225966, 2.302620798502213, 2.302618084809719, 2.302616428106259, 2.302613594593146, 2.302613386741051, 2.302609457113804, 2.3026043360049906, 2.3026117911705604, 2.3026000780937, 2.3026031078436437, 2.302602200019054, 2.302602923833407, 2.302602124825502, 2.3025905187313374, 2.302596595348456, 2.3025951367158157, 2.30259043497917, 2.3025911728541057, 2.3025861617846366, 2.3025862834392448, 2.302586114100921, 2.3025837806554943, 2.3025850185981165, 2.3025805418307965, 2.3025825910079174, 2.302582410665659, 2.302580544887445, 2.302577001620562, 2.302574810614953, 2.3025722711514205, 2.3025684809073423, 2.3025742640862097, 2.3025676800654487, 2.3025723805794347, 2.3025684014344825, 2.302563229585305, 2.302567783991496, 2.3025593348038504, 2.3025645842918983, 2.3025651406019163, 2.3025623731124094, 2.3025591196157995, 2.302559244327056, 2.30255657403897, 2.302557385273469, 2.3025531457020687, 2.3025555959114663, 2.3025541910758385, 2.3025512505800294, 2.3025470953721268, 2.3025507884147838, 2.3025460402170816, 2.3025476437348584, 2.3025476651313976, 2.302536170910566, 2.3025414057267017, 2.3025426901303803, 2.3025366770915494, 2.3025404581656823, 2.3025372352355564, 2.3025370133228793, 2.302536574388162, 2.302529554489331, 2.3025336357263417, 2.302526900707147], "test_loss": [2.2994699676513672, 2.2992914001464846, 2.2991277435302733, 2.2989773620605467, 2.2988382019042968, 2.29870966796875, 2.298590786743164, 2.2984794311523435, 2.298375552368164, 2.298278723144531, 2.2981877014160155, 2.2981020263671876, 2.2980207458496094, 2.2979438934326173, 2.297871759033203, 2.2978027557373046, 2.297736538696289, 2.2976730529785154, 2.2976127227783203, 2.2975540618896484, 2.297498025512695, 2.2974430084228517, 2.297389157104492, 2.297337487792969, 2.297287353515625, 2.297238928222656, 2.297191943359375, 2.2971461334228516, 2.2971009185791016, 2.297056997680664, 2.297013345336914, 2.2969707885742188, 2.2969295440673827, 2.296888684082031, 2.296848791503906, 2.296809213256836, 2.2967699035644533, 2.2967308624267577, 2.296691589355469, 2.296653576660156, 2.2966159301757814, 2.2965777618408203, 2.296540625, 2.296503762817383, 2.2964671173095703, 2.2964309783935546, 2.2963954132080078, 2.296359732055664, 2.2963242431640625, 2.2962888244628905, 2.296253707885742, 2.296218505859375, 2.296183334350586, 2.296148220825195, 2.2961134094238282, 2.2960793823242187, 2.2960443572998046, 2.296009851074219, 2.2959749969482424, 2.2959406341552735, 2.295906671142578, 2.295872265625, 2.2958386840820313, 2.2958040954589842, 2.295769692993164, 2.295735366821289, 2.295702178955078, 2.2956677490234374, 2.295633889770508, 2.295599234008789, 2.295564855957031, 2.2955312042236327, 2.295496984863281, 2.295463134765625, 2.2954297943115236, 2.2953969482421877, 2.2953628326416013, 2.2953293060302733, 2.2952955505371095, 2.295261639404297, 2.295227047729492, 2.295193618774414, 2.295160235595703, 2.295125848388672, 2.2950918243408203, 2.2950572998046876, 2.2950230895996095, 2.2949882080078123, 2.294953839111328, 2.2949195220947267, 2.294884344482422, 2.294849786376953, 2.294815475463867, 2.294781396484375, 2.294746505737305, 2.294712518310547, 2.2946777099609377, 2.2946427490234376, 2.294607778930664, 2.2945732421875], "test_acc": [10.54, 10.56, 10.61, 10.63, 10.73, 10.71, 10.72, 10.68, 10.65, 10.67, 10.71, 10.76, 10.66, 10.73, 10.84, 10.83, 10.78, 10.81, 10.96, 11.03, 11.18, 11.28, 11.38, 11.45, 11.59, 11.69, 11.84, 11.92, 12.11, 12.19, 12.28, 12.41, 12.49, 12.63, 12.91, 12.96, 13.0, 13.24, 13.23, 13.29, 13.39, 13.48, 13.68, 13.76, 13.94, 14.06, 14.14, 14.24, 14.31, 14.3, 14.32, 14.29, 14.4, 14.46, 14.62, 14.64, 14.78, 14.82, 14.84, 14.86, 14.94, 15.04, 15.06, 15.14, 15.2, 15.25, 15.3, 15.36, 15.4, 15.46, 15.58, 15.63, 15.64, 15.74, 15.76, 15.79, 15.86, 15.87, 15.91, 15.95, 15.97, 16.08, 16.14, 16.18, 16.18, 16.28, 16.36, 16.41, 16.4, 16.42, 16.45, 16.55, 16.61, 16.62, 16.69, 16.68, 16.69, 16.71, 16.68, 16.68]}