{"train_loss": [2.303587181140215, 2.303465591944181, 2.3033601785317446, 2.303255199163388, 2.303174090996767, 2.3031042471910133, 2.3030426697853286, 2.3029882192611693, 2.302933999819633, 2.302892930691059, 2.302845040345803, 2.302796189601605, 2.3027743889735297, 2.3027434593591933, 2.3027279138565064, 2.3027033946452997, 2.302672400841346, 2.302659117258512, 2.3026423350358622, 2.3026240568894605, 2.30261295514229, 2.3025982288213878, 2.302581292543656, 2.3025729020436603, 2.3025626659393312, 2.3025529213440725, 2.3025436603105986, 2.3025395209972674, 2.3025256199714463, 2.3025354905006212, 2.3025202427154934, 2.302508434882531, 2.3025070838439157, 2.302497189472883, 2.302481190363566, 2.3024920469675307, 2.3024714109225153, 2.302472055875338, 2.3024641629977105, 2.3024652377153054, 2.3024421642988155, 2.3024448559834405, 2.3024475421660986, 2.3024416966316026, 2.3024273597277127, 2.302424355653616, 2.302422014872233, 2.302420042722653, 2.3023999171379286, 2.302407294053298, 2.3024001372166167, 2.3023936069928683, 2.3023898222507575, 2.3023818786327657, 2.302380856489524, 2.302376691500346, 2.3023648243684036, 2.3023674102929923, 2.3023587978803195, 2.3023559099588637, 2.3023576932075698, 2.302345514908815, 2.3023389975229898, 2.302333450317383, 2.302329850808168, 2.3023202400941116, 2.3023173784598328, 2.3023082561981982, 2.302308315497178, 2.3022998412450155, 2.30229671612764, 2.302295639576056, 2.302282983217484, 2.302279976086739, 2.3022818516462276, 2.302268955035087, 2.3022711044702775, 2.302263118670537, 2.302247076156812, 2.3022459433628963, 2.3022351203820643, 2.3022442481456658, 2.302224233822945, 2.302226940790812, 2.3022208012067353, 2.3022128453621495, 2.3022080470354127, 2.302211981553298, 2.3021935248986267, 2.302182891429999, 2.302176728615394, 2.302181327648652, 2.302176251166906, 2.302169092496236, 2.3021658157690976, 2.302163949990884, 2.3021577975688836, 2.302143992521824, 2.3021373394208076, 2.302129099307916], "test_loss": [2.2994425079345704, 2.299235110473633, 2.2990414794921876, 2.2988618225097657, 2.2986934326171875, 2.2985351318359375, 2.298385232543945, 2.2982430114746095, 2.2981071685791017, 2.2979786712646484, 2.2978540740966795, 2.297734393310547, 2.2976185760498047, 2.297505435180664, 2.29739626159668, 2.297288977050781, 2.2971841888427735, 2.2970818420410155, 2.2969831512451173, 2.296885757446289, 2.296789453125, 2.2966940185546876, 2.2965992248535154, 2.2965053497314454, 2.2964126892089842, 2.296320687866211, 2.2962285247802736, 2.2961384857177736, 2.296047201538086, 2.2959568603515623, 2.2958654235839844, 2.2957759216308595, 2.295685382080078, 2.2955965881347655, 2.295506692504883, 2.2954164672851562, 2.2953256103515627, 2.295234719848633, 2.295144064331055, 2.295053530883789, 2.294960955810547, 2.2948701934814455, 2.2947762115478514, 2.2946827911376952, 2.2945885620117186, 2.2944927703857423, 2.2943991607666017, 2.2943059539794923, 2.294210284423828, 2.2941154541015627, 2.2940202392578124, 2.2939257049560546, 2.2938297393798828, 2.293731979370117, 2.2936339599609377, 2.293537826538086, 2.29343955078125, 2.2933400177001952, 2.2932387115478514, 2.2931388916015627, 2.293039385986328, 2.2929402069091798, 2.292839758300781, 2.292736785888672, 2.2926348846435545, 2.2925328125, 2.2924287139892576, 2.2923254028320312, 2.2922192443847655, 2.292112924194336, 2.2920061706542967, 2.2918999420166015, 2.291793045043945, 2.2916875701904296, 2.2915810943603514, 2.291474905395508, 2.291366946411133, 2.2912578002929687, 2.2911472076416017, 2.291037774658203, 2.290927584838867, 2.290819644165039, 2.2907071685791016, 2.290594317626953, 2.2904838287353515, 2.2903718017578125, 2.2902589752197264, 2.2901460540771486, 2.290031332397461, 2.2899171447753908, 2.2898023590087893, 2.2896868774414063, 2.28957119140625, 2.289454721069336, 2.2893381072998045, 2.2892224853515626, 2.289104360961914, 2.288986129760742, 2.288869772338867, 2.2887523254394533], "test_acc": [10.53, 10.56, 10.59, 10.7, 10.76, 10.75, 10.74, 10.7, 10.69, 10.71, 10.81, 10.86, 10.97, 11.06, 11.11, 11.07, 11.18, 11.31, 11.34, 11.39, 11.62, 11.77, 12.01, 12.08, 12.31, 12.56, 12.75, 13.07, 13.34, 13.49, 13.7, 13.85, 14.2, 14.51, 14.72, 14.99, 15.24, 15.31, 15.5, 15.7, 15.84, 16.08, 16.29, 16.32, 16.46, 16.6, 16.82, 16.88, 16.97, 17.13, 17.16, 17.28, 17.33, 17.38, 17.39, 17.48, 17.6, 17.7, 17.75, 17.71, 17.75, 17.85, 17.88, 17.97, 18.06, 18.19, 18.27, 18.34, 18.38, 18.47, 18.57, 18.6, 18.59, 18.65, 18.69, 18.75, 18.75, 18.82, 18.89, 18.92, 19.09, 19.25, 19.29, 19.44, 19.49, 19.51, 19.55, 19.54, 19.6, 19.69, 19.6, 19.66, 19.72, 19.77, 19.8, 19.9, 19.87, 19.91, 20.08, 20.08]}