{"train_loss": [2.3037044525146486, 2.3034749067746674, 2.303294151257246, 2.303226621945699, 2.3031025904875535, 2.302931368045318, 2.302868015338213, 2.302748483266586, 2.302728052628346, 2.3025563007745986, 2.3025143421613254, 2.3023763571030056, 2.3023156141623473, 2.302235067807711, 2.3021733216750317, 2.3021719192847225, 2.302114563110547, 2.302034168977004, 2.301965635862106, 2.30188128275749, 2.3018927726990137, 2.301785813233791, 2.3017315558898144, 2.301630769020472, 2.3016136615704266, 2.301528464219509, 2.3013981042764127, 2.301450939056201, 2.3013836530538705, 2.301339169037648, 2.3011990528840287, 2.301148299681835, 2.301118825032161, 2.3010108146912014, 2.3009435947124777, 2.3008661643052712, 2.3008769310437716, 2.3007544254645325, 2.300739564651098, 2.300628583247845, 2.3005634968097395, 2.300536196048443, 2.300455990204444, 2.3003689723137097, 2.300165453323951, 2.300196411059453, 2.3001011756750254, 2.300044893607115, 2.29995253330622, 2.299962223493136, 2.299811149254823, 2.2998150972219613, 2.2997753308369564, 2.2996382707204575, 2.299574542045593, 2.2995388373350485, 2.299428389011285, 2.2993023199912828, 2.299299557392414, 2.2991525546098366, 2.2990889824353733, 2.2990736680153088, 2.29902375355745, 2.2989531345856498, 2.2988376813057143, 2.298735540952438, 2.298669281372657, 2.298637549082438, 2.2984858910242716, 2.2984652818777622, 2.2984363714853924, 2.2983774900436402, 2.29825510489635, 2.2981372081316436, 2.297960780828427, 2.2980423004199295, 2.2978832458838436, 2.2979781059118416, 2.2979045910713, 2.2977626507098856, 2.297700903354547, 2.2976595719655353, 2.2976117928822837, 2.297395305144481, 2.297426903553498, 2.2972277824695295, 2.2972005165540255, 2.2971446777001407, 2.297205057510963, 2.297096976255759, 2.297089950243632, 2.2969808193353507, 2.29694276039417, 2.296804184791369, 2.2967915394367315, 2.2965751140545576, 2.296652002212329, 2.2966126998265586, 2.2965620517730714, 2.296417967478434], "test_loss": [2.2993459716796876, 2.299032876586914, 2.2987308929443357, 2.2984416595458983, 2.2981582946777346, 2.297885641479492, 2.2976119598388673, 2.2973362274169924, 2.297064080810547, 2.2967888092041018, 2.2965066986083986, 2.296220111083984, 2.295925003051758, 2.2956221801757812, 2.2953103302001954, 2.2949805084228516, 2.294649792480469, 2.2942997955322264, 2.2939421142578125, 2.293565960693359, 2.293185009765625, 2.2927796875, 2.2923739379882813, 2.291947961425781, 2.291511962890625, 2.291061721801758, 2.2905890380859373, 2.2901250274658205, 2.289631625366211, 2.289137088012695, 2.2886279937744143, 2.288110214233398, 2.287589108276367, 2.287034747314453, 2.2864954681396483, 2.2859392333984374, 2.2853863342285154, 2.284813101196289, 2.284243313598633, 2.283625079345703, 2.283021585083008, 2.282426516723633, 2.2818382781982423, 2.2812065795898437, 2.280553677368164, 2.279920718383789, 2.2792681640625, 2.2786077453613283, 2.2779502990722658, 2.277293524169922, 2.276632113647461, 2.275967755126953, 2.275316522216797, 2.2746441101074217, 2.2739656982421876, 2.273305108642578, 2.2726173400878906, 2.2718826599121096, 2.271184100341797, 2.2704560974121093, 2.2697578399658203, 2.269042657470703, 2.268371597290039, 2.2676384063720705, 2.266910546875, 2.2661812072753906, 2.265411831665039, 2.264696844482422, 2.263945217895508, 2.2632549591064453, 2.2625699981689453, 2.261783364868164, 2.261047705078125, 2.2602913024902342, 2.2595234985351564, 2.2588556884765625, 2.258108724975586, 2.257388439941406, 2.2566790100097656, 2.255968304443359, 2.255284063720703, 2.254529965209961, 2.253839923095703, 2.252987548828125, 2.252333880615234, 2.2515264770507812, 2.2508034912109376, 2.250037191772461, 2.24938303527832, 2.248716262817383, 2.248124624633789, 2.247440609741211, 2.2467872924804686, 2.246063949584961, 2.245265463256836, 2.2445603424072265, 2.2438768951416015, 2.24327883605957, 2.2425726593017576, 2.2416960052490236], "test_acc": [10.5, 10.59, 10.81, 10.84, 10.85, 10.86, 11.01, 11.29, 11.38, 11.56, 11.91, 12.08, 12.54, 13.06, 13.55, 13.93, 14.58, 15.02, 15.34, 15.75, 16.03, 16.3, 16.42, 16.67, 16.79, 16.92, 17.02, 17.26, 17.29, 17.38, 17.58, 17.74, 17.87, 17.88, 17.88, 18.04, 18.17, 18.32, 18.45, 18.56, 18.73, 18.88, 19.07, 19.12, 19.33, 19.44, 19.67, 19.8, 19.9, 20.08, 20.23, 20.38, 20.44, 20.72, 20.87, 21.07, 21.15, 21.37, 21.44, 21.5, 21.62, 21.71, 21.82, 22.04, 22.17, 22.36, 22.51, 22.61, 22.74, 22.9, 22.98, 23.05, 23.16, 23.23, 23.29, 23.46, 23.59, 23.76, 23.89, 24.02, 24.14, 24.29, 24.31, 24.38, 24.59, 24.66, 24.71, 24.9, 24.99, 25.2, 25.29, 25.32, 25.5, 25.61, 25.61, 25.72, 25.91, 26.06, 26.2, 26.27]}