{"train_loss": [2.3035102556913327, 2.3032214201413668, 2.302992052298326, 2.3027444277054223, 2.3025109957426024, 2.302273456255595, 2.302015235485175, 2.3017412148989163, 2.301482388912103, 2.3012031604082157, 2.3008587042490642, 2.300503368866749, 2.300135548909505, 2.2997277119220834, 2.299323495229085, 2.298851505915324, 2.298336202670366, 2.2978164630058484, 2.2972803378716495, 2.2966938098271688, 2.296105018640176, 2.295409422654372, 2.294742007744618, 2.2940966691726294, 2.293341614649846, 2.292630239022084, 2.291928281539526, 2.2912694356380365, 2.2904299937761747, 2.2897165182309274, 2.288862148309365, 2.288089715517484, 2.28730011169727, 2.286512358983358, 2.2856991987961988, 2.28491966235332, 2.2841461065487985, 2.2833553424248327, 2.282443967843667, 2.2815122329271755, 2.280486985353323, 2.2798700008636867, 2.2790167521207763, 2.2779498888896064, 2.277273546732389, 2.27638262846531, 2.2757935138849112, 2.275060852368673, 2.274330559143653, 2.2735615809758505, 2.2727990651742007, 2.272220736894852, 2.2716606250176063, 2.270921196693029, 2.27022363956158, 2.2696897439467603, 2.269164187480242, 2.2686945151060054, 2.2681918755555763, 2.2675647741709, 2.267214033542535, 2.2666312266618776, 2.2664144876675727, 2.2657309740017624, 2.265552768951807, 2.2649973783737574, 2.2644997242169502, 2.264125950519855, 2.2638735031470274, 2.263182913340055, 2.2628710098755667, 2.2626993319927116, 2.262210529278486, 2.2617520686907646, 2.261240945718227, 2.260935073021131, 2.260470252159314, 2.2603429476420085, 2.2597803922799917, 2.2593699760926076, 2.259072572757036, 2.2585921098024415, 2.258397877522004, 2.257734546294579, 2.257357544776721, 2.257040246939048, 2.2566700476866504, 2.256225820076771, 2.2561172210253204, 2.255685526285416, 2.2552085381287794, 2.2546375170732156, 2.254279513236804, 2.253999209403992, 2.253624354876005, 2.252973800439101, 2.2528040146216366, 2.25227681795756, 2.251776845027239, 2.2514710285724737], "test_loss": [2.299158251953125, 2.29864758605957, 2.2981326049804687, 2.2976011138916017, 2.29704885559082, 2.2964651611328124, 2.2958437866210937, 2.2951648193359375, 2.2944226684570315, 2.293602014160156, 2.292687893676758, 2.2916587860107422, 2.290516012573242, 2.2892338439941406, 2.2878129364013673, 2.2862431365966795, 2.284514126586914, 2.282610903930664, 2.2805519470214843, 2.2783278411865235, 2.2759622467041014, 2.2734306701660154, 2.270780337524414, 2.268020181274414, 2.2651968170166015, 2.2622375152587892, 2.2592392974853515, 2.256281167602539, 2.2532480804443358, 2.250089797973633, 2.246866079711914, 2.2437062286376954, 2.2404251861572266, 2.237206604003906, 2.23384352722168, 2.23046728515625, 2.2270372772216795, 2.223598861694336, 2.2201315856933594, 2.2164203186035154, 2.2126116088867187, 2.2091859375, 2.205506903076172, 2.2016499786376955, 2.1978219451904297, 2.1939, 2.190267935180664, 2.186522863769531, 2.1828924255371094, 2.1794942108154296, 2.1758240661621095, 2.1729151458740232, 2.1694253509521486, 2.1658270568847655, 2.1628948272705077, 2.159685464477539, 2.156523474121094, 2.154120449829102, 2.1509965545654297, 2.1481642669677736, 2.1459763977050783, 2.1434413452148435, 2.141417819213867, 2.138664178466797, 2.1368352264404296, 2.134716522216797, 2.1323642608642577, 2.1303582550048827, 2.1283353485107424, 2.12635133972168, 2.124584976196289, 2.1225907623291014, 2.1204641357421874, 2.1185072265625, 2.116573892211914, 2.1150931213378907, 2.1131626037597657, 2.111299624633789, 2.109423709106445, 2.1075763122558593, 2.105852407836914, 2.1042134521484375, 2.102470233154297, 2.1005132904052735, 2.099327865600586, 2.0964352600097658, 2.095009963989258, 2.093122229003906, 2.0920417083740235, 2.0898109954833983, 2.0884337829589845, 2.086330389404297, 2.084583810424805, 2.082652670288086, 2.0807597229003907, 2.079247619628906, 2.077339028930664, 2.075448599243164, 2.073166760253906, 2.0715550842285158], "test_acc": [10.55, 10.8, 11.02, 11.25, 11.43, 11.73, 12.14, 12.43, 13.1, 13.99, 14.57, 15.25, 16.0, 16.51, 17.21, 17.59, 17.73, 17.87, 18.04, 18.45, 18.75, 19.01, 19.31, 19.57, 20.03, 20.37, 20.48, 20.74, 21.23, 21.56, 21.8, 22.17, 22.52, 22.9, 23.05, 23.19, 23.52, 23.87, 24.23, 24.36, 24.6, 25.0, 25.19, 25.4, 25.57, 25.75, 26.02, 26.15, 26.14, 26.3, 26.43, 26.5, 26.71, 26.93, 27.19, 27.27, 27.36, 27.5, 27.5, 27.71, 27.78, 27.97, 28.16, 28.24, 28.44, 28.64, 28.6, 28.92, 29.1, 29.23, 29.48, 29.54, 29.75, 29.87, 29.93, 30.09, 30.4, 30.43, 30.74, 30.69, 30.64, 30.84, 31.04, 31.25, 31.23, 31.26, 31.6, 31.63, 31.91, 32.04, 32.18, 32.3, 32.6, 32.66, 32.76, 32.9, 33.01, 33.17, 33.43, 33.56]}