{"train_loss": [2.3033673592102835, 2.303082912396162, 2.3027882820520644, 2.302528439423977, 2.302256173353929, 2.3019302300917794, 2.3017216994212224, 2.3013493238351286, 2.3010151251768454, 2.300654517687284, 2.3001568525265426, 2.2996614346137414, 2.2991976144986275, 2.298687286866017, 2.298115609242366, 2.2973911065321704, 2.296724664247953, 2.2959009488423665, 2.295131311049828, 2.2945101854128716, 2.2936489551495285, 2.2926754065049, 2.291783920923869, 2.2907444146963267, 2.2897185588494327, 2.289000533788632, 2.287998688526643, 2.2872231954183335, 2.2860444753597946, 2.285066248820378, 2.284035543295053, 2.282798200998551, 2.281837710356101, 2.28073835006127, 2.279891077066079, 2.2788059124579796, 2.277790701083648, 2.2766492146712083, 2.2751491075906998, 2.2734044515169582, 2.2729422605954683, 2.272039335201948, 2.270690192931738, 2.2693034257644262, 2.269014247258504, 2.2678497308339827, 2.2666413857386662, 2.2667495165115747, 2.2653873254091312, 2.264998039832482, 2.263668298109984, 2.2634501866805246, 2.2627147026551078, 2.2624380288979946, 2.2616994851674788, 2.261043797395168, 2.260421961393112, 2.2595560043286054, 2.259458127388587, 2.2588764924269458, 2.258604113260905, 2.258391350354904, 2.2575373936922123, 2.257380933028001, 2.256718631279774, 2.256589445701012, 2.255323910101866, 2.254912966948289, 2.2545004966931463, 2.2539870268259294, 2.253105246103727, 2.253451515466739, 2.2528133630752563, 2.252565286709712, 2.252006011131482, 2.251519307723412, 2.2505347337478248, 2.2504985907138924, 2.249454675576626, 2.2494706404514804, 2.2490598745835135, 2.248357351620992, 2.247983684295263, 2.2469562720029783, 2.247770780783433, 2.2473545795831926, 2.246297007951981, 2.245407403432406, 2.245022277954297, 2.244638048685514, 2.2441106258294523, 2.243576822525416, 2.2427078118691077, 2.2424535910288492, 2.242706668071258, 2.241518901555966, 2.24128940594502, 2.240713555384905, 2.2399738776378144, 2.239745831489563], "test_loss": [2.2991371185302736, 2.2986031768798827, 2.298048861694336, 2.2974707092285156, 2.2968445129394532, 2.296183557128906, 2.2954669799804686, 2.294667364501953, 2.2937515655517577, 2.2927182281494143, 2.2915474700927736, 2.290205923461914, 2.288700198364258, 2.2870308807373045, 2.285179833984375, 2.2830872619628906, 2.280772994995117, 2.278262106323242, 2.2755105773925783, 2.2726446411132812, 2.2696389556884764, 2.2664127807617187, 2.2631805053710936, 2.2597493408203126, 2.256242398071289, 2.2527178985595704, 2.249174133300781, 2.2455633666992187, 2.2419092193603514, 2.2381513580322268, 2.2343985198974607, 2.230363446044922, 2.226644757080078, 2.222330532836914, 2.218280856323242, 2.2143063232421873, 2.2096875579833983, 2.205586859130859, 2.201388333129883, 2.1965695251464843, 2.1914678314208986, 2.187443795776367, 2.1828507751464845, 2.1783187438964844, 2.1737331634521486, 2.168780877685547, 2.1646760192871093, 2.161811358642578, 2.1573139099121095, 2.1545515960693358, 2.150001388549805, 2.147239047241211, 2.1454160705566405, 2.1412928405761718, 2.138373501586914, 2.136029934692383, 2.1327398742675783, 2.1313256774902345, 2.1284946533203124, 2.126344793701172, 2.1237668243408203, 2.1224256103515624, 2.1202513458251953, 2.117601776123047, 2.1152615295410158, 2.1142592315673827, 2.112630337524414, 2.109839181518555, 2.1081915466308594, 2.105693930053711, 2.1032231872558595, 2.1029583068847657, 2.0995586486816404, 2.098766372680664, 2.0963268280029297, 2.0940889373779297, 2.0915201416015625, 2.08988681640625, 2.0872313079833984, 2.086764129638672, 2.08375625, 2.0824673126220703, 2.080101104736328, 2.0788136199951173, 2.0761006774902344, 2.075119622802734, 2.0719076110839842, 2.0703718658447268, 2.0673375854492186, 2.067253286743164, 2.064554850769043, 2.0628847640991212, 2.0613320358276366, 2.057761946105957, 2.0556073272705078, 2.0546171844482424, 2.0526064331054688, 2.050946728515625, 2.0487118270874025, 2.0470975967407226], "test_acc": [10.61, 10.85, 11.02, 11.07, 11.27, 11.57, 11.92, 12.27, 13.01, 13.66, 14.25, 14.9, 15.63, 16.11, 16.5, 16.68, 16.73, 16.97, 17.15, 17.45, 17.82, 18.48, 19.16, 19.66, 20.0, 20.43, 20.99, 21.45, 21.93, 22.13, 22.45, 22.86, 23.34, 23.68, 23.86, 24.3, 24.43, 24.77, 24.8, 25.19, 25.45, 25.72, 26.02, 26.15, 26.21, 26.27, 26.32, 26.57, 26.68, 26.74, 26.77, 27.02, 27.27, 27.28, 27.55, 27.39, 27.7, 27.82, 28.14, 28.28, 28.37, 28.34, 28.46, 28.61, 28.81, 28.73, 28.81, 29.1, 29.59, 29.73, 29.77, 30.05, 29.95, 30.18, 30.38, 30.37, 30.72, 30.9, 31.05, 31.14, 31.51, 31.26, 31.37, 31.7, 31.79, 31.7, 32.07, 32.06, 32.39, 32.76, 32.48, 32.81, 33.13, 32.82, 33.12, 33.38, 33.23, 33.39, 33.56, 33.96]}