{"train_loss": [2.3034502328970494, 2.3032756994932124, 2.303212335170844, 2.3031759158158915, 2.303041209930029, 2.3030142044409727, 2.3029479442498624, 2.3028890603627916, 2.302856066899422, 2.302800663312276, 2.302782784364162, 2.302758844082172, 2.302694081648802, 2.3027248963331566, 2.302702650657067, 2.3027265401986927, 2.3026821601085175, 2.3025995107797477, 2.3026521150882426, 2.3026557127634684, 2.302568333576887, 2.302579625447591, 2.3025856097539266, 2.3025601839407894, 2.3025752923427483, 2.302574821618887, 2.3026445786158245, 2.3025595518258903, 2.3025491133714335, 2.3026003886491826, 2.3026188997121957, 2.3025317944013155, 2.3025646631534284, 2.3024755019408008, 2.3025450284664446, 2.302539088175847, 2.302570446332296, 2.3025555243858924, 2.302496306101481, 2.3025282450211355, 2.3024866758248743, 2.30247512902969, 2.3024875390223967, 2.302504812142788, 2.3024989990087654, 2.3024644784438304, 2.302513112777319, 2.302572621443333, 2.302495369544396, 2.302506929788834, 2.302471754489801, 2.3024889175708476, 2.302534051430531, 2.3025083798628585, 2.3024454624224933, 2.30245838532081, 2.3024815858938754, 2.302460295114762, 2.3024817650134746, 2.3024875903740907, 2.3025209622505383, 2.3025181220127986, 2.302471928107433, 2.302424915631612, 2.302465423559531, 2.3024669341551953, 2.302488902898935, 2.302479729285607, 2.3024537936235085, 2.302489905479627, 2.3024538327486086, 2.3024446138968835, 2.3025031505486906, 2.302477445969215, 2.3024770467709272, 2.302422318091759, 2.3024437305254812, 2.302494127933796, 2.302451617289812, 2.302444313122676, 2.302458074765328, 2.302449363317245, 2.302412517865499, 2.302428229038532, 2.302402765934284, 2.3023901181343276, 2.3023570079069873, 2.3023664413354337, 2.3024197395031267, 2.302404846289219, 2.302398954293667, 2.3024483784651144, 2.302401598294576, 2.302446384307666, 2.302398896828676, 2.3024588939471125, 2.3024621040393143, 2.3023910980958204, 2.3024087869204006, 2.3023810698435856], "test_loss": [2.2994748626708983, 2.299294921875, 2.2991276184082032, 2.2989757598876954, 2.2988375183105467, 2.2987043212890623, 2.2985812438964843, 2.298470086669922, 2.2983659973144532, 2.2982735412597655, 2.2981816192626954, 2.298098355102539, 2.2980194061279295, 2.2979433837890624, 2.297865628051758, 2.2977936126708984, 2.2977300018310545, 2.2976637023925783, 2.2976082916259766, 2.297545816040039, 2.2974880859375, 2.2974311431884766, 2.2973823669433595, 2.297335711669922, 2.297281298828125, 2.2972315032958983, 2.297183694458008, 2.2971330352783204, 2.2970919982910156, 2.2970479278564455, 2.297005990600586, 2.2969596771240233, 2.296916387939453, 2.296870965576172, 2.2968281311035157, 2.2967869964599608, 2.296743325805664, 2.2967053497314454, 2.2966670593261718, 2.296630465698242, 2.2965923065185545, 2.2965482666015626, 2.296511181640625, 2.296469192504883, 2.296436087036133, 2.2963936096191406, 2.2963523834228514, 2.2963159423828126, 2.296279943847656, 2.296240606689453, 2.2961966400146485, 2.296161032104492, 2.2961154327392577, 2.296073715209961, 2.296032965087891, 2.2959926544189453, 2.295952392578125, 2.2959197998046874, 2.2958766967773436, 2.2958360321044924, 2.2957998840332032, 2.295759533691406, 2.2957136688232422, 2.295672467041016, 2.295635189819336, 2.2956008026123045, 2.2955593170166018, 2.295520721435547, 2.295478161621094, 2.295434844970703, 2.295397119140625, 2.295358364868164, 2.295319610595703, 2.2952779296875, 2.2952428344726563, 2.2951903564453127, 2.295145913696289, 2.295107260131836, 2.2950674896240235, 2.2950328521728514, 2.2949985931396486, 2.2949673400878905, 2.2949182861328126, 2.2948797912597656, 2.294841961669922, 2.294795785522461, 2.294747784423828, 2.2947071838378905, 2.2946676147460936, 2.2946104736328126, 2.294571731567383, 2.2945341583251952, 2.294494631958008, 2.294461209106445, 2.294414486694336, 2.294370181274414, 2.2943377380371093, 2.2942922271728516, 2.294252069091797, 2.29421383972168], "test_acc": [10.51, 10.62, 10.67, 10.73, 10.78, 10.77, 10.86, 10.93, 11.0, 11.03, 11.07, 11.1, 11.2, 11.34, 11.31, 11.32, 11.47, 11.46, 11.44, 11.4, 11.36, 11.34, 11.27, 11.26, 11.34, 11.38, 11.5, 11.53, 11.56, 11.72, 11.84, 11.94, 12.1, 12.2, 12.28, 12.34, 12.49, 12.49, 12.58, 12.65, 12.78, 12.86, 12.9, 13.01, 13.04, 13.04, 13.09, 13.17, 13.35, 13.41, 13.43, 13.53, 13.58, 13.74, 13.9, 14.01, 14.1, 14.21, 14.34, 14.43, 14.47, 14.49, 14.56, 14.71, 14.72, 14.87, 14.95, 15.01, 15.07, 15.11, 15.21, 15.25, 15.32, 15.39, 15.45, 15.45, 15.5, 15.52, 15.5, 15.53, 15.55, 15.6, 15.67, 15.73, 15.85, 15.91, 15.96, 16.01, 16.13, 16.19, 16.21, 16.27, 16.26, 16.41, 16.49, 16.55, 16.63, 16.67, 16.72, 16.72]}