{"train_loss": [2.3034331327829607, 2.3032854636510214, 2.3030925053816573, 2.3029443410726693, 2.302799754265027, 2.3026193019671317, 2.302545947294969, 2.302370985960349, 2.3022417722604214, 2.302086871098249, 2.3020073352715906, 2.301800414843437, 2.30175546560532, 2.301616074488713, 2.3014713886456613, 2.301364574676905, 2.30121908554664, 2.3011137974567903, 2.3009058909538465, 2.30079623797001, 2.300658436310597, 2.300362460429852, 2.3002210452006415, 2.300094586152297, 2.2998465061187745, 2.2997608930636675, 2.2994868724774093, 2.2994703268393493, 2.299200970698626, 2.2989418745040893, 2.298665781510182, 2.2985496936700285, 2.2984006790014413, 2.2980573495229084, 2.2980168581008913, 2.2977377371910293, 2.2976354323900665, 2.2972807609117947, 2.2970912982255984, 2.296865800099495, 2.2967369330235017, 2.296233120942727, 2.2961164688452698, 2.295878766744565, 2.2957439789405236, 2.295382265555553, 2.2951957928828706, 2.2948311597873, 2.2949463911545585, 2.2945830821990967, 2.294327256618402, 2.2942247421313553, 2.2936051197541065, 2.293427764452421, 2.293181331341083, 2.293108345912053, 2.2929154603909225, 2.2927391522969955, 2.2926700928272346, 2.292113222831335, 2.292146221185342, 2.291741456129612, 2.2916272530188926, 2.291264622639387, 2.2912614962993523, 2.2909239689509073, 2.2905736360794458, 2.29040109316508, 2.2903477356984063, 2.2898423604476146, 2.289742187353281, 2.2896705706914267, 2.289720589075333, 2.2894316367613965, 2.2891304700802535, 2.2890562081948307, 2.2886214036207932, 2.2885145285190682, 2.288550778535696, 2.2883117822500374, 2.2882453588339, 2.288028830137008, 2.287764593271109, 2.2877532127575995, 2.287475626896589, 2.2875951106731707, 2.28715343047411, 2.287252676792634, 2.287275451268905, 2.2870708734561234, 2.2870038527708787, 2.286841240907327, 2.2865391560089896, 2.2866726361788237, 2.286619676076449, 2.286251875070425, 2.286088859729278, 2.286297962604425, 2.286119379141392, 2.285891770093869], "test_loss": [2.299284780883789, 2.2989136657714844, 2.2985519958496092, 2.2981852294921876, 2.2978185638427733, 2.2974459259033204, 2.2970681091308593, 2.2966771362304685, 2.2962822845458986, 2.295860314941406, 2.2954180297851563, 2.2949478546142577, 2.294450338745117, 2.293928414916992, 2.2933542083740233, 2.292770327758789, 2.292139697265625, 2.2914624816894533, 2.2907458953857422, 2.289996990966797, 2.2891972534179685, 2.2883414947509766, 2.287459265136719, 2.28651901550293, 2.2855303466796877, 2.284506411743164, 2.283450341796875, 2.28237451171875, 2.2812702209472655, 2.2800894805908203, 2.2788328399658204, 2.277590350341797, 2.2763372100830077, 2.275045703125, 2.2737870391845703, 2.2724139312744143, 2.2711083312988283, 2.2697042816162107, 2.268293621826172, 2.2668807861328126, 2.265539929199219, 2.2640499877929687, 2.262620751953125, 2.2611315673828125, 2.259637405395508, 2.2580882232666015, 2.2565860565185547, 2.254940460205078, 2.253568298339844, 2.252101907348633, 2.250563748168945, 2.2491748962402345, 2.247358419799805, 2.2458709075927734, 2.2442481994628904, 2.242692559814453, 2.2411626800537108, 2.239607113647461, 2.2381060424804686, 2.2365519958496094, 2.2350363677978518, 2.2333161041259766, 2.2317038330078125, 2.2301047058105468, 2.2286236572265623, 2.226883935546875, 2.2253057373046876, 2.223504568481445, 2.222151336669922, 2.2206075775146483, 2.2192609130859373, 2.2174434020996094, 2.2163212371826173, 2.214851150512695, 2.21325927734375, 2.2117604125976564, 2.2101157287597655, 2.208901022338867, 2.2076766693115233, 2.2064256072998045, 2.205256774902344, 2.2037091949462893, 2.2020575622558596, 2.2011920166015626, 2.2000569427490233, 2.1986989471435545, 2.197462075805664, 2.1961271545410157, 2.195468521118164, 2.1944065795898435, 2.1930491302490234, 2.1923339294433593, 2.1911849609375, 2.1901156158447264, 2.1893838836669923, 2.1884680572509767, 2.1879504333496094, 2.1870962280273436, 2.185765985107422, 2.1849040893554688], "test_acc": [10.61, 10.77, 10.96, 11.13, 11.3, 11.75, 12.08, 12.3, 12.54, 12.82, 13.15, 13.59, 14.09, 14.47, 15.06, 15.51, 15.82, 16.08, 16.38, 16.53, 16.86, 17.08, 17.25, 17.37, 17.54, 17.84, 18.03, 18.18, 18.42, 18.57, 18.7, 18.78, 18.91, 18.97, 19.32, 19.59, 19.77, 19.9, 20.07, 20.36, 20.6, 20.92, 21.05, 21.21, 21.46, 21.84, 22.05, 22.22, 22.37, 22.64, 22.86, 23.21, 23.2, 23.38, 23.54, 23.72, 23.94, 24.21, 24.2, 24.48, 24.6, 24.62, 24.81, 24.86, 25.07, 25.21, 25.28, 25.29, 25.4, 25.33, 25.55, 25.53, 25.77, 25.91, 26.04, 26.15, 26.14, 26.2, 26.36, 26.42, 26.56, 26.6, 26.67, 26.78, 26.82, 26.92, 26.96, 27.0, 27.12, 27.21, 27.3, 27.41, 27.52, 27.54, 27.73, 27.78, 27.91, 28.06, 28.12, 28.09]}