{"train_loss": [2.3034647568678244, 2.3030059814453123, 2.3027777708493744, 2.302403884056287, 2.3020169496536256, 2.3016613220557187, 2.3012082460599066, 2.30070749490689, 2.300177167012141, 2.2995545533987194, 2.298816417425107, 2.297981457832532, 2.29716992133703, 2.296030569076538, 2.2949002015285003, 2.293674377906017, 2.2922186961540807, 2.290794137196663, 2.289297912671016, 2.2877483514639048, 2.2860741725334752, 2.284288724874839, 2.2825133904432637, 2.2807845616951967, 2.279024794162848, 2.2771767830237364, 2.275450716874538, 2.2733992313727356, 2.271290222192422, 2.2693331993543184, 2.2671923606823654, 2.2651346053832615, 2.2630576194860996, 2.261043647619394, 2.259048924690638, 2.257458340816009, 2.255500605167487, 2.253758629774436, 2.2520793768075795, 2.2502796839445067, 2.24840452671051, 2.247689141982641, 2.2461876410704393, 2.244232499293792, 2.2436172583164313, 2.2423561401856253, 2.241344114450308, 2.2404994689501248, 2.239691730645987, 2.238602099663172, 2.236969400063539, 2.236010586909759, 2.2353808665886903, 2.234365941927983, 2.2332192610471675, 2.2322308864348974, 2.2312849656129496, 2.2302837084501217, 2.2289985130994747, 2.2276794152382093, 2.2272493716997976, 2.226052571565677, 2.2255804055776354, 2.2242050580489328, 2.2238613984523674, 2.222459684885465, 2.2212194344936274, 2.2210349425291405, 2.219852780684447, 2.219119561635531, 2.217978734847827, 2.217746587900015, 2.21670568722945, 2.2154491559053078, 2.2140396668360784, 2.2137633372575807, 2.2121050235552664, 2.211741026242574, 2.210847154030433, 2.209947659419133, 2.2088403500043428, 2.20763602073376, 2.207037978905898, 2.2057090734824154, 2.204767027268043, 2.203499614275419, 2.203373713982411, 2.202045894891788, 2.2019785771003137, 2.2000050269640408, 2.199061967165042, 2.1979867892387586, 2.1975131780673296, 2.1973518989025016, 2.1963328746648934, 2.195084782135792, 2.194744044695145, 2.193303488462399, 2.1923940071692836, 2.191734447846046], "test_loss": [2.2990543273925783, 2.2984327392578123, 2.297785531616211, 2.2970947662353516, 2.2963541595458983, 2.2955332092285157, 2.29461276550293, 2.29354416809082, 2.292298016357422, 2.2908337463378907, 2.289131945800781, 2.287119021606445, 2.284794155883789, 2.282041845703125, 2.2788608489990234, 2.2752752838134764, 2.2712618927001955, 2.266918930053711, 2.2623420745849607, 2.2575480255126954, 2.2526214721679687, 2.2475634826660156, 2.2424443359375, 2.2371369934082033, 2.2319246398925783, 2.226160015869141, 2.220584967041016, 2.2148095794677736, 2.208807241821289, 2.20267724609375, 2.196107080078125, 2.1898644317626954, 2.1833517150878907, 2.1768487884521486, 2.170363772583008, 2.1640445587158204, 2.157638381958008, 2.150589044189453, 2.1452633911132812, 2.1391147583007815, 2.1337790435791018, 2.1278287658691406, 2.1229385528564455, 2.1177232330322266, 2.113194488525391, 2.108397543334961, 2.1050944915771486, 2.1008985473632813, 2.097769509887695, 2.0944400695800782, 2.090208972167969, 2.0877590759277345, 2.083982113647461, 2.080554183959961, 2.0775087890625, 2.0731502716064454, 2.0709256713867186, 2.0682163116455077, 2.0642134521484374, 2.0603432861328126, 2.0571004470825196, 2.0542387329101564, 2.0517343841552735, 2.049133006286621, 2.046173143005371, 2.042009939575195, 2.040336994934082, 2.0366841094970702, 2.032642672729492, 2.0303394088745117, 2.027362399291992, 2.0252617279052734, 2.020924903869629, 2.0187963272094724, 2.015087059020996, 2.01204345703125, 2.009022064208984, 2.0060874389648435, 2.002013105773926, 1.9998617309570312, 1.996799871826172, 1.9919270309448243, 1.989567643737793, 1.9867283737182617, 1.9834580718994141, 1.9789494201660156, 1.9766938674926757, 1.9739641906738281, 1.9712682312011718, 1.9675891387939453, 1.9646063018798827, 1.961292073059082, 1.9585472061157227, 1.9550871307373048, 1.9520046752929687, 1.9496496948242188, 1.9457996826171875, 1.9425199645996094, 1.9397201705932616, 1.9375374572753907], "test_acc": [10.64, 10.82, 11.12, 11.29, 11.61, 12.03, 12.5, 13.45, 14.38, 15.09, 15.85, 17.04, 17.63, 17.78, 18.05, 18.15, 18.56, 18.7, 19.17, 19.5, 19.99, 20.4, 21.03, 21.33, 21.94, 22.26, 22.84, 23.23, 23.84, 23.96, 24.29, 24.72, 25.04, 25.31, 25.71, 25.75, 25.86, 26.06, 26.6, 26.65, 26.81, 26.93, 27.11, 27.31, 27.49, 27.58, 27.7, 27.99, 28.2, 28.57, 28.7, 29.05, 29.31, 29.14, 29.71, 29.78, 29.97, 29.88, 30.26, 30.72, 30.83, 30.69, 31.14, 31.23, 31.44, 31.41, 31.17, 32.01, 32.02, 32.01, 32.65, 32.71, 33.2, 33.24, 33.58, 33.54, 33.82, 34.12, 34.49, 34.61, 34.71, 34.77, 34.92, 35.28, 35.22, 35.14, 35.27, 35.5, 35.58, 35.67, 36.21, 36.02, 36.39, 36.43, 36.36, 36.5, 36.64, 36.74, 36.89, 36.97]}