{"train_loss": [2.3036174486844967, 2.303496852899209, 2.3033917989486303, 2.3033087852673653, 2.3032304861606696, 2.303155444218562, 2.3030986168445686, 2.3030434449513755, 2.3030036608378093, 2.3029540520447953, 2.3029218178529005, 2.302884138547457, 2.3028583954542112, 2.302832753230364, 2.302812130634601, 2.3028002567780326, 2.3027848573831413, 2.3027681986490887, 2.302753600096091, 2.302742229363857, 2.302737761766483, 2.302726086592063, 2.302717584218734, 2.302710032463074, 2.3027081966400145, 2.3027008472344814, 2.3026905805636675, 2.302692766067309, 2.3026917420900785, 2.3026863923439613, 2.3026803572972616, 2.302677727968265, 2.3026773520005057, 2.3026759728407247, 2.3026706646650266, 2.3026695227011658, 2.302673728038103, 2.3026669862942817, 2.302668384405283, 2.302670269134717, 2.3026643563539553, 2.3026636961178903, 2.3026618670194576, 2.3026640464098027, 2.3026550085116657, 2.302657697139642, 2.302659405806126, 2.3026601283978194, 2.30265691219232, 2.3026572135778576, 2.302651142462706, 2.3026554425557455, 2.3026548018822304, 2.3026558289161096, 2.3026546502724674, 2.302652163994618, 2.302652086355747, 2.302652505116585, 2.302649211883545, 2.3026494062863865, 2.3026469395710873, 2.302651091111012, 2.3026510544312306, 2.30265503907815, 2.3026494949291916, 2.3026437398714896, 2.3026526775115577, 2.302648580991305, 2.302645229681944, 2.302642538608649, 2.302646731107663, 2.3026454540399404, 2.3026458954199764, 2.3026421644748787, 2.3026384958854087, 2.302638936654115, 2.3026438150650415, 2.302644749176808, 2.302645847736261, 2.302643544245989, 2.3026394269405266, 2.3026443652617625, 2.3026407247934584, 2.3026394202159, 2.3026417597746236, 2.3026380587846806, 2.30264070217426, 2.302640264462202, 2.3026399098909818, 2.3026365836461387, 2.302639416547922, 2.30263945995233, 2.3026386267099626, 2.302636710802714, 2.302640739465371, 2.3026342092416225, 2.3026364375383426, 2.3026359478632608, 2.3026343180583075, 2.3026342838238447], "test_loss": [2.299489801025391, 2.299330941772461, 2.2991867462158204, 2.2990566802978516, 2.298938217163086, 2.298831350708008, 2.2987335845947268, 2.298643930053711, 2.298562188720703, 2.298487680053711, 2.298418472290039, 2.298355612182617, 2.29829665222168, 2.2982428009033202, 2.2981932495117188, 2.2981471099853517, 2.2981040802001953, 2.2980638610839845, 2.298026626586914, 2.297991500854492, 2.297959051513672, 2.297928659057617, 2.297900177001953, 2.2978724029541016, 2.297846173095703, 2.2978215728759768, 2.2977977935791016, 2.2977757537841796, 2.2977546600341796, 2.297735403442383, 2.2977160125732423, 2.2976977630615236, 2.297680389404297, 2.2976632568359374, 2.2976469146728515, 2.297631460571289, 2.2976158905029296, 2.2976010314941404, 2.297586410522461, 2.2975719116210938, 2.297558120727539, 2.2975455322265623, 2.297532989501953, 2.2975205017089846, 2.2975075531005857, 2.2974954864501953, 2.2974837341308594, 2.2974722045898437, 2.2974604553222657, 2.2974493591308596, 2.2974381958007815, 2.297427896118164, 2.2974172576904297, 2.2974067749023437, 2.2973966522216798, 2.29738671875, 2.2973771575927735, 2.297367318725586, 2.2973580474853517, 2.297348843383789, 2.29733889465332, 2.297329473876953, 2.2973203369140625, 2.2973110595703123, 2.2973014251708985, 2.2972926971435546, 2.29728317565918, 2.2972742095947267, 2.2972652923583983, 2.2972568206787107, 2.2972480224609373, 2.2972398040771482, 2.2972310974121095, 2.297222543334961, 2.29721335144043, 2.297204782104492, 2.297195849609375, 2.2971874084472654, 2.297179150390625, 2.2971709350585936, 2.2971631591796875, 2.297155310058594, 2.297147348022461, 2.2971392669677733, 2.297131243896484, 2.2971229949951173, 2.2971151153564455, 2.2971071105957033, 2.2970990478515625, 2.297090966796875, 2.297083657836914, 2.29707578125, 2.297067922973633, 2.29706028137207, 2.2970521484375, 2.2970437744140626, 2.2970358184814454, 2.2970280181884766, 2.2970200256347657, 2.297012097167969], "test_acc": [10.52, 10.54, 10.54, 10.6, 10.65, 10.6, 10.59, 10.51, 10.45, 10.51, 10.46, 10.46, 10.44, 10.43, 10.49, 10.54, 10.49, 10.43, 10.51, 10.7, 10.74, 10.86, 10.86, 10.84, 11.05, 11.09, 11.22, 11.31, 11.36, 11.41, 11.43, 11.56, 11.6, 11.75, 11.83, 12.01, 12.07, 12.16, 12.38, 12.41, 12.5, 12.55, 12.56, 12.56, 12.64, 12.7, 12.74, 12.76, 12.77, 12.73, 12.77, 12.78, 12.78, 12.78, 12.76, 12.77, 12.88, 12.87, 12.88, 12.89, 12.84, 12.82, 12.86, 12.88, 12.92, 12.96, 12.95, 12.93, 12.94, 12.97, 13.01, 13.05, 13.12, 13.06, 13.07, 13.15, 13.11, 13.14, 13.16, 13.17, 13.14, 13.15, 13.15, 13.23, 13.22, 13.23, 13.24, 13.28, 13.3, 13.31, 13.29, 13.3, 13.38, 13.39, 13.42, 13.44, 13.43, 13.45, 13.48, 13.5]}