{"train_loss": [2.3032333276210686, 2.3022061366301316, 2.301189126112522, 2.2998757698597054, 2.298241193477924, 2.295921309177692, 2.292679577607375, 2.287992156468905, 2.2815220845051303, 2.2728724815906625, 2.2627774006281145, 2.252247925293751, 2.2413843075434365, 2.2294675851479555, 2.2164215020644358, 2.203109288215637, 2.188261543176113, 2.172132673019018, 2.1567168975487734, 2.140552814801534, 2.1271502464245526, 2.1134961183254535, 2.1025388625951913, 2.092906906360235, 2.0833601269966517, 2.0733464901263896, 2.066305898091732, 2.058252767416147, 2.050311380166274, 2.0432031316634935, 2.0345178093665686, 2.029615526321607, 2.0212884499476504, 2.01651473289881, 2.008199606797634, 2.002264411938496, 1.9947708001503577, 1.9894484541355035, 1.9805256492052323, 1.9724568675725889, 1.964935103746561, 1.9594393216646635, 1.9512528639573317, 1.9424642345844172, 1.936849698653588, 1.9281054622087723, 1.9243366406514095, 1.9169492464799147, 1.911248361147367, 1.904010926454495, 1.8980703234672547, 1.8911103480901474, 1.8876717298458785, 1.8819263311532828, 1.8761695950459212, 1.872475455968808, 1.86704306663611, 1.8618255220926725, 1.8565659544406794, 1.8526518739186801, 1.8511350955718602, 1.8457413211846962, 1.8445091363711235, 1.8376007156494336, 1.8364998545402136, 1.8327525487312903, 1.8274886681483342, 1.824655128442324, 1.8236750495739473, 1.817686747893309, 1.8140592636206212, 1.8134944539803726, 1.8118630231955113, 1.8061820687391819, 1.8036677733445778, 1.8013501778627052, 1.797042806331928, 1.7982854616947663, 1.7921397964159647, 1.7901508502471142, 1.7884713704769428, 1.7831657547217148, 1.7813234090805055, 1.778662219720009, 1.7758230594488291, 1.773013896514208, 1.7726053240971686, 1.7689315511630133, 1.769936722364181, 1.7651829254932894, 1.759372867987706, 1.7597004847648816, 1.756962360174228, 1.75645549816963, 1.7545036771358589, 1.751090046381339, 1.7487135275816306, 1.745679489771525, 1.7441755563784869, 1.7412400918129163], "test_loss": [2.2986282440185546, 2.297470440673828, 2.29611100769043, 2.2944048095703127, 2.292111114501953, 2.288914093017578, 2.284345684814453, 2.277675491333008, 2.268153649902344, 2.2558929748535155, 2.242208349609375, 2.228173129272461, 2.2133104797363283, 2.1973715240478517, 2.1796633361816404, 2.160893438720703, 2.1405441650390626, 2.1189059417724607, 2.0964656784057616, 2.074765930175781, 2.0552702865600585, 2.0376191940307615, 2.022187648010254, 2.008364241027832, 1.9947096466064453, 1.981990267944336, 1.9707451766967774, 1.959582014465332, 1.948383250427246, 1.9380428115844726, 1.9280374923706054, 1.9176067779541015, 1.908406573486328, 1.8988218032836914, 1.8879225402832032, 1.8769836395263673, 1.867347853088379, 1.8584000289916993, 1.8485035064697266, 1.836081935119629, 1.8254173873901367, 1.8160300735473633, 1.8059448532104492, 1.7958946990966798, 1.7829413635253906, 1.7743298446655273, 1.7645088912963867, 1.7539597991943359, 1.74639013671875, 1.7347698226928712, 1.726329444885254, 1.7200794189453126, 1.711395571899414, 1.7038566207885741, 1.6955453002929688, 1.6900217269897462, 1.6795173217773438, 1.6736461822509765, 1.6660653594970702, 1.6595922866821289, 1.6555914306640624, 1.6477442291259765, 1.6460487060546876, 1.6372847610473633, 1.6334259979248047, 1.6309623901367187, 1.623232926940918, 1.6168894332885742, 1.6163181915283202, 1.6065369598388672, 1.6045716766357423, 1.600148956298828, 1.5939904327392578, 1.5911870819091798, 1.5880935546875, 1.5818879608154297, 1.578771012878418, 1.577155128479004, 1.5718732467651366, 1.5702478744506836, 1.5625974548339843, 1.5587028747558593, 1.5532523315429687, 1.553398860168457, 1.5482737991333009, 1.545866468811035, 1.5442991744995118, 1.5387973678588867, 1.5330395111083985, 1.53263056640625, 1.5284312301635743, 1.5242236282348633, 1.523039291381836, 1.520501448059082, 1.5151094909667968, 1.5144643127441406, 1.5110561492919923, 1.5033605987548828, 1.5030399841308595, 1.5033845764160156], "test_acc": [10.82, 11.42, 11.83, 12.84, 14.34, 15.45, 16.41, 16.36, 16.16, 16.86, 17.78, 18.66, 19.98, 21.46, 22.66, 23.5, 24.36, 25.15, 25.73, 26.13, 26.45, 26.92, 27.32, 27.69, 28.59, 28.74, 29.17, 29.53, 30.27, 30.29, 30.49, 30.84, 31.54, 31.77, 32.33, 33.04, 33.66, 34.01, 34.29, 34.81, 34.85, 35.74, 35.98, 36.43, 36.93, 36.78, 36.81, 37.6, 37.66, 38.35, 38.58, 38.73, 39.0, 39.04, 39.22, 39.16, 39.73, 39.88, 40.05, 40.4, 40.1, 40.99, 40.84, 41.16, 41.18, 41.22, 41.57, 41.99, 41.79, 42.35, 42.35, 42.84, 42.76, 42.67, 43.02, 43.43, 43.51, 43.3, 43.62, 43.59, 44.12, 44.09, 44.61, 44.66, 45.3, 44.94, 45.08, 45.39, 45.8, 45.83, 45.85, 46.01, 46.15, 46.31, 46.47, 46.36, 46.67, 47.17, 47.02, 46.97]}