{"train_loss": [2.303688442401397, 2.303484750405336, 2.3033232695017105, 2.3032567464388336, 2.3031463378515, 2.3029988741263363, 2.302942539484073, 2.3028415044148765, 2.3028218024816267, 2.302681022423964, 2.302647807659247, 2.3025380262961757, 2.3024915524018117, 2.3024302507058167, 2.302386429370978, 2.3023952374091516, 2.302355008247571, 2.3022995044023564, 2.302251499738449, 2.3021956315407386, 2.3022115346712946, 2.3021430107263416, 2.3021073830433383, 2.3020424329317533, 2.302043115787017, 2.301987385749817, 2.3018983241839286, 2.301947719622881, 2.301918767660092, 2.3018913195683406, 2.301798215890542, 2.3017727876320864, 2.3017614933160635, 2.301704160372416, 2.301655043088473, 2.3016132464775674, 2.3016336453266635, 2.301556257101206, 2.301557985941569, 2.3015070939675355, 2.301455805240533, 2.301450322835873, 2.3013998184448634, 2.301362629425831, 2.3012261231740316, 2.301252113855802, 2.3012086666547336, 2.301181745529175, 2.301118191083272, 2.3011396866578324, 2.301039157769619, 2.3010620869123017, 2.3010349738292204, 2.300962750728314, 2.300929295711028, 2.3009123105269214, 2.300844379571768, 2.300780849579053, 2.3007758024411324, 2.3006980981582252, 2.3006522741073216, 2.3006599462949313, 2.3006289922274075, 2.300607084005307, 2.3005193930405836, 2.300464527423565, 2.300441507192758, 2.300418329238892, 2.300327049768888, 2.3003090106523953, 2.3003100040631415, 2.300276115613106, 2.300197236965864, 2.300127758123936, 2.300028269718855, 2.300070457580762, 2.300002540074862, 2.3000548319938856, 2.300016156832377, 2.299940042006664, 2.2998844727491723, 2.2998753333703066, 2.299840444784898, 2.2997115563123653, 2.2997510176438554, 2.2996231048535076, 2.2996080679771227, 2.29958003056355, 2.299605876360184, 2.2995419587844457, 2.299543190613771, 2.299480467576247, 2.299452274884933, 2.2993710468976927, 2.2993675665977675, 2.2992306458644376, 2.299288670833294, 2.2992524360999083, 2.2992098172505697, 2.2991388510435056], "test_loss": [2.2993751251220704, 2.2990936157226565, 2.2988253845214843, 2.2985696990966797, 2.298324038696289, 2.2980900665283204, 2.2978568420410155, 2.2976259979248046, 2.2974026184082033, 2.2971800170898438, 2.296954620361328, 2.2967280059814454, 2.296496841430664, 2.2962664794921874, 2.2960362213134764, 2.295792874145508, 2.2955496643066406, 2.295298767089844, 2.2950476684570313, 2.2947902435302736, 2.2945327209472657, 2.2942604431152342, 2.293991015625, 2.2937049377441405, 2.2934113372802734, 2.2931109344482423, 2.292799740600586, 2.2924986419677733, 2.2921814758300783, 2.2918714080810547, 2.291544290161133, 2.2912140045166014, 2.2908850982666014, 2.2905331115722656, 2.290187368774414, 2.2898275634765626, 2.2894758239746094, 2.2891158813476564, 2.2887526092529296, 2.2883635314941406, 2.2879851013183594, 2.287612713623047, 2.2872401336669923, 2.286846823120117, 2.286436975097656, 2.2860380828857423, 2.2856307067871096, 2.285209149169922, 2.284794241333008, 2.284383560180664, 2.28397258605957, 2.2835524078369143, 2.2831350524902345, 2.282702297973633, 2.282273138427734, 2.281853820800781, 2.2814177001953126, 2.280950622558594, 2.280512127685547, 2.2800487701416015, 2.2795967834472655, 2.279138052368164, 2.2786891235351563, 2.2782232177734376, 2.2777550537109374, 2.2772963470458985, 2.2768033813476563, 2.2763275360107422, 2.275840362548828, 2.2753839294433593, 2.2749216888427735, 2.2744267486572265, 2.273930712890625, 2.27342998046875, 2.2729306671142577, 2.272480993652344, 2.271983905029297, 2.2714960235595703, 2.2710285705566404, 2.27053974609375, 2.270066751098633, 2.2695715423583986, 2.2690954833984374, 2.268540774536133, 2.2680739288330076, 2.2675477905273436, 2.2670445037841795, 2.2665281005859375, 2.2660661041259766, 2.2655962493896484, 2.2651485534667968, 2.26466662902832, 2.2642062835693357, 2.2637127075195314, 2.2632003845214843, 2.262689025878906, 2.2622165161132815, 2.261755401611328, 2.2612805786132815, 2.260735592651367], "test_acc": [10.47, 10.56, 10.75, 10.78, 10.79, 10.79, 10.87, 11.05, 11.16, 11.27, 11.47, 11.82, 11.85, 12.2, 12.57, 13.07, 13.54, 13.85, 14.2, 14.6, 14.97, 15.3, 15.91, 16.04, 16.24, 16.55, 16.57, 16.61, 16.69, 16.73, 16.94, 17.07, 17.31, 17.6, 17.59, 17.67, 17.74, 17.81, 17.88, 18.06, 18.24, 18.28, 18.52, 18.57, 18.72, 18.78, 18.86, 18.95, 18.99, 19.11, 19.25, 19.38, 19.55, 19.67, 19.84, 19.83, 19.92, 19.9, 20.02, 20.09, 20.29, 20.48, 20.56, 20.75, 20.9, 21.02, 21.15, 21.24, 21.4, 21.5, 21.63, 21.74, 21.76, 21.85, 21.91, 22.02, 22.03, 22.12, 22.26, 22.29, 22.45, 22.51, 22.64, 22.8, 22.96, 23.13, 23.21, 23.31, 23.34, 23.44, 23.48, 23.6, 23.79, 23.83, 23.93, 24.01, 24.19, 24.4, 24.47, 24.53]}