{"train_loss": [2.303545893766941, 2.3034110582791842, 2.3032857864330976, 2.3031832792820075, 2.3030930121739703, 2.30299080151778, 2.302937667797773, 2.3028526709629937, 2.3028022741660092, 2.302754931572156, 2.302678331350669, 2.3026311825483274, 2.302580539385478, 2.3025492368600307, 2.3025137088237666, 2.3024744859108557, 2.302448974511562, 2.3023725497416963, 2.3023676377076367, 2.302351786540105, 2.3023086902422785, 2.3022809890600353, 2.3022436313140084, 2.3021994156715198, 2.3021681265953258, 2.302167814205854, 2.302136062964415, 2.302138286981827, 2.302092664058392, 2.3020813318399282, 2.302059866831853, 2.3019915177271915, 2.3020132718942103, 2.3019761874125555, 2.3019272993772457, 2.301939477064671, 2.301889232488779, 2.3018766513237585, 2.301835833451687, 2.301801215074001, 2.301787070127634, 2.30176041493049, 2.301726343692877, 2.301697853895334, 2.3016990404862625, 2.3016457588244705, 2.3016059490350576, 2.3015979840205265, 2.301544217574291, 2.30158174710396, 2.301496881705064, 2.301504348485898, 2.3014495672323765, 2.301409188906352, 2.301407301120269, 2.3013608853022256, 2.3013399130258803, 2.3012817749610313, 2.3012853738589163, 2.301268271299509, 2.3012559395570023, 2.301220566798479, 2.3011933968617364, 2.3011402998215114, 2.3011083272787243, 2.3010826110839844, 2.3010390202204385, 2.301057363167787, 2.3010179672485744, 2.3009399738067238, 2.300917817384769, 2.300932911726145, 2.300901563350971, 2.300863183461703, 2.300856477786333, 2.3008141432053004, 2.300738056500753, 2.300741192010733, 2.300696800305293, 2.3006860696352445, 2.3006373142584775, 2.300640926605616, 2.300569370465401, 2.300547249500568, 2.3005252251258264, 2.3005021297014676, 2.300481919753246, 2.3004316501128366, 2.3003947416941326, 2.3003964234621095, 2.300357034878853, 2.300335864531688, 2.300271599720686, 2.300237606733273, 2.300227478834299, 2.3002013084215998, 2.300146494767605, 2.300127210983863, 2.300123665271661, 2.300082690287859], "test_loss": [2.299390933227539, 2.299133108520508, 2.2988856170654297, 2.2986482635498047, 2.2984177856445314, 2.2981971557617187, 2.2979852020263674, 2.297776712036133, 2.297571325683594, 2.2973673126220704, 2.2971665191650392, 2.296963784790039, 2.296768753051758, 2.296570681762695, 2.296372412109375, 2.296171047973633, 2.2959665313720703, 2.2957627349853515, 2.295558346557617, 2.2953513275146484, 2.295143057250977, 2.294928384399414, 2.2947111633300783, 2.294489678955078, 2.2942585998535154, 2.2940236755371095, 2.293787646484375, 2.2935544219970705, 2.293313739013672, 2.293069421386719, 2.2928206329345704, 2.2925644927978515, 2.292308285522461, 2.2920496978759766, 2.2917918365478513, 2.291530386352539, 2.291256539916992, 2.2909826721191404, 2.2907045288085937, 2.2904138946533203, 2.290126397705078, 2.289835610961914, 2.289538522338867, 2.28923532409668, 2.288935269165039, 2.2886278411865235, 2.2883130767822264, 2.288005825805664, 2.287692352294922, 2.2873797271728518, 2.2870530029296874, 2.286732095336914, 2.286406326293945, 2.2860704467773436, 2.285743685913086, 2.2853993865966795, 2.285056234741211, 2.2847024658203123, 2.2843521911621094, 2.284004428100586, 2.283661489868164, 2.2833057891845705, 2.2829510650634766, 2.2825826080322265, 2.282213558959961, 2.281851559448242, 2.2814872344970705, 2.2811186767578127, 2.280752703857422, 2.2803697265625, 2.2799782043457033, 2.27960862121582, 2.279232012939453, 2.2788503326416016, 2.2784731750488283, 2.2780887939453125, 2.277686227416992, 2.2772970520019533, 2.2768942840576174, 2.276506918334961, 2.276112252807617, 2.2757196014404295, 2.275311151123047, 2.2749095794677734, 2.274516278076172, 2.274109912109375, 2.273708142089844, 2.2732997467041014, 2.2728738922119143, 2.272490658569336, 2.2720780883789065, 2.271672888183594, 2.271247814941406, 2.270835482788086, 2.2704133483886717, 2.2700099609375, 2.2696105987548827, 2.2692054107666015, 2.2687837036132814, 2.268370166015625], "test_acc": [10.56, 10.64, 10.64, 10.74, 10.79, 10.77, 10.95, 10.88, 10.96, 11.07, 11.27, 11.4, 11.5, 11.68, 11.87, 12.09, 12.3, 12.49, 12.9, 13.24, 13.36, 13.62, 14.0, 14.32, 14.64, 14.79, 15.18, 15.51, 15.66, 15.91, 16.11, 16.38, 16.58, 16.74, 16.91, 17.08, 17.16, 17.26, 17.36, 17.46, 17.62, 17.63, 17.82, 18.08, 18.34, 18.34, 18.43, 18.51, 18.59, 18.79, 18.88, 19.03, 19.1, 19.18, 19.31, 19.42, 19.5, 19.65, 19.81, 19.91, 20.09, 20.16, 20.25, 20.34, 20.47, 20.55, 20.68, 20.67, 20.66, 20.8, 20.84, 20.86, 20.83, 20.91, 21.04, 21.03, 21.17, 21.21, 21.3, 21.44, 21.51, 21.59, 21.71, 21.83, 21.85, 21.91, 22.01, 22.13, 22.17, 22.29, 22.3, 22.45, 22.66, 22.71, 22.83, 22.92, 22.97, 23.11, 23.15, 23.2]}