{"train_loss": [2.303585043320289, 2.3034672675988612, 2.3033439293885842, 2.3032475153605145, 2.3031724012815036, 2.3030945441661737, 2.303042866022159, 2.302970518821325, 2.302924966812134, 2.3028836672122663, 2.3028477632082427, 2.3027948624048475, 2.3027651083775056, 2.3027403122339494, 2.3027108412522534, 2.302689305941264, 2.302680690471943, 2.3026545652976402, 2.3026467463909053, 2.3026168908828346, 2.302609352576427, 2.30260429810255, 2.3025727797777225, 2.3025882017918122, 2.302565490282499, 2.302551476772015, 2.3025459356797047, 2.3025550016990075, 2.302539681776976, 2.302541578733004, 2.302529523311517, 2.302522469178224, 2.302511069102165, 2.302513678868612, 2.3025083346244615, 2.3025050988564124, 2.3024816965445494, 2.3024921362216655, 2.302481184250269, 2.3024725461617495, 2.302464031561827, 2.302463116401281, 2.302453013566824, 2.3024428936151358, 2.3024436755058093, 2.3024338514376907, 2.3024399873537895, 2.3024502179561517, 2.302419532262362, 2.302422418961158, 2.3024235499210848, 2.302410097611256, 2.3024107303374852, 2.3023985190269274, 2.302399498377091, 2.3023987867893316, 2.3023840696383746, 2.302383035268539, 2.3023891045497016, 2.302378541383988, 2.3023718247046836, 2.3023678058233017, 2.302375918168288, 2.3023595846616303, 2.302359542479882, 2.3023479473896518, 2.3023468335469564, 2.3023450276790522, 2.3023526931420353, 2.3023158605282124, 2.3023306443141056, 2.3023231127323247, 2.3023161001694508, 2.302323140242161, 2.302315872143476, 2.302318979532291, 2.3023080562933895, 2.3022857714922, 2.30230117333241, 2.302296016766475, 2.3022811681796345, 2.302286550326225, 2.3022729500746117, 2.3022673735251793, 2.3022697460957064, 2.3022581497828165, 2.3022519374505066, 2.302238846436525, 2.302232948327676, 2.302237694691389, 2.3022251795499753, 2.3022189843348966, 2.302227498934819, 2.3022258018835995, 2.3022156752072847, 2.3022020431665275, 2.302231930463742, 2.3021983898603, 2.302204554508894, 2.3021838823954264], "test_loss": [2.299442346191406, 2.2992361724853514, 2.299044802856445, 2.2988655364990236, 2.2986983642578127, 2.298543118286133, 2.298397052001953, 2.2982562408447267, 2.2981228759765626, 2.297995251464844, 2.2978744201660155, 2.2977581329345704, 2.2976460510253904, 2.2975372528076172, 2.297433102416992, 2.29732995300293, 2.297228173828125, 2.2971314514160155, 2.2970386657714843, 2.2969449645996094, 2.296853646850586, 2.2967617431640623, 2.296671398925781, 2.296583218383789, 2.2964944091796875, 2.2964068298339844, 2.2963215087890627, 2.2962369232177733, 2.29615361328125, 2.2960694915771485, 2.295983950805664, 2.2958991607666017, 2.295817935180664, 2.2957357116699217, 2.295654586791992, 2.2955730102539063, 2.2954881195068357, 2.295404397583008, 2.295322473144531, 2.295239077758789, 2.2951548889160156, 2.295069650268555, 2.29498203125, 2.294894631958008, 2.294809194946289, 2.294720767211914, 2.2946374725341796, 2.2945524871826173, 2.294466534423828, 2.2943804107666015, 2.294294515991211, 2.2942071960449217, 2.2941222320556642, 2.2940326385498047, 2.293943615722656, 2.293857360839844, 2.293769891357422, 2.2936800506591797, 2.293592105102539, 2.2935006286621094, 2.2934126586914063, 2.2933220092773436, 2.293230877685547, 2.2931393676757814, 2.2930484130859377, 2.292957717895508, 2.2928652252197264, 2.292773474121094, 2.2926813995361326, 2.292582653808594, 2.292489779663086, 2.2923952331542967, 2.2922996154785156, 2.2922053314208983, 2.2921097259521486, 2.292015539550781, 2.2919177490234377, 2.2918207397460937, 2.291723681640625, 2.2916288818359374, 2.291531283569336, 2.291435687255859, 2.2913382263183593, 2.2912363494873045, 2.2911393280029295, 2.2910399627685547, 2.2909399810791014, 2.2908361267089843, 2.290730712890625, 2.290626867675781, 2.290526693725586, 2.2904229431152343, 2.2903200378417967, 2.290218783569336, 2.2901155731201173, 2.290009930419922, 2.2899064361572266, 2.28980061340332, 2.289697039794922, 2.2895932891845705], "test_acc": [10.47, 10.53, 10.53, 10.69, 10.77, 10.84, 10.79, 10.71, 10.69, 10.73, 10.94, 11.11, 11.11, 11.19, 11.29, 11.43, 11.58, 11.7, 11.79, 11.72, 11.92, 12.16, 12.37, 12.58, 12.76, 12.94, 13.21, 13.32, 13.51, 13.77, 13.96, 14.13, 14.18, 14.47, 14.72, 14.85, 15.0, 15.15, 15.26, 15.37, 15.5, 15.64, 15.82, 15.92, 16.05, 16.25, 16.37, 16.39, 16.42, 16.52, 16.65, 16.79, 17.05, 17.11, 17.13, 17.23, 17.34, 17.46, 17.43, 17.45, 17.49, 17.54, 17.64, 17.71, 17.83, 17.91, 18.0, 18.02, 18.16, 18.28, 18.3, 18.36, 18.4, 18.44, 18.53, 18.52, 18.62, 18.63, 18.74, 18.81, 18.84, 18.88, 18.91, 19.03, 19.12, 19.16, 19.21, 19.24, 19.35, 19.43, 19.41, 19.47, 19.53, 19.61, 19.69, 19.71, 19.79, 19.77, 19.77, 19.8]}