{"train_loss": [2.303488914171855, 2.3029638583843526, 2.302533852137052, 2.302039088958349, 2.3015296991054828, 2.30099762403048, 2.300308999648461, 2.299446327869709, 2.2985685440210197, 2.297462240854899, 2.2960229127835006, 2.2944132169087728, 2.2926475139764637, 2.2905509679745406, 2.288383136040125, 2.285798846758329, 2.2832470502608864, 2.280554388730954, 2.2779294613080148, 2.27524412106245, 2.2725420407759835, 2.269228840485597, 2.266194190123142, 2.263248815291967, 2.259822927377163, 2.2563102642695108, 2.2531329998603233, 2.2497557640075683, 2.2465022148230136, 2.2433802060591868, 2.2399680400506043, 2.2376245700396025, 2.234290154163654, 2.2316605470119377, 2.229633875993582, 2.22765908241272, 2.225229457097176, 2.22366400987674, 2.22165020490304, 2.219231321872809, 2.217385328733004, 2.216433282387562, 2.214299880541288, 2.212121471380576, 2.2110970894495647, 2.209307352090493, 2.207563401491214, 2.2068295466594208, 2.205571462557866, 2.2029803997431046, 2.201314522058536, 2.1997792237844225, 2.1992082516352336, 2.196883189372527, 2.195324356128008, 2.1938924367611223, 2.1926355881568713, 2.1909618799503034, 2.1893420298894246, 2.187399841577579, 2.185929507475633, 2.1846860372103176, 2.1833017508188886, 2.1814744325784536, 2.1807281653086346, 2.178241818990463, 2.176608478717315, 2.1755918661753335, 2.174217830560146, 2.1722808122634887, 2.1704397733394916, 2.170037668179243, 2.167830442159604, 2.1666560692664905, 2.163941912773328, 2.1637114585974278, 2.1608748686619292, 2.1606623680163652, 2.1590104207014424, 2.157092540080731, 2.1559326324707424, 2.154562400548886, 2.153704472688528, 2.1513768061613425, 2.150237630575131, 2.148735389342675, 2.148688400708712, 2.147010094080216, 2.1465900152157515, 2.1449009125049296, 2.142129267179049, 2.142445557545393, 2.1415959034210594, 2.1402253126486754, 2.139314540227254, 2.1381118688827905, 2.137474660995679, 2.136327255689181, 2.13550522510822, 2.1344443125602526], "test_loss": [2.2989645080566405, 2.2982346130371094, 2.2974546142578127, 2.2965960235595704, 2.295634912109375, 2.294524526977539, 2.2932213317871093, 2.291638153076172, 2.289734747314453, 2.2873835052490232, 2.2844983215332033, 2.28095793762207, 2.276726388549805, 2.2717672149658203, 2.266129217529297, 2.2600222717285154, 2.253614324951172, 2.2470057983398437, 2.2403537322998046, 2.2336399291992186, 2.2266106536865236, 2.2193780670166015, 2.2120025054931642, 2.2041217864990235, 2.196133041381836, 2.187514535522461, 2.178973181152344, 2.1708482818603514, 2.162039923095703, 2.152833465576172, 2.1433923065185545, 2.135051416015625, 2.127193307495117, 2.119247164916992, 2.1110065948486327, 2.1044183349609376, 2.098120431518555, 2.0920436828613282, 2.0873844329833986, 2.081381443786621, 2.075318132019043, 2.071665969848633, 2.0666152572631837, 2.0614429672241212, 2.057412226867676, 2.052114222717285, 2.0472710540771484, 2.0437746139526367, 2.0400693496704103, 2.035447018432617, 2.0313957214355467, 2.027821710205078, 2.0233623611450193, 2.01949501953125, 2.0150236877441405, 2.010232330322266, 2.0061731811523438, 2.002414990234375, 1.9972238861083984, 1.9936886245727539, 1.9899824127197265, 1.9852007095336914, 1.9810863479614258, 1.9767457641601562, 1.9727086044311524, 1.9684959930419923, 1.9650495147705078, 1.9599407928466797, 1.9550200057983398, 1.9502296340942382, 1.9473049179077149, 1.943373471069336, 1.9379203002929688, 1.9345480178833008, 1.9301027679443359, 1.9268758514404296, 1.920179100036621, 1.9169747665405275, 1.9129417114257812, 1.9093047393798828, 1.9044942886352538, 1.8989195907592773, 1.896574139404297, 1.894352360534668, 1.8894353942871094, 1.8832759338378906, 1.8830220993041993, 1.8786596160888671, 1.8747645523071288, 1.8714939910888673, 1.867636442565918, 1.8652594314575195, 1.8623406066894532, 1.8577146911621094, 1.8551790969848634, 1.8529985458374023, 1.849420166015625, 1.8451061141967773, 1.842772789001465, 1.842069563293457], "test_acc": [10.64, 10.98, 11.31, 11.61, 12.16, 12.74, 13.73, 14.85, 15.76, 16.86, 17.32, 17.68, 17.57, 17.49, 18.06, 18.5, 19.22, 19.63, 20.37, 20.97, 21.43, 21.84, 22.44, 22.91, 23.6, 23.94, 24.23, 24.89, 25.29, 25.57, 25.6, 25.82, 26.08, 26.57, 26.62, 26.88, 27.31, 27.31, 27.78, 28.03, 28.21, 28.61, 28.98, 28.88, 29.35, 29.33, 29.59, 29.83, 30.02, 30.34, 30.64, 30.67, 30.92, 30.85, 31.39, 31.7, 32.03, 32.19, 32.63, 32.59, 33.24, 32.94, 33.59, 33.58, 34.16, 34.23, 34.19, 34.74, 34.89, 34.85, 35.36, 35.25, 35.58, 35.68, 35.65, 35.82, 35.98, 36.32, 36.49, 36.57, 36.57, 36.71, 36.81, 37.16, 37.1, 37.04, 37.32, 37.68, 37.87, 37.73, 38.1, 38.15, 38.14, 38.38, 38.48, 38.6, 38.68, 38.9, 38.94, 38.98]}