{"train_loss": [2.303374832104414, 2.302686148423415, 2.3020472862781625, 2.301311049705897, 2.3004918361321476, 2.299488002214676, 2.29819351709806, 2.296458432613275, 2.2944464591833262, 2.2917171539404455, 2.288301991805052, 2.284332269277328, 2.279811650667435, 2.274723334190173, 2.26985762547224, 2.2649098066183235, 2.2597876536540498, 2.254221197886345, 2.248410673630543, 2.2423964225328885, 2.2362395904003045, 2.2295979952200864, 2.222641079242413, 2.2158178659585808, 2.209271246347672, 2.202925975506122, 2.197432498442821, 2.19253556850629, 2.1877652779603616, 2.1831529922974418, 2.178761789126274, 2.175692893908574, 2.171157076419928, 2.1685575356850255, 2.164589191094423, 2.1611618995666504, 2.158622929988763, 2.155825997621585, 2.1524686666635366, 2.1488106244649643, 2.1449436695147783, 2.142904130006448, 2.1397961396437424, 2.135811020166446, 2.13358475734026, 2.1298854461083043, 2.128523017809941, 2.1252048284579548, 2.1234235323392427, 2.1192886043817567, 2.115938251446455, 2.1136807062687017, 2.1100178324259247, 2.107041380344293, 2.104336051757519, 2.101929918007973, 2.098864327332912, 2.0954325281656705, 2.0917420995541107, 2.0891011730218545, 2.0869920366849657, 2.0823295764434033, 2.0818426336997593, 2.0775280869924106, 2.076137608442551, 2.0730914112849113, 2.068533573395167, 2.067181227146051, 2.0659332253994087, 2.0626353707069005, 2.060544588932624, 2.0585145387894066, 2.056464421749115, 2.0534660406601737, 2.050885372895461, 2.050770710676144, 2.0476514440316422, 2.0470283835362166, 2.0434845151045384, 2.0425716650791657, 2.0414404658170846, 2.0386045248080524, 2.038102667759626, 2.0351462089098415, 2.032598537970812, 2.0315031418433556, 2.0312224507331846, 2.0290906524046872, 2.028398331312033, 2.026824367352021, 2.0229834856131137, 2.022242775330177, 2.021101975440979, 2.019807950961284, 2.018838833234249, 2.017296765706478, 2.0159653385480243, 2.0146320061805922, 2.012680415618114, 2.011566647505149], "test_loss": [2.298834732055664, 2.2979455322265623, 2.2969594970703127, 2.295822659301758, 2.2944581115722658, 2.292751434326172, 2.2905693756103513, 2.2877212890625, 2.2840165008544924, 2.2791304626464846, 2.2728722595214843, 2.265267022705078, 2.2565557189941408, 2.247382693481445, 2.237925650024414, 2.2283233276367187, 2.2184995208740235, 2.2080052490234374, 2.197056198120117, 2.185339337158203, 2.1731808685302734, 2.160644268798828, 2.1468604583740234, 2.132826119995117, 2.119547900390625, 2.1057933013916017, 2.093016833496094, 2.0820408874511718, 2.0720204696655276, 2.0612189514160155, 2.052692283630371, 2.0441690292358397, 2.0364218170166017, 2.0305123153686524, 2.022396305847168, 2.015061344909668, 2.0088952392578125, 2.0027217681884766, 1.9969838973999023, 1.98944122467041, 1.9832481506347657, 1.9774526977539062, 1.9712922988891601, 1.964704881286621, 1.9587827239990234, 1.9517368240356445, 1.9463361114501954, 1.9393833450317384, 1.9359700637817383, 1.9284069732666016, 1.9219046920776368, 1.916928434753418, 1.910949038696289, 1.9035930862426758, 1.8971697723388672, 1.8896435028076173, 1.8846702697753905, 1.8782711853027343, 1.8708415084838868, 1.8648016754150392, 1.8598457061767577, 1.8519455581665039, 1.8482617492675781, 1.8407136184692383, 1.8347685440063477, 1.8289577896118163, 1.8237752029418945, 1.8155257400512694, 1.811081317138672, 1.8050160827636719, 1.80345244140625, 1.7969001342773439, 1.7897839080810547, 1.7842952209472656, 1.7793561676025391, 1.7775599578857422, 1.771514094543457, 1.7705684616088868, 1.7632690704345704, 1.7616494873046875, 1.755723681640625, 1.751073176574707, 1.7483598114013672, 1.7451763748168945, 1.7410604309082032, 1.7369794555664062, 1.7359686935424805, 1.733165852355957, 1.727244256591797, 1.7238957260131835, 1.7211963836669921, 1.7175472259521485, 1.7174503479003906, 1.7123072845458984, 1.7095089263916015, 1.7078035675048828, 1.7040473663330078, 1.6983311462402344, 1.6962245635986328, 1.6946753997802735], "test_acc": [10.7, 11.14, 11.67, 12.15, 13.03, 14.24, 15.37, 16.25, 17.0, 17.11, 16.96, 17.24, 17.77, 18.58, 19.24, 20.17, 21.09, 21.85, 22.46, 23.07, 23.97, 24.73, 25.09, 25.37, 25.89, 26.34, 26.35, 26.85, 27.38, 27.5, 27.53, 28.0, 28.06, 28.5, 28.64, 29.14, 29.58, 29.74, 29.83, 30.43, 30.42, 30.9, 31.4, 31.28, 31.72, 31.92, 31.96, 32.68, 32.58, 33.51, 33.77, 34.05, 34.6, 34.34, 35.01, 35.05, 35.32, 35.6, 35.9, 35.98, 36.53, 36.67, 37.09, 37.09, 37.19, 37.33, 37.92, 38.26, 38.17, 38.21, 38.21, 38.71, 38.88, 39.0, 38.93, 39.18, 39.31, 39.19, 39.63, 39.44, 39.64, 39.99, 40.22, 40.39, 40.27, 40.23, 40.53, 40.88, 41.03, 41.2, 41.24, 41.56, 41.63, 41.74, 41.76, 42.14, 42.01, 42.16, 42.34, 42.53]}