{"train_loss": [2.3033725536786593, 2.302800429173005, 2.3022919275821785, 2.301695993007758, 2.3010465242923837, 2.300277761923961, 2.299340245051262, 2.298176687191694, 2.2968263876743804, 2.2951581991635837, 2.2930427820254593, 2.2905013194450965, 2.287606349358192, 2.284304118156433, 2.2808774929780227, 2.2773821091040585, 2.273671817779541, 2.26977757979662, 2.2660312463075685, 2.261888273557027, 2.2577314279018306, 2.2529858986536664, 2.248487440745036, 2.243664036041651, 2.2386314624395127, 2.2335559881650484, 2.2288814147313434, 2.2243864352886495, 2.219741382354345, 2.2160404186982374, 2.2117489509093455, 2.208928756836133, 2.2051259212004832, 2.2030170611846143, 2.1999034355848264, 2.1974699491109604, 2.1949303773733284, 2.193070918474442, 2.190167540158981, 2.1872667098656677, 2.1842740223957944, 2.1830314092147045, 2.1808198898266524, 2.1774361237501485, 2.1759280877235607, 2.173363735125615, 2.1719267502809183, 2.1699220614555554, 2.168051829093542, 2.165409015997862, 2.162816911477309, 2.1607791362664637, 2.159038647627219, 2.15651484697293, 2.1542642049300365, 2.1520354258708463, 2.1500566482543944, 2.1482354439221893, 2.1453045661632832, 2.1431847248321922, 2.1415051790384148, 2.1389362818155533, 2.1378210617945745, 2.1343101354745717, 2.133495137630365, 2.1307553560305865, 2.127970357430287, 2.126271650730035, 2.1252827094151425, 2.1217648218839598, 2.1200719772241055, 2.1191104039167747, 2.1172674130170774, 2.1151070301349346, 2.1123913147510627, 2.111410385523087, 2.1087941389817457, 2.108443345167698, 2.1061450946025357, 2.1041119025303767, 2.102653799301539, 2.100961624659025, 2.099977129544967, 2.0974835224640676, 2.0962915420532227, 2.0951066854672553, 2.0946029216815263, 2.09276243356558, 2.092268604192978, 2.090245574559921, 2.088294172898317, 2.0876090661073343, 2.0861163744559654, 2.0855370280070185, 2.0847370942433674, 2.0828376473524632, 2.081723827276474, 2.0802114621186867, 2.0790190308521956, 2.078160195472913], "test_loss": [2.298901904296875, 2.2980930541992186, 2.2972134552001955, 2.2962332855224608, 2.2950967834472658, 2.2937276092529295, 2.2920439605712892, 2.289934259033203, 2.287309899902344, 2.2839866180419923, 2.279814373779297, 2.274648886108398, 2.2684399169921874, 2.261407336425781, 2.2537407806396486, 2.2459410430908204, 2.237989562988281, 2.229813888549805, 2.221478271484375, 2.2126617095947267, 2.2034734313964845, 2.1935071197509766, 2.1835616394042967, 2.1726495727539064, 2.162034393310547, 2.150549694824219, 2.1388996520996093, 2.1282617095947267, 2.1177236846923826, 2.1066473236083985, 2.0966322845458985, 2.0875849609375, 2.079234753417969, 2.072870916748047, 2.0652364501953127, 2.0590336364746094, 2.0527442459106444, 2.0472689682006835, 2.0413502700805664, 2.034879699707031, 2.0292806045532226, 2.0244503860473633, 2.0188061553955077, 2.012809803771973, 2.0075300903320312, 2.0021828247070315, 1.9971999389648438, 1.9920066162109376, 1.9877779891967773, 1.9825545333862304, 1.9767374435424805, 1.9732549713134766, 1.9673514450073242, 1.9618534881591796, 1.9572417266845703, 1.951080145263672, 1.9461081939697265, 1.941392822265625, 1.935439680480957, 1.9303536270141601, 1.9256295440673827, 1.9195878341674806, 1.916062368774414, 1.9092642807006837, 1.904909393310547, 1.9011165115356445, 1.8957048080444336, 1.8885387405395508, 1.8834108993530274, 1.8784226989746093, 1.8739981018066407, 1.8702966232299805, 1.8633424255371094, 1.8595449111938476, 1.8552997039794923, 1.8507233749389649, 1.845734861755371, 1.8429198791503907, 1.8365584167480469, 1.8333149185180664, 1.8279561050415039, 1.8233694091796875, 1.8202022918701173, 1.817722735595703, 1.8143554260253907, 1.8081547164916991, 1.807388327026367, 1.8032468353271485, 1.799716438293457, 1.797293734741211, 1.7934549835205078, 1.7890788848876953, 1.7878919219970704, 1.7846300308227538, 1.781328578186035, 1.7793669799804688, 1.7767505752563477, 1.770710270690918, 1.7686183425903321, 1.767789112854004], "test_acc": [10.66, 11.04, 11.53, 11.88, 12.54, 13.27, 14.55, 15.41, 16.35, 16.77, 16.8, 16.74, 17.04, 17.69, 18.34, 19.24, 20.15, 20.74, 21.51, 22.09, 22.54, 22.97, 23.75, 24.32, 25.01, 25.25, 25.68, 26.04, 26.52, 26.52, 26.61, 26.98, 27.21, 27.64, 27.92, 28.16, 28.37, 28.61, 28.97, 29.41, 29.38, 29.84, 29.99, 30.29, 30.45, 30.7, 30.81, 31.32, 31.36, 31.85, 32.29, 32.5, 32.96, 32.63, 33.42, 33.59, 33.95, 34.18, 34.35, 34.43, 35.11, 35.13, 35.54, 35.49, 35.9, 35.8, 36.17, 36.42, 36.49, 36.49, 36.86, 37.1, 37.22, 37.27, 37.3, 37.56, 37.81, 37.88, 38.18, 38.25, 38.15, 38.4, 38.44, 38.76, 38.69, 38.68, 38.83, 39.02, 39.28, 39.49, 39.5, 39.74, 39.73, 39.87, 40.0, 39.96, 40.0, 40.32, 40.45, 40.34]}