{"train_loss": [2.303568355853741, 2.3034290167001576, 2.3033407816520106, 2.3032487588051036, 2.3031757758213924, 2.3031257121990887, 2.3030694325764975, 2.3029966311577037, 2.302979101890173, 2.302920603752136, 2.302867524440472, 2.302842156092326, 2.302825593948364, 2.302793769958692, 2.3027966896692913, 2.302773604637537, 2.3027361613053543, 2.302700871687669, 2.3027258011010976, 2.302689106647785, 2.3026807436576258, 2.3026639125286006, 2.3026753291105613, 2.302661887804667, 2.3026403341537867, 2.3026445633325823, 2.3026449655875183, 2.302640002201765, 2.302633517827743, 2.3026158632376257, 2.3026266862184572, 2.302636046287341, 2.3026343950858483, 2.302615613815112, 2.302595217411335, 2.30261837824797, 2.3026210558720126, 2.3025930154017913, 2.3026036482590895, 2.3026005463722425, 2.3025929793333395, 2.302586853198516, 2.3025919364048884, 2.3026029152747913, 2.30258509012369, 2.302581416032253, 2.3025856910607754, 2.302593533198039, 2.3025825928419064, 2.3025938902145775, 2.302595373300406, 2.3025734785275582, 2.302592526338039, 2.3025803064688657, 2.3025758657699975, 2.3025609847826836, 2.302567574305412, 2.302584427442306, 2.302568740111131, 2.3025491940669522, 2.302581192896916, 2.3025880434574226, 2.302547342960651, 2.3025660765476714, 2.302576582248394, 2.3025656901873077, 2.302559621517475, 2.302549689855331, 2.3025832567459497, 2.302563683191935, 2.3025662263234454, 2.3025610563082575, 2.302563187403557, 2.3025572000405727, 2.3025587222515007, 2.3025477109811243, 2.302542253640982, 2.3025620124278925, 2.3025386944795265, 2.302549476501269, 2.302539307643206, 2.302555464475583, 2.302552424944364, 2.3025685102511675, 2.302549163500468, 2.3025513624533627, 2.30254667416597, 2.3025472225287023, 2.3025588390154716, 2.30253046353658, 2.3025258376048163, 2.302526609102885, 2.302556505570045, 2.3025481798709966, 2.302558082800645, 2.302532065831698, 2.3025200195801565, 2.3025399746038975, 2.30253215997647, 2.30251871072329], "test_loss": [2.29946813659668, 2.2992900787353516, 2.299125540161133, 2.298973681640625, 2.2988330841064455, 2.2987050506591795, 2.29858486328125, 2.29847470703125, 2.29836884765625, 2.2982734802246094, 2.2981825469970705, 2.2980965576171877, 2.2980163177490236, 2.297937210083008, 2.2978654388427735, 2.2977957061767578, 2.297728955078125, 2.297664178466797, 2.297603903198242, 2.2975430236816408, 2.297487594604492, 2.297431509399414, 2.297379406738281, 2.2973274536132813, 2.2972786041259767, 2.297232162475586, 2.2971874084472654, 2.2971419525146484, 2.297100402832031, 2.297055242919922, 2.2970096954345705, 2.2969710693359375, 2.2969281768798826, 2.2968891571044923, 2.2968488250732424, 2.2968091827392576, 2.296772381591797, 2.2967342834472655, 2.2966945404052734, 2.29665485534668, 2.296618597412109, 2.296581869506836, 2.296543081665039, 2.2965095153808592, 2.296474005126953, 2.296437316894531, 2.2964021728515625, 2.2963664947509765, 2.296332318115234, 2.296298638916016, 2.296267352294922, 2.2962339141845702, 2.2962007904052735, 2.2961662475585936, 2.2961338012695314, 2.2960974670410157, 2.296064114379883, 2.2960297668457033, 2.2959947204589843, 2.2959629089355467, 2.2959320861816406, 2.295900375366211, 2.2958665069580078, 2.2958344909667967, 2.295800732421875, 2.2957676177978517, 2.2957355224609377, 2.2957014587402345, 2.2956708953857423, 2.295639453125, 2.295607098388672, 2.2955739837646485, 2.2955420013427736, 2.2955092346191406, 2.295477474975586, 2.295445315551758, 2.2954119842529295, 2.2953785766601564, 2.295345477294922, 2.295316384887695, 2.2952810607910155, 2.29524875793457, 2.2952173583984377, 2.2951847442626954, 2.295152679443359, 2.295122640991211, 2.295093069458008, 2.29506282043457, 2.2950291290283205, 2.2949974853515624, 2.2949615417480467, 2.294929995727539, 2.294902844238281, 2.29487268371582, 2.294839727783203, 2.2948095062255858, 2.294777685546875, 2.294747476196289, 2.294714270019531, 2.2946825744628905], "test_acc": [10.54, 10.58, 10.67, 10.75, 10.82, 10.78, 10.78, 10.87, 10.96, 11.06, 11.15, 11.17, 11.15, 11.31, 11.35, 11.23, 11.31, 11.38, 11.4, 11.5, 11.53, 11.53, 11.55, 11.65, 11.73, 11.93, 11.96, 12.1, 12.16, 12.39, 12.47, 12.64, 12.6, 12.67, 12.69, 12.81, 12.97, 13.09, 13.17, 13.29, 13.4, 13.47, 13.59, 13.73, 13.78, 13.81, 13.89, 13.91, 14.04, 14.12, 14.22, 14.26, 14.32, 14.35, 14.4, 14.43, 14.51, 14.58, 14.69, 14.81, 14.87, 14.9, 14.89, 14.87, 14.88, 14.94, 14.97, 14.98, 14.95, 15.03, 15.02, 15.09, 15.12, 15.18, 15.26, 15.29, 15.37, 15.41, 15.48, 15.54, 15.58, 15.63, 15.72, 15.84, 15.9, 15.92, 15.94, 16.0, 16.11, 16.16, 16.24, 16.27, 16.29, 16.35, 16.36, 16.4, 16.41, 16.46, 16.53, 16.57]}