{"train_loss": [2.3032913379180124, 2.3027936189602585, 2.302304049027272, 2.3016812813587677, 2.3011037588119505, 2.300479280642974, 2.2996750006308924, 2.2987403826835826, 2.297376663256914, 2.296065932053786, 2.2942016980586906, 2.291862029907031, 2.2893581732725488, 2.2862409212650396, 2.2830146202674277, 2.2795599937438964, 2.275963878631592, 2.272213218150995, 2.2689112761081796, 2.264875492682824, 2.2609038224587072, 2.256262125724401, 2.2517716181583896, 2.247272432767428, 2.2431190038338684, 2.2376469758840707, 2.233513065484854, 2.2292161110119944, 2.224698520318056, 2.2209627946217854, 2.2162819385528563, 2.2144752520781297, 2.2108025098458315, 2.2092725234153945, 2.2056779800317226, 2.204209895011706, 2.2013654287044817, 2.1992436836927367, 2.197214485437442, 2.1941445748011272, 2.1916572564687486, 2.190205768438486, 2.1886818115527813, 2.185638295687162, 2.1841570255083917, 2.1810334199514143, 2.1798864401303804, 2.178317227730384, 2.1759720735060863, 2.174671311867543, 2.1719991867358868, 2.170312383847359, 2.168320261515104, 2.166083235618396, 2.164460984254495, 2.162632984381456, 2.1601396083831785, 2.158816959919074, 2.1559040295772065, 2.154227878497197, 2.1520972637029794, 2.1500588979476536, 2.148159368832906, 2.1463566572238237, 2.1452098614130266, 2.1417860721930477, 2.1396334996590247, 2.1381323667672962, 2.1361677689430043, 2.1327191481223475, 2.1321926245322596, 2.130636618993221, 2.1289397582029683, 2.126388125236218, 2.123305283448635, 2.1225884125782892, 2.1206106341802156, 2.1193270738308247, 2.117615708021017, 2.115737762512305, 2.1144205885055736, 2.113251259388068, 2.1114119661160005, 2.1089817398633715, 2.107590760023166, 2.107183904831226, 2.1064266898693185, 2.1048916251231464, 2.1042318154604005, 2.102267808486254, 2.099690870138315, 2.099550331250215, 2.097364016373952, 2.0969660101792753, 2.096019602433229, 2.0955064449554834, 2.0941014821712787, 2.093259938252278, 2.0913872957229613, 2.0896516060217833], "test_loss": [2.298932092285156, 2.2981633239746095, 2.2973261657714845, 2.29641018371582, 2.2953635894775393, 2.294137158203125, 2.292627703857422, 2.290760763549805, 2.288399658203125, 2.2854862609863282, 2.2818341491699217, 2.277245544433594, 2.271635531616211, 2.265009289550781, 2.2576020477294922, 2.249903369140625, 2.2420347747802736, 2.2340010009765625, 2.2259221893310546, 2.217450198364258, 2.208216354370117, 2.1988539459228518, 2.189296447753906, 2.179010885620117, 2.168466323852539, 2.156886572265625, 2.1462204193115233, 2.1354369415283205, 2.125324691772461, 2.1146731842041016, 2.1045580322265627, 2.095538931274414, 2.0874431243896483, 2.0814836608886718, 2.074602737426758, 2.0682111923217774, 2.0633099533081056, 2.056574642944336, 2.0515632949829103, 2.0450403945922853, 2.039967222595215, 2.0364163635253907, 2.0302104370117187, 2.0245454559326173, 2.019907926940918, 2.014653332519531, 2.0091519424438475, 2.0054054428100585, 2.001158573913574, 1.9964220291137695, 1.9915798858642577, 1.987595588684082, 1.9818583206176759, 1.9768273239135743, 1.9730351928710939, 1.9672342315673828, 1.961326023864746, 1.9588505126953124, 1.952975210571289, 1.9480155395507812, 1.9424897903442382, 1.9380329330444337, 1.9322719161987305, 1.92754842376709, 1.9239161590576173, 1.9184420394897461, 1.9139921920776368, 1.9065192779541016, 1.9005230377197266, 1.8969860107421874, 1.8930246566772462, 1.8874593719482422, 1.8829984878540038, 1.8784621902465821, 1.8715763763427735, 1.8685697616577148, 1.8661431594848632, 1.859730532836914, 1.85495333404541, 1.8529755966186523, 1.8460794815063477, 1.8437339324951172, 1.8380393280029297, 1.8365042999267578, 1.8304552520751953, 1.8282118606567384, 1.8254044723510743, 1.8201551223754884, 1.8172206909179687, 1.814117169189453, 1.8100191513061523, 1.8086462280273436, 1.8049039916992187, 1.8007932525634767, 1.8005241973876953, 1.7966983489990234, 1.7943990798950196, 1.7879748779296876, 1.7869366607666015, 1.786904672241211], "test_acc": [10.63, 11.02, 11.33, 11.59, 12.07, 12.68, 13.58, 14.97, 15.94, 17.19, 17.94, 18.36, 18.27, 18.49, 18.65, 19.0, 19.5, 20.27, 20.91, 21.59, 22.08, 22.73, 23.36, 23.77, 24.17, 24.5, 25.22, 25.47, 25.91, 26.13, 26.3, 26.53, 26.73, 26.91, 27.19, 27.82, 27.86, 27.83, 28.36, 28.57, 28.52, 29.22, 29.38, 29.63, 29.8, 29.93, 30.16, 30.64, 30.56, 31.48, 31.37, 31.83, 31.93, 32.05, 32.86, 32.64, 33.39, 33.43, 33.71, 33.54, 34.28, 33.86, 34.56, 35.11, 35.18, 35.21, 35.31, 35.74, 35.69, 35.99, 36.27, 36.58, 36.65, 36.77, 36.76, 36.98, 37.08, 37.12, 37.31, 37.41, 37.89, 37.68, 37.63, 37.88, 37.97, 38.07, 38.39, 38.49, 38.55, 38.47, 38.8, 38.96, 39.27, 39.12, 39.59, 39.58, 39.4, 39.64, 39.77, 39.91]}