{"train_loss": [2.303507790198693, 2.3033575889391775, 2.3032825145965967, 2.303228937051235, 2.3031165214685294, 2.303076243400574, 2.303013270940536, 2.302957734083518, 2.3029214064280192, 2.3028722029465896, 2.302849164987222, 2.302823248887673, 2.302772674805079, 2.3027847577364016, 2.3027646449896007, 2.3027732280584483, 2.3027387967476476, 2.302683313076313, 2.3027109561822354, 2.302712392807007, 2.30265284990653, 2.3026575724283855, 2.302658443573194, 2.3026405316132768, 2.3026496202517777, 2.302649413011013, 2.3026903684322653, 2.302635405002496, 2.302627263313685, 2.302660353978475, 2.3026720664440057, 2.3026172124422515, 2.3026342605933166, 2.3025798791494125, 2.302623689480317, 2.3026207954455646, 2.302640369610909, 2.3026283013514983, 2.3025930545268913, 2.302612312634786, 2.302584396264492, 2.30257968658056, 2.3025864252677333, 2.302597618714357, 2.3025956123303146, 2.3025750300823113, 2.302603530883789, 2.302644565777901, 2.302592536730644, 2.3025995205610226, 2.3025804238441663, 2.3025901556015014, 2.3026219465793707, 2.3026026236705293, 2.3025661541865423, 2.3025708730404193, 2.302587241392869, 2.3025708314700006, 2.3025923545543963, 2.302593081425398, 2.302611267261016, 2.30261204854036, 2.3025828202565513, 2.3025546165613027, 2.3025772626583394, 2.302579323450724, 2.3025985925625534, 2.3025885325211743, 2.3025708767083977, 2.3025969523649947, 2.3025756297967375, 2.3025693269876335, 2.3026061547108188, 2.302591905838404, 2.30258794931265, 2.302560346554487, 2.302574319105882, 2.302603187316503, 2.302575220205845, 2.3025727895589974, 2.3025801615837294, 2.30257047751011, 2.302554941788698, 2.302559995651245, 2.3025480331518713, 2.302539194547213, 2.3025221170523227, 2.3025276978810627, 2.3025571120090973, 2.302554189853179, 2.3025472182493942, 2.30257205535204, 2.3025478448623264, 2.302575819920271, 2.3025515764187543, 2.3025896549224854, 2.3025854538648556, 2.302545958298903, 2.3025571609154727, 2.3025425440225846], "test_loss": [2.299485430908203, 2.2993184844970704, 2.2991649658203124, 2.2990264923095705, 2.298900103759766, 2.2987814056396485, 2.2986718017578127, 2.298573391723633, 2.2984823547363282, 2.2984009155273437, 2.2983233642578127, 2.298253015136719, 2.298187368774414, 2.2981259033203125, 2.298064895629883, 2.2980093902587893, 2.297960824584961, 2.2979108306884766, 2.297867401123047, 2.2978212493896484, 2.2977773986816405, 2.297736639404297, 2.2977003936767577, 2.2976662048339844, 2.2976277435302737, 2.297592727661133, 2.297560275268555, 2.29752663269043, 2.2974987884521485, 2.29747102355957, 2.297444647216797, 2.2974153839111326, 2.2973880584716797, 2.297360922241211, 2.2973358673095703, 2.2973097869873045, 2.2972834106445315, 2.2972606506347657, 2.2972377716064454, 2.2972173583984374, 2.297197317504883, 2.2971728240966796, 2.2971500183105467, 2.297126062011719, 2.297107080078125, 2.2970825958251955, 2.2970605072021484, 2.297040182495117, 2.2970211334228514, 2.297000811767578, 2.2969764923095704, 2.2969574615478514, 2.2969321533203124, 2.2969097290039064, 2.296888952636719, 2.296869580078125, 2.2968505554199217, 2.2968344665527343, 2.296812097167969, 2.2967936767578125, 2.2967767150878906, 2.296756137084961, 2.2967361297607423, 2.2967174194335938, 2.2966989166259766, 2.2966822174072266, 2.2966612762451173, 2.2966419647216796, 2.296622134399414, 2.296600360107422, 2.296582321166992, 2.2965637969970705, 2.29654384765625, 2.2965253021240235, 2.296507888793945, 2.2964816864013673, 2.296461135864258, 2.296443569946289, 2.2964278747558593, 2.296410534667969, 2.296393640136719, 2.2963815216064454, 2.296358251953125, 2.296342840576172, 2.2963247985839845, 2.296303402709961, 2.2962797149658205, 2.296258190917969, 2.2962397003173827, 2.2962150085449218, 2.296198077392578, 2.2961835510253907, 2.2961661834716796, 2.296151141357422, 2.296131002807617, 2.2961110595703125, 2.2960994079589843, 2.296078070068359, 2.2960609802246092, 2.296041604614258], "test_acc": [10.54, 10.59, 10.61, 10.7, 10.77, 10.77, 10.73, 10.73, 10.77, 10.72, 10.81, 10.78, 10.85, 11.06, 11.07, 11.15, 11.19, 11.21, 11.17, 11.16, 11.29, 11.27, 11.34, 11.45, 11.47, 11.49, 11.41, 11.44, 11.51, 11.67, 11.65, 11.77, 11.84, 11.92, 11.99, 12.04, 12.05, 12.18, 12.3, 12.38, 12.34, 12.47, 12.51, 12.66, 12.8, 12.8, 12.79, 12.94, 12.93, 12.98, 13.1, 13.24, 13.28, 13.34, 13.44, 13.46, 13.5, 13.61, 13.68, 13.73, 13.82, 13.84, 13.92, 13.97, 13.95, 13.98, 14.0, 14.05, 14.06, 14.07, 14.07, 14.15, 14.22, 14.24, 14.31, 14.34, 14.42, 14.49, 14.51, 14.57, 14.61, 14.66, 14.68, 14.7, 14.74, 14.76, 14.78, 14.79, 14.75, 14.81, 14.84, 14.94, 14.94, 14.93, 14.99, 15.05, 15.12, 15.21, 15.21, 15.23]}