{"train_loss": [2.303479100496341, 2.3033169575226613, 2.303248001367618, 2.3032031872333625, 2.3030797585462914, 2.303046383613195, 2.302981869991009, 2.302924749790094, 2.302890192545377, 2.30283798743517, 2.3028178062194433, 2.302792958724193, 2.302735413649143, 2.3027569862512443, 2.302736055545318, 2.302752257616092, 2.30271285986289, 2.302644161688976, 2.302683821091285, 2.302686921755473, 2.302613301154895, 2.3026215486037427, 2.302624888297839, 2.3026034575242265, 2.3026156798387185, 2.3026157648135452, 2.302670758198469, 2.3026010232094007, 2.302591579999679, 2.30263395798512, 2.3026493579913407, 2.302578467589158, 2.3026030650505653, 2.3025318818214613, 2.302588405364599, 2.3025840661464594, 2.302609738936791, 2.3025959980793487, 2.302549090752235, 2.30257463883131, 2.302539995389107, 2.302531993083465, 2.302541589125609, 2.3025557866463293, 2.302552416997078, 2.302524691972977, 2.3025632625971086, 2.302614136842581, 2.3025492026255683, 2.3025581861153626, 2.302531535197527, 2.30254491964976, 2.3025841621252208, 2.302560943823594, 2.302511654756008, 2.302520323411012, 2.30254058104295, 2.302521247741504, 2.3025435918416735, 2.3025469199205055, 2.3025721488854822, 2.302571368828798, 2.3025343283628805, 2.3024964552659255, 2.302527831762265, 2.302529849150242, 2.3025510146067694, 2.3025406984182504, 2.302519141099392, 2.3025501465186093, 2.302522124388279, 2.3025142571864983, 2.302562107795324, 2.3025429126543875, 2.3025395448391253, 2.302499603613829, 2.302517485007262, 2.302556471946912, 2.3025218474559295, 2.302517089476952, 2.3025268432421564, 2.302517411647699, 2.30249265951988, 2.3025024640254483, 2.3024840367146027, 2.302472852437924, 2.3024493089089026, 2.3024562010398277, 2.302496599539732, 2.3024897697644358, 2.3024824497027274, 2.302518845215822, 2.3024836968152953, 2.302520048312652, 2.302485134662726, 2.302534949473846, 2.3025322871330456, 2.302478463221819, 2.3024932488417016, 2.302472036924118], "test_loss": [2.2994799407958983, 2.2993063751220704, 2.2991457916259765, 2.2990007629394533, 2.2988683502197267, 2.2987427368164064, 2.2986259979248045, 2.2985206512451173, 2.298422912597656, 2.2983358551025392, 2.298251232910156, 2.2981749633789064, 2.2981032012939453, 2.2980345428466795, 2.2979653106689453, 2.2979022033691408, 2.2978467193603516, 2.2977886169433592, 2.297739685058594, 2.2976854309082033, 2.29763512878418, 2.2975871063232423, 2.297544494628906, 2.2975044036865233, 2.2974587585449218, 2.297416326904297, 2.2973766326904297, 2.297334652709961, 2.2973013549804686, 2.297265182495117, 2.2972316009521485, 2.2971944610595703, 2.2971584777832033, 2.2971229248046874, 2.2970903076171876, 2.2970571563720705, 2.297021505737305, 2.296990896606445, 2.2969611267089842, 2.2969324310302732, 2.296903662109375, 2.296869924926758, 2.2968404693603515, 2.2968074615478518, 2.29678078918457, 2.2967480041503907, 2.2967165802001954, 2.296688879394531, 2.296662301635742, 2.2966338104248045, 2.296601681518555, 2.296572637939453, 2.296538229370117, 2.2965075439453124, 2.29647822265625, 2.2964492279052733, 2.296421673583984, 2.2963990509033203, 2.296367477416992, 2.2963381713867186, 2.2963129760742187, 2.296284979248047, 2.296252865600586, 2.2962233764648436, 2.2961969909667967, 2.2961709899902343, 2.2961399017333983, 2.2961116455078123, 2.2960810455322265, 2.2960497131347655, 2.2960221435546875, 2.2959952362060547, 2.295966369628906, 2.2959368560791016, 2.2959121368408204, 2.2958741638183593, 2.295841271972656, 2.295815692138672, 2.2957889404296874, 2.2957643951416014, 2.2957390869140624, 2.2957185974121095, 2.2956861450195314, 2.2956594909667967, 2.2956329833984377, 2.2956016632080076, 2.2955672637939455, 2.2955359619140623, 2.295508541870117, 2.295472573852539, 2.295444985961914, 2.2954227569580077, 2.295393817138672, 2.295370169067383, 2.2953391174316407, 2.2953081176757815, 2.295285400390625, 2.2952543884277343, 2.2952274993896484, 2.2951997528076173], "test_acc": [10.52, 10.6, 10.62, 10.7, 10.8, 10.74, 10.77, 10.83, 10.88, 10.91, 10.9, 10.95, 10.98, 11.11, 11.27, 11.27, 11.25, 11.33, 11.38, 11.43, 11.39, 11.41, 11.38, 11.34, 11.38, 11.49, 11.5, 11.52, 11.66, 11.71, 11.73, 11.86, 12.0, 11.94, 11.97, 12.1, 12.17, 12.36, 12.46, 12.54, 12.67, 12.77, 12.88, 12.96, 12.98, 13.03, 13.0, 13.07, 13.18, 13.25, 13.34, 13.45, 13.51, 13.57, 13.59, 13.72, 13.74, 13.85, 13.87, 13.96, 13.99, 14.06, 14.23, 14.24, 14.26, 14.27, 14.28, 14.38, 14.43, 14.47, 14.56, 14.56, 14.62, 14.76, 14.84, 14.88, 14.92, 14.97, 14.98, 15.06, 15.11, 15.17, 15.22, 15.23, 15.26, 15.36, 15.31, 15.37, 15.36, 15.36, 15.4, 15.43, 15.44, 15.52, 15.54, 15.53, 15.54, 15.63, 15.68, 15.76]}