{"train_loss": [2.3035177304194523, 2.3031844304158136, 2.3030331367101424, 2.3027849215727585, 2.30253925934816, 2.3023361444473265, 2.3020798469201114, 2.3018231777044442, 2.3015766321084437, 2.3013088825421457, 2.300982805398794, 2.300651679894863, 2.300368053485186, 2.299955755013686, 2.2995748018607114, 2.2991748498036313, 2.2986811527839075, 2.2982293997055443, 2.297711688432938, 2.297209725013146, 2.296621758509905, 2.295966846514971, 2.2953028159263806, 2.2946916091136442, 2.294065862435561, 2.2934134593376747, 2.292755842820192, 2.2920474951083842, 2.2912600407233605, 2.290576505049681, 2.2897601592235075, 2.2889982730914387, 2.2883132610565577, 2.2874339825067764, 2.286684266726176, 2.285951519012451, 2.285231140943674, 2.2843597387656187, 2.2835602638049, 2.2826512941947352, 2.28165216140258, 2.281082373399001, 2.28013988947257, 2.2791114984414516, 2.278558071454366, 2.2775929530461627, 2.2770767755997485, 2.276289222179315, 2.275568391726567, 2.2749440266535834, 2.273973842767569, 2.2733563392590255, 2.2728738656410803, 2.272301974052038, 2.271602016228896, 2.271016196715526, 2.2705568558130507, 2.269987920614389, 2.269324403542739, 2.2686130162997125, 2.2684190328304585, 2.2678366110875054, 2.2675701000751594, 2.266971275745294, 2.266863027597085, 2.2661818149762274, 2.2657059486095723, 2.265590857848143, 2.265019602041978, 2.2648303942802626, 2.2642018379309237, 2.2641532531151403, 2.2637709263043524, 2.2632106065750124, 2.2626645950170663, 2.2624864883911915, 2.261888066927592, 2.261879151295393, 2.26136425275069, 2.2610461400105404, 2.2605300126931605, 2.2600174402579283, 2.259869505197574, 2.2592806797761185, 2.2588449612641948, 2.2583387937301245, 2.2583124894362228, 2.2577096553949207, 2.257744981081058, 2.2569807663941996, 2.256631598717127, 2.2559944006112906, 2.25584513652019, 2.2557139604519576, 2.2551578552295, 2.2547205643776134, 2.254496471087138, 2.2537702285326446, 2.253445888788272, 2.2529796178524313], "test_loss": [2.2991685729980467, 2.298674868774414, 2.298177572631836, 2.297663006591797, 2.2971349517822266, 2.296578497314453, 2.295993701171875, 2.2953523162841796, 2.2946566467285154, 2.2938824829101563, 2.2930288269042967, 2.2920762359619142, 2.291027914428711, 2.28984423828125, 2.2885356231689453, 2.28708310546875, 2.2854813629150392, 2.2837292755126954, 2.2818225799560548, 2.279755795288086, 2.2775342956542968, 2.2751592407226564, 2.272642532348633, 2.2700093322753907, 2.2673187561035157, 2.264486578369141, 2.2616309875488283, 2.258726611328125, 2.2557360565185545, 2.252705999755859, 2.249582595825195, 2.2464789825439455, 2.2433531768798827, 2.240119821166992, 2.2369213287353515, 2.2336141052246092, 2.2303519287109377, 2.2268151916503904, 2.223530316162109, 2.21991184387207, 2.2163286560058593, 2.2126918182373045, 2.209018423461914, 2.2053126708984374, 2.2015952911376955, 2.1976469451904297, 2.194284619140625, 2.190523434448242, 2.186879058837891, 2.1835866271972657, 2.1797619873046874, 2.1770178985595705, 2.173474435424805, 2.1700797668457033, 2.1670319580078123, 2.1635211639404295, 2.1607776885986327, 2.158266555786133, 2.155053811645508, 2.151792498779297, 2.149191497802734, 2.1467184387207032, 2.1448184997558593, 2.142793371582031, 2.140399935913086, 2.137942135620117, 2.1361381744384764, 2.1338480377197264, 2.1315436126708986, 2.1300768463134765, 2.1281755523681642, 2.1264593627929687, 2.124049752807617, 2.122480334472656, 2.120577294921875, 2.1186109375, 2.117174951171875, 2.115506774902344, 2.1133352844238282, 2.111859158325195, 2.110006622314453, 2.108087634277344, 2.106491079711914, 2.1047324462890624, 2.1029610229492186, 2.1003206756591797, 2.0990526123046873, 2.097500604248047, 2.0959955261230467, 2.0938715759277344, 2.0925221069335938, 2.0906662200927735, 2.089005358886719, 2.086747869873047, 2.085202163696289, 2.0834570556640624, 2.081684326171875, 2.0798635192871093, 2.0775035247802736, 2.0762817779541014], "test_acc": [10.6, 10.69, 10.97, 11.11, 11.24, 11.43, 11.76, 12.21, 12.65, 13.4, 14.1, 14.78, 15.57, 16.38, 17.19, 17.7, 18.07, 18.45, 18.67, 18.58, 18.95, 19.05, 19.33, 19.63, 19.91, 20.21, 20.3, 20.63, 21.08, 21.34, 21.47, 21.88, 22.14, 22.53, 22.74, 22.99, 23.5, 23.79, 24.22, 24.37, 24.52, 24.66, 25.03, 25.24, 25.33, 25.69, 25.86, 26.02, 26.14, 26.23, 26.44, 26.61, 26.83, 26.9, 27.14, 27.29, 27.31, 27.28, 27.39, 27.69, 27.73, 27.74, 27.98, 28.11, 28.27, 28.28, 28.3, 28.6, 28.78, 28.99, 29.21, 29.24, 29.52, 29.56, 29.7, 29.81, 29.94, 30.04, 30.48, 30.31, 30.47, 30.49, 30.75, 31.04, 31.01, 31.06, 31.24, 31.37, 31.55, 31.77, 31.91, 31.91, 32.23, 32.33, 32.55, 32.54, 32.67, 33.15, 33.28, 33.29]}