{"train_loss": [2.3033858666053186, 2.303212626775106, 2.302979663090828, 2.302796843724373, 2.302613968726916, 2.3023815613526564, 2.302278027167687, 2.3020424127578734, 2.3018597058760815, 2.301633028495006, 2.301492480742626, 2.3011876625892445, 2.301077812145918, 2.3008486362603993, 2.300574410878695, 2.3003887482178516, 2.3001112369390633, 2.2998731600932585, 2.2995045295128453, 2.299281458976941, 2.2989864306572154, 2.298469757422423, 2.2981909702985717, 2.297875752204504, 2.297404769139412, 2.297179477642744, 2.2967016813082575, 2.2965536148120194, 2.2960517498163076, 2.295524626511794, 2.2950089442424284, 2.2947454941578402, 2.2944148528270234, 2.2938011285586235, 2.2936581269288676, 2.2930748627736017, 2.2928999423980714, 2.292233297152397, 2.2918045098964983, 2.2914047430723143, 2.291096842594636, 2.290224327185215, 2.2899581242830327, 2.2894425612229568, 2.289195211117084, 2.288567531414521, 2.2881884776628936, 2.2874839305877686, 2.287743180226057, 2.286934595841628, 2.286496062156482, 2.2862974130190334, 2.285170158973107, 2.2848410074527448, 2.2844829455400126, 2.284317408463894, 2.284024278934185, 2.2837188806289284, 2.283679548899333, 2.2826786970480892, 2.282714452498998, 2.2820660915130224, 2.2820415068895388, 2.2814306253041976, 2.281635967279092, 2.2810892465787056, 2.2805147708990634, 2.28038838826693, 2.2803157366239106, 2.2795801523404244, 2.279520119153536, 2.2794798887692966, 2.279651570931459, 2.279294046988854, 2.278850216743274, 2.278853071652926, 2.2781004294370995, 2.2780758344210112, 2.27826341849107, 2.2778807688982057, 2.2778004028858283, 2.2773612010173307, 2.27715269724528, 2.2770634700090455, 2.2767234459901466, 2.276950301268162, 2.276235081599309, 2.2763967232826428, 2.276547829921429, 2.2762105305989584, 2.275946728999798, 2.275870625789349, 2.2753915823422943, 2.2755442472604606, 2.275445088973412, 2.274932649196723, 2.274558111337515, 2.2748654964642645, 2.2744507135489047, 2.274230982707097], "test_loss": [2.299233840942383, 2.2988064086914064, 2.298384539794922, 2.2979477111816404, 2.2975031524658203, 2.2970433807373047, 2.2965663024902345, 2.296063348388672, 2.295535189819336, 2.294954083251953, 2.294324768066406, 2.29364319152832, 2.2929031768798827, 2.2920921234130858, 2.291193060302734, 2.2902537719726563, 2.289214337158203, 2.2880742370605467, 2.28685950012207, 2.285578515625, 2.2842075622558595, 2.2827117919921873, 2.281174740600586, 2.2795285247802735, 2.2777752532958986, 2.2759785736083984, 2.2741027404785155, 2.272252651977539, 2.2703480987548827, 2.268300924682617, 2.266134829711914, 2.2640571655273436, 2.2619961029052735, 2.2598909393310547, 2.2578763763427734, 2.2556043884277344, 2.253510836791992, 2.2512107513427733, 2.2490084655761717, 2.246785372924805, 2.244750784301758, 2.2422983154296876, 2.240045953369141, 2.2376836700439453, 2.2351779663085938, 2.232645327758789, 2.2302611572265625, 2.2275086212158204, 2.225439108276367, 2.2232550689697264, 2.2207878051757812, 2.218848764038086, 2.2155629516601563, 2.21356862487793, 2.2109099670410157, 2.208440200805664, 2.20619250793457, 2.203933679199219, 2.2017769195556642, 2.1996785278320314, 2.1973548370361327, 2.194922735595703, 2.1927425262451172, 2.1908064849853517, 2.1889291107177735, 2.186203384399414, 2.1844483642578125, 2.182056671142578, 2.1809829345703124, 2.178897473144531, 2.177790841674805, 2.1752803771972657, 2.1743532318115233, 2.1729237274169924, 2.1708933044433594, 2.1694079406738283, 2.1675522735595703, 2.166502035522461, 2.1656576385498045, 2.1646661071777342, 2.163615234375, 2.161776583862305, 2.1602200134277343, 2.1595613159179687, 2.1585172546386717, 2.1568513977050783, 2.155783581542969, 2.154323260498047, 2.1541363067626955, 2.152935821533203, 2.1511762023925782, 2.151229653930664, 2.1497779693603514, 2.1484229278564455, 2.1477654235839845, 2.1468589874267576, 2.1463308044433593, 2.1454920959472656, 2.1439091583251955, 2.1428082092285154], "test_acc": [10.61, 10.83, 11.05, 11.31, 11.81, 12.16, 12.4, 12.8, 13.16, 13.45, 14.05, 14.59, 14.92, 15.37, 15.75, 16.06, 16.33, 16.59, 16.72, 17.06, 17.16, 17.42, 17.86, 18.13, 18.34, 18.54, 18.64, 18.86, 18.99, 19.35, 19.55, 19.96, 20.24, 20.57, 20.68, 21.08, 21.34, 21.39, 21.79, 22.07, 22.58, 22.82, 23.14, 23.29, 23.54, 23.78, 24.07, 24.06, 24.23, 24.32, 24.77, 24.91, 24.78, 24.95, 25.09, 25.47, 25.53, 25.75, 25.72, 25.95, 26.07, 26.17, 26.11, 26.28, 26.37, 26.3, 26.52, 26.6, 26.83, 26.89, 26.97, 27.02, 27.12, 27.24, 27.14, 27.34, 27.48, 27.61, 27.75, 27.85, 27.89, 27.93, 28.02, 28.16, 28.28, 28.48, 28.48, 28.58, 28.82, 28.88, 28.91, 28.98, 29.3, 29.2, 29.36, 29.33, 29.51, 29.6, 29.67, 29.77]}