{"train_loss": [2.3035766632128984, 2.303447163410676, 2.3033478632951394, 2.303248380392026, 2.303173340895237, 2.3030954501567744, 2.3030280376091983, 2.3029671198282484, 2.302919277166709, 2.302870340836354, 2.302830260839218, 2.302787150480808, 2.3027600147785283, 2.302721530963213, 2.30270434098366, 2.3026821203720877, 2.302655772673778, 2.3026378894463564, 2.3026203614014844, 2.3026067091868474, 2.302590678899716, 2.302569980499072, 2.3025489733769344, 2.3025428203436045, 2.3025351279821153, 2.3025224349437616, 2.3025123620644594, 2.3025140462777554, 2.3025033535101476, 2.3024986169277093, 2.3024888747777696, 2.302474682759016, 2.3024832322047306, 2.3024593402177858, 2.302444999645918, 2.3024453046994333, 2.3024395429171047, 2.302432719255105, 2.3024230058376607, 2.3024232014631614, 2.302411377735627, 2.3023978502322464, 2.3024098408527864, 2.3023835023244223, 2.302386527795058, 2.302381730079651, 2.302381544235425, 2.3023757133728417, 2.302348418113513, 2.302358374840174, 2.3023515682954057, 2.302339144853445, 2.3023362948344306, 2.302323524768536, 2.302319596363948, 2.3023187013772817, 2.3023060254561596, 2.3023072890746286, 2.3022933629842903, 2.30229373895205, 2.302291456246987, 2.3022830394598155, 2.3022723864286374, 2.3022619009017946, 2.302253847855788, 2.302242511969346, 2.3022537127519267, 2.302234324430808, 2.302240352752881, 2.302223569307572, 2.302212655238616, 2.302218932983203, 2.3021962471497366, 2.302205348626161, 2.302203148450607, 2.302194281724783, 2.3021792790828606, 2.3021785583251564, 2.302168941497803, 2.3021670255905544, 2.3021511921515834, 2.302154424251654, 2.3021471445377055, 2.3021353678825576, 2.3021265378365148, 2.302123982478411, 2.3021117161481808, 2.30210968653361, 2.3021068933682565, 2.302082049540984, 2.3020843108495077, 2.3020811203198557, 2.3020703162902443, 2.3020719320346146, 2.3020580487373548, 2.3020586808522543, 2.3020498752593994, 2.3020303432758036, 2.3020372604712462, 2.3020176795812755], "test_loss": [2.2994359313964843, 2.299222430419922, 2.299023779296875, 2.298837091064453, 2.298661572265625, 2.2984960052490235, 2.2983389923095703, 2.298189147949219, 2.298045767211914, 2.297908563232422, 2.2977759887695313, 2.297647933959961, 2.2975232391357423, 2.2974014373779297, 2.2972836822509763, 2.297168670654297, 2.2970557708740236, 2.29694460144043, 2.296836752319336, 2.2967290100097655, 2.2966237762451174, 2.296517562866211, 2.2964100402832033, 2.2963050903320315, 2.296202133178711, 2.296099645996094, 2.29599814453125, 2.295898175048828, 2.295797152709961, 2.2956961364746094, 2.295593994140625, 2.295492391967773, 2.2953916290283205, 2.295290509033203, 2.2951889617919923, 2.295086587524414, 2.2949851837158204, 2.2948813049316406, 2.2947756469726563, 2.2946720520019532, 2.2945662689208985, 2.294459979248047, 2.2943532653808596, 2.2942459533691406, 2.294138949584961, 2.294031921386719, 2.2939255981445315, 2.293817727661133, 2.2937080322265624, 2.293598458862305, 2.2934882232666016, 2.293377975463867, 2.29326643371582, 2.2931539123535156, 2.293041128540039, 2.292930160522461, 2.292815155029297, 2.2927015258789063, 2.2925850158691405, 2.29246982421875, 2.29235270690918, 2.29223430480957, 2.2921154815673828, 2.291994842529297, 2.2918756134033202, 2.291755810546875, 2.291638037109375, 2.2915174743652345, 2.291396810913086, 2.2912721252441406, 2.2911491760253906, 2.2910266357421873, 2.290903112792969, 2.290779751586914, 2.2906566833496096, 2.290532632446289, 2.290406018066406, 2.2902804626464843, 2.290154183959961, 2.2900272308349607, 2.2898973876953126, 2.289768420410156, 2.28963932800293, 2.2895070892333984, 2.289379895019531, 2.289246859741211, 2.289112698364258, 2.288979574584961, 2.2888463623046875, 2.288711666870117, 2.2885786468505858, 2.2884413452148435, 2.2883083770751953, 2.288172595214844, 2.2880341217041016, 2.287898458862305, 2.28776291809082, 2.287622543334961, 2.28748503112793, 2.287344924926758], "test_acc": [10.55, 10.6, 10.61, 10.76, 10.83, 10.85, 10.86, 10.9, 10.95, 10.96, 11.06, 11.08, 11.18, 11.31, 11.34, 11.42, 11.56, 11.64, 11.63, 11.77, 11.76, 12.01, 12.26, 12.4, 12.77, 13.04, 13.26, 13.38, 13.64, 13.81, 13.95, 14.04, 14.35, 14.57, 14.93, 15.12, 15.29, 15.54, 15.68, 15.87, 16.04, 16.08, 16.22, 16.34, 16.45, 16.58, 16.71, 16.87, 17.03, 17.09, 17.27, 17.33, 17.44, 17.54, 17.67, 17.73, 17.75, 17.86, 17.87, 18.0, 18.01, 18.15, 18.14, 18.2, 18.27, 18.41, 18.41, 18.38, 18.55, 18.67, 18.72, 18.75, 18.78, 18.82, 18.98, 19.06, 19.14, 19.15, 19.23, 19.29, 19.29, 19.39, 19.44, 19.46, 19.54, 19.64, 19.66, 19.76, 19.83, 19.89, 20.04, 20.09, 20.12, 20.25, 20.27, 20.38, 20.5, 20.48, 20.55, 20.52]}