{"train_loss": [2.3035991839873486, 2.303461144520686, 2.3033487680630804, 2.3032473399088933, 2.303162082647666, 2.30308615060953, 2.303013785680135, 2.302940725057553, 2.3028951498178336, 2.3028386782377193, 2.3027863918206632, 2.3027529643132136, 2.302714546521505, 2.3026755174001057, 2.3026410683607446, 2.3026283851036657, 2.3025923563883857, 2.3025686740875244, 2.302546820885096, 2.3025286277135213, 2.3025117409534945, 2.302489106471722, 2.3024639245791314, 2.3024527818728715, 2.302432693579258, 2.3024247138928144, 2.3024060756732254, 2.302406152089437, 2.302392584238297, 2.302385098506243, 2.3023642619450886, 2.3023489835934763, 2.3023503474700147, 2.3023273963194626, 2.3023079297481437, 2.302308175502679, 2.30228827610994, 2.3022819170585045, 2.3022702626692944, 2.3022614748050003, 2.3022364842586027, 2.302228584045019, 2.302224844541305, 2.302206721061315, 2.3021937834910857, 2.3021721729865443, 2.3021783626996553, 2.3021664808958007, 2.30215370227129, 2.3021500318478316, 2.3021251984131643, 2.3021175029950265, 2.3021006981531777, 2.302083230018616, 2.302078751417307, 2.302074037454067, 2.302058562865624, 2.3020445530231184, 2.302034643980173, 2.3020193295601086, 2.3020281333189745, 2.3020059518325025, 2.301989813340016, 2.301969763560173, 2.301966702632415, 2.301951951858325, 2.30194746530973, 2.301915995279948, 2.301923855757102, 2.3018886297177046, 2.3018929683245144, 2.3018799525040845, 2.3018524597852656, 2.3018433576975115, 2.301850635577471, 2.301831122545096, 2.3018152273618258, 2.3018046379089356, 2.3017932940752077, 2.3017818848292033, 2.30176219084324, 2.3017592943631686, 2.3017502240645578, 2.301733670479212, 2.3017154320692406, 2.3017034347240743, 2.3016925640595267, 2.3016804334444876, 2.3016738818242, 2.3016551219500028, 2.301636484341744, 2.301636285048265, 2.3016125966341066, 2.301600963030106, 2.301596755859179, 2.3015785828614845, 2.301572141891871, 2.3015451364028148, 2.301544644893744, 2.301526291553791], "test_loss": [2.299417694091797, 2.299185833740234, 2.298968405151367, 2.2987629272460937, 2.2985688537597655, 2.298383935546875, 2.298206463623047, 2.298036068725586, 2.2978717224121095, 2.2977130950927735, 2.297557696533203, 2.2974055267333986, 2.297255661010742, 2.297107974243164, 2.2969643646240234, 2.2968216644287107, 2.296679266357422, 2.2965383575439455, 2.2963986175537108, 2.2962603912353514, 2.2961212280273435, 2.2959829345703127, 2.295844387817383, 2.2957066467285157, 2.2955674865722657, 2.295427209472656, 2.295286462402344, 2.2951455108642578, 2.295002420043945, 2.2948594879150392, 2.294714306640625, 2.29456796875, 2.294421536254883, 2.2942717498779297, 2.294122332763672, 2.293970785522461, 2.2938183746337892, 2.2936642822265627, 2.2935086547851564, 2.293352429199219, 2.29319326171875, 2.293032595825195, 2.2928703704833984, 2.292707272338867, 2.292542575073242, 2.2923763763427734, 2.2922098052978517, 2.292042541503906, 2.291873236083984, 2.2917037200927735, 2.291530728149414, 2.291360528564453, 2.2911847717285156, 2.2910062255859374, 2.290827700805664, 2.290652340698242, 2.2904732147216795, 2.2902918212890624, 2.2901087280273438, 2.289924072265625, 2.289739993286133, 2.2895517791748046, 2.2893658660888674, 2.2891747436523437, 2.2889853118896486, 2.288794790649414, 2.288605197143555, 2.2884095611572266, 2.2882168731689454, 2.2880170013427734, 2.287820529174805, 2.2876234436035157, 2.2874224731445314, 2.2872206787109377, 2.287021578979492, 2.2868210418701174, 2.2866154388427735, 2.2864107147216797, 2.286204837036133, 2.2859995056152345, 2.285791781616211, 2.285584243774414, 2.285375604248047, 2.2851666015625, 2.2849575927734374, 2.284744692993164, 2.2845315826416015, 2.284318060302734, 2.284103335571289, 2.283887585449219, 2.2836732940673827, 2.283453497314453, 2.2832349853515623, 2.2830177307128907, 2.2827954193115234, 2.282577197265625, 2.282355438232422, 2.2821332855224608, 2.2819102142333985, 2.2816890747070313], "test_acc": [10.51, 10.64, 10.66, 10.8, 10.86, 10.91, 10.9, 10.92, 10.95, 11.03, 11.1, 11.18, 11.3, 11.41, 11.53, 11.66, 11.84, 11.94, 12.08, 12.29, 12.67, 12.95, 13.23, 13.33, 13.63, 14.11, 14.4, 14.57, 14.81, 15.14, 15.52, 15.75, 16.0, 16.18, 16.3, 16.4, 16.63, 16.87, 17.11, 17.18, 17.32, 17.45, 17.62, 17.69, 17.72, 17.88, 18.01, 18.12, 18.22, 18.36, 18.49, 18.48, 18.54, 18.67, 18.66, 18.71, 18.77, 18.87, 18.98, 19.05, 19.11, 19.18, 19.16, 19.23, 19.36, 19.39, 19.52, 19.6, 19.66, 19.72, 19.75, 19.91, 19.94, 20.03, 20.1, 20.17, 20.36, 20.36, 20.41, 20.49, 20.6, 20.69, 20.76, 20.79, 20.81, 20.95, 21.01, 21.04, 21.05, 21.17, 21.21, 21.21, 21.21, 21.23, 21.29, 21.37, 21.36, 21.36, 21.49, 21.51]}