{"train_loss": [2.303407771159441, 2.3029171656339598, 2.302546127025898, 2.3021780081284353, 2.301767607835623, 2.3013269503911338, 2.3007757804332636, 2.300000367409144, 2.2994097373424434, 2.2985960104526617, 2.297546944862757, 2.296442464681772, 2.295203863657438, 2.2936457523932825, 2.2921171396206588, 2.290323624244103, 2.288317987246391, 2.2863845776288936, 2.284332662362319, 2.282137705729558, 2.280002098817092, 2.277870395856026, 2.2753743819701366, 2.2730216154685388, 2.2704989690047044, 2.2681688174223287, 2.265458177908873, 2.262899523514968, 2.260298871382689, 2.257582356990912, 2.2546836981406577, 2.2524209597171883, 2.2495412319134442, 2.247157219128731, 2.2445957764601094, 2.2424386446292583, 2.2408738668148334, 2.2392668595680822, 2.2366089276778394, 2.2347521659655447, 2.2332384060590695, 2.2321605627353374, 2.2304693246499085, 2.2280729147104115, 2.227002871953524, 2.2263973810733892, 2.22480819836641, 2.224031564516899, 2.2227665228721425, 2.220132512923999, 2.219479195276896, 2.2187553399648423, 2.2175777453642627, 2.216005713511736, 2.21492470288888, 2.2134912924888805, 2.2115464088244314, 2.2113790145287147, 2.209931983703222, 2.2079605316504454, 2.2074588995713453, 2.204795718804384, 2.204794775522672, 2.2032213498384525, 2.203140518604181, 2.201015128233494, 2.1999979013051743, 2.1992920624904144, 2.198217119926061, 2.1963674288529615, 2.195146949474628, 2.1941544434963127, 2.19269924836281, 2.1926199900798307, 2.190946476887434, 2.19025344481835, 2.188008768741901, 2.1881816521669046, 2.1866049986619216, 2.1849893148128805, 2.184122610092163, 2.182408865292867, 2.1815705140431723, 2.1795506807473988, 2.178858685493469, 2.17778750260671, 2.176564941039452, 2.175865216132922, 2.1748817504980624, 2.1730772727575056, 2.1720222998888064, 2.17196038991977, 2.170720895742759, 2.16958826199556, 2.168750871756138, 2.166918085171626, 2.1670770418949616, 2.1650903787368385, 2.163956486261808, 2.1635728365335707], "test_loss": [2.299016305541992, 2.298341247558594, 2.2976279846191408, 2.2968636962890625, 2.296021322631836, 2.2950695037841795, 2.293964163208008, 2.2926675048828127, 2.2911155822753906, 2.2892824645996095, 2.2870777954101564, 2.28442692565918, 2.2812782501220705, 2.2775551239013674, 2.27330595703125, 2.26857587890625, 2.2633179595947266, 2.2579050994873047, 2.252383401489258, 2.2465633270263674, 2.240733206176758, 2.234870669555664, 2.228465737915039, 2.2220689788818357, 2.2153122467041015, 2.208583071899414, 2.201308657836914, 2.1943711059570314, 2.1874220367431643, 2.1795448944091795, 2.1710795654296877, 2.1634734649658203, 2.155634097290039, 2.1479240783691407, 2.14074453125, 2.132997052001953, 2.1273462890625, 2.120202276611328, 2.113953012084961, 2.1084968139648437, 2.1036669891357422, 2.0986880310058593, 2.0942464263916016, 2.0866360900878904, 2.0831819702148437, 2.078310218811035, 2.074607321166992, 2.0706028121948243, 2.0681678192138673, 2.0640962829589844, 2.0607541381835937, 2.057568162536621, 2.0530393188476563, 2.0492179870605467, 2.0462984725952147, 2.041345608520508, 2.038456474304199, 2.0344697341918945, 2.0305214431762697, 2.026772309875488, 2.023893084716797, 2.019086038208008, 2.0164419692993163, 2.013288700866699, 2.0084000289916992, 2.0064116790771482, 2.003842842102051, 1.998678108215332, 1.9958911682128906, 1.9918966720581055, 1.9892133270263672, 1.983827296447754, 1.9800553009033204, 1.9760296752929687, 1.9752896881103517, 1.9724925811767577, 1.9667194107055663, 1.9629176071166992, 1.9597096725463867, 1.9573257659912109, 1.9544936645507813, 1.947976998901367, 1.9466199813842773, 1.9422980712890625, 1.938482989501953, 1.9336992904663086, 1.9327136688232422, 1.92797705078125, 1.9252767517089844, 1.9219658004760742, 1.9177991958618164, 1.914693911743164, 1.9095620986938477, 1.9070949844360352, 1.9056664657592775, 1.9018010772705078, 1.8969002792358398, 1.8964859619140626, 1.8918738479614259, 1.8899477310180663], "test_acc": [10.64, 11.03, 11.16, 11.42, 11.69, 12.13, 12.58, 13.43, 14.28, 15.1, 15.99, 16.83, 17.47, 17.93, 18.0, 18.21, 18.8, 19.06, 19.56, 20.04, 20.82, 21.4, 21.69, 22.33, 22.65, 23.38, 23.62, 24.05, 24.81, 25.08, 25.08, 25.49, 25.91, 26.24, 26.57, 26.47, 26.93, 27.11, 27.26, 27.67, 27.59, 27.85, 28.13, 28.23, 28.43, 28.82, 28.79, 29.04, 29.2, 29.67, 29.74, 29.63, 30.17, 30.26, 30.31, 30.71, 31.32, 31.64, 31.68, 31.71, 32.02, 31.95, 32.17, 32.63, 32.7, 33.07, 33.17, 33.52, 33.53, 33.91, 33.95, 34.07, 34.55, 34.61, 34.49, 34.84, 35.24, 35.19, 35.5, 35.63, 35.36, 35.97, 35.96, 36.33, 36.25, 36.1, 36.39, 36.67, 36.77, 36.84, 36.87, 37.21, 37.29, 37.31, 37.66, 37.69, 37.78, 37.67, 37.86, 37.8]}