{"train_loss": [2.303323008463933, 2.3025268621933765, 2.3020291939759865, 2.3012333729328254, 2.3003153226314446, 2.299271589670426, 2.2978698852734687, 2.296079699809735, 2.2938078354566525, 2.290797935388027, 2.2871287272526666, 2.282491399691655, 2.277629288037618, 2.271801395293994, 2.2661171057285405, 2.260525229038336, 2.254100116705283, 2.2477587644870463, 2.2411398202945025, 2.233893269758958, 2.226153144469628, 2.217769046318837, 2.210098363802983, 2.202499751555614, 2.194841505930974, 2.1882951180140178, 2.1834028219565367, 2.1772819561836045, 2.1719069028512026, 2.167552743202601, 2.1625353562526213, 2.158655627568563, 2.1540401996710363, 2.1511143751633472, 2.1464144058716603, 2.1444394548734027, 2.139644399056068, 2.1362232678975817, 2.1327665026371294, 2.128569633532793, 2.1241033933101554, 2.1226773268137222, 2.1185900315260278, 2.1133138965337706, 2.1109784725384833, 2.1073877936754473, 2.1044381921107953, 2.1018032807570237, 2.098949258755415, 2.0955216927406117, 2.091068070668441, 2.0867754422701323, 2.085485906478686, 2.0820395295436565, 2.07829151061865, 2.0750335537470304, 2.0707764057012703, 2.0672812388493464, 2.0636455129354427, 2.059673041258103, 2.058273579829778, 2.0539223178839072, 2.052460791208805, 2.048011038853572, 2.046862243077694, 2.043533486280686, 2.039127568098215, 2.0389100359036374, 2.0361584385236102, 2.03309336075416, 2.030965487467937, 2.0312592680637653, 2.029056857488094, 2.024879572941707, 2.0226048573469506, 2.021672227138128, 2.017517235034551, 2.017897266302353, 2.0166084711368266, 2.013809290604714, 2.0109430285600514, 2.0081799620237106, 2.0080302715301515, 2.006175144513448, 2.003900449398236, 2.0018038768034714, 2.0018466527645407, 1.9988693008056053, 2.0004071556604828, 1.9947408945132525, 1.9932606073526236, 1.9928777227034935, 1.9917246497594394, 1.9914074326172853, 1.9912837471717444, 1.9873154618801214, 1.987206234687414, 1.9849442784602827, 1.9819964595330066, 1.982545960866488], "test_loss": [2.2988196350097656, 2.297916995239258, 2.2969135284423827, 2.29575061340332, 2.294349841308594, 2.2925782684326173, 2.29031725769043, 2.287341439819336, 2.2834140777587892, 2.278128759765625, 2.2714068115234376, 2.263090417480469, 2.253682012939453, 2.2436772857666014, 2.233260043334961, 2.2225992279052735, 2.211587368774414, 2.200070562744141, 2.1876079681396483, 2.1743359252929686, 2.1604565795898436, 2.145717501831055, 2.1307721160888673, 2.115407180786133, 2.101140542602539, 2.087001679992676, 2.0745846618652344, 2.0633010055541994, 2.053160530090332, 2.043649183654785, 2.034718019104004, 2.0256261978149412, 2.0180700393676756, 2.0105981689453123, 2.00321767578125, 1.9969434844970704, 1.989341017150879, 1.982123435974121, 1.9759855209350585, 1.9694820541381837, 1.9626266860961914, 1.9555307968139648, 1.9490811889648438, 1.9412722335815429, 1.9358249252319335, 1.928023323059082, 1.9225716613769532, 1.9138722564697266, 1.90888759765625, 1.903096859741211, 1.8947042236328124, 1.8895766403198242, 1.883451104736328, 1.875107585144043, 1.8683565139770508, 1.8620951232910157, 1.8556813873291016, 1.8490744216918946, 1.8402920532226563, 1.8332660873413087, 1.8275230895996093, 1.8213200759887695, 1.8179541107177735, 1.809760304260254, 1.804300912475586, 1.7978618392944337, 1.7947841415405272, 1.7887243270874023, 1.7817439102172852, 1.7765129150390624, 1.7723798614501953, 1.767365119934082, 1.7629675476074218, 1.7607021881103515, 1.7553056396484374, 1.7483051666259766, 1.7453092346191406, 1.7407142837524414, 1.7362150009155273, 1.7349005813598632, 1.7284735763549806, 1.7229418014526368, 1.720183154296875, 1.718556184387207, 1.7163989059448241, 1.7102981750488282, 1.7091010772705078, 1.7028537155151366, 1.7024288864135741, 1.697292416381836, 1.6945665618896484, 1.6926923202514648, 1.6899801818847657, 1.686527717590332, 1.6833582885742187, 1.6808354309082032, 1.6783019668579102, 1.673948779296875, 1.6701353546142579, 1.6696937683105468], "test_acc": [10.68, 11.06, 11.36, 11.75, 12.57, 13.75, 14.85, 15.9, 16.76, 16.8, 16.83, 17.08, 17.79, 18.52, 19.46, 20.3, 21.34, 22.28, 23.13, 23.75, 24.54, 24.88, 25.46, 25.87, 26.5, 26.58, 26.79, 27.13, 27.78, 27.82, 27.77, 28.22, 28.71, 28.87, 29.06, 29.49, 30.03, 30.15, 30.88, 30.91, 31.08, 31.45, 32.17, 32.01, 32.83, 32.67, 32.69, 33.44, 33.78, 34.53, 34.11, 34.59, 35.31, 34.97, 35.53, 35.64, 36.41, 36.14, 36.41, 36.78, 37.03, 37.23, 37.52, 37.99, 38.27, 37.99, 38.07, 38.62, 38.41, 38.67, 39.1, 39.09, 39.35, 39.65, 39.27, 39.43, 39.88, 39.91, 40.05, 40.1, 40.63, 40.74, 40.65, 41.02, 40.85, 40.98, 41.02, 41.56, 41.5, 41.79, 42.02, 41.83, 42.1, 42.15, 42.06, 42.55, 42.41, 42.68, 42.71, 42.9]}