{"train_loss": [2.3035583691719252, 2.3034263158455874, 2.3032710381043264, 2.3031564400746274, 2.303073715552306, 2.302977267289773, 2.3029249240190555, 2.3028217437939764, 2.3027648461170687, 2.302711733793601, 2.302666222743499, 2.3025793961989574, 2.302536817697378, 2.3024990063447217, 2.3024494427901048, 2.3024110341683413, 2.3023934963421944, 2.3023477523754803, 2.302335906640077, 2.3022669474283854, 2.3022487475321842, 2.3022267304933988, 2.302161791997078, 2.302186888914842, 2.3021285839569874, 2.3020874133476843, 2.302069157209152, 2.3020778570419704, 2.3020335796551827, 2.3020223232416006, 2.301972102507567, 2.3019438413473274, 2.301914421717326, 2.3019033059095726, 2.301876618923285, 2.3018449985063993, 2.301777799924215, 2.3017855552526623, 2.3017519816374166, 2.3017077452097183, 2.3016655542911626, 2.3016427021760206, 2.3015889693529177, 2.301552430788676, 2.3015457715743626, 2.30149257121942, 2.301494100766304, 2.3014938177206576, 2.301409066029084, 2.3013956785202025, 2.3013754973044764, 2.301324862700242, 2.3013139229554396, 2.301245637429066, 2.3012133482174995, 2.3012141680106137, 2.301150068258628, 2.3011157475985016, 2.3011049282856475, 2.301051967571943, 2.3010287993993517, 2.3009928917273497, 2.300988402733436, 2.300920550639813, 2.3009037733078004, 2.3008750346990734, 2.3008271150099926, 2.3007994981912465, 2.300793162981669, 2.3006619074405767, 2.3006956406128714, 2.3006454003162875, 2.3006199310987423, 2.3006175230710935, 2.3005430325483665, 2.3005467121417706, 2.3004824882898576, 2.3004226635663936, 2.300437449797606, 2.300412520995507, 2.30032286521716, 2.3003398442879703, 2.300270853898464, 2.3002190883343037, 2.3002098963810846, 2.3001569478939743, 2.3001111048918506, 2.300056304075779, 2.300012731552124, 2.2999836799425957, 2.299969421288906, 2.2999190183786244, 2.2999282360076903, 2.299897892658527, 2.299817048586332, 2.299775270315317, 2.299823820285308, 2.2997062475253376, 2.299710306754479, 2.299657528828352], "test_loss": [2.299380407714844, 2.299111065673828, 2.298855697631836, 2.298610205078125, 2.2983766571044923, 2.2981515869140625, 2.2979365234375, 2.2977212951660158, 2.2975106231689453, 2.2973017791748047, 2.297096115112305, 2.2968887817382813, 2.2966832427978514, 2.2964743469238282, 2.2962719512939453, 2.2960630950927734, 2.295850015258789, 2.2956429626464843, 2.2954345458984373, 2.2952170684814455, 2.294996887207031, 2.294766799926758, 2.294538330078125, 2.294309439086914, 2.2940690673828126, 2.293823181152344, 2.293577584838867, 2.2933274597167967, 2.293077639770508, 2.292820599365234, 2.292547595214844, 2.292271759033203, 2.2919981292724607, 2.291719528198242, 2.2914382385253904, 2.2911462646484373, 2.2908485076904297, 2.2905540435791014, 2.290249850463867, 2.289942346191406, 2.289628857421875, 2.289306216430664, 2.288972573852539, 2.2886360565185546, 2.2883107025146483, 2.287968243408203, 2.287631646728516, 2.2872891998291016, 2.286946987915039, 2.2865978271484373, 2.2862442962646483, 2.2858836181640627, 2.285527407836914, 2.2851497528076172, 2.2847659759521486, 2.2843985900878905, 2.284024264526367, 2.2836311126708986, 2.283236981201172, 2.2828394470214843, 2.282437924194336, 2.282034036254883, 2.281636291503906, 2.2812210998535156, 2.2808171173095704, 2.2804242370605468, 2.280018588256836, 2.2796016235351564, 2.2791852966308594, 2.278751995849609, 2.2783310150146483, 2.2778894439697264, 2.27746784362793, 2.277060543823242, 2.276619760131836, 2.276187353515625, 2.2757525360107422, 2.2753087921142576, 2.274865676879883, 2.2744488037109374, 2.273993032836914, 2.2735652893066405, 2.273113018798828, 2.272668585205078, 2.272230874633789, 2.271769271850586, 2.2713055877685546, 2.270828530883789, 2.2703775604248047, 2.269913998413086, 2.269477203369141, 2.2690161865234373, 2.2685732147216795, 2.268134030151367, 2.2676637359619143, 2.267194659423828, 2.2667551727294923, 2.266270864868164, 2.265806005859375, 2.265352685546875], "test_acc": [10.5, 10.59, 10.68, 10.82, 10.94, 10.96, 11.08, 11.18, 11.35, 11.59, 11.67, 11.87, 12.18, 12.51, 12.5, 12.6, 12.96, 13.3, 13.6, 13.99, 14.26, 14.43, 14.9, 15.18, 15.33, 15.77, 16.05, 16.13, 16.24, 16.47, 16.71, 17.11, 17.24, 17.42, 17.52, 17.68, 17.72, 17.93, 18.0, 18.14, 18.31, 18.39, 18.46, 18.64, 18.68, 18.86, 18.99, 19.17, 19.39, 19.52, 19.61, 19.56, 19.65, 19.83, 19.99, 20.11, 20.22, 20.32, 20.36, 20.57, 20.62, 20.76, 20.84, 20.96, 21.03, 21.12, 21.25, 21.31, 21.42, 21.47, 21.57, 21.7, 21.75, 21.82, 21.88, 21.98, 22.05, 22.07, 22.16, 22.27, 22.32, 22.41, 22.45, 22.43, 22.53, 22.63, 22.71, 22.79, 22.93, 23.06, 23.12, 23.16, 23.31, 23.38, 23.43, 23.5, 23.6, 23.69, 23.8, 23.9]}