{"train_loss": [2.303523893234057, 2.303101362326206, 2.302769335722312, 2.3023989799695137, 2.302035474165892, 2.301680872379205, 2.3012267247224467, 2.3006802302140454, 2.300170928392655, 2.299562029960828, 2.29875050446926, 2.297918013425974, 2.297034799746978, 2.29598441918691, 2.294928388717847, 2.2935759746111355, 2.2922032166750004, 2.290717282662025, 2.289263223990416, 2.2877416170560396, 2.2862215842956153, 2.2843987526037752, 2.2827010429822483, 2.2811373686179137, 2.2792481226798817, 2.2774107193335507, 2.2756377819256906, 2.273801076106536, 2.271906208380675, 2.2700236338835498, 2.2679537693659464, 2.2663163081193582, 2.2641324648490317, 2.2621083907591992, 2.2604297870244734, 2.2587365119885177, 2.256871726574042, 2.255363700940059, 2.2537382553785275, 2.2518434940240324, 2.250364269965734, 2.249454432267409, 2.2480258110242013, 2.2465345138158552, 2.245790995695652, 2.244582016651447, 2.243328765111092, 2.242869178454081, 2.242032608619103, 2.240359725096287, 2.23936223250169, 2.2383876213660607, 2.2381293645271887, 2.236670489188952, 2.2357178706389207, 2.234911287136567, 2.2340574301206146, 2.233045499752729, 2.2321919172238083, 2.2309077507410295, 2.230174191792806, 2.2293838666035577, 2.228570832961645, 2.2276118101217808, 2.2271423388750127, 2.2255953745964248, 2.224699231294485, 2.2240286368590136, 2.2232951176472198, 2.222131471756177, 2.221042277262761, 2.2207972575456667, 2.2194350860057734, 2.2186388773795884, 2.217060568393805, 2.216833090170836, 2.2153392675595405, 2.2151123138574453, 2.2141242363514047, 2.212872761946458, 2.2120935048812473, 2.211155467155652, 2.210541702539493, 2.209061782176678, 2.2082523309267486, 2.2071758893819955, 2.206843926356389, 2.20560178451049, 2.20524580906599, 2.204069427954845, 2.2021634872143085, 2.2020500452090532, 2.20132043055999, 2.200281656705416, 2.1994544732264982, 2.198459287790152, 2.197966521825546, 2.1969247151643803, 2.1962404147172587, 2.195481763130579], "test_loss": [2.2990497528076173, 2.2984181549072265, 2.297761489868164, 2.2970566802978514, 2.2962974029541017, 2.295460287475586, 2.294522155761719, 2.293434313964844, 2.2921758728027344, 2.2906947479248045, 2.2889532012939453, 2.2868954650878908, 2.2844956298828123, 2.281699102783203, 2.278521517944336, 2.274905242919922, 2.2708916137695314, 2.2665337493896485, 2.2619580657958984, 2.2572606475830077, 2.252436196899414, 2.2475270263671874, 2.2425365203857424, 2.237386474609375, 2.2321900390625, 2.226631378173828, 2.2211069427490235, 2.21576481628418, 2.2100506958007813, 2.2039768432617186, 2.1975966522216797, 2.1916036193847654, 2.185652032470703, 2.1793616760253904, 2.1725844787597657, 2.166553649902344, 2.160385104370117, 2.1540781433105467, 2.149148345947266, 2.1429295623779296, 2.136515670776367, 2.1322001373291015, 2.127253402709961, 2.122354037475586, 2.118309616088867, 2.113660906982422, 2.108811486816406, 2.1058696411132813, 2.1024954620361327, 2.098999444580078, 2.0952272674560546, 2.092467709350586, 2.0888776947021483, 2.085487008666992, 2.0823201110839844, 2.079032556152344, 2.075670524597168, 2.073147821044922, 2.069164122009277, 2.066523107910156, 2.06389367980957, 2.060535121154785, 2.0573158660888673, 2.054455776977539, 2.0519636260986327, 2.048611798095703, 2.046078303527832, 2.0429322189331054, 2.0392632766723633, 2.0360961776733397, 2.03375147857666, 2.030944209289551, 2.0270766876220705, 2.024264680480957, 2.020937634277344, 2.0186950637817382, 2.01413172454834, 2.0114432922363283, 2.008604637145996, 2.005580253601074, 2.002292710876465, 1.9982328887939453, 1.9960310195922852, 1.993029409790039, 1.9900971176147462, 1.9854790130615234, 1.983818324279785, 1.9803692153930663, 1.977381509399414, 1.9737108810424804, 1.9707914169311525, 1.9679145568847656, 1.9649122116088866, 1.960682504272461, 1.9581176635742188, 1.9557953720092773, 1.9521384674072266, 1.9486699844360351, 1.9459210464477539, 1.9439014801025392], "test_acc": [10.64, 10.89, 11.15, 11.41, 11.81, 12.3, 12.81, 13.73, 14.74, 15.54, 16.32, 17.14, 17.74, 17.92, 17.96, 18.17, 18.35, 18.61, 19.06, 19.68, 19.98, 20.47, 21.06, 21.33, 21.92, 22.2, 22.48, 23.13, 23.59, 23.84, 24.14, 24.35, 24.92, 25.21, 25.33, 25.59, 25.81, 25.9, 26.36, 26.46, 26.68, 26.97, 27.12, 27.14, 27.34, 27.49, 27.77, 27.84, 28.15, 28.48, 28.78, 28.75, 29.0, 29.16, 29.47, 29.69, 29.94, 30.04, 30.18, 30.18, 30.45, 30.46, 30.92, 30.9, 31.12, 31.3, 31.41, 31.74, 31.95, 32.01, 32.63, 32.71, 32.86, 33.11, 33.29, 33.54, 33.89, 34.16, 34.36, 34.63, 34.58, 34.71, 34.72, 35.04, 35.06, 35.04, 35.43, 35.21, 35.68, 35.5, 35.8, 35.95, 36.04, 36.12, 36.41, 36.5, 36.48, 36.66, 36.6, 36.83]}