{"train_loss": [2.3034469378300204, 2.3030075116035267, 2.3025767515867184, 2.3021500226778864, 2.301661667456994, 2.301172204506703, 2.300503854873853, 2.29974777392852, 2.2989146049206073, 2.297956777841617, 2.296757475535075, 2.295353660216698, 2.293778289892735, 2.291919466165396, 2.2899648128411707, 2.2878120911427033, 2.2855443691596005, 2.2831600604913174, 2.2808060163106676, 2.278506497847728, 2.27613505705809, 2.273309519963387, 2.2706510030306304, 2.2680100875023084, 2.265095372689076, 2.2623159995445836, 2.2594910762248896, 2.256641787137741, 2.2535573623119256, 2.250518993842296, 2.2475836075269258, 2.2451918675349307, 2.24227693325434, 2.24000796354734, 2.237211523911892, 2.235607762214465, 2.2335658324070464, 2.2318220120209915, 2.2298667412537796, 2.2277965111610216, 2.225827931135129, 2.224814340395805, 2.2234176874160765, 2.221051637331645, 2.2200978077374973, 2.2182440556012666, 2.2173669222073675, 2.2163139386054795, 2.2147691579965443, 2.2132073854788756, 2.2114631353280485, 2.2100011739975365, 2.2093043443484186, 2.2076250278032745, 2.2059096226325403, 2.204781852624355, 2.203498714398115, 2.201648787351755, 2.2002920914918946, 2.198640130727719, 2.1978080718945234, 2.196714557745518, 2.195911664840503, 2.193450722938929, 2.1926917338982608, 2.191063882754399, 2.189079213142395, 2.1883182385028936, 2.1873050304559563, 2.185441825940059, 2.1841179633751895, 2.1832364241282147, 2.1819161732991534, 2.1801673351190027, 2.1785638998716306, 2.177907765828646, 2.175866232162867, 2.175003674091437, 2.1736409101730736, 2.1724678070117265, 2.1713628805600678, 2.169649151655344, 2.1684925843507816, 2.166437929715866, 2.1659649121455655, 2.1646565590149316, 2.163720206113962, 2.1620549391477537, 2.1622981322117343, 2.1606386025746662, 2.15849140057197, 2.157540721159715, 2.156806445733095, 2.1563691224807346, 2.155662548236358, 2.1535517674226026, 2.153260267086518, 2.1522175611593783, 2.150670898266328, 2.1499831114059837], "test_loss": [2.2989844116210936, 2.298279797363281, 2.2975272888183595, 2.296713916015625, 2.2958075408935548, 2.2947628204345705, 2.293537728881836, 2.292069128417969, 2.2902973236083985, 2.2881563415527344, 2.2855656463623046, 2.2824185119628906, 2.278640414428711, 2.274204965209961, 2.2691258575439455, 2.2636053833007814, 2.257735577392578, 2.2516286743164065, 2.245510025024414, 2.2393367584228514, 2.2330252014160155, 2.226333642578125, 2.2195945892333984, 2.2124730712890623, 2.2053038421630857, 2.1975109405517577, 2.1898360931396486, 2.1824056884765626, 2.174412744140625, 2.1656083801269532, 2.1572373321533203, 2.1492279327392576, 2.1411557220458985, 2.1340012084960938, 2.125847445678711, 2.1192196685791016, 2.1124606719970704, 2.1059966094970703, 2.10036686706543, 2.094703756713867, 2.089917663574219, 2.0846763549804685, 2.0804851470947265, 2.0752963165283203, 2.0709164108276368, 2.065968963623047, 2.0621300048828126, 2.058086897277832, 2.0548301712036134, 2.050774728393555, 2.0461548248291015, 2.0422499389648436, 2.038690971374512, 2.0346515731811525, 2.030843862915039, 2.026551300048828, 2.022988835144043, 2.0188750534057616, 2.014822381591797, 2.0106716049194335, 2.007302510070801, 2.002978923034668, 2.0003858795166014, 1.9958393218994142, 1.9923549865722656, 1.9881390991210937, 1.9849203643798827, 1.9795879989624023, 1.9756847534179687, 1.971491065979004, 1.9680474853515626, 1.9649974029541015, 1.959745379638672, 1.9559859588623048, 1.951927587890625, 1.9490960464477538, 1.9434292694091797, 1.9396111282348634, 1.9356204177856444, 1.9335075927734375, 1.9285537231445313, 1.9236007247924805, 1.9195771240234376, 1.9167127090454101, 1.9130396881103515, 1.9084399612426757, 1.9052796142578126, 1.9015139236450196, 1.899472331237793, 1.895048519897461, 1.892532942199707, 1.88750899810791, 1.8856242309570312, 1.882378385925293, 1.8786896026611328, 1.8764026290893554, 1.872740934753418, 1.868319985961914, 1.8660135803222657, 1.864070443725586], "test_acc": [10.62, 10.95, 11.29, 11.35, 11.88, 12.41, 13.1, 14.24, 15.09, 16.11, 16.95, 17.06, 17.19, 17.09, 17.83, 17.98, 18.71, 19.24, 19.93, 20.69, 21.13, 21.4, 22.11, 22.52, 23.07, 23.62, 24.1, 24.44, 24.88, 25.17, 25.41, 25.62, 25.95, 26.4, 26.46, 26.64, 26.89, 27.08, 27.47, 27.62, 27.62, 28.09, 28.45, 28.52, 28.75, 28.91, 29.14, 29.53, 29.51, 30.13, 30.25, 30.36, 30.74, 30.72, 31.11, 31.41, 31.53, 31.93, 32.05, 32.32, 32.5, 32.38, 33.05, 33.35, 33.63, 33.83, 34.05, 34.28, 34.45, 34.42, 34.94, 35.16, 35.26, 35.34, 35.37, 35.59, 35.83, 35.9, 35.91, 36.24, 36.06, 36.21, 36.26, 36.67, 36.86, 36.99, 36.99, 37.18, 37.37, 37.47, 37.67, 37.51, 37.85, 37.82, 38.21, 38.17, 38.08, 38.25, 38.41, 38.5]}