{"train_loss": [2.303543378145267, 2.303428031848027, 2.303354759094043, 2.3032530148824057, 2.3031649308326916, 2.3030910675342264, 2.30304471835112, 2.302986076550606, 2.3029698903744036, 2.302917127731519, 2.3028617663261217, 2.302836393698668, 2.3027938414842652, 2.30278846789629, 2.3027418246636024, 2.3027465575780623, 2.3027456356928897, 2.3027131013381177, 2.302718154589335, 2.3027109127778274, 2.3026943714190753, 2.30267247175559, 2.302674568616427, 2.3026875697649443, 2.3026553209011373, 2.3026667044712945, 2.302652687904162, 2.3026549730545436, 2.3026469780848577, 2.302646743945586, 2.3026303853744117, 2.302643429927337, 2.302636447930947, 2.3026192353321955, 2.302618502959227, 2.3026137388669525, 2.302620352842869, 2.302610651652018, 2.302613630050268, 2.302631939985813, 2.302616903109428, 2.302595597658402, 2.3026066621144614, 2.302608312704624, 2.302604233301603, 2.3026219948744164, 2.302611904266553, 2.302616471510667, 2.302604304215847, 2.302598279561752, 2.302583017716041, 2.302596898567982, 2.3025902803127583, 2.302619648591066, 2.302590874525217, 2.302593552149259, 2.302595236362555, 2.3026157391376985, 2.302602022733444, 2.3026018313872507, 2.3025895051467113, 2.3025939813027017, 2.3025796388968445, 2.3025850889010306, 2.3025822437726533, 2.302572276653388, 2.3026099773553703, 2.3025895461058004, 2.3025979231565428, 2.302588572868934, 2.302588263536111, 2.302610855836135, 2.3025870414880605, 2.302576592640999, 2.302572774887085, 2.3025677057412954, 2.3025888339067118, 2.302599494273846, 2.3025814038056596, 2.302566844989092, 2.3025778959958982, 2.3025796327835475, 2.3025890845518844, 2.3025923832868918, 2.302582180194366, 2.3025711255195813, 2.302565470108619, 2.3025878661718124, 2.30257055637164, 2.302563310892154, 2.30257637378497, 2.302559002240499, 2.3025832879237638, 2.3025697879302194, 2.302572620832003, 2.3025737279500715, 2.3025681905257396, 2.3025593066826846, 2.3025519328239636, 2.302562595025087], "test_loss": [2.2994799072265626, 2.2993121948242186, 2.2991583587646485, 2.299016860961914, 2.298886520385742, 2.298766647338867, 2.29865989074707, 2.298558361816406, 2.298464288330078, 2.2983785034179687, 2.29830009765625, 2.298221856689453, 2.2981499114990234, 2.2980827728271485, 2.2980199340820313, 2.2979622009277345, 2.2979084197998048, 2.297857012939453, 2.2978063751220703, 2.29775842590332, 2.297714874267578, 2.2976700622558592, 2.2976275970458984, 2.2975852447509766, 2.2975473571777343, 2.2975084533691406, 2.2974746337890624, 2.2974404724121094, 2.2974089111328126, 2.2973755554199218, 2.297342852783203, 2.2973115661621093, 2.297279278564453, 2.2972506469726564, 2.2972220153808594, 2.29719404296875, 2.2971674713134766, 2.2971407440185545, 2.2971135192871093, 2.297085852050781, 2.297061047363281, 2.29703427734375, 2.2970079620361328, 2.296981820678711, 2.296958364868164, 2.296932635498047, 2.2969076263427732, 2.2968862091064453, 2.29686311340332, 2.2968385620117187, 2.296815768432617, 2.296790493774414, 2.296767153930664, 2.2967464416503907, 2.296722854614258, 2.2966998168945314, 2.2966765045166015, 2.2966520568847657, 2.2966308349609377, 2.296607745361328, 2.296583447265625, 2.296563912963867, 2.296541262817383, 2.2965208557128904, 2.2964987060546873, 2.2964764129638673, 2.2964543518066405, 2.29642991027832, 2.296409176635742, 2.2963876953125, 2.296366827392578, 2.296346618652344, 2.2963262908935547, 2.296305563354492, 2.2962849578857423, 2.2962626708984377, 2.2962420104980468, 2.2962259460449217, 2.2962041107177735, 2.296183331298828, 2.2961618774414063, 2.29614040222168, 2.2961235931396486, 2.2961018981933594, 2.296084158325195, 2.2960621704101563, 2.296041467285156, 2.296024771118164, 2.296003936767578, 2.295982699584961, 2.2959586944580077, 2.2959371673583986, 2.295917758178711, 2.2958982788085938, 2.2958770690917967, 2.2958573028564455, 2.2958372009277346, 2.2958159698486327, 2.2957949249267577, 2.2957753631591795], "test_acc": [10.48, 10.55, 10.57, 10.65, 10.69, 10.73, 10.65, 10.73, 10.71, 10.71, 10.8, 10.92, 10.97, 11.0, 11.07, 11.12, 11.23, 11.29, 11.4, 11.43, 11.48, 11.47, 11.56, 11.61, 11.65, 11.7, 11.8, 11.95, 12.09, 12.21, 12.32, 12.25, 12.38, 12.4, 12.51, 12.51, 12.65, 12.74, 12.8, 12.89, 12.97, 13.02, 13.17, 13.22, 13.27, 13.46, 13.47, 13.42, 13.46, 13.57, 13.64, 13.68, 13.75, 13.74, 13.76, 13.83, 13.85, 13.9, 13.97, 14.01, 14.06, 14.07, 14.17, 14.2, 14.24, 14.27, 14.29, 14.36, 14.4, 14.41, 14.46, 14.49, 14.53, 14.61, 14.63, 14.7, 14.74, 14.73, 14.77, 14.81, 14.88, 14.93, 14.94, 14.95, 15.0, 15.05, 15.1, 15.08, 15.13, 15.19, 15.21, 15.25, 15.23, 15.3, 15.35, 15.38, 15.37, 15.37, 15.44, 15.44]}