{"train_loss": [2.3034943060997204, 2.303155728486868, 2.3028351319141875, 2.3025303907883474, 2.3021970651088615, 2.301891547594315, 2.301474303465623, 2.3010322259022638, 2.300586704718761, 2.3001040587058434, 2.299498874101883, 2.2988380236503407, 2.298129855669462, 2.297296657317724, 2.296446710977799, 2.295466600320278, 2.2944180072882236, 2.2932665727077386, 2.292074889403123, 2.2909298951809225, 2.2897379013208243, 2.2883176320638414, 2.2869504696283585, 2.285676712867541, 2.2842392499630266, 2.282913707464169, 2.281540158467415, 2.280198369882046, 2.2786499622540597, 2.277136952449114, 2.2755796817632823, 2.2742012610802282, 2.2726034091069147, 2.2710992189554067, 2.269406016056354, 2.268143062102489, 2.2666511150506827, 2.2652950922648114, 2.2637793626540748, 2.262237020639273, 2.2606783475631325, 2.2597584400421535, 2.2586728383333257, 2.2570983049197073, 2.2562927215527266, 2.2551338049081657, 2.2544582104071593, 2.253713989869142, 2.2528156818487703, 2.251853867677542, 2.250775343943865, 2.249975551091708, 2.249482141396938, 2.248531123308035, 2.247386602866344, 2.2468961079915366, 2.246157405926631, 2.2450903134468274, 2.244449831277896, 2.2434695916298106, 2.2430780581938916, 2.2424045917315363, 2.2421122416471824, 2.2408235990084133, 2.24046731484242, 2.239590981679085, 2.2385990087802594, 2.2381658009993726, 2.237606386649303, 2.2366359851299187, 2.235888226215656, 2.2354823301999995, 2.23467130171947, 2.2337569817518577, 2.2329821384870088, 2.232481719286014, 2.231509473384955, 2.231060788570306, 2.2302652132816805, 2.229681483293191, 2.229090590354724, 2.228087010139074, 2.227513609177027, 2.2261760644423654, 2.225916812970088, 2.2251988374269924, 2.2244725374075083, 2.223490063960736, 2.2235886500431943, 2.222565020047701, 2.2213154004170343, 2.2204238964961127, 2.219980519245832, 2.219558872932043, 2.2189198347238395, 2.2175476245391064, 2.217284205021002, 2.216376509421911, 2.2152653846985255, 2.2146870882083207], "test_loss": [2.299081573486328, 2.2984887634277342, 2.297872213745117, 2.297226287841797, 2.296534844970703, 2.2957783813476564, 2.29494079284668, 2.2939844604492188, 2.2928873138427734, 2.291620068359375, 2.2901649993896482, 2.2884751403808594, 2.2865163848876953, 2.2842537872314455, 2.281686895751953, 2.2787796661376953, 2.27554697265625, 2.2719874603271486, 2.2682051879882814, 2.2642510650634766, 2.2601536590576172, 2.2558989105224607, 2.2515950256347654, 2.247194564819336, 2.242784143066406, 2.2381395294189455, 2.233547659301758, 2.2290490142822263, 2.2242890686035155, 2.21921042175293, 2.2140775787353517, 2.209102572631836, 2.203873373413086, 2.1988463317871094, 2.1933453399658203, 2.188064535522461, 2.1825208770751954, 2.1770726165771483, 2.1717177856445313, 2.166247085571289, 2.1609588592529296, 2.1557949035644532, 2.1512994415283204, 2.146112548828125, 2.141511929321289, 2.1367521759033203, 2.132833856201172, 2.1288646759033205, 2.125611099243164, 2.122282110595703, 2.1183874725341796, 2.11519375, 2.1122713256835937, 2.1088056121826173, 2.105940203857422, 2.1029264617919923, 2.1000103424072267, 2.0971754669189453, 2.094221630859375, 2.091204736328125, 2.08878759765625, 2.0858855895996093, 2.083964208984375, 2.0812666961669923, 2.0788018829345702, 2.0758752838134766, 2.073699865722656, 2.070339041137695, 2.067790606689453, 2.065125782775879, 2.062831716918945, 2.0605769256591797, 2.057259617614746, 2.0548219314575196, 2.051794371032715, 2.0498210479736327, 2.0464837478637694, 2.0437942260742186, 2.0412963592529296, 2.0394170944213865, 2.0363640533447267, 2.0334036437988283, 2.030602603149414, 2.0277869537353514, 2.0257160507202148, 2.0223272109985353, 2.019480274963379, 2.016879928588867, 2.0149441040039062, 2.0115923873901367, 2.009877894592285, 2.005949363708496, 2.0034682006835935, 2.000559976196289, 1.9976947494506836, 1.9954216217041016, 1.9919523651123048, 1.988824577331543, 1.9860093521118165, 1.9834214599609374], "test_acc": [10.64, 10.81, 11.1, 11.21, 11.46, 11.83, 12.33, 12.95, 13.98, 14.62, 15.48, 16.34, 17.16, 17.45, 17.57, 17.79, 18.08, 18.31, 18.58, 18.93, 19.33, 19.92, 20.28, 20.77, 21.12, 21.47, 21.96, 22.37, 22.61, 23.06, 23.54, 23.81, 24.04, 24.5, 24.77, 24.94, 25.24, 25.53, 25.8, 25.93, 25.94, 26.29, 26.54, 26.67, 26.72, 26.85, 27.03, 27.35, 27.54, 27.74, 27.99, 28.18, 28.42, 28.33, 28.7, 28.97, 29.06, 29.26, 29.49, 29.71, 29.9, 29.97, 30.32, 30.55, 30.71, 30.89, 30.84, 31.1, 31.28, 31.41, 31.67, 31.83, 31.87, 32.02, 32.28, 32.38, 32.61, 32.84, 33.12, 33.29, 33.31, 33.63, 33.99, 34.29, 34.24, 34.27, 34.45, 34.59, 34.9, 35.0, 35.16, 35.15, 35.4, 35.34, 35.57, 35.62, 35.62, 35.77, 35.9, 35.93]}