{"train_loss": [2.303618809504387, 2.3034821479748455, 2.3033878962198893, 2.3032874908202734, 2.3032133866579105, 2.303126690326593, 2.303052280499385, 2.303000057660616, 2.302954467748984, 2.30291174191695, 2.302856293702737, 2.3028287588021694, 2.302803178322621, 2.302772183296008, 2.302741143030998, 2.3027324811006205, 2.302712468000559, 2.302686707790081, 2.302673093477885, 2.302658624526782, 2.3026463887630366, 2.302636645390437, 2.302620250750811, 2.3026094503891774, 2.3025973747938107, 2.3025893413103544, 2.3025804213988477, 2.3025829144013232, 2.302566874332917, 2.3025699150867953, 2.3025654591046845, 2.3025557939822856, 2.3025598788872745, 2.3025496421716154, 2.3025337958947207, 2.302547290386298, 2.302531438607436, 2.302531994917454, 2.3025184509081718, 2.3025294725711527, 2.3025135865578283, 2.3025094154553534, 2.302514289586972, 2.3025084195992886, 2.3025050413914214, 2.30249802454924, 2.302494681798495, 2.302494063744178, 2.3024900521987526, 2.302487741372524, 2.3024775969676483, 2.3024756896190155, 2.3024715735362125, 2.3024710398453934, 2.302461034212357, 2.3024653300260884, 2.302458778405801, 2.3024574487637253, 2.302453794234838, 2.3024586573625223, 2.302455062132615, 2.302457591203543, 2.3024383324843187, 2.302448017169268, 2.3024355380963057, 2.3024319006846503, 2.302430731822283, 2.302426205537258, 2.3024294382486588, 2.3024164591080103, 2.3024150664989764, 2.302413831001673, 2.3024113276065923, 2.302409111536466, 2.30241202329978, 2.302399230003357, 2.302399405454978, 2.3023994910411347, 2.302391586548243, 2.3023913579109387, 2.3023822454305796, 2.3023871324001215, 2.3023775112934604, 2.3023809695855166, 2.302377781501183, 2.302380556326646, 2.302373421497834, 2.3023691843717526, 2.3023659865061443, 2.3023574089392635, 2.3023573918220324, 2.302350714879158, 2.302351752305642, 2.302342233902369, 2.302344747690054, 2.3023489102339134, 2.3023349517431013, 2.3023222097983727, 2.3023347420570177, 2.3023260147143634], "test_loss": [2.2994489349365232, 2.2992499267578124, 2.2990653106689454, 2.298894384765625, 2.2987348663330076, 2.29858444519043, 2.2984447875976564, 2.298312512207031, 2.298188119506836, 2.2980696746826172, 2.297956231689453, 2.2978493560791016, 2.2977455627441405, 2.29764541015625, 2.297548876953125, 2.2974565826416016, 2.297365286254883, 2.2972774047851563, 2.2971926879882814, 2.297109558105469, 2.2970280517578123, 2.29694787902832, 2.2968682220458985, 2.296789688110352, 2.2967124572753908, 2.296636181640625, 2.2965618194580077, 2.296489031982422, 2.2964167572021483, 2.296344009399414, 2.2962713836669923, 2.2961999542236327, 2.29612981262207, 2.2960600830078124, 2.295990118408203, 2.2959208282470702, 2.295851071166992, 2.295781655883789, 2.2957106567382812, 2.2956426513671877, 2.2955732604980468, 2.2955037414550783, 2.2954345306396484, 2.295364743041992, 2.2952945892333982, 2.29522487487793, 2.295155908203125, 2.2950871551513674, 2.295019387817383, 2.294950500488281, 2.2948811798095705, 2.2948120758056643, 2.2947429107666015, 2.2946722900390624, 2.2946007781982423, 2.2945304290771484, 2.294460482788086, 2.294389016723633, 2.2943193328857423, 2.2942492706298827, 2.2941776458740235, 2.294106051635742, 2.294034292602539, 2.2939638946533205, 2.293893130493164, 2.2938212615966798, 2.2937497436523437, 2.293676416015625, 2.2936050170898437, 2.293531802368164, 2.2934576416015626, 2.2933846252441406, 2.2933109466552732, 2.2932380462646482, 2.293165231323242, 2.2930919036865234, 2.293017611694336, 2.292943307495117, 2.292868975830078, 2.292793667602539, 2.2927181640625, 2.292642172241211, 2.2925659240722656, 2.2924897064208984, 2.292413781738281, 2.2923364654541016, 2.292260494995117, 2.2921839263916017, 2.292107485961914, 2.2920314880371095, 2.2919533996582033, 2.2918749206542968, 2.2917970092773436, 2.2917193634033204, 2.291639471435547, 2.291562646484375, 2.2914853973388674, 2.2914033447265627, 2.2913240783691404, 2.291247216796875], "test_acc": [10.54, 10.58, 10.58, 10.73, 10.72, 10.71, 10.68, 10.67, 10.65, 10.64, 10.82, 10.67, 10.77, 10.9, 10.95, 11.05, 11.26, 11.3, 11.35, 11.42, 11.58, 11.75, 11.92, 12.0, 12.19, 12.43, 12.63, 12.82, 13.05, 13.26, 13.39, 13.63, 13.72, 13.9, 14.08, 14.27, 14.48, 14.57, 14.69, 14.85, 15.01, 15.11, 15.23, 15.36, 15.32, 15.46, 15.58, 15.81, 15.86, 15.97, 16.1, 16.17, 16.25, 16.4, 16.57, 16.62, 16.65, 16.7, 16.79, 16.81, 16.8, 16.87, 16.89, 17.01, 17.08, 17.16, 17.26, 17.37, 17.45, 17.59, 17.57, 17.57, 17.66, 17.7, 17.8, 17.9, 17.96, 18.02, 18.09, 18.1, 18.11, 18.12, 18.18, 18.2, 18.25, 18.38, 18.43, 18.48, 18.53, 18.58, 18.65, 18.68, 18.71, 18.75, 18.87, 18.94, 19.0, 19.05, 19.07, 19.09]}