{"train_loss": [2.3036139451540434, 2.303100804793529, 2.3028309883215488, 2.3023951976727215, 2.302064204827333, 2.3014972888506375, 2.300968132263575, 2.3004506691908224, 2.299868615468343, 2.299204479731046, 2.29822187484839, 2.2974303147731683, 2.296396989700122, 2.2952454689221504, 2.2938756386439008, 2.29268587858249, 2.291072980562846, 2.2896805830490896, 2.288209465833811, 2.286646990898328, 2.285245949182755, 2.2834443208498834, 2.281589519060575, 2.2800151109695435, 2.2783005940608487, 2.2763547010910816, 2.2747275694822653, 2.273321534425784, 2.271476255930387, 2.269399388631185, 2.2674368577125743, 2.265608933644417, 2.26387266929333, 2.2618031495656723, 2.260258376904023, 2.2586342988870083, 2.257044155169756, 2.2555090885895948, 2.253155375138307, 2.2521247466405234, 2.250703509037311, 2.2495175153781206, 2.248286284544529, 2.2462965574019993, 2.245817553080045, 2.2444724859335485, 2.2435272418535672, 2.242992574129349, 2.2415671311892, 2.2406975752268083, 2.2385869429661676, 2.238344073906923, 2.237004714134412, 2.2364381453929805, 2.235036187294202, 2.2339882850646973, 2.2333924391330817, 2.232551823518215, 2.2312915746982283, 2.230125152759063, 2.230098269535945, 2.2289303535070175, 2.2286563127468795, 2.2265889167785646, 2.226156077018151, 2.2245131400915295, 2.223548752222306, 2.2229012018594987, 2.2227034703279154, 2.2198978521885016, 2.2196053663889566, 2.2200732377859262, 2.2189026484122643, 2.2180487100894632, 2.216144393651913, 2.215509590124473, 2.214705731929877, 2.2137398450802532, 2.2124959163176707, 2.210934432958945, 2.210048705492264, 2.209383312249795, 2.2085157088744336, 2.207893738379845, 2.206858758437328, 2.2059217440776338, 2.205754844347636, 2.203759911121466, 2.2038379809795283, 2.2027723122865726, 2.2013095861826186, 2.199808250940763, 2.1994959042622493, 2.1992297313152216, 2.198533257459983, 2.1973632641327687, 2.1964643826851478, 2.194742305462177, 2.1944032314496162, 2.193840227371607], "test_loss": [2.2990248931884767, 2.298371499633789, 2.2976857025146487, 2.2969564971923826, 2.296162091064453, 2.295262713623047, 2.294258898925781, 2.293071771240234, 2.291688284301758, 2.290061404418945, 2.2881270324707033, 2.2858872009277342, 2.283239517211914, 2.280198059082031, 2.276722720336914, 2.2728827880859375, 2.268586785888672, 2.264127178955078, 2.2595749542236327, 2.2549430877685546, 2.2502341979980467, 2.2453655548095703, 2.2404780822753905, 2.2353619140625, 2.2303662841796874, 2.224711227416992, 2.219282116699219, 2.213965393066406, 2.208711828613281, 2.202316909790039, 2.1964194702148436, 2.190350311279297, 2.18443108215332, 2.178408108520508, 2.172089895629883, 2.1663750885009767, 2.1594729705810547, 2.1541665985107423, 2.1482872131347657, 2.143256396484375, 2.1371705718994143, 2.132465798950195, 2.128989627075195, 2.1234555603027343, 2.1189878509521485, 2.1128370849609377, 2.109377462768555, 2.106738165283203, 2.1026198333740234, 2.0992951232910158, 2.094185113525391, 2.0915625915527345, 2.0874333404541017, 2.0839609008789064, 2.080530657958984, 2.078299560546875, 2.075045082092285, 2.072619641113281, 2.0686817901611327, 2.064201142883301, 2.0628483200073244, 2.0596416732788088, 2.0565503311157225, 2.0532757446289063, 2.0506056060791016, 2.0469098342895506, 2.0436795867919924, 2.0407169616699217, 2.0367119735717774, 2.033659150695801, 2.030486898803711, 2.0289876022338866, 2.023804750061035, 2.0208322677612305, 2.0181451828002928, 2.0149865341186524, 2.011996943664551, 2.0081625701904295, 2.0051333862304688, 2.001711099243164, 1.9993119857788086, 1.9954365692138671, 1.9928922637939452, 1.9898666091918946, 1.9890021530151367, 1.9833469223022462, 1.9822799087524414, 1.976610043334961, 1.9730314758300782, 1.9704360061645507, 1.9685108932495117, 1.9642302337646484, 1.962843991088867, 1.95728310546875, 1.9558538513183594, 1.9528811965942383, 1.950585888671875, 1.9458205322265625, 1.9444978408813476, 1.9399796127319335], "test_acc": [10.67, 10.87, 11.14, 11.28, 11.64, 12.31, 12.8, 13.67, 14.22, 14.95, 15.57, 16.11, 16.7, 16.37, 16.68, 17.01, 17.44, 17.89, 18.28, 19.0, 19.57, 20.01, 20.63, 21.3, 21.93, 22.25, 22.5, 23.23, 23.91, 24.0, 24.25, 24.77, 25.03, 25.27, 25.5, 25.89, 25.99, 26.4, 26.62, 26.92, 26.93, 27.32, 27.74, 27.87, 27.95, 27.98, 28.0, 28.4, 28.34, 28.73, 28.92, 29.23, 29.41, 29.43, 29.87, 29.78, 30.05, 30.54, 30.53, 30.68, 30.84, 30.93, 31.15, 31.35, 31.64, 31.56, 31.96, 32.06, 32.36, 32.61, 33.08, 33.08, 33.32, 33.62, 33.57, 33.88, 34.19, 34.27, 34.43, 34.39, 34.79, 34.58, 34.67, 35.0, 35.06, 35.39, 35.57, 35.43, 35.65, 35.87, 35.68, 35.99, 36.1, 36.1, 36.16, 36.43, 36.17, 36.69, 36.81, 37.01]}