{"train_loss": [2.303412137887417, 2.3031300361339864, 2.3027490756450555, 2.3024550009996463, 2.302234998727456, 2.3019293332711244, 2.3017394774999373, 2.301318050042177, 2.301012167563805, 2.3006682793299356, 2.300345855492812, 2.2998042840224047, 2.299381600282131, 2.2988534322151772, 2.298338169317979, 2.2976807459806783, 2.297053521107405, 2.2964852259709283, 2.2958762272810325, 2.2950086911519367, 2.29422769118578, 2.293246115170992, 2.2925247088456766, 2.291904712334657, 2.2909965441777156, 2.2899425781690157, 2.289060393969218, 2.2883067063796214, 2.2873174911890275, 2.286417692135542, 2.2850764812567297, 2.2843820327367537, 2.283446356577751, 2.2826341011585334, 2.281562366241064, 2.280400899740366, 2.2794331434445505, 2.2786592942017774, 2.27746611619607, 2.2764854180507172, 2.2752448381521764, 2.274078203470279, 2.2729975413053465, 2.2720522984480245, 2.271350749945029, 2.270327304571103, 2.2699041256537806, 2.269457865372682, 2.2686075167778212, 2.267898862789839, 2.266753432689569, 2.2658727327982584, 2.2658113400141398, 2.2644661420430894, 2.2633834533202344, 2.263826079857655, 2.2627636866691785, 2.2616121475513165, 2.2616107708368545, 2.2607671719331006, 2.260532447619316, 2.2602582729779757, 2.2599175385939767, 2.258874361942976, 2.2589012616719955, 2.25841374091613, 2.257665742360629, 2.2574100439365092, 2.256676938594916, 2.2562122858487643, 2.255330565648201, 2.2545467474521734, 2.255052699798193, 2.2543249289194742, 2.253578601128016, 2.253453664901929, 2.252590073683323, 2.2515943154310567, 2.251721953123044, 2.2519138054969985, 2.2506668799962752, 2.2503771647428854, 2.2497027959579077, 2.249238208012703, 2.248269309141697, 2.2483646649580735, 2.2473834606317373, 2.2465799068793273, 2.2464572313504343, 2.245404135263883, 2.24556683638157, 2.244413329393436, 2.2445724377265344, 2.2440669304285294, 2.243112700413435, 2.242195318906735, 2.2423626196690094, 2.241221169936351, 2.240698054509285, 2.24095898774954], "test_loss": [2.299129995727539, 2.2985950256347656, 2.298053042602539, 2.297490933227539, 2.296917901611328, 2.296297821044922, 2.2956353118896486, 2.29487887878418, 2.2940448303222656, 2.293098712158203, 2.29205295715332, 2.290866687011719, 2.2895241638183594, 2.287981561279297, 2.2862976989746095, 2.284381335449219, 2.282243655395508, 2.279963653564453, 2.277476428222656, 2.274832711791992, 2.2719681213378906, 2.2688558959960936, 2.265828237915039, 2.2626671752929686, 2.259542108154297, 2.256137664794922, 2.2526878875732423, 2.249330926513672, 2.2459734283447266, 2.242209051513672, 2.238433792114258, 2.23505915222168, 2.2313182250976564, 2.227694512939453, 2.223980221557617, 2.22005276184082, 2.2160965850830077, 2.212409127807617, 2.208049169921875, 2.2036154510498047, 2.1993527557373045, 2.195604425048828, 2.191219644165039, 2.1870650970458985, 2.1832329498291014, 2.1783570831298826, 2.1758149658203125, 2.17167102355957, 2.1690020568847657, 2.1647021575927736, 2.160870101928711, 2.1578715240478514, 2.1543985290527345, 2.1496954345703125, 2.1460598205566406, 2.1443267944335935, 2.1418083557128904, 2.1373262084960936, 2.1348025909423827, 2.1319439392089845, 2.129806335449219, 2.126631033325195, 2.1259731048583985, 2.123099475097656, 2.1228305603027344, 2.1204240509033205, 2.1169253814697266, 2.114532452392578, 2.111293960571289, 2.110166455078125, 2.108833706665039, 2.105331295776367, 2.1029174896240233, 2.1009431091308595, 2.0995890655517577, 2.0977020751953126, 2.095248239135742, 2.0959949493408203, 2.0895903747558595, 2.089914535522461, 2.0869184844970703, 2.0853062622070313, 2.0826718475341797, 2.0816155242919923, 2.0802968963623045, 2.0763843048095705, 2.073666714477539, 2.07145791015625, 2.0733207611083984, 2.066656527709961, 2.0667746459960936, 2.063766664123535, 2.063037875366211, 2.0591496826171873, 2.056618342590332, 2.053651368713379, 2.0514397705078125, 2.0503075469970704, 2.0472669921875, 2.044926094055176], "test_acc": [10.62, 10.9, 11.12, 11.45, 11.97, 12.41, 12.91, 13.56, 14.24, 14.7, 15.1, 15.4, 15.85, 16.14, 16.49, 16.95, 17.15, 17.15, 17.61, 17.95, 18.32, 18.6, 19.19, 19.58, 20.04, 20.55, 20.86, 21.15, 21.46, 21.62, 21.87, 22.19, 22.56, 22.97, 23.27, 23.61, 23.97, 24.4, 24.83, 24.97, 25.16, 25.4, 25.67, 25.77, 25.91, 26.05, 26.3, 26.49, 26.63, 26.6, 26.76, 26.87, 26.93, 27.08, 27.14, 27.15, 27.41, 27.62, 27.67, 27.93, 28.01, 28.06, 28.54, 28.62, 28.99, 28.8, 28.91, 28.95, 29.01, 29.3, 29.69, 30.04, 30.04, 29.95, 30.07, 30.02, 30.68, 30.48, 30.9, 30.92, 31.24, 31.17, 31.74, 31.81, 31.88, 31.91, 32.07, 32.41, 32.51, 33.06, 33.36, 33.41, 33.69, 34.08, 34.15, 34.23, 34.47, 34.69, 34.65, 35.07]}