{"train_loss": [2.303427626536443, 2.303298702606788, 2.3032648239380276, 2.303129809330671, 2.3030132678838875, 2.302923360849038, 2.30289511680603, 2.3028167394491343, 2.302845252477206, 2.302765608445192, 2.302669157737341, 2.302645383737026, 2.3025696375431157, 2.3025918868871837, 2.302495016807165, 2.3025383142324594, 2.302563388531025, 2.3024926020548895, 2.3025192572520328, 2.3025103801336044, 2.3024807275869907, 2.302421028797443, 2.302438221222315, 2.3024772454530766, 2.302403688430786, 2.3024278059983865, 2.302405599447397, 2.3024146220622916, 2.3023961385091147, 2.3023817777633666, 2.302342444199782, 2.3023734667362312, 2.302348585006518, 2.3023146433707997, 2.3023118275862475, 2.3022930004657844, 2.3023169902654796, 2.3022855330736207, 2.302284436348157, 2.3023284209080233, 2.3022881196095395, 2.3022146683472853, 2.302242731436705, 2.3022488361749893, 2.302243139193608, 2.302272326518328, 2.302238175807855, 2.3022696843514074, 2.3022120732527513, 2.302198634392176, 2.3021421041244117, 2.3021643265699727, 2.302168294099661, 2.302242566377689, 2.3021496008604, 2.3021605075933995, 2.302140901638911, 2.302194076318007, 2.302157207024403, 2.3021579180008325, 2.302113569699801, 2.3021426072487463, 2.302080708894974, 2.302097127987788, 2.3020751176736294, 2.3020315463726337, 2.302153509702438, 2.3020523438086875, 2.3021042016836315, 2.302073901738876, 2.3020480088698556, 2.3021183729171755, 2.302054700484643, 2.302019151051839, 2.302000231620593, 2.3019753535588583, 2.3020350254498996, 2.3020946918389735, 2.3019909773117457, 2.30196205836076, 2.3019948293001224, 2.301960762341817, 2.3020341952641803, 2.30200406343509, 2.3019874065350265, 2.3019141680155046, 2.301919416280893, 2.302004150243906, 2.301903342589354, 2.3018923692214184, 2.3018670791234728, 2.301847756214631, 2.3019144198833366, 2.3019163987575433, 2.3018754194944333, 2.301877539585798, 2.301861420655862, 2.3018019266617604, 2.301799140832363, 2.3018232107162477], "test_loss": [2.29943759765625, 2.299228350830078, 2.299030187988281, 2.2988409576416013, 2.2986620544433594, 2.2984934753417967, 2.2983442138671877, 2.298194812011719, 2.298048764038086, 2.297914141845703, 2.297786618041992, 2.2976482818603516, 2.297516287231445, 2.2973920532226564, 2.2972726837158204, 2.297154928588867, 2.297042562866211, 2.296929669189453, 2.2968131103515623, 2.2966983001708985, 2.2965950378417967, 2.296479718017578, 2.2963674865722656, 2.2962515258789065, 2.2961451629638674, 2.296037564086914, 2.2959336853027343, 2.2958269073486326, 2.2957250946044923, 2.2956124725341795, 2.295501663208008, 2.295385543823242, 2.295273626708984, 2.2951756713867186, 2.295071499633789, 2.294968783569336, 2.2948693542480467, 2.2947589721679686, 2.294654754638672, 2.294546725463867, 2.2944371978759768, 2.2943244567871095, 2.2942029296875, 2.294087466430664, 2.293974298095703, 2.2938554443359376, 2.29373935546875, 2.293632974243164, 2.2935157684326173, 2.2934016754150393, 2.2932837158203125, 2.293156115722656, 2.2930423614501954, 2.292926187133789, 2.2927999359130857, 2.292685876464844, 2.2925551208496096, 2.292434097290039, 2.2923083557128905, 2.292183969116211, 2.2920584655761718, 2.2919425262451174, 2.291818798828125, 2.291694528198242, 2.2915659729003908, 2.2914255767822267, 2.2913023345947265, 2.2911541900634766, 2.2910235473632814, 2.290892590332031, 2.2907540313720705, 2.2906177856445313, 2.2904889770507815, 2.290362390136719, 2.290228985595703, 2.290087487792969, 2.289956912231445, 2.2898409576416014, 2.2897021240234374, 2.289574267578125, 2.289439584350586, 2.28929670715332, 2.2891709167480467, 2.2890282958984374, 2.288894143676758, 2.2887455596923827, 2.288597280883789, 2.2884670562744143, 2.2883159881591797, 2.2881668914794924, 2.2879952362060547, 2.2878420806884767, 2.2876967742919923, 2.287571762084961, 2.2874147399902345, 2.287275701904297, 2.2871272918701173, 2.286955795288086, 2.2867988922119142, 2.28663717956543], "test_acc": [10.55, 10.66, 10.73, 10.8, 10.85, 10.92, 11.02, 11.18, 11.34, 11.63, 11.73, 11.87, 11.94, 12.15, 12.31, 12.36, 12.52, 12.61, 12.71, 12.98, 13.09, 13.18, 13.31, 13.52, 13.74, 13.67, 13.74, 13.84, 13.95, 13.99, 14.1, 14.24, 14.26, 14.34, 14.47, 14.62, 14.72, 14.83, 14.93, 15.05, 15.21, 15.25, 15.47, 15.55, 15.57, 15.63, 15.77, 15.81, 15.9, 16.03, 16.13, 16.21, 16.2, 16.28, 16.34, 16.45, 16.5, 16.59, 16.72, 16.84, 16.89, 16.97, 17.09, 17.14, 17.27, 17.35, 17.44, 17.51, 17.53, 17.56, 17.5, 17.56, 17.59, 17.67, 17.74, 17.78, 17.84, 17.98, 18.14, 18.21, 18.23, 18.34, 18.37, 18.4, 18.52, 18.57, 18.61, 18.69, 18.78, 18.84, 18.8, 18.85, 18.94, 19.03, 19.09, 19.29, 19.36, 19.38, 19.45, 19.52]}