{"train_loss": [2.303399899067023, 2.302787017210936, 2.3024459368143324, 2.301892537337083, 2.3012930374879104, 2.3006759790273814, 2.299873687670781, 2.2989232185559394, 2.297813061567453, 2.296435781625601, 2.2947862832974164, 2.2927528491387, 2.2906215490439, 2.287747238843869, 2.2848482706607918, 2.281889309638586, 2.278533494166839, 2.275341799320319, 2.272088138262431, 2.2686366851513204, 2.264868137163994, 2.260830080203521, 2.2568843884345813, 2.2528307064985618, 2.248575345063821, 2.24436778594286, 2.2405583369426236, 2.2360309710869424, 2.2318291272872535, 2.228166823509412, 2.224370117065234, 2.221195075450799, 2.2178500902958405, 2.2154557906664336, 2.212487883445544, 2.2110145911192283, 2.208014697294969, 2.205887173383664, 2.203635409550789, 2.2010100768162655, 2.198164620154943, 2.1973378205910707, 2.1949930570064446, 2.191733785164662, 2.1905130172387146, 2.18841676956568, 2.1865848241708217, 2.1851976321293756, 2.1837406103427592, 2.181715659606151, 2.1789700685403286, 2.176805173433744, 2.175964960685143, 2.1739706656871696, 2.171918946657425, 2.1701398776127743, 2.1679050274384326, 2.165840322543413, 2.1636479903490113, 2.1612208519226463, 2.1601808205629007, 2.157891920896677, 2.156878646826133, 2.1540670077006023, 2.153185370640877, 2.150634633577787, 2.147847279524192, 2.1474592483960664, 2.145497043316181, 2.1434950736852794, 2.1417166104683507, 2.141273009471404, 2.139325780134935, 2.136825819504567, 2.1342874661470073, 2.133803722797296, 2.13068498586997, 2.1302013476689656, 2.129013380026206, 2.127022655193622, 2.1253613777649707, 2.12340354124705, 2.122580854403667, 2.1208538581163454, 2.1193689172084516, 2.1176788189472298, 2.117807835798997, 2.115724829527048, 2.1161236570431634, 2.1124376248090697, 2.1114085399187528, 2.110432368058425, 2.109864596220163, 2.109703038288997, 2.109042724584922, 2.106665308964558, 2.1064762687071776, 2.1044542309565424, 2.102749255987314, 2.1024521506749667], "test_loss": [2.2989372283935547, 2.298180679321289, 2.297364749145508, 2.2964609008789063, 2.295437887573242, 2.2942333984375, 2.292786697387695, 2.2910097442626953, 2.2888143005371093, 2.286051174926758, 2.2826702362060547, 2.2784434265136717, 2.2733766174316408, 2.26736435546875, 2.2606138916015626, 2.2534837493896482, 2.246123065185547, 2.238662857055664, 2.231008285522461, 2.2230201263427736, 2.2147985412597655, 2.2059748931884764, 2.1970353424072266, 2.1874368469238283, 2.1779887634277344, 2.1672495849609374, 2.157166748046875, 2.1468347290039063, 2.1365177917480467, 2.1262735931396484, 2.116218936157227, 2.1071562255859373, 2.0985424072265624, 2.0910429992675783, 2.0837313552856447, 2.0778599182128907, 2.0715926239013673, 2.06476142578125, 2.0595552795410157, 2.053957290649414, 2.04936036529541, 2.0432260147094725, 2.0380977905273436, 2.031833349609375, 2.02754559173584, 2.0217029541015625, 2.017917822265625, 2.012365170288086, 2.0088215286254885, 2.0046193435668944, 1.998371125793457, 1.9948792434692382, 1.9901723388671875, 1.985362924194336, 1.9806180068969728, 1.9753831420898438, 1.9722730545043945, 1.967459001159668, 1.9612542541503906, 1.956229898071289, 1.9512597198486328, 1.9469720840454101, 1.9433645980834962, 1.9381534957885742, 1.9338667114257813, 1.9271569442749024, 1.9253643951416015, 1.919641636657715, 1.9129608459472656, 1.9091798904418946, 1.9048190475463866, 1.9008179306030273, 1.8948983764648437, 1.8922307830810547, 1.8868628768920899, 1.881178941345215, 1.8774212509155273, 1.8728704177856446, 1.8670870849609376, 1.8655583908081055, 1.8608371124267578, 1.8538270736694336, 1.8516237564086915, 1.848861846923828, 1.8451702133178711, 1.8394872879028321, 1.8378492248535157, 1.8343670837402344, 1.8324019912719727, 1.8275167175292968, 1.824315837097168, 1.8215090179443358, 1.8197093688964843, 1.8156505081176757, 1.8128249542236328, 1.8105486221313476, 1.806717140197754, 1.8026555740356445, 1.7994320709228515, 1.798875584411621], "test_acc": [10.65, 10.89, 11.25, 11.47, 11.95, 12.66, 13.76, 14.86, 15.68, 16.57, 17.21, 17.3, 17.36, 17.98, 18.01, 18.64, 19.28, 20.1, 20.81, 21.38, 22.24, 22.58, 23.31, 23.75, 24.38, 24.66, 25.11, 25.61, 26.06, 26.38, 26.32, 26.74, 26.62, 26.9, 27.15, 27.64, 27.77, 28.09, 28.49, 28.62, 28.82, 29.3, 29.62, 29.54, 29.82, 30.0, 30.03, 30.47, 30.66, 31.2, 31.33, 31.73, 32.22, 31.84, 32.57, 32.76, 33.27, 33.13, 33.42, 33.85, 34.24, 34.0, 34.59, 34.8, 35.07, 34.94, 35.16, 35.56, 35.53, 35.49, 36.08, 36.12, 36.45, 36.53, 36.62, 36.66, 37.03, 37.04, 37.42, 37.42, 37.84, 37.76, 37.96, 38.13, 38.15, 38.04, 38.22, 38.61, 38.67, 38.85, 38.92, 39.08, 39.28, 39.3, 39.36, 39.58, 39.47, 39.78, 40.03, 39.98]}