{"train_loss": [2.3035107129659407, 2.3033925875639305, 2.30333161231799, 2.3032214201413668, 2.303126285626338, 2.303048568505507, 2.3030080624115774, 2.3029448478649823, 2.302941985008044, 2.30288233818152, 2.302816052314563, 2.30279219639607, 2.302741025044368, 2.3027440682435647, 2.3026837507883706, 2.3026997541769956, 2.3027066132961176, 2.3026638734035, 2.302676630020142, 2.30266986871377, 2.302649461917388, 2.3026192017090628, 2.302625629840753, 2.3026472446246027, 2.3026027862842264, 2.302619684048188, 2.3026028064581063, 2.302607288116064, 2.3025970911368345, 2.3025955768731925, 2.3025728592505823, 2.3025928405615, 2.302581431926825, 2.3025578590539784, 2.302557548498496, 2.3025497326484095, 2.3025611877441405, 2.3025469590456056, 2.302549981459593, 2.302576868962019, 2.302555830662067, 2.3025216934008474, 2.3025390025896906, 2.3025411770893975, 2.3025363971025516, 2.302560374675653, 2.3025448689093957, 2.3025547192646907, 2.30253365895687, 2.3025246357306455, 2.3025005609561235, 2.302519148435348, 2.3025118723893776, 2.3025565361365294, 2.302511193202092, 2.302515514080341, 2.3025155464808145, 2.302545670973949, 2.3025266580092603, 2.302525827823541, 2.30250524190756, 2.302516486705878, 2.3024904410044353, 2.302500053552481, 2.302494050294925, 2.302478023675772, 2.302535815116687, 2.302499961241698, 2.3025169360332, 2.3025018092913507, 2.3025001544218795, 2.3025344585761047, 2.3024991353352866, 2.3024821324226186, 2.302476662244552, 2.302466930487217, 2.3024994465020985, 2.302521621875274, 2.3024856976973704, 2.3024634691385124, 2.302482063953693, 2.3024800636829474, 2.3025015488649028, 2.302500885572189, 2.3024893601735434, 2.302465580059932, 2.3024605408692973, 2.3024981076900777, 2.302464008331299, 2.302454313865075, 2.3024681537579266, 2.302445076062129, 2.3024821691023996, 2.302464612936362, 2.3024656576988023, 2.30246755526616, 2.302459316375928, 2.3024433080966658, 2.302433421672919, 2.3024502100088657], "test_loss": [2.29946787109375, 2.2992882751464845, 2.2991223480224607, 2.298967575073242, 2.29882353515625, 2.298689810180664, 2.298570867919922, 2.2984558685302736, 2.2983480499267577, 2.2982487701416017, 2.2981567626953123, 2.29806325378418, 2.297976919555664, 2.297894650268555, 2.2978167510986327, 2.297744219970703, 2.2976759399414064, 2.2976090911865232, 2.2975426147460936, 2.2974787719726564, 2.2974199981689454, 2.2973583282470704, 2.297298425292969, 2.2972376373291015, 2.2971837219238282, 2.2971272399902345, 2.2970774932861326, 2.297027017211914, 2.2969797607421873, 2.296928695678711, 2.296880520629883, 2.296832247924805, 2.2967819702148438, 2.296738317871094, 2.2966934020996095, 2.2966482482910155, 2.2966067932128906, 2.2965624542236327, 2.2965186248779297, 2.2964737731933593, 2.296430990600586, 2.296386145019531, 2.2963404388427735, 2.2962957580566408, 2.296255838012695, 2.296212481689453, 2.2961677886962892, 2.2961297149658204, 2.2960882904052733, 2.296045034790039, 2.2960041931152344, 2.2959582061767576, 2.2959174774169924, 2.2958777587890626, 2.2958358947753905, 2.295795309448242, 2.295752359008789, 2.29570732421875, 2.295666223144531, 2.2956250610351563, 2.2955794158935547, 2.295542010498047, 2.2955005554199217, 2.295460076904297, 2.2954196716308592, 2.295377554321289, 2.2953362762451173, 2.2952893707275392, 2.295247967529297, 2.2952076385498046, 2.2951645782470704, 2.2951226623535157, 2.2950830505371096, 2.2950429412841795, 2.29499987487793, 2.2949546844482422, 2.294913000488281, 2.2948785186767577, 2.294835858154297, 2.294795852661133, 2.2947555389404295, 2.2947110931396484, 2.2946778717041014, 2.2946346771240234, 2.2945971435546877, 2.2945496826171876, 2.294506774902344, 2.2944706665039063, 2.294427072143555, 2.2943826080322265, 2.294334051513672, 2.2942905944824217, 2.294246337890625, 2.2942043334960935, 2.294163653564453, 2.2941226715087892, 2.2940798461914063, 2.294033367919922, 2.293991555786133, 2.293951110839844], "test_acc": [10.51, 10.56, 10.62, 10.7, 10.7, 10.78, 10.76, 10.84, 10.83, 10.94, 10.98, 11.17, 11.24, 11.36, 11.52, 11.52, 11.65, 11.7, 11.65, 11.74, 11.86, 11.96, 12.08, 12.28, 12.31, 12.46, 12.68, 12.82, 12.94, 13.04, 13.19, 13.23, 13.25, 13.34, 13.42, 13.4, 13.55, 13.64, 13.73, 13.76, 13.84, 13.87, 13.94, 14.02, 14.14, 14.14, 14.27, 14.32, 14.43, 14.44, 14.49, 14.54, 14.61, 14.68, 14.68, 14.75, 14.84, 14.95, 15.05, 15.06, 15.17, 15.17, 15.23, 15.26, 15.37, 15.43, 15.49, 15.56, 15.53, 15.59, 15.66, 15.64, 15.71, 15.78, 15.78, 15.85, 15.79, 15.95, 16.02, 16.12, 16.19, 16.21, 16.26, 16.29, 16.33, 16.37, 16.42, 16.5, 16.55, 16.64, 16.59, 16.65, 16.71, 16.76, 16.78, 16.87, 16.9, 16.88, 16.95, 17.0]}