{"train_loss": [2.3034108553177273, 2.3032791327207516, 2.303250058492025, 2.3031093640205187, 2.3029878640786197, 2.302895020215939, 2.302868865086482, 2.3027865134752714, 2.3028209790205345, 2.3027368080921664, 2.30263387912359, 2.302609477287684, 2.302528277421609, 2.3025540455793725, 2.302449272229121, 2.3024972836176554, 2.302526212349916, 2.3024490454258064, 2.302477516272129, 2.30246751614106, 2.302436154927963, 2.3023684996825, 2.3023881276448566, 2.302430104598021, 2.3023505113063716, 2.302374851397979, 2.302351545064877, 2.3023607223461835, 2.3023409611139543, 2.3023218595064603, 2.302278522956066, 2.302310725970146, 2.30228299055344, 2.3022478201450447, 2.302244427265265, 2.302221694970742, 2.302248527453496, 2.302211432579236, 2.302209628545321, 2.302255451373565, 2.3022098773565047, 2.3021282018759313, 2.3021570743658604, 2.302163913922432, 2.3021568555098315, 2.3021842687557905, 2.302147250297742, 2.302183494812403, 2.3021156457754284, 2.3021020730336508, 2.302037302041665, 2.302057533386426, 2.3020658016204836, 2.3021435713156677, 2.302040498684614, 2.3020543990991054, 2.3020258677311434, 2.3020857786520934, 2.3020410800591495, 2.3020425374691302, 2.30199296046526, 2.302027153357481, 2.301954199717595, 2.301971029623961, 2.3019442692781107, 2.3018925660695784, 2.302030049226223, 2.3019097694983848, 2.3019718958781317, 2.3019362749197545, 2.301904130593324, 2.301981320136633, 2.301912630521334, 2.301872414809007, 2.301851265858381, 2.3018198728561403, 2.3018865334681977, 2.30195608261304, 2.301833675457881, 2.301801081804129, 2.3018362381519415, 2.301791200882349, 2.301877312782483, 2.3018398449971125, 2.3018245807060826, 2.3017353699757503, 2.3017440478007, 2.301839609635182, 2.3017203269860684, 2.301707413257697, 2.301669501646971, 2.3016532946855595, 2.3017286551304355, 2.301738981100229, 2.301677691630828, 2.3016862221253223, 2.3016616185506185, 2.3015900110587095, 2.3015905557534633, 2.30161391160427], "test_loss": [2.2994314544677734, 2.299216461181641, 2.299011428833008, 2.298815069580078, 2.2986294189453127, 2.298453076171875, 2.2982969635009765, 2.298140298461914, 2.2979858367919923, 2.2978439239501953, 2.2977079223632813, 2.2975609466552736, 2.2974189392089843, 2.297283923339844, 2.2971543029785155, 2.2970261657714843, 2.296904260253906, 2.2967802154541017, 2.2966522491455077, 2.296525067138672, 2.2964090240478514, 2.2962796844482423, 2.2961561004638673, 2.296027996826172, 2.2959075134277342, 2.2957851959228517, 2.2956675384521485, 2.295547756958008, 2.29543293762207, 2.2953046936035157, 2.295177786254883, 2.2950443969726564, 2.294914453125, 2.294797805786133, 2.2946795867919922, 2.294559048461914, 2.2944428283691405, 2.2943170684814453, 2.294195980834961, 2.294068081665039, 2.293940017700195, 2.293809353637695, 2.293667529296875, 2.293533334350586, 2.293400012207031, 2.2932536804199217, 2.2931152374267576, 2.2929886138916014, 2.292849575805664, 2.2927161163330076, 2.2925735778808596, 2.2924193756103515, 2.2922785247802735, 2.292138006591797, 2.2919903900146483, 2.2918605926513673, 2.29170888671875, 2.2915628967285158, 2.2914099243164063, 2.2912621704101563, 2.2911105041503905, 2.2909668640136718, 2.2908162475585936, 2.2906616424560546, 2.2905035369873046, 2.2903360961914063, 2.2901902526855467, 2.2900117248535157, 2.2898577026367186, 2.28970029296875, 2.289534213256836, 2.2893700317382812, 2.2892124206542968, 2.289059796142578, 2.2888959289550783, 2.2887287872314452, 2.288571664428711, 2.288432135009766, 2.288260632324219, 2.2881012847900393, 2.2879371490478517, 2.2877602569580078, 2.2876035858154298, 2.287432473754883, 2.287270007324219, 2.287089532470703, 2.2869138244628906, 2.286757269287109, 2.2865792724609375, 2.2863968048095704, 2.2861928314208986, 2.2860095031738283, 2.285841653442383, 2.2856976806640623, 2.285509014892578, 2.285342660522461, 2.2851654266357424, 2.284963897705078, 2.2847756439208986, 2.2845774627685547], "test_acc": [10.55, 10.65, 10.74, 10.79, 10.88, 10.93, 11.08, 11.24, 11.53, 11.78, 11.75, 11.95, 12.07, 12.29, 12.36, 12.52, 12.62, 12.73, 12.86, 13.17, 13.24, 13.5, 13.55, 13.55, 13.77, 13.77, 13.95, 13.97, 14.11, 14.13, 14.24, 14.3, 14.48, 14.44, 14.64, 14.74, 14.91, 15.01, 15.03, 15.21, 15.26, 15.38, 15.5, 15.56, 15.62, 15.72, 15.89, 15.92, 15.97, 16.0, 16.07, 16.17, 16.22, 16.31, 16.45, 16.56, 16.71, 16.81, 16.94, 17.06, 17.11, 17.24, 17.3, 17.37, 17.56, 17.6, 17.65, 17.73, 17.76, 17.82, 17.83, 17.93, 18.06, 18.17, 18.29, 18.32, 18.32, 18.42, 18.49, 18.61, 18.66, 18.73, 18.86, 18.98, 19.05, 19.1, 19.12, 19.19, 19.24, 19.35, 19.47, 19.47, 19.6, 19.67, 19.75, 19.77, 19.81, 19.93, 19.98, 20.01]}