{"train_loss": [2.3035702497531205, 2.303362780962235, 2.3032644883180278, 2.303122040552971, 2.3029883060699854, 2.30288975299933, 2.3027670450699635, 2.3026602378258336, 2.3025733458690154, 2.3024833177908874, 2.3023779111030773, 2.302284106841454, 2.302221682132819, 2.302125971133892, 2.3020491257691993, 2.301982378348326, 2.3018903353275397, 2.3018169060731544, 2.3017230993662126, 2.301669124456552, 2.301568480638357, 2.301461678896195, 2.3013578329330837, 2.3012869761540338, 2.3012092034022014, 2.301133532401843, 2.301028461334033, 2.3009498791816907, 2.300840578935085, 2.300758377710978, 2.300628649882781, 2.3005378166834514, 2.300465280581743, 2.3003025128291203, 2.300195452494499, 2.300119074797019, 2.3000214161017003, 2.299890738267165, 2.299773671076848, 2.299675036699344, 2.2994975964228312, 2.2994248408537645, 2.2992920716603598, 2.299149998029073, 2.299075162716401, 2.2989097271210106, 2.2988513408563076, 2.298710211729392, 2.298558032207, 2.298491311684633, 2.2983016044665607, 2.2981945062294984, 2.298066072586255, 2.297943156193464, 2.2978104187892034, 2.2976784406564175, 2.29755618755634, 2.297409853568444, 2.297251808337676, 2.297108606191782, 2.2970224001468758, 2.2969066424247546, 2.296773712451641, 2.296568721991319, 2.2965036019300804, 2.2963297446568807, 2.2962269990872115, 2.296103103344257, 2.2959567791376356, 2.295847173226185, 2.29569008961702, 2.2956071278987786, 2.29546937697973, 2.295334170414851, 2.295224568171379, 2.295095181465149, 2.2949083988483134, 2.294888092310001, 2.2947277148564655, 2.294594318438799, 2.2944279016592564, 2.294356456781045, 2.294218862362397, 2.2941041958637727, 2.2939801558470116, 2.293819308280945, 2.2937637280195187, 2.2936419169108073, 2.2935898291759003, 2.2933795757782764, 2.2933059490644014, 2.2931311998611843, 2.2930886146349785, 2.2929762699665166, 2.2928819521879538, 2.2928013850481084, 2.292708710523752, 2.292490739700122, 2.292461895942688, 2.2923837343851727], "test_loss": [2.299319125366211, 2.298986233520508, 2.2986615966796875, 2.2983451293945314, 2.2980345123291017, 2.2977242492675782, 2.2974196380615233, 2.297110876464844, 2.2967972991943357, 2.2964782989501953, 2.2961502319335936, 2.2958104064941405, 2.2954644134521485, 2.295103353881836, 2.2947294158935545, 2.294337121582031, 2.2939255096435547, 2.2935024169921876, 2.2930608947753908, 2.292598825073242, 2.2921177429199218, 2.2916144317626954, 2.291090701293945, 2.290547448730469, 2.2899804779052735, 2.289392672729492, 2.2887891906738282, 2.288161752319336, 2.2875133056640626, 2.286842166137695, 2.286144958496094, 2.285432662963867, 2.2847028411865233, 2.2839497924804686, 2.2831832122802735, 2.282392416381836, 2.281596630859375, 2.280777471923828, 2.279947314453125, 2.279088427734375, 2.278215283203125, 2.277326971435547, 2.276418536376953, 2.2754895111083986, 2.274571789550781, 2.273614566040039, 2.2726814270019533, 2.271726416015625, 2.270746615600586, 2.2697819732666016, 2.2687671936035154, 2.2677870178222657, 2.266775750732422, 2.2657747985839842, 2.2647556671142577, 2.2637188354492186, 2.2626876953125, 2.2616406311035155, 2.2605520233154297, 2.259468881225586, 2.258389468383789, 2.2572990661621093, 2.2562456481933593, 2.255155645751953, 2.2540788482666017, 2.253002438354492, 2.251907556152344, 2.2508082153320315, 2.2497011138916014, 2.248649905395508, 2.247556201171875, 2.246451480102539, 2.2453537841796876, 2.2442351531982423, 2.2431404876708982, 2.242062255859375, 2.240960223388672, 2.239885763549805, 2.2387615966796877, 2.237686935424805, 2.2365477966308593, 2.235476223754883, 2.234373156738281, 2.233325735473633, 2.232300942993164, 2.231089434814453, 2.2300277770996093, 2.2289731018066408, 2.228006802368164, 2.2269042388916014, 2.225889633178711, 2.2248293395996095, 2.22381247253418, 2.222689974975586, 2.221738916015625, 2.2208108123779295, 2.219864895629883, 2.2188406036376955, 2.2177271881103517, 2.216812225341797], "test_acc": [10.57, 10.64, 10.8, 10.93, 11.03, 11.06, 11.2, 11.3, 11.42, 11.71, 11.78, 12.07, 12.29, 12.87, 13.31, 13.68, 14.21, 14.71, 15.34, 15.96, 16.32, 16.81, 17.16, 17.55, 17.9, 18.21, 18.43, 18.42, 18.62, 18.82, 18.94, 18.99, 19.23, 19.28, 19.49, 19.73, 19.81, 19.92, 20.06, 20.24, 20.43, 20.47, 20.57, 20.61, 20.73, 20.89, 21.09, 21.19, 21.31, 21.34, 21.45, 21.7, 21.8, 22.0, 22.13, 22.16, 22.35, 22.41, 22.63, 22.73, 22.96, 23.15, 23.34, 23.53, 23.59, 23.7, 23.76, 23.96, 24.12, 24.25, 24.35, 24.47, 24.64, 24.83, 24.92, 25.06, 25.22, 25.36, 25.45, 25.61, 25.66, 25.74, 25.84, 26.04, 26.17, 26.27, 26.37, 26.43, 26.49, 26.58, 26.66, 26.68, 26.73, 26.84, 26.99, 27.18, 27.2, 27.3, 27.38, 27.47]}