{"train_loss": [2.3035322464429413, 2.3033896684646606, 2.3032558710147173, 2.3031465255297148, 2.303049225073594, 2.3029364579763167, 2.302880631960355, 2.302784348756839, 2.3027276161389474, 2.302673018895663, 2.302582966364347, 2.302525999607184, 2.3024669745029547, 2.3024269776466566, 2.3023813522779024, 2.302329253539061, 2.3022931679701193, 2.3021975309420855, 2.302186357669341, 2.302161802389683, 2.3021041264900792, 2.302062071286715, 2.3020085982787304, 2.301946688921024, 2.301895627608666, 2.3018876350842987, 2.3018405192937608, 2.3018377175697915, 2.3017690169505585, 2.3017447477731947, 2.3017086634269126, 2.301612241451557, 2.301627879876357, 2.3015743396221064, 2.3015058474662977, 2.3015079467724533, 2.3014306184573052, 2.30140475493211, 2.3013401428858438, 2.301277243785369, 2.3012524268566033, 2.3012084105075936, 2.3011500927118154, 2.301098307585105, 2.301093748288277, 2.3010103127895256, 2.3009439431704006, 2.3009315044451983, 2.3008451192806927, 2.3008797590549177, 2.3007536478531665, 2.3007533183464637, 2.3006692837446163, 2.30060340991387, 2.300591587408995, 2.3005092932627753, 2.3004729020289885, 2.300377279672867, 2.3003748092895897, 2.300338300069173, 2.300319233918801, 2.300255112770276, 2.300209192129282, 2.300121213839604, 2.300062685746413, 2.3000205877499704, 2.299951568627969, 2.2999569746164177, 2.2998970001171797, 2.299778309846536, 2.2997242725812472, 2.299753175026331, 2.29969147229806, 2.299626538081047, 2.299606556770129, 2.2995456292079046, 2.299422810627864, 2.2994171332090327, 2.299337588212429, 2.299312376976013, 2.2992463142443924, 2.2992308934529624, 2.2991192964407112, 2.2990782120288946, 2.2990464363342675, 2.2989976693422367, 2.2989598561555913, 2.2988770845608832, 2.2988053211799033, 2.2988148444738146, 2.2987448753454744, 2.298692318720695, 2.298588936145489, 2.2985432838782285, 2.2985247819851606, 2.298463924114521, 2.2983931205211543, 2.2983527256892278, 2.2983299689415175, 2.298266352751316], "test_loss": [2.2993680267333985, 2.299086700439453, 2.2988142944335936, 2.2985504852294922, 2.2982915405273436, 2.298041439819336, 2.297798684692383, 2.2975574951171875, 2.2973173583984376, 2.297075329589844, 2.2968336486816407, 2.2965872589111327, 2.2963478149414063, 2.2961016143798827, 2.2958522003173827, 2.29559482421875, 2.2953287811279295, 2.2950613983154295, 2.294790689086914, 2.2945156433105467, 2.2942350952148436, 2.293941372680664, 2.29364130859375, 2.2933307861328127, 2.293005172729492, 2.292672998046875, 2.292339178466797, 2.2920054473876954, 2.2916577362060546, 2.2913058532714845, 2.290945928955078, 2.290574038696289, 2.290197998046875, 2.2898188232421877, 2.289437188720703, 2.2890492797851563, 2.2886436737060545, 2.2882391479492186, 2.2878232391357423, 2.287388317871094, 2.2869529327392577, 2.2865183868408203, 2.286075814819336, 2.2856195556640624, 2.285168963623047, 2.2847028564453127, 2.2842292602539063, 2.283770199584961, 2.2832898162841797, 2.282814834594727, 2.282318176269531, 2.2818289947509767, 2.28132995300293, 2.2808138427734375, 2.280311541748047, 2.2797839965820312, 2.2792656951904298, 2.278725634765625, 2.2781927459716798, 2.277662371826172, 2.2771382202148436, 2.276594415283203, 2.2760626190185547, 2.2754985961914063, 2.2749366943359375, 2.2743830993652345, 2.2738256225585936, 2.2732668060302736, 2.272716571044922, 2.27213844909668, 2.2715412353515627, 2.2709866455078127, 2.2704192291259764, 2.269850094604492, 2.269279852294922, 2.2686998992919922, 2.268093908691406, 2.267514389038086, 2.266897821044922, 2.2663315307617187, 2.2657391723632814, 2.265147897338867, 2.2645311889648436, 2.2639329681396485, 2.263356869506836, 2.262755993652344, 2.26215559387207, 2.2615434753417967, 2.2608961639404295, 2.260352182006836, 2.259734710693359, 2.259134558105469, 2.2585066375732423, 2.2579009216308594, 2.2572613861083983, 2.2566780853271484, 2.2560977691650392, 2.2555068206787108, 2.2548648712158204, 2.254267144775391], "test_acc": [10.55, 10.64, 10.68, 10.75, 10.75, 10.85, 10.88, 10.89, 11.09, 11.22, 11.45, 11.56, 11.8, 12.08, 12.27, 12.53, 12.87, 13.17, 13.49, 13.9, 14.24, 14.57, 14.85, 15.06, 15.34, 15.66, 15.98, 16.28, 16.4, 16.63, 16.94, 17.19, 17.32, 17.51, 17.63, 17.68, 17.88, 18.05, 18.34, 18.33, 18.5, 18.64, 18.82, 18.91, 18.97, 19.07, 19.24, 19.35, 19.43, 19.64, 19.77, 19.91, 20.07, 20.15, 20.25, 20.38, 20.46, 20.55, 20.62, 20.76, 20.8, 20.89, 21.07, 21.06, 21.24, 21.42, 21.53, 21.64, 21.64, 21.72, 21.77, 21.8, 22.0, 22.12, 22.25, 22.41, 22.48, 22.64, 22.76, 22.9, 23.01, 23.11, 23.23, 23.25, 23.28, 23.4, 23.52, 23.55, 23.59, 23.74, 23.8, 23.87, 24.01, 24.03, 24.12, 24.28, 24.44, 24.53, 24.54, 24.79]}