{"train_loss": [2.3033778190612795, 2.3031699565740733, 2.3031185608643754, 2.3031012871326544, 2.302937183013329, 2.302923686687763, 2.302851884181683, 2.3027873002565826, 2.3027575914676373, 2.3026925343733566, 2.3026790356024716, 2.302657005725763, 2.302573291460673, 2.302625948954851, 2.3025991225853946, 2.3026416258934215, 2.302585805990757, 2.3024652811197135, 2.302551737198463, 2.3025529647484806, 2.3024303087821374, 2.302448346064641, 2.3024612689629578, 2.3024240181996274, 2.302444212253277, 2.3024428985057734, 2.3025506478089555, 2.302424953534053, 2.3024111368717293, 2.3024836699167888, 2.3025106307787775, 2.302378957088177, 2.302437034631387, 2.3022968255556546, 2.302399048438439, 2.30238784521054, 2.302432932609167, 2.3024173051883015, 2.302324318885803, 2.3023712549454127, 2.3023136255068657, 2.302289679722908, 2.3023101335916762, 2.302336554038219, 2.3023204571161515, 2.3022633442511924, 2.302340312493153, 2.3024164548287023, 2.3023108390661386, 2.3023291759001903, 2.302265670360663, 2.302297592163086, 2.302354881702325, 2.302326042835529, 2.302222145520724, 2.302242329181769, 2.302271242630787, 2.3022485959224213, 2.3022598774005205, 2.302275020648272, 2.3023329282418277, 2.3023286611605913, 2.302244803844354, 2.302181211496011, 2.302245992880601, 2.3022447488246818, 2.3022553553948035, 2.30225875377655, 2.3022206385930377, 2.3022622414124316, 2.302205700752063, 2.302191855968573, 2.302279733388852, 2.3022347065118645, 2.30223597685496, 2.3021401258615346, 2.302172942650624, 2.302258356412252, 2.3021862091162264, 2.3021694238369284, 2.3021997769673663, 2.302197340207222, 2.302120063855098, 2.3021490237651725, 2.3021007012098265, 2.3020807419067775, 2.3020290521474984, 2.302049035903735, 2.302129631776076, 2.3020835240681965, 2.3020897437364627, 2.302167505484361, 2.3020949192536184, 2.3021645264747814, 2.3020739561472183, 2.3021539070667365, 2.3021845169556445, 2.302060324717791, 2.302081856972132, 2.302043043038784], "test_loss": [2.29946181640625, 2.2992645935058595, 2.299081140136719, 2.298912844848633, 2.298760980224609, 2.2986095123291017, 2.298467230224609, 2.298340463256836, 2.2982194946289063, 2.298109878540039, 2.297999530029297, 2.297901531982422, 2.2978053283691406, 2.29771125793457, 2.2976130828857424, 2.297522235107422, 2.2974433502197265, 2.29735495300293, 2.2972833862304687, 2.297197448730469, 2.2971153259277344, 2.297039450073242, 2.296970880126953, 2.2969026641845702, 2.2968229248046876, 2.296751449584961, 2.2966822387695314, 2.2966033905029297, 2.2965397155761718, 2.2964702362060545, 2.296406182861328, 2.296331588745117, 2.2962620880126954, 2.2961879577636717, 2.2961167236328124, 2.296046484375, 2.295975778198242, 2.2959165069580076, 2.295853372192383, 2.2957889068603516, 2.2957222442626954, 2.2956469207763672, 2.2955794342041016, 2.2955125762939455, 2.2954503082275393, 2.295367730712891, 2.2952973266601564, 2.2952233673095703, 2.2951560760498046, 2.295081494140625, 2.2949975128173827, 2.294931979370117, 2.294848648071289, 2.294771789550781, 2.294698974609375, 2.2946193756103517, 2.294543032836914, 2.294470590209961, 2.294385437011719, 2.294301333618164, 2.2942310272216795, 2.294155154418945, 2.294060354614258, 2.2939813995361327, 2.2938996246337893, 2.293831332397461, 2.293739904785156, 2.2936572387695313, 2.293573699951172, 2.2934839385986328, 2.293407748413086, 2.2933213653564453, 2.2932296844482423, 2.293140512084961, 2.2930602935791016, 2.2929445098876955, 2.292851739501953, 2.292774578857422, 2.2926873992919923, 2.292606576538086, 2.292526104736328, 2.2924586853027344, 2.2923626251220703, 2.292266906738281, 2.292179132080078, 2.2920752227783203, 2.291985073852539, 2.2919010864257814, 2.2918179229736326, 2.291701354980469, 2.2916144561767577, 2.2915314361572268, 2.2914442474365235, 2.2913668182373046, 2.2912641510009766, 2.2911586364746093, 2.2910923614501955, 2.2909839263916014, 2.2908921813964844, 2.290810394287109], "test_acc": [10.56, 10.67, 10.73, 10.86, 10.88, 10.94, 10.98, 11.07, 11.11, 11.19, 11.37, 11.45, 11.58, 11.58, 11.62, 11.64, 11.67, 11.64, 11.61, 11.54, 11.53, 11.57, 11.62, 11.64, 11.6, 11.6, 11.63, 11.68, 11.8, 11.85, 11.91, 11.95, 12.05, 12.12, 12.2, 12.23, 12.4, 12.54, 12.7, 12.8, 12.97, 13.12, 13.23, 13.38, 13.62, 13.69, 13.74, 13.84, 14.03, 14.12, 14.27, 14.38, 14.5, 14.62, 14.66, 14.8, 14.99, 15.12, 15.19, 15.27, 15.35, 15.43, 15.53, 15.66, 15.73, 15.82, 16.01, 16.12, 16.17, 16.26, 16.25, 16.34, 16.42, 16.56, 16.66, 16.66, 16.77, 16.87, 16.89, 16.97, 17.02, 17.06, 17.13, 17.18, 17.24, 17.23, 17.24, 17.26, 17.31, 17.3, 17.4, 17.42, 17.52, 17.53, 17.57, 17.61, 17.66, 17.69, 17.73, 17.77]}