{"train_loss": [2.3035970204915754, 2.3034532436957726, 2.3033399979273477, 2.3032330641379724, 2.303145601810553, 2.30306268288539, 2.3029817905181496, 2.3029065560071897, 2.302852406257238, 2.3027989864349365, 2.3027393316611264, 2.302692439005925, 2.302654144091484, 2.302612002690633, 2.302580196429522, 2.3025477170944213, 2.3025187895848203, 2.3024895625236708, 2.3024605897756723, 2.3024356169578355, 2.302412980642074, 2.3023848998240934, 2.302352339793474, 2.302338076860477, 2.3023118190276315, 2.302295807080391, 2.3022751789826614, 2.302264015491192, 2.3022441546122234, 2.302231236604544, 2.3022088717191647, 2.3021824255967753, 2.3021794692063944, 2.302147591419709, 2.3021185104663555, 2.3021147403961573, 2.3020909138214893, 2.302076166104048, 2.302053587253277, 2.3020425943227916, 2.302004938859206, 2.3019953208091932, 2.3019818819486177, 2.301954715068524, 2.301938358942668, 2.301907304005745, 2.3019063937358366, 2.301884269103026, 2.3018547583849003, 2.301852739162934, 2.3018206981512215, 2.301803733140994, 2.301780396241408, 2.301751765838036, 2.3017304909534944, 2.3017284906827484, 2.3017048994700113, 2.3016842426397863, 2.301663278310727, 2.3016350911213803, 2.3016317459253166, 2.3016109387079875, 2.301587832891024, 2.3015497556099525, 2.3015403704765514, 2.301511368996058, 2.3015029723827656, 2.3014672114298893, 2.3014685380153166, 2.30142031449538, 2.3014140306374964, 2.3013950433486547, 2.3013663579256107, 2.3013496129940716, 2.301341001192729, 2.301312103638282, 2.3012868031477316, 2.3012768507003782, 2.301242386377775, 2.3012263071842685, 2.3011960316927005, 2.3011880905200273, 2.3011659976763603, 2.3011348987237, 2.301119922980284, 2.301093357037275, 2.301070818534264, 2.3010561551803197, 2.3010377657719148, 2.3010073979695638, 2.3009843233304146, 2.300968975898547, 2.3009448240964843, 2.300919749186589, 2.300904882259858, 2.300885283641326, 2.3008685026413356, 2.300827685991923, 2.300817030515426, 2.3007898208422537], "test_loss": [2.2993996368408203, 2.299149270629883, 2.298912954711914, 2.298688299560547, 2.2984740478515624, 2.298267980957031, 2.2980697204589844, 2.2978770080566404, 2.297689566040039, 2.297506661987305, 2.2973258697509764, 2.2971472076416015, 2.2969707092285154, 2.2967946838378905, 2.2966214263916016, 2.296447799682617, 2.2962730712890624, 2.296099188232422, 2.295925482177734, 2.2957506713867186, 2.2955751068115235, 2.2953976013183595, 2.295217611694336, 2.295037042236328, 2.2948529357910155, 2.294665170288086, 2.294476678466797, 2.2942862457275393, 2.294092803955078, 2.2938971588134764, 2.2936964752197264, 2.2934937530517576, 2.293289791870117, 2.2930824951171873, 2.292873599243164, 2.292659948730469, 2.2924446716308595, 2.292228265380859, 2.292008428955078, 2.2917845275878905, 2.291557354736328, 2.2913273193359376, 2.291095166015625, 2.290858984375, 2.2906217712402346, 2.2903802307128904, 2.290139419555664, 2.289896295166016, 2.289650289916992, 2.2894039123535155, 2.2891532958984375, 2.2889023162841795, 2.288645883178711, 2.2883862457275392, 2.2881233642578125, 2.2878638732910157, 2.2876012237548826, 2.287333120727539, 2.2870611602783204, 2.2867875549316405, 2.286514270019531, 2.2862369018554687, 2.2859601501464843, 2.2856755401611326, 2.2853927734375, 2.285108459472656, 2.2848227813720703, 2.2845307678222655, 2.2842442932128906, 2.283948971557617, 2.2836526580810546, 2.2833575897216796, 2.2830602813720704, 2.282761291503906, 2.282462991333008, 2.2821596557617188, 2.2818546752929687, 2.2815511810302733, 2.281242468261719, 2.2809339172363283, 2.2806220611572265, 2.2803119415283204, 2.2799981384277346, 2.2796829315185545, 2.2793720489501954, 2.279054931640625, 2.2787359649658203, 2.2784175201416015, 2.278099279785156, 2.277779275512695, 2.2774616149902345, 2.277136407470703, 2.2768145874023435, 2.276489651489258, 2.27616220703125, 2.2758396087646484, 2.2755177001953126, 2.27518681640625, 2.274856069946289, 2.2745274627685546], "test_acc": [10.53, 10.62, 10.65, 10.82, 10.92, 10.88, 10.93, 10.92, 10.98, 11.15, 11.23, 11.35, 11.46, 11.57, 11.6, 11.81, 11.97, 12.18, 12.6, 12.86, 13.13, 13.38, 13.69, 14.01, 14.4, 14.68, 15.14, 15.54, 15.87, 16.12, 16.32, 16.46, 16.71, 16.83, 17.16, 17.41, 17.59, 17.78, 17.91, 18.07, 18.16, 18.25, 18.29, 18.41, 18.56, 18.56, 18.61, 18.71, 18.84, 19.0, 19.02, 19.15, 19.19, 19.26, 19.26, 19.39, 19.4, 19.5, 19.67, 19.8, 19.95, 20.03, 20.1, 20.21, 20.34, 20.35, 20.45, 20.44, 20.46, 20.52, 20.63, 20.72, 20.79, 20.85, 20.98, 21.16, 21.28, 21.34, 21.37, 21.44, 21.39, 21.43, 21.46, 21.53, 21.6, 21.65, 21.74, 21.74, 21.85, 21.83, 21.82, 21.9, 21.94, 22.05, 22.1, 22.18, 22.2, 22.23, 22.27, 22.38]}