{"train_loss": [2.3032200000224967, 2.3023139672401625, 2.3014249000793847, 2.3002986577840954, 2.2989144092951066, 2.2970593348527566, 2.2945259326543566, 2.291014723900037, 2.286349352200826, 2.2800308123613013, 2.27226621676714, 2.263774932959141, 2.2549639597917213, 2.2457855652540157, 2.2358195170378075, 2.2256951570510863, 2.214236417794839, 2.2016906964473235, 2.1893291999132205, 2.175875250498454, 2.1635552381857845, 2.150748531634991, 2.140555922801678, 2.130841431862269, 2.1220522470963306, 2.1133056496962523, 2.106960025506142, 2.0999938338230817, 2.0928849165256205, 2.087158929690337, 2.079332108986683, 2.0751893456165607, 2.068036119143168, 2.06447207683172, 2.057286204741551, 2.052423876676804, 2.046617800455827, 2.0421553471149543, 2.0354676170226855, 2.0286604954646186, 2.021918243628282, 2.0185080708601535, 2.0119571435145844, 2.0046951954181376, 2.000216537561172, 1.9938096080070886, 1.9901582326644507, 1.9840718645315905, 1.979237253849323, 1.9728952903013963, 1.967060246834388, 1.9610689581968845, 1.957742960942097, 1.9525324194859235, 1.9474262237548827, 1.9425443618725509, 1.9382383429087124, 1.9343732366195092, 1.928498292274964, 1.9253480409964536, 1.9234444281993768, 1.9183228278771425, 1.9175074458122254, 1.9106423283234621, 1.9103201355689612, 1.9067770206011259, 1.9019900370866825, 1.8990783049510076, 1.8983135901964627, 1.8935627674445128, 1.8904011255655533, 1.8896376878787309, 1.8883863057845678, 1.884240314288017, 1.8813288826208847, 1.8786941033143263, 1.8755503902068504, 1.8766050109496484, 1.871645316710839, 1.8692158729602129, 1.8671433265392596, 1.8633164800130404, 1.8615455768047235, 1.8584620460485801, 1.8559566837090713, 1.8537996551929377, 1.8539421622569745, 1.8503640520266997, 1.8503200139754858, 1.8463598022094139, 1.8424939843324515, 1.842348985794263, 1.8395751867538843, 1.8397558741080455, 1.837700859705607, 1.835194809314532, 1.8324861150521499, 1.8297373181734329, 1.8281027604372073, 1.8271808566191257], "test_loss": [2.29868984375, 2.2976072998046875, 2.2963563385009764, 2.294829025268555, 2.292843731689453, 2.290154217529297, 2.286441436767578, 2.281200473022461, 2.273871109008789, 2.264081155395508, 2.2523269317626955, 2.239834020996094, 2.2268370666503907, 2.2133872955322267, 2.1985607330322265, 2.182920358276367, 2.165985806274414, 2.1478659423828126, 2.1285770050048827, 2.1085357666015625, 2.0888720336914064, 2.0700897918701173, 2.0533728607177735, 2.038266719055176, 2.024575247192383, 2.0125336517333983, 2.0006835510253906, 1.990338299560547, 1.9798589126586914, 1.9699491424560547, 1.9596674407958985, 1.9499426483154296, 1.9410090530395507, 1.9334193939208983, 1.9228954040527344, 1.9141526718139648, 1.9056168258666992, 1.8970391784667968, 1.8887592468261718, 1.8778385848999024, 1.8688528060913085, 1.8607188735961915, 1.8516105239868164, 1.8421185928344725, 1.831725065612793, 1.8226312683105468, 1.8142673675537109, 1.8044399139404297, 1.796995135498047, 1.7871474868774415, 1.7784078567504882, 1.7724342910766602, 1.7631794662475586, 1.7553508514404297, 1.7475626541137694, 1.7396643951416015, 1.7308622787475585, 1.7248618453979492, 1.7163342620849609, 1.7105475463867188, 1.705117530822754, 1.697502589416504, 1.6958990356445311, 1.6862413635253906, 1.6826592102050781, 1.6820693069458008, 1.6724458053588867, 1.6650722991943359, 1.6633720840454103, 1.6558869689941407, 1.6540441055297852, 1.6490894638061524, 1.642306689453125, 1.640915950012207, 1.6368367126464844, 1.6306265396118165, 1.6282256729125977, 1.6278638137817383, 1.6207883010864257, 1.6172979858398437, 1.6112299011230469, 1.607330731201172, 1.6025923370361328, 1.601036770629883, 1.5979997924804688, 1.5937283935546875, 1.5939490036010742, 1.588853872680664, 1.5832208267211914, 1.5823617309570313, 1.5780488494873046, 1.574257386779785, 1.5729233108520508, 1.5702350463867187, 1.565483460998535, 1.5644768768310546, 1.562336151123047, 1.5534823974609375, 1.553352098083496, 1.5526976333618163], "test_acc": [10.79, 11.35, 11.79, 12.59, 13.92, 15.1, 16.12, 16.24, 16.02, 16.14, 17.08, 18.11, 19.12, 20.56, 21.82, 22.61, 23.85, 24.64, 25.16, 25.42, 26.01, 26.29, 26.64, 27.14, 27.73, 28.07, 28.6, 28.8, 29.29, 29.59, 29.66, 30.13, 30.69, 31.14, 31.27, 31.71, 32.26, 32.71, 33.23, 33.87, 33.87, 34.73, 34.85, 34.9, 35.74, 35.6, 35.58, 36.3, 36.29, 37.35, 37.7, 37.58, 38.1, 38.03, 38.22, 38.43, 38.8, 38.78, 39.14, 39.44, 39.24, 40.15, 39.83, 40.36, 40.07, 40.09, 40.71, 40.71, 40.99, 41.0, 41.48, 41.49, 41.9, 41.77, 41.94, 42.14, 42.38, 42.3, 42.54, 42.65, 42.81, 42.99, 43.25, 43.39, 43.77, 43.59, 43.57, 43.84, 44.49, 44.49, 44.42, 44.57, 44.78, 45.02, 45.02, 45.3, 45.39, 45.91, 45.78, 45.47]}