{"train_loss": [2.303547722865374, 2.303280125520168, 2.30306753439781, 2.302853987767146, 2.3026654665286723, 2.3024795067615997, 2.302272574718182, 2.30203482676775, 2.301856003052149, 2.3016245652467777, 2.301365425036504, 2.3011446139751337, 2.300878369502532, 2.300584559562879, 2.300285904835432, 2.300013688283089, 2.2996436822108732, 2.2993088208712065, 2.2989383758642736, 2.298584008216858, 2.2981850520158424, 2.297748538163992, 2.2972790877024334, 2.2968264335241075, 2.2963515477302745, 2.2959229230880736, 2.2954287345592794, 2.295007831011063, 2.294488840836745, 2.29400829963195, 2.2934357630900846, 2.292928318488292, 2.292422999479832, 2.2918258239061404, 2.2913316781704243, 2.2907882011853733, 2.2903092690003226, 2.2897364200689854, 2.2892392256321052, 2.288604795627105, 2.2878940710654625, 2.287451065503634, 2.286909316136287, 2.2862217591359064, 2.285707589907524, 2.285055450292734, 2.284687343621865, 2.2841332184962737, 2.283651795754066, 2.2829928239186605, 2.2823835317905132, 2.281955031859569, 2.2813245742748944, 2.2808273199277047, 2.280285267952161, 2.279973005025815, 2.2794704755147297, 2.278942981133094, 2.2784926548982276, 2.278066911452856, 2.277796369332534, 2.2771968584794267, 2.277080683830457, 2.2766208856533736, 2.2763884507692778, 2.27591503461202, 2.275517966197087, 2.2751586119333904, 2.2750477858078786, 2.2745082983603844, 2.2743401185060157, 2.274225857930306, 2.2736380613767184, 2.2734227339426676, 2.273047007047213, 2.272896381524893, 2.272463648747175, 2.2723401204133644, 2.2719812943385196, 2.271785874855824, 2.2715426646746124, 2.271284583287361, 2.271076137591631, 2.270609555488978, 2.2703025695605157, 2.270094473545368, 2.269931418467791, 2.2694724889901967, 2.269462416722224, 2.269208178153405, 2.268831118559226, 2.268457259887304, 2.2682000753207086, 2.2681191756175116, 2.2679502468842725, 2.2673833553607645, 2.267348822569236, 2.2669424943434886, 2.266648345115857, 2.266425897524907], "test_loss": [2.2991985229492187, 2.2987338134765625, 2.298270706176758, 2.2977982421875, 2.297312728881836, 2.2968115966796874, 2.2962844940185545, 2.295720123291016, 2.295116119384766, 2.2944631744384765, 2.2937469268798827, 2.292957015991211, 2.2920905548095702, 2.2911366973876954, 2.290092318725586, 2.288943884277344, 2.287698455810547, 2.28634521484375, 2.284882992553711, 2.283317855834961, 2.2816383422851563, 2.279851663208008, 2.277946496582031, 2.2759352081298827, 2.273855212402344, 2.271689938354492, 2.2694630615234375, 2.2672234283447263, 2.264923712158203, 2.262539031982422, 2.2600972564697264, 2.257702490234375, 2.2552588134765625, 2.2528002716064455, 2.250283493041992, 2.247704919433594, 2.2451891174316407, 2.24259599609375, 2.240043859863281, 2.237344940185547, 2.234552752685547, 2.231940628051758, 2.2292742065429687, 2.2264011322021484, 2.223587890625, 2.220733056640625, 2.217908624267578, 2.2149479888916015, 2.212233853149414, 2.209388037109375, 2.206319500732422, 2.2038809417724607, 2.2010204528808592, 2.1980552520751955, 2.1952694244384765, 2.192425827026367, 2.1898052459716797, 2.187251577758789, 2.1843397033691407, 2.181502166748047, 2.179236633300781, 2.1767751953125, 2.1746746520996094, 2.172332214355469, 2.170059945678711, 2.167904049682617, 2.1656107788085937, 2.163560861206055, 2.1617592803955077, 2.160112124633789, 2.1582606719970703, 2.1563758544921874, 2.1542844329833986, 2.152332107543945, 2.150341061401367, 2.149059344482422, 2.1475322845458984, 2.1459675903320314, 2.1441925323486326, 2.142904507446289, 2.1414257049560548, 2.1400136444091795, 2.138486865234375, 2.1367609130859373, 2.1354630767822265, 2.133640451049805, 2.1323571197509765, 2.130997381591797, 2.129650668334961, 2.128136282348633, 2.1270776245117187, 2.125546179199219, 2.1243115112304687, 2.122754733276367, 2.1213191864013674, 2.1202406311035156, 2.1186207153320313, 2.117685025024414, 2.1157041717529297, 2.1143496520996092], "test_acc": [10.56, 10.72, 10.95, 11.2, 11.26, 11.66, 11.94, 12.27, 12.74, 13.38, 13.99, 14.57, 15.36, 15.95, 16.59, 17.09, 17.66, 18.13, 18.43, 18.61, 18.9, 18.93, 19.15, 19.27, 19.52, 19.69, 20.0, 20.08, 20.24, 20.54, 20.72, 21.01, 21.28, 21.57, 21.77, 22.16, 22.28, 22.59, 22.88, 23.04, 23.29, 23.53, 23.97, 24.06, 24.22, 24.42, 24.65, 24.76, 24.9, 25.11, 25.3, 25.54, 25.75, 25.74, 25.95, 26.12, 26.28, 26.44, 26.61, 26.77, 26.89, 26.96, 27.15, 27.18, 27.32, 27.57, 27.61, 27.66, 27.89, 27.98, 28.08, 28.23, 28.2, 28.3, 28.39, 28.47, 28.68, 28.83, 29.16, 29.14, 29.26, 29.44, 29.57, 29.76, 29.66, 29.67, 29.97, 30.06, 30.23, 30.44, 30.76, 30.68, 30.82, 30.96, 31.15, 31.21, 31.23, 31.35, 31.53, 31.66]}