{"train_loss": [2.303561856196477, 2.3033736418455075, 2.3032428374657266, 2.3031287774061546, 2.3030244857836992, 2.3029343550021832, 2.302825886775286, 2.3026765731664804, 2.3026445119808883, 2.302556003668369, 2.302448472609887, 2.302390278302706, 2.3023209223380454, 2.302246223351894, 2.302177751981295, 2.302110950152079, 2.3020625236706858, 2.3019890467325848, 2.3018878013659747, 2.301826669008304, 2.3017688317176623, 2.301682540697929, 2.3016037904299225, 2.30154924820631, 2.30147679524544, 2.301418791673122, 2.301328369287344, 2.3012731998394695, 2.301219005462451, 2.3011436945352797, 2.301035619393373, 2.300973225251222, 2.300914213596246, 2.3008110107519686, 2.3007078763766167, 2.300648605517852, 2.300572669811738, 2.3004847013033354, 2.300409116500463, 2.3003084977467854, 2.3002104967068404, 2.300123655490386, 2.300040740233201, 2.299933576583862, 2.2998535425235063, 2.2997463507530016, 2.2996864869044376, 2.2995873475686097, 2.2995061287513145, 2.2994189696434217, 2.2992783424181815, 2.299242404791025, 2.2991116144718267, 2.2989622672398884, 2.2988989010835303, 2.298825819675739, 2.2986813319035067, 2.298600137539399, 2.2984970942521707, 2.298360260327657, 2.2983556808569494, 2.298179098887321, 2.2980768527740087, 2.2979346348689154, 2.2979339245038153, 2.2977600067089767, 2.2977303529397037, 2.2976062328387528, 2.297587350087288, 2.297367136295025, 2.2972897798587115, 2.29721080217606, 2.2970987662290914, 2.2970281607065446, 2.2969211156551657, 2.2968255672699365, 2.296718988051781, 2.296659131539174, 2.296533287488497, 2.2964395663677117, 2.296317337720822, 2.2962502277814423, 2.2961629078938413, 2.296057000527015, 2.295942765627152, 2.295833396911621, 2.295741956050579, 2.2956784810775366, 2.2955911330687693, 2.295432403148749, 2.295385040381016, 2.295321686451252, 2.2952195063615455, 2.2950502175551195, 2.295023505504315, 2.2949871307764296, 2.2948684515097204, 2.2947412778169682, 2.294694936581147, 2.2945985946899805], "test_loss": [2.2993347564697264, 2.2990147186279297, 2.298705712890625, 2.2984062896728514, 2.2981120208740236, 2.2978184814453124, 2.297530810546875, 2.297244241333008, 2.2969519256591795, 2.296660107421875, 2.2963585876464845, 2.2960497436523437, 2.295739471435547, 2.2954153503417967, 2.295086087036133, 2.294745883178711, 2.294392770385742, 2.294031167602539, 2.2936557250976564, 2.29325871887207, 2.2928498748779296, 2.2924280212402346, 2.291987289428711, 2.2915312774658205, 2.2910510803222657, 2.290568231201172, 2.2900612365722655, 2.2895397064208987, 2.289003485107422, 2.2884501373291015, 2.287875280761719, 2.28729404296875, 2.286703021240234, 2.2860909210205076, 2.285463397216797, 2.284815985107422, 2.2841675659179685, 2.283508428955078, 2.2828263153076174, 2.2821307739257812, 2.2814190032958983, 2.280705822753906, 2.27997587890625, 2.279225653076172, 2.278464724731445, 2.2776954528808595, 2.2769271057128906, 2.276142233276367, 2.275367199707031, 2.274579605102539, 2.2737582794189453, 2.2729775085449218, 2.2721542755126953, 2.271311703491211, 2.2704760711669922, 2.2696200866699217, 2.268777117919922, 2.2679247314453126, 2.267048388671875, 2.266159460449219, 2.2653141510009767, 2.2643944702148437, 2.2635134216308592, 2.2625921112060547, 2.26170002746582, 2.2608015869140625, 2.259922509765625, 2.259016116333008, 2.258151580810547, 2.257240377807617, 2.256325604248047, 2.2554162567138674, 2.2544834136962892, 2.2535849151611327, 2.2526970062255858, 2.251789797973633, 2.250857470703125, 2.249955685424805, 2.2490093200683594, 2.248105453491211, 2.247198712158203, 2.246262677001953, 2.2453142791748046, 2.2444282165527345, 2.2435858703613283, 2.242618881225586, 2.2416898681640625, 2.2407785369873046, 2.2399333984375, 2.2390244140625, 2.23809931640625, 2.2371689056396487, 2.236258349609375, 2.2352628631591798, 2.2344279815673826, 2.233597622680664, 2.232773944091797, 2.231891357421875, 2.230934780883789, 2.230022540283203], "test_acc": [10.6, 10.62, 10.8, 10.95, 11.04, 11.08, 10.99, 11.22, 11.4, 11.51, 11.7, 11.96, 12.18, 12.44, 12.75, 13.07, 13.49, 13.97, 14.34, 14.85, 15.44, 15.87, 16.36, 16.66, 17.19, 17.43, 17.61, 17.97, 18.23, 18.58, 18.6, 18.81, 18.88, 19.01, 19.2, 19.32, 19.4, 19.65, 19.81, 19.95, 20.11, 20.1, 20.14, 20.24, 20.33, 20.44, 20.66, 20.77, 20.87, 20.98, 21.08, 21.15, 21.24, 21.28, 21.3, 21.36, 21.62, 21.67, 21.83, 21.95, 22.01, 22.15, 22.31, 22.55, 22.81, 22.84, 22.86, 23.12, 23.31, 23.46, 23.65, 23.81, 23.89, 23.95, 24.14, 24.17, 24.31, 24.44, 24.57, 24.7, 24.91, 24.91, 25.06, 25.16, 25.26, 25.46, 25.48, 25.65, 25.89, 25.94, 26.06, 26.22, 26.35, 26.39, 26.5, 26.64, 26.73, 26.83, 26.91, 26.99]}