{"train_loss": [2.3037555822959312, 2.303420043602968, 2.303153050862826, 2.3030629726556633, 2.302870421531873, 2.3025927048463086, 2.3024753203758825, 2.302255766819685, 2.302195965938079, 2.301873807418041, 2.301748141875634, 2.3014676411946615, 2.30128946854518, 2.3010521503595207, 2.300846864626958, 2.3007173666587244, 2.300507510625399, 2.3002346521768815, 2.2999958735245927, 2.299673613523826, 2.299580725034078, 2.2992056290308636, 2.2989398705653654, 2.298617896055564, 2.2983933748343053, 2.2980581167416694, 2.297626123061547, 2.2976189020352487, 2.2972309326514218, 2.29696776561248, 2.2966007232666015, 2.2962594729203443, 2.2960860894276545, 2.2955660881140294, 2.2953573691539275, 2.2949926425249147, 2.2948311854631473, 2.294395279273009, 2.2941130625895965, 2.2936302484610143, 2.2934919375639695, 2.2932245193383634, 2.2929066389034958, 2.292410391416305, 2.291754142443339, 2.29192535449297, 2.2914093372149344, 2.2910343891535048, 2.290778100796235, 2.2907934720699603, 2.2902148448503934, 2.2899867430711405, 2.2898698653930274, 2.28935884084457, 2.2889803446256196, 2.2887337311720235, 2.288439957300822, 2.2879518704536634, 2.287915872916197, 2.287295031547546, 2.2869938330772595, 2.28696689422314, 2.2868418149459058, 2.2865242310059375, 2.2862919073838452, 2.285876889106555, 2.2855553944905598, 2.285552704028594, 2.2850434590608644, 2.2850286758863008, 2.284918190882756, 2.28482575355432, 2.284602539355938, 2.284233711927365, 2.283591061983353, 2.284043972920149, 2.2834338420476668, 2.2837579776079227, 2.2835449029237798, 2.28308590558859, 2.2830423996998714, 2.2830953793647963, 2.2830152297631288, 2.282302963428008, 2.2823700635861126, 2.2817807405422896, 2.2819596082736284, 2.28170590033898, 2.28200082167601, 2.2818269234437207, 2.2815805905904525, 2.2814742516248656, 2.2813986527614105, 2.280905552399464, 2.2807765826200828, 2.2804353402211115, 2.280446028098082, 2.280411605957227, 2.2803927739461263, 2.2798746151801867], "test_loss": [2.299245004272461, 2.298817974853516, 2.2983918334960936, 2.2979670776367187, 2.297540585327148, 2.2971099700927735, 2.2966578277587892, 2.2961779632568358, 2.295677740478516, 2.295136462402344, 2.2945554962158203, 2.293941067504883, 2.293253665161133, 2.2925056243896482, 2.2916988494873047, 2.290814895629883, 2.2898826141357422, 2.288860125732422, 2.287782177734375, 2.286630514526367, 2.2854449645996096, 2.284178436279297, 2.2828491271972657, 2.2814918243408204, 2.280030239868164, 2.2785295654296873, 2.2769472747802735, 2.2754253509521485, 2.2737974334716795, 2.272123944091797, 2.2704774200439455, 2.2688001220703127, 2.2671923034667967, 2.265472912597656, 2.2636947021484377, 2.2619385498046873, 2.2601886932373048, 2.258434716796875, 2.256597750854492, 2.2547112060546874, 2.2528380981445313, 2.2511548919677735, 2.249386688232422, 2.2474581512451173, 2.2454661895751955, 2.2435570007324217, 2.2418014862060547, 2.2399546264648436, 2.238025146484375, 2.2361809295654296, 2.234247277832031, 2.232350451660156, 2.230526187133789, 2.228735528564453, 2.226948440551758, 2.2251845153808594, 2.223102984619141, 2.220939840698242, 2.2190457122802734, 2.216810101318359, 2.2149790771484374, 2.213228268432617, 2.2118616790771486, 2.209710772705078, 2.2082997650146483, 2.2062865295410155, 2.2040699645996096, 2.2028302764892578, 2.2007954803466796, 2.199493521118164, 2.1985406951904296, 2.1959537719726563, 2.1947217315673826, 2.1927688385009767, 2.191380938720703, 2.1903849639892576, 2.1887790710449218, 2.187358856201172, 2.1861834075927735, 2.185231610107422, 2.1837260040283204, 2.182239712524414, 2.181313671875, 2.1796390197753905, 2.1790326293945315, 2.1769756652832033, 2.1764430938720705, 2.1747660308837893, 2.1740955841064453, 2.173090252685547, 2.17306867980957, 2.172238412475586, 2.1710332122802734, 2.1699540924072265, 2.1676528411865235, 2.16755285949707, 2.1660600830078125, 2.16590888671875, 2.1643067169189454, 2.161815512084961], "test_acc": [10.58, 10.74, 10.76, 10.88, 11.09, 11.53, 11.75, 12.14, 12.56, 13.31, 14.03, 14.7, 15.15, 15.55, 15.8, 16.23, 16.44, 16.51, 16.66, 16.56, 16.82, 17.0, 17.08, 17.11, 17.25, 17.31, 17.59, 17.98, 18.02, 18.19, 18.47, 18.77, 19.15, 19.66, 19.99, 20.14, 20.51, 20.89, 21.09, 21.4, 21.53, 21.91, 22.12, 22.22, 22.46, 22.57, 22.65, 22.99, 23.13, 23.41, 23.66, 23.91, 24.25, 24.4, 24.63, 24.92, 25.03, 25.2, 25.32, 25.42, 25.53, 25.64, 25.74, 25.87, 26.24, 26.27, 26.26, 26.56, 26.53, 26.71, 26.99, 26.83, 27.03, 27.0, 27.25, 27.32, 27.54, 27.58, 27.69, 27.79, 27.71, 27.7, 27.86, 27.93, 28.13, 28.12, 28.32, 28.21, 28.46, 28.69, 28.93, 29.13, 29.11, 28.99, 29.18, 29.46, 29.53, 29.65, 29.74, 29.72]}