{"train_loss": [2.3035332979300085, 2.3034193992614744, 2.303291681485298, 2.303193176098359, 2.3031020641326903, 2.303001249142182, 2.302954006195068, 2.3028674406883045, 2.3028032467915462, 2.30273638627468, 2.3027084851876283, 2.302629038003775, 2.302624355218349, 2.3025790532430013, 2.302549768105531, 2.3025196093779345, 2.302487215017661, 2.302475233567067, 2.3024231482774784, 2.3024111179205087, 2.3024041200295473, 2.3023246337205934, 2.3023126993423855, 2.302305735074557, 2.3022691561625552, 2.3022919575373333, 2.302217465791947, 2.3022597135641636, 2.302199633916219, 2.30217665708982, 2.3021479099224775, 2.302142426295158, 2.3021287539066413, 2.3020752668380737, 2.302098481471722, 2.3020810909760305, 2.3020736517050326, 2.302021056566483, 2.3020310615881896, 2.3019961088131637, 2.3020011730683154, 2.301914762227963, 2.301912885445815, 2.30190977927966, 2.3018909295399985, 2.3018445210579115, 2.3018290171256433, 2.30179837789291, 2.301796535345224, 2.301797896776444, 2.3017656350747133, 2.3017729471891353, 2.3016957894349708, 2.301679046337421, 2.3016373701584647, 2.301648130783668, 2.3016167224981845, 2.301633841563494, 2.3016067657715236, 2.3015655639844064, 2.301587989391425, 2.3015647808710735, 2.301508517143054, 2.301494395427215, 2.301487735601572, 2.301445217621632, 2.3014113903045654, 2.3013822708374416, 2.301408707178556, 2.3013370196024576, 2.3013129961796297, 2.301310437153547, 2.3013058888606537, 2.3012819070082444, 2.301227262692574, 2.3012271544872185, 2.3011929695422833, 2.3011642932891845, 2.3011389542848635, 2.301144491097866, 2.3011145616189026, 2.3011002406095846, 2.3010636317424287, 2.3010710386129527, 2.301006494424282, 2.3010090253291984, 2.3009487818448973, 2.301010949795063, 2.3009666033280203, 2.3009423598265037, 2.3009267275150007, 2.300852904564295, 2.3008471372799995, 2.3008199606186306, 2.3008537891583565, 2.300763736015711, 2.3007911743261875, 2.3007961896749642, 2.3007582688942936, 2.300694252283145], "test_loss": [2.2994036560058593, 2.2991586029052735, 2.298927633666992, 2.298703463745117, 2.298491830444336, 2.2982865936279295, 2.2980876983642577, 2.297893240356445, 2.2977062438964846, 2.2975210540771482, 2.297338803100586, 2.297158489990234, 2.296978463745117, 2.296800244140625, 2.296621563720703, 2.296443682861328, 2.2962660369873045, 2.296090725708008, 2.2959142883300783, 2.295736505126953, 2.2955532196044923, 2.295368505859375, 2.2951806427001955, 2.294993634033203, 2.2948004974365235, 2.2946049865722657, 2.294412551879883, 2.294219384765625, 2.294022171020508, 2.2938187530517578, 2.2936032135009765, 2.2933948425292967, 2.293189556884766, 2.292973422241211, 2.2927616180419923, 2.2925415435791017, 2.2923222259521485, 2.2920986480712893, 2.291870932006836, 2.2916363189697266, 2.291404446411133, 2.29116047668457, 2.2909172515869143, 2.2906679260253906, 2.2904262145996093, 2.2901732543945315, 2.2899170501708985, 2.289657357788086, 2.289410302734375, 2.2891547943115236, 2.2888931243896486, 2.2886340728759764, 2.2883575134277345, 2.2880797119140626, 2.2878021392822268, 2.2875286712646483, 2.2872575286865233, 2.2869792053222655, 2.286706735229492, 2.286423794555664, 2.2861522430419923, 2.285862860107422, 2.285566891479492, 2.2852630859375, 2.2849698669433596, 2.2846745330810547, 2.284381167602539, 2.2840767669677735, 2.2837774047851562, 2.2834741912841796, 2.2831613006591795, 2.2828444854736327, 2.2825529510498046, 2.2822488189697268, 2.281943551635742, 2.2816361694335936, 2.2813132690429687, 2.280997027587891, 2.2806932189941405, 2.2803780059814454, 2.280068667602539, 2.279757629394531, 2.2794154815673826, 2.279105160522461, 2.278780532836914, 2.2784620178222657, 2.278124533081055, 2.2778118560791016, 2.2774850524902344, 2.277165023803711, 2.276857180786133, 2.2765298919677734, 2.2762067962646486, 2.2758852966308596, 2.2755702087402345, 2.2752207336425783, 2.274902297973633, 2.2745802642822266, 2.2742608459472655, 2.2739216888427736], "test_acc": [10.51, 10.58, 10.65, 10.78, 10.84, 10.85, 10.8, 10.99, 11.19, 11.48, 11.66, 11.74, 11.83, 12.02, 12.22, 12.28, 12.48, 12.74, 13.09, 13.35, 13.54, 13.89, 14.16, 14.49, 14.84, 15.17, 15.36, 15.62, 15.93, 16.2, 16.34, 16.45, 16.58, 16.75, 17.02, 17.27, 17.36, 17.42, 17.49, 17.63, 17.71, 17.87, 18.0, 18.04, 18.21, 18.32, 18.38, 18.39, 18.44, 18.48, 18.61, 18.66, 18.76, 18.86, 18.9, 18.99, 19.03, 19.08, 19.15, 19.27, 19.27, 19.28, 19.48, 19.57, 19.75, 19.88, 19.89, 19.9, 19.98, 20.08, 20.2, 20.25, 20.31, 20.37, 20.4, 20.45, 20.47, 20.45, 20.59, 20.6, 20.67, 20.7, 20.82, 20.92, 20.91, 21.06, 21.19, 21.21, 21.39, 21.51, 21.63, 21.77, 21.83, 22.0, 22.08, 22.21, 22.27, 22.37, 22.52, 22.62]}