{"train_loss": [2.303559406598409, 2.303417770067851, 2.3033152513014965, 2.3032057230289165, 2.3031273591212735, 2.3030406041023057, 2.302965035194006, 2.3028953387187077, 2.3028408038310517, 2.302783327224927, 2.3027354992353, 2.3026814717512862, 2.3026486708567693, 2.3025976339975993, 2.3025771177732026, 2.3025474108182467, 2.3025093151972844, 2.3024838997767523, 2.302458750284635, 2.302436251518054, 2.302411513450818, 2.302375923670255, 2.302340338169, 2.3023285890236878, 2.302313464727157, 2.302289325151688, 2.3022702706165803, 2.302268409729004, 2.302244493900201, 2.3022306754038886, 2.3022077004114787, 2.302179802992405, 2.3021860856276293, 2.3021430730819703, 2.3021148204803468, 2.302104829519223, 2.3020914994753325, 2.302070580996, 2.302045040252881, 2.3020410959537214, 2.3020103870294033, 2.301981674096523, 2.3019898176193236, 2.3019419009868916, 2.301938293530391, 2.3019201908356104, 2.301913074958019, 2.301893913440215, 2.301840958839808, 2.3018470116150684, 2.3018248906502357, 2.301800469863109, 2.301780980672592, 2.301754633585612, 2.301735583941142, 2.301731639030652, 2.3016934688274677, 2.3016890562497654, 2.301652210798019, 2.3016414483388266, 2.3016281782052457, 2.301604252595168, 2.301579431998424, 2.301546658002413, 2.301528241084172, 2.301498443652422, 2.301510370694674, 2.3014679584747704, 2.301465447132404, 2.3014193375905356, 2.301399688231639, 2.3013975339058117, 2.3013536642759274, 2.301356619443649, 2.3013419799315624, 2.301315406652597, 2.3012771380253327, 2.3012696718558288, 2.301245030378684, 2.3012269558050695, 2.3011878258142717, 2.301185927635584, 2.301164307961097, 2.301134078319256, 2.301114653929686, 2.3010865309299566, 2.3010594374094255, 2.3010443962537326, 2.3010289516204443, 2.300984677901635, 2.300974339705247, 2.3009522260763706, 2.300939006683154, 2.300919167812054, 2.3008839515539314, 2.3008816853547707, 2.3008555919696123, 2.3008085012435915, 2.3008129871808567, 2.3007728582773455], "test_loss": [2.2994017059326173, 2.299153161621094, 2.298918377685547, 2.2986943298339844, 2.298480728149414, 2.29827587890625, 2.2980781982421874, 2.297886013793945, 2.2976988861083982, 2.2975157135009767, 2.2973347106933595, 2.2971563446044923, 2.2969803771972654, 2.2968050201416017, 2.29663232421875, 2.296459182739258, 2.2962856811523435, 2.2961121307373045, 2.29593879699707, 2.295764208984375, 2.2955908294677734, 2.2954120819091797, 2.2952306243896485, 2.295048617553711, 2.2948660888671877, 2.294680285644531, 2.2944935852050783, 2.2943043090820314, 2.2941111328125, 2.2939156005859376, 2.293716305541992, 2.2935150390625, 2.2933121368408202, 2.293105532836914, 2.2928980163574217, 2.292685415649414, 2.2924714416503904, 2.2922551208496094, 2.292031164550781, 2.291809603881836, 2.2915824615478515, 2.291351736450195, 2.291118933105469, 2.290882388305664, 2.2906476684570314, 2.290409094238281, 2.2901702545166014, 2.2899287963867185, 2.2896821380615235, 2.2894346557617187, 2.2891826110839846, 2.2889320037841796, 2.288672235107422, 2.288415725708008, 2.2881542602539064, 2.2878979583740233, 2.2876306274414064, 2.2873641357421874, 2.287087838745117, 2.286811801147461, 2.2865326690673826, 2.286254702758789, 2.2859744415283205, 2.285686294555664, 2.2854003021240232, 2.285113562011719, 2.284831283569336, 2.2845412353515626, 2.2842528747558593, 2.283955191040039, 2.2836613616943358, 2.283363262939453, 2.283063677978516, 2.2827647857666014, 2.2824671325683594, 2.2821615600585936, 2.281854788208008, 2.281549417114258, 2.281241961669922, 2.280931982421875, 2.280614007568359, 2.2803021911621095, 2.2799896514892577, 2.279672796630859, 2.279363818359375, 2.279041394042969, 2.2787194946289064, 2.2783941284179687, 2.2780722076416016, 2.2777473846435545, 2.2774298126220702, 2.277097457885742, 2.2767846710205077, 2.276458605957031, 2.276129748535156, 2.2758099914550782, 2.2754850189208984, 2.27514782409668, 2.2748168701171876, 2.274486129760742], "test_acc": [10.57, 10.62, 10.62, 10.81, 10.87, 11.0, 11.02, 10.97, 11.07, 11.12, 11.35, 11.46, 11.5, 11.56, 11.81, 11.91, 11.98, 12.23, 12.37, 12.71, 12.98, 13.26, 13.44, 13.66, 14.01, 14.42, 14.73, 15.03, 15.43, 15.71, 16.03, 16.33, 16.63, 16.74, 16.97, 17.14, 17.35, 17.49, 17.61, 17.95, 18.12, 18.19, 18.26, 18.25, 18.42, 18.55, 18.65, 18.78, 18.99, 19.05, 19.11, 19.25, 19.35, 19.46, 19.53, 19.58, 19.69, 19.68, 19.78, 19.87, 20.03, 20.08, 20.17, 20.2, 20.33, 20.45, 20.53, 20.59, 20.64, 20.7, 20.78, 20.82, 20.81, 20.91, 20.95, 21.03, 21.15, 21.23, 21.38, 21.36, 21.36, 21.45, 21.52, 21.55, 21.65, 21.73, 21.79, 21.82, 21.85, 21.86, 21.89, 21.92, 22.01, 22.09, 22.12, 22.1, 22.14, 22.21, 22.22, 22.33]}