{"train_loss": [4.5998081659659364, 4.585562937076276, 4.574529562240992, 4.564430744220049, 4.554251705071865, 4.5446743879562765, 4.535034870490049, 4.525470586923452, 4.516861047500219, 4.5082989240304014, 4.500578689575195, 4.494017691489978, 4.486193984594101, 4.4796479396331, 4.473236747888419, 4.466326845609225, 4.459653647740682, 4.452831857632368, 4.445941757544493, 4.438906454428649, 4.431834053381896, 4.424706664452186, 4.417748575944167, 4.410443472250914, 4.404061641448584, 4.395983499135727, 4.389783745545607, 4.383002689557197, 4.37690593401591, 4.370014312939766, 4.3640854273086935, 4.358721394416613, 4.35244688865466, 4.347296998439691, 4.341935035509941, 4.3367236712040045, 4.3316292053613905, 4.326856542244935, 4.322679437735142, 4.318045138090085, 4.313843387212509, 4.31027713677822, 4.305399465560913, 4.302682217573508, 4.299155231622549, 4.295561388211373, 4.292031020384568, 4.289097108596411, 4.28610344788967, 4.282620802903787, 4.264016230901082, 4.255706093861506, 4.252528773821317, 4.250098221118634, 4.248446342272636, 4.247007175592276, 4.245942377432799, 4.244656301156068, 4.2435775231092405, 4.242574236943171, 4.24181034259307, 4.240574303651467, 4.240035760097014, 4.2393213565532974, 4.238463651216947, 4.237646664105929, 4.237119932663746, 4.236533742073255, 4.235873515789326, 4.235232684551141, 4.234600694362934, 4.2340911767421625, 4.233412445508517, 4.233090558418861, 4.232532782432361, 4.2316919828072574, 4.231404540477655, 4.230770675952618, 4.230324366153815, 4.22973266014686, 4.229441218498426, 4.22888457713983, 4.22857080361782, 4.228048003025544, 4.2277267003670715, 4.227229021757077, 4.22681825711177, 4.226198707482753, 4.225995027101957, 4.225486067013863, 4.225075621482653, 4.224766546640641, 4.2243728894453785, 4.224127533496954, 4.2235760101905235, 4.223002645296928, 4.222913856995412, 4.222598715317555, 4.22176910058046, 4.221832546821007], "test_loss": [4.281490264892578, 4.113062628173828, 3.9842187072753905, 3.871695086669922, 3.74638759765625, 3.635807159423828, 3.5676989227294924, 3.5275391662597655, 3.4104234436035155, 3.3550448150634766, 3.336101290893555, 3.2501220001220705, 3.195971667480469, 3.2194377502441407, 3.171830505371094, 3.196846115112305, 3.1035830627441405, 3.134353161621094, 3.064806298828125, 3.0592447784423826, 3.1086402435302736, 3.0765762969970702, 3.0177203552246095, 3.0767364196777343, 3.1199728607177732, 3.1331517791748045, 3.1209257873535154, 3.1272460998535156, 3.121740234375, 3.1343643951416014, 3.160341973876953, 3.1992738677978516, 3.165730816650391, 3.190199981689453, 3.219713952636719, 3.2507251403808595, 3.2567931243896484, 3.275682113647461, 3.251753482055664, 3.304125018310547, 3.2681967468261717, 3.2516656890869142, 3.2664464111328124, 3.288482711791992, 3.3060695526123047, 3.294384780883789, 3.3246412994384764, 3.3136006072998048, 3.3235733856201173, 3.3283470245361326, 3.319909753417969, 3.331997610473633, 3.3325265960693358, 3.341952670288086, 3.345226254272461, 3.3456959869384764, 3.3565894592285157, 3.350925543212891, 3.3584464447021483, 3.3675876037597656, 3.356583068847656, 3.378666436767578, 3.385544314575195, 3.376162451171875, 3.379488055419922, 3.3912767181396486, 3.386691857910156, 3.3883295776367186, 3.392355422973633, 3.3909520111083986, 3.3853127044677733, 3.397119528198242, 3.4144732543945313, 3.4089442962646483, 3.4079421661376954, 3.401774234008789, 3.4159677825927734, 3.4137678955078123, 3.4221402099609377, 3.4177725189208985, 3.416903433227539, 3.4120997863769533, 3.422511767578125, 3.4141055236816404, 3.4234839569091795, 3.4297219390869143, 3.4273508636474608, 3.4320446411132814, 3.4316331909179687, 3.432182409667969, 3.4298357818603518, 3.4336949615478516, 3.428275717163086, 3.4427597595214845, 3.4328396942138673, 3.442011721801758, 3.4427140594482424, 3.431859194946289, 3.444559930419922, 3.436665344238281], "test_acc": [12.79, 18.89, 22.86, 28.04, 34.9, 39.23, 42.48, 43.41, 48.06, 50.62, 52.14, 52.79, 54.81, 55.42, 56.06, 56.42, 59.14, 56.99, 58.97, 59.09, 58.53, 59.45, 59.19, 59.1, 58.92, 58.48, 58.36, 57.8, 57.8, 57.1, 55.79, 55.79, 56.18, 56.07, 55.36, 55.01, 55.09, 54.03, 53.75, 52.72, 53.13, 53.46, 52.81, 52.25, 51.81, 51.91, 52.24, 51.96, 51.61, 51.22, 52.6, 53.07, 53.14, 52.87, 52.85, 52.67, 52.59, 52.43, 52.4, 51.99, 52.63, 51.71, 51.69, 52.08, 51.55, 51.37, 51.29, 51.42, 51.39, 51.28, 51.53, 51.38, 51.21, 50.9, 51.05, 51.04, 50.89, 50.68, 50.61, 50.96, 50.62, 50.55, 50.65, 50.64, 50.36, 50.08, 50.34, 50.29, 50.31, 50.46, 50.46, 50.05, 50.43, 50.2, 50.29, 50.2, 49.93, 50.43, 49.96, 50.15]}