{"train_loss": [4.5563672163547615, 4.498145557061219, 4.454906287560096, 4.4215935853811414, 4.395123276343712, 4.374993010056325, 4.358506612288646, 4.344520500378731, 4.331493486502231, 4.320756571109478, 4.310934821153299, 4.302151470917922, 4.2934798607459435, 4.2861524251791145, 4.279207235727554, 4.272671182339008, 4.2663891437726145, 4.259858477421296, 4.2541475650591725, 4.249606769512861, 4.244274612573477, 4.24065759732173, 4.23626466408754, 4.232785756771381, 4.229761080864148, 4.225828965504964, 4.222505575571304, 4.219532363842696, 4.216464034104958, 4.2147532866551325, 4.213038113178351, 4.210838734797942, 4.208899685052725, 4.20656079512376, 4.206055219356831, 4.204628789119232, 4.20286096181625, 4.2014548692947775, 4.2014625512636625, 4.19913574732267, 4.198690189459385, 4.197736753561558, 4.19680866094736, 4.196308497893504, 4.195368256935707, 4.195389378376496, 4.194492205595359, 4.193292614129874, 4.19263779933636, 4.1930745503841305, 4.1860412768828565, 4.1833434520623625, 4.182550526887942, 4.181962296901605, 4.18166440817026, 4.181260033142872, 4.181101574041905, 4.1808781513800986, 4.180653348335853, 4.1805346244420765, 4.18038580478766, 4.180265755531115, 4.180114007607484, 4.180026905353253, 4.179900630315145, 4.1798028835883505, 4.179735621427878, 4.179656454233023, 4.179484820977235, 4.179422009296906, 4.179456528639182, 4.179330621621547, 4.17927149381393, 4.179258886973063, 4.1791130787287, 4.17905324666928, 4.179052286881667, 4.178978866185897, 4.179008900813567, 4.178898325944558, 4.1788101453047535, 4.17878167568109, 4.178803248283191, 4.1786995851076565, 4.178651995536608, 4.178670729123629, 4.1786575451875345, 4.178572770876762, 4.178533335221119, 4.178518054424188, 4.17846587009919, 4.1784775293790375, 4.178419612004206, 4.1783887667533675, 4.1783191680908205, 4.17833244128105, 4.178339124337221, 4.178257193932167, 4.178182714413374, 4.178221647556011], "test_loss": [3.7981197662353514, 3.484831494140625, 3.200928659057617, 3.1468390533447264, 2.9745225494384764, 2.9712451080322264, 2.917145150756836, 2.765486962890625, 2.6916784118652344, 2.686373989868164, 2.6278644805908202, 2.601712454223633, 2.5445720672607424, 2.5310346252441405, 2.4818266479492186, 2.5928356842041014, 2.4715453033447266, 2.393816732788086, 2.4427263610839844, 2.4249960357666014, 2.444272900390625, 2.4002393615722655, 2.45320530090332, 2.412391015625, 2.4062956878662107, 2.45507255859375, 2.4283072662353518, 2.450177426147461, 2.456688394165039, 2.4004108673095703, 2.4433863372802733, 2.4180060028076173, 2.4329956268310546, 2.472897836303711, 2.4429291442871093, 2.488910119628906, 2.438213723754883, 2.442648220825195, 2.439981832885742, 2.457062512207031, 2.4490556518554687, 2.448325588989258, 2.4577354522705077, 2.505477630615234, 2.4506070343017576, 2.4765073974609373, 2.4501418426513673, 2.462783297729492, 2.456228713989258, 2.4494885345458983, 2.4233019104003906, 2.424112890625, 2.4185657135009766, 2.4327336517333986, 2.4386264190673828, 2.4372862365722656, 2.4499957641601564, 2.4450074829101562, 2.445500552368164, 2.4507472991943358, 2.459476171875, 2.467499221801758, 2.467033236694336, 2.460830923461914, 2.4645475067138674, 2.4611151123046877, 2.4672432189941405, 2.4678499969482424, 2.4701543487548827, 2.477690466308594, 2.4777341796875, 2.4801862152099607, 2.4870163360595705, 2.4796075714111327, 2.492439923095703, 2.490297381591797, 2.487318048095703, 2.492923858642578, 2.4939289184570312, 2.4928008758544924, 2.4894355560302732, 2.4945806060791016, 2.4993476776123047, 2.485104650878906, 2.4949126983642578, 2.4932958251953123, 2.5022116027832033, 2.5047106567382813, 2.500002474975586, 2.4949329864501952, 2.4933717834472655, 2.5043222229003907, 2.504795230102539, 2.5134454071044923, 2.5063562347412107, 2.5067938079833985, 2.5117802001953127, 2.509730026245117, 2.511909039306641, 2.5097323974609376], "test_acc": [23.68, 35.01, 43.1, 48.13, 52.61, 52.48, 54.86, 60.62, 61.0, 61.91, 63.98, 64.15, 66.38, 66.71, 66.9, 65.87, 67.9, 68.77, 69.41, 69.11, 69.54, 69.81, 70.31, 69.93, 70.55, 69.98, 70.62, 70.59, 71.02, 71.35, 71.24, 71.56, 71.25, 70.39, 70.66, 70.64, 71.63, 70.8, 70.84, 70.85, 71.1, 71.69, 71.34, 71.01, 71.29, 71.03, 71.53, 71.36, 71.17, 71.46, 73.68, 73.88, 74.18, 74.32, 74.44, 74.49, 74.33, 74.47, 74.55, 74.64, 74.2, 74.1, 74.3, 74.42, 74.39, 74.29, 74.5, 74.32, 74.39, 74.39, 74.38, 74.3, 74.3, 74.35, 74.36, 74.33, 74.27, 74.53, 74.31, 74.22, 74.64, 74.49, 74.36, 74.44, 74.38, 74.56, 74.49, 74.51, 74.45, 74.47, 74.45, 74.47, 74.48, 74.47, 74.36, 74.17, 74.1, 74.24, 74.49, 74.28]}