{"train_loss": [4.571842749913533, 4.528938671258779, 4.495120311394716, 4.4674907341981545, 4.4445825833540695, 4.42512372701596, 4.40910680110638, 4.395770267339853, 4.3835656667367005, 4.372578113507002, 4.363256262510251, 4.353713648135845, 4.345497219379132, 4.337989633511274, 4.330780474344889, 4.324083182750604, 4.317571311119275, 4.31095609664917, 4.305054865127954, 4.299291219466772, 4.294116972654294, 4.288738942757631, 4.28407169733292, 4.279715251922608, 4.2763952365288365, 4.27185009320577, 4.267751580018263, 4.264611216080494, 4.2613824514242316, 4.258009277245937, 4.255085577108921, 4.25335655945998, 4.250192076120621, 4.247669776280721, 4.245120628063495, 4.24301452025389, 4.240639121715839, 4.239046769264417, 4.236797030766805, 4.235108607854599, 4.23358110892467, 4.231339087853065, 4.229909247618455, 4.228306820453741, 4.226136488792224, 4.224977218187773, 4.223831817431328, 4.2223185563698795, 4.221113916543814, 4.219924638210199, 4.209708601389176, 4.205670168460943, 4.204148550522633, 4.203053265351516, 4.202429087956746, 4.201637001526661, 4.201112743524405, 4.200381183624268, 4.199897278272188, 4.199473211092827, 4.199058344425299, 4.198664077123007, 4.198171181556506, 4.1979559886149875, 4.197483282822829, 4.197064028030787, 4.196733144613413, 4.1964552720387776, 4.196013768513997, 4.195805527613714, 4.1954183101654055, 4.195097796122233, 4.194806931569026, 4.194491833906907, 4.194181464268611, 4.193995945270245, 4.193754176604442, 4.193525848633204, 4.19309795942062, 4.192812989308284, 4.192581720841237, 4.192396509953034, 4.192031526565552, 4.191862334960546, 4.191713998256586, 4.191263572986309, 4.191209090061677, 4.190897842553945, 4.190689531962077, 4.190484889348348, 4.190342361499102, 4.190024594771557, 4.1897922919346735, 4.189674278405996, 4.189426529713166, 4.189233175913492, 4.189001631125426, 4.188908001092764, 4.188611459732056, 4.188387002700415], "test_loss": [3.9780923736572267, 3.6435969635009764, 3.363880218505859, 3.2892373352050783, 3.1311570556640627, 3.1022692749023437, 3.107137088012695, 2.879781109619141, 2.8767754486083983, 2.8594489990234373, 2.721585757446289, 2.764766162109375, 2.6866942260742186, 2.7207740966796874, 2.713766583251953, 2.649503591918945, 2.602673941040039, 2.5597635131835936, 2.5554782318115232, 2.544585299682617, 2.5840952362060547, 2.5354838470458985, 2.570870474243164, 2.578437728881836, 2.6023730407714845, 2.570270553588867, 2.5912273712158203, 2.60768994140625, 2.57410680847168, 2.6071327270507814, 2.598970706176758, 2.6019834503173827, 2.5946926330566407, 2.6171438598632815, 2.5840196319580078, 2.6167282531738283, 2.6594176422119142, 2.6168540100097655, 2.6203435455322266, 2.6709933380126953, 2.6290555572509766, 2.6428273712158203, 2.619658547973633, 2.6560576141357424, 2.6581560791015626, 2.6956618713378906, 2.704509359741211, 2.684980090332031, 2.697363543701172, 2.6446482788085937, 2.646010134887695, 2.6618374755859375, 2.6517396575927736, 2.671598797607422, 2.6808249053955078, 2.6875380889892577, 2.6860649810791015, 2.696299789428711, 2.7111571533203125, 2.7210057189941406, 2.711842803955078, 2.720663198852539, 2.7398980529785155, 2.7264213714599608, 2.7217182189941407, 2.7301796478271485, 2.725783853149414, 2.729119253540039, 2.736399951171875, 2.747963983154297, 2.7480346252441405, 2.7446880401611327, 2.761386114501953, 2.747678088378906, 2.7636839691162107, 2.7552419921875, 2.7647606842041017, 2.7631639587402343, 2.76778623046875, 2.7606546020507814, 2.760829232788086, 2.768347546386719, 2.7830767791748046, 2.7686111846923827, 2.7774009063720704, 2.787742642211914, 2.7891066070556643, 2.7710759216308594, 2.7934608917236328, 2.781287533569336, 2.779823449707031, 2.7870372283935545, 2.788412274169922, 2.7905216827392576, 2.7943852142333983, 2.791652749633789, 2.789557275390625, 2.7973726165771486, 2.8088660247802735, 2.8008124816894533], "test_acc": [18.94, 29.58, 39.39, 43.23, 48.09, 51.33, 50.52, 57.68, 58.01, 59.69, 62.84, 61.08, 63.29, 63.2, 64.3, 66.05, 66.47, 66.56, 67.4, 68.22, 68.68, 68.58, 68.15, 68.43, 67.46, 68.77, 69.13, 67.85, 68.51, 68.49, 68.23, 67.92, 68.4, 68.58, 69.0, 68.19, 68.52, 68.92, 68.12, 67.18, 67.88, 68.18, 68.12, 67.89, 67.88, 67.82, 66.82, 67.76, 67.47, 68.26, 69.59, 69.75, 69.6, 69.8, 69.65, 69.52, 69.39, 69.46, 69.55, 69.48, 69.18, 69.35, 69.09, 69.34, 69.17, 69.02, 69.15, 69.07, 69.01, 68.8, 69.0, 68.69, 68.84, 68.87, 68.47, 68.63, 68.6, 68.62, 68.42, 68.14, 68.66, 68.42, 68.12, 68.25, 68.24, 67.96, 67.73, 68.18, 67.94, 67.9, 67.97, 68.04, 68.0, 67.96, 67.76, 67.81, 68.06, 67.88, 67.69, 67.98]}