{"train_loss": [4.613068999999609, 4.608758108432476, 4.607516618875357, 4.606860182835505, 4.6063060956123545, 4.605927539483095, 4.605685196167383, 4.605518290935419, 4.6052878135289905, 4.6049544383317995, 4.60477495927077, 4.604507978145893, 4.604310424511249, 4.603828082940518, 4.603571835542336, 4.603150456990951, 4.602685691148807, 4.602090626496535, 4.6015846117948875, 4.601049642073803, 4.600448119334685, 4.599767587123773, 4.598938916279719, 4.597958152722089, 4.596803678610386, 4.5954276194939245, 4.593778992921878, 4.591855024680113, 4.589605262951973, 4.586541317670774, 4.583048440248538, 4.578954667311448, 4.573923174540202, 4.567918751789973, 4.561371288544092, 4.553650595591619, 4.54523724653782, 4.5360072197058265, 4.526013576067411, 4.515848332185012, 4.506171233837421, 4.49661246079665, 4.48669364635761, 4.47771053314209, 4.468103379469651, 4.4589122870029545, 4.449711583210871, 4.441308934871967, 4.433113145828247, 4.423805017960377, 4.390388807883629, 4.381619608707917, 4.3778599836887455, 4.374405205555451, 4.372729844313401, 4.3712961147993035, 4.3694305297655935, 4.3673120180765785, 4.365209515889486, 4.363862041326669, 4.363184585326757, 4.361020737427932, 4.360230727073474, 4.35866430967282, 4.357675960736397, 4.355648161814763, 4.354403259815314, 4.353659228789501, 4.3518492613083275, 4.350747450804099, 4.349586254511124, 4.348315564180032, 4.347213252385457, 4.346391560481145, 4.345075604854486, 4.343916592231164, 4.343500913717808, 4.341987827496651, 4.34008639042194, 4.339744246311676, 4.338659258377858, 4.3379488553756325, 4.336656477512458, 4.334842690443382, 4.334617930192214, 4.333892748906062, 4.332336433117206, 4.3316703637441, 4.330816668730516, 4.32947591879429, 4.328708439606887, 4.327684720357259, 4.326929652385223, 4.325730636792305, 4.324889659881592, 4.323782565043523, 4.3234641551971436, 4.3225572243714945, 4.321191588426248, 4.320669433398124], "test_loss": [4.5794429626464845, 4.572455322265625, 4.562105584716797, 4.5546210144042965, 4.549943182373047, 4.550404168701172, 4.540395617675781, 4.536605047607422, 4.534060333251953, 4.5261020202636715, 4.521954571533203, 4.524069549560547, 4.5022517578125, 4.492947198486328, 4.488375079345703, 4.4738501403808595, 4.478742944335938, 4.459275579833984, 4.457891912841797, 4.458909619140625, 4.439008386230468, 4.438498327636719, 4.418143841552735, 4.404973754882812, 4.404359576416016, 4.369998150634766, 4.354467791748047, 4.341688446044921, 4.335946252441406, 4.305308074951172, 4.323351580810547, 4.299170477294922, 4.295069177246094, 4.306438647460937, 4.293733563232422, 4.301665625, 4.300464465332031, 4.30385747680664, 4.2959513854980464, 4.322370452880859, 4.319489990234375, 4.335189154052735, 4.357619482421875, 4.354214538574219, 4.362910150146484, 4.365728015136718, 4.3926933410644535, 4.381492578125, 4.391447253417969, 4.403149420166016, 4.40512333984375, 4.407020684814453, 4.411557012939453, 4.413575061035156, 4.41495355834961, 4.41689019165039, 4.420429132080078, 4.423591467285156, 4.426023492431641, 4.426217614746093, 4.427277545166016, 4.4321081176757815, 4.431241442871094, 4.430869091796875, 4.434790582275391, 4.436314086914063, 4.438363580322266, 4.438938806152343, 4.439411901855469, 4.446562188720703, 4.446166351318359, 4.444936889648438, 4.447282415771484, 4.445004302978516, 4.448388006591797, 4.444776879882813, 4.451390130615234, 4.446556451416016, 4.453488677978515, 4.454360241699219, 4.456795355224609, 4.454832202148437, 4.456395886230469, 4.4527258117675785, 4.454894647216797, 4.456710217285156, 4.459445764160156, 4.459639587402344, 4.461234564208985, 4.46408896484375, 4.464246704101562, 4.460736260986328, 4.462464306640625, 4.466475897216797, 4.465732427978516, 4.471731750488281, 4.467469659423828, 4.468773901367188, 4.4660367614746095, 4.470065185546875], "test_acc": [1.33, 2.3, 4.46, 4.21, 5.61, 6.68, 6.53, 5.45, 7.25, 7.72, 7.7, 8.7, 11.24, 12.02, 11.97, 12.04, 13.65, 14.5, 15.19, 14.95, 16.28, 15.55, 16.99, 18.41, 17.55, 18.72, 18.27, 19.02, 18.45, 18.56, 17.99, 17.64, 17.02, 16.28, 15.84, 15.35, 14.4, 14.07, 13.4, 11.96, 12.28, 11.45, 10.68, 10.12, 9.66, 9.98, 9.22, 9.15, 8.93, 8.27, 8.34, 8.38, 8.01, 8.16, 8.03, 8.02, 8.03, 7.73, 7.86, 7.81, 7.8, 7.66, 7.72, 7.73, 7.62, 7.6, 7.38, 7.48, 7.33, 7.21, 7.16, 7.32, 7.32, 7.24, 7.06, 7.32, 7.27, 7.28, 7.24, 7.13, 6.88, 6.92, 6.94, 7.16, 6.77, 6.95, 6.88, 6.98, 6.84, 6.78, 6.73, 6.64, 6.93, 6.73, 6.7, 6.72, 6.69, 6.62, 6.79, 6.67]}