{"train_loss": [4.6019642817668425, 4.591529992910532, 4.583826226454515, 4.576272888672658, 4.568908025056888, 4.5616930117973915, 4.554674509244087, 4.548053962756426, 4.542060328752567, 4.536132969000401, 4.5306075047224, 4.525728616959009, 4.5209275636917505, 4.516576298689231, 4.511778337527544, 4.5076468651111306, 4.503366563259027, 4.498804259911561, 4.494719710716835, 4.490030205555451, 4.485787954085913, 4.481595695935763, 4.477398064197638, 4.473054538628994, 4.468798730312249, 4.464966731193738, 4.461338326869867, 4.457203501921434, 4.453481002954336, 4.449856717769916, 4.446001963737683, 4.443300616435516, 4.4398172244047505, 4.436958139370649, 4.433001460784521, 4.430728922134791, 4.4275454117701605, 4.424938534467648, 4.422056715305035, 4.419238293476594, 4.4168576448391645, 4.414263796195006, 4.411475058090993, 4.4093596764099905, 4.4068697917155735, 4.40474206606547, 4.402895131477943, 4.400597267884475, 4.398334275759184, 4.39637435399569, 4.384364712543976, 4.379546758456108, 4.37747315626878, 4.375990931193034, 4.374876484504113, 4.373851386094705, 4.37318107287089, 4.372181591620812, 4.371406349769005, 4.370779433617225, 4.3702776725475605, 4.3696270906008206, 4.368939753067799, 4.368429114268376, 4.368020336444562, 4.367295984121469, 4.36683996396187, 4.366444603602091, 4.366043446614192, 4.365454777693137, 4.365119347205529, 4.364556723374587, 4.364123707551222, 4.363701590513572, 4.363390938440959, 4.362812464053814, 4.362482217641977, 4.362159446569589, 4.361618120242388, 4.361307136829083, 4.360849414727626, 4.360497362185747, 4.360199596943, 4.359845906037551, 4.35950896189763, 4.359040426596617, 4.358625188240638, 4.358330315809983, 4.358037336056049, 4.357612359218108, 4.3572748453189165, 4.356919293525891, 4.356672093807123, 4.356406578650842, 4.356160447536371, 4.3558542373852855, 4.355509287271744, 4.35518658955892, 4.354768200409718, 4.354589060025337], "test_loss": [4.293613446044922, 4.1559672424316405, 4.057983731079101, 3.944725518798828, 3.7859861267089845, 3.7697846557617187, 3.6940847534179686, 3.5792024383544923, 3.4549434112548827, 3.466895330810547, 3.4714615753173828, 3.4155205078125, 3.2821289459228518, 3.320112121582031, 3.261358386230469, 3.300603988647461, 3.212685235595703, 3.2079528747558594, 3.1625550537109377, 3.200652487182617, 3.1822174377441406, 3.20269485168457, 3.1842949279785158, 3.2095668060302733, 3.2041459991455077, 3.245026843261719, 3.260018472290039, 3.2331320495605467, 3.2268038818359375, 3.241993585205078, 3.2495508880615236, 3.2644676940917967, 3.2674166076660156, 3.286113671875, 3.3029519409179686, 3.3166989318847655, 3.2717318420410155, 3.311580014038086, 3.3461953887939453, 3.3288679412841797, 3.3225139282226563, 3.326972817993164, 3.307098538208008, 3.3895787200927736, 3.341396044921875, 3.338235418701172, 3.3753721801757814, 3.383434063720703, 3.398641101074219, 3.396174514770508, 3.3779843414306643, 3.395803210449219, 3.401736956787109, 3.418230615234375, 3.428279934692383, 3.4270167938232423, 3.434533029174805, 3.435733786010742, 3.4417741271972657, 3.455356741333008, 3.4457339813232424, 3.4499388336181642, 3.4580971405029297, 3.453330111694336, 3.4577687072753904, 3.470061795043945, 3.463065219116211, 3.463396826171875, 3.4721897277832032, 3.4749515014648438, 3.4805627807617188, 3.4815389038085938, 3.497185983276367, 3.4822883880615234, 3.498954312133789, 3.4933218505859376, 3.504897134399414, 3.49748127746582, 3.5040542602539064, 3.508423519897461, 3.5063388366699217, 3.4994194732666015, 3.508595697021484, 3.5001185913085937, 3.5080269714355468, 3.5112741607666016, 3.509299249267578, 3.5179163604736328, 3.523830026245117, 3.53219482421875, 3.5190642272949217, 3.537106524658203, 3.5210227111816406, 3.5343413818359375, 3.5340563049316405, 3.5129917938232422, 3.5225542572021484, 3.5372260681152343, 3.5308576263427733, 3.526875619506836], "test_acc": [14.13, 20.8, 23.82, 30.48, 36.29, 36.25, 43.07, 46.15, 49.99, 51.06, 50.34, 53.2, 56.1, 57.41, 57.37, 56.71, 59.82, 59.98, 60.92, 59.96, 60.88, 60.53, 60.71, 59.99, 60.17, 60.21, 59.86, 59.74, 59.37, 58.41, 58.95, 59.38, 59.04, 57.58, 57.77, 57.66, 57.86, 57.44, 56.32, 56.31, 57.02, 56.43, 56.42, 53.48, 55.15, 55.93, 54.52, 54.56, 53.19, 54.08, 55.8, 55.12, 55.06, 54.75, 54.37, 54.29, 54.02, 53.85, 53.88, 53.61, 53.63, 53.5, 53.22, 53.3, 53.11, 52.6, 52.69, 52.9, 52.11, 52.31, 52.2, 51.93, 51.69, 51.62, 51.21, 51.48, 51.4, 51.01, 51.38, 50.87, 51.13, 50.82, 50.88, 51.07, 50.77, 50.49, 50.67, 50.49, 50.49, 50.03, 50.01, 50.07, 50.46, 49.94, 49.92, 49.97, 49.82, 49.44, 49.42, 49.44]}