{"train_loss": [4.579579246961154, 4.545393083034417, 4.517920870658679, 4.495478752331856, 4.477055109464205, 4.463017670313517, 4.4513237219590405, 4.441474945117266, 4.432532199223837, 4.425327450189835, 4.418531276018191, 4.412337970733643, 4.4068898738958895, 4.401897590588301, 4.396661200890175, 4.3925413804176525, 4.388412776360145, 4.384196658012194, 4.380610911051432, 4.377679417683528, 4.374091029778505, 4.371251623447125, 4.368819741713695, 4.365991127796662, 4.363542300004226, 4.361571664076585, 4.359140481704321, 4.357330769758958, 4.35572480055002, 4.354121347574087, 4.352753782272339, 4.351642761475, 4.349894241186289, 4.349020417531332, 4.348104297197782, 4.347373749659612, 4.346139307511159, 4.345224736287044, 4.3450668090429065, 4.343773056910588, 4.34363954617427, 4.34248549877069, 4.3424946858332705, 4.341655476888021, 4.341362725771391, 4.340802747775347, 4.340604002047808, 4.339894696993706, 4.339826428584564, 4.339553457651383, 4.334993226711567, 4.333115838124201, 4.332606051518367, 4.332176845501631, 4.331989175845415, 4.331760853987474, 4.331665647946871, 4.331519312736315, 4.3313722989498045, 4.331268803278605, 4.3311187365116215, 4.331145210755177, 4.331011571639624, 4.330911166851337, 4.33084716919141, 4.3307783530308654, 4.330732964246701, 4.330683094415909, 4.3306356503413275, 4.330575978450286, 4.3304998043255925, 4.33051130710504, 4.330407807765863, 4.330405849065536, 4.330373332439325, 4.330337934004954, 4.330310091605553, 4.3302628945081665, 4.330220690751687, 4.33017810919346, 4.330177952693059, 4.330144449380728, 4.330100372510079, 4.330083302962474, 4.3300604123335615, 4.330017574016864, 4.3299760732895285, 4.329967006047567, 4.329940728652171, 4.329924532083365, 4.329912125758636, 4.3299328229366205, 4.329857970506717, 4.329854944424752, 4.329810680487217, 4.329803257722121, 4.329780979645558, 4.329785699110765, 4.329716699551313, 4.329730948423728], "test_loss": [3.9805259704589844, 3.6779841949462893, 3.4386349395751954, 3.2811963623046876, 3.1964685577392578, 3.139420571899414, 3.0681108032226563, 2.929632571411133, 2.8837036102294924, 2.921058920288086, 2.8248330444335936, 2.8313448303222657, 2.785179446411133, 2.7707417022705076, 2.7449340942382814, 2.7527898529052734, 2.679730776977539, 2.6849369140625, 2.73379326171875, 2.6650030487060548, 2.700290835571289, 2.6139891418457033, 2.665136413574219, 2.6763913665771484, 2.6723906311035157, 2.6708715606689455, 2.713764224243164, 2.6754302368164065, 2.6553086700439454, 2.715572232055664, 2.6898137420654296, 2.661286633300781, 2.6904461669921873, 2.665915850830078, 2.6924481536865232, 2.6614485687255858, 2.704686477661133, 2.6888469604492187, 2.695441098022461, 2.683884313964844, 2.668829541015625, 2.7003489654541015, 2.674668133544922, 2.698138345336914, 2.6984258514404296, 2.706311459350586, 2.693243768310547, 2.711770883178711, 2.6860689666748048, 2.648306530761719, 2.650787435913086, 2.663744580078125, 2.66064580078125, 2.663938430786133, 2.671223336791992, 2.6718525756835936, 2.6692703674316407, 2.676800210571289, 2.6832536346435547, 2.688654183959961, 2.6910956115722655, 2.692405697631836, 2.6995644622802732, 2.6922130981445314, 2.6989901336669924, 2.7007370544433593, 2.708573693847656, 2.7036600646972655, 2.7041183563232423, 2.717873013305664, 2.7122925720214845, 2.712371496582031, 2.72139973449707, 2.7159503295898437, 2.7188785217285156, 2.720269400024414, 2.723423095703125, 2.7251459381103516, 2.7187290893554685, 2.721922348022461, 2.717754098510742, 2.7184476654052734, 2.7344644989013673, 2.72462080078125, 2.726549124145508, 2.7281910369873046, 2.7267597412109374, 2.7366131439208985, 2.7343297241210935, 2.7264491577148435, 2.734257275390625, 2.7291781036376954, 2.7252875823974607, 2.7355667755126953, 2.7277714141845704, 2.7298414489746095, 2.734018478393555, 2.7248224639892578, 2.74183249206543, 2.7369346130371093], "test_acc": [20.46, 34.12, 42.59, 47.25, 51.53, 52.82, 55.0, 60.49, 61.54, 61.4, 65.38, 63.83, 66.58, 65.87, 66.16, 66.48, 68.15, 68.77, 67.85, 69.57, 69.74, 70.56, 69.32, 70.59, 69.98, 70.8, 70.29, 70.17, 70.57, 70.08, 70.21, 70.32, 70.78, 70.65, 70.02, 70.71, 70.39, 70.6, 70.59, 70.33, 71.0, 70.62, 71.26, 70.93, 70.94, 71.01, 71.19, 71.0, 71.39, 71.8, 73.65, 73.76, 73.86, 73.8, 74.13, 73.9, 73.94, 74.01, 74.08, 73.91, 73.99, 74.34, 73.97, 73.99, 73.61, 74.07, 73.91, 74.17, 73.87, 73.65, 73.79, 73.7, 73.89, 73.85, 73.84, 74.07, 73.89, 73.77, 74.14, 73.99, 73.97, 73.95, 73.81, 73.86, 73.84, 73.53, 73.96, 73.77, 73.56, 74.01, 73.88, 73.85, 73.5, 73.98, 73.85, 73.93, 73.83, 74.18, 73.99, 73.82]}