{"train_loss": [4.576877563427656, 4.539487956120418, 4.508967547538953, 4.482745845501239, 4.459099559294872, 4.43816028374892, 4.420389515314347, 4.403286295670729, 4.389925796557695, 4.3763328344394, 4.363706847948905, 4.352511897453895, 4.341491007193541, 4.331511775041238, 4.321898696361444, 4.312144722082676, 4.303313305439093, 4.292892623559022, 4.284937101755387, 4.275429065410908, 4.266436888621404, 4.257852702263074, 4.249070363167005, 4.241399349310459, 4.234112375210493, 4.226493957715157, 4.218752013719999, 4.211443579502594, 4.205024782816569, 4.199146441924266, 4.192306903692392, 4.185961097326034, 4.181337729478494, 4.174806865056356, 4.170210932462643, 4.164726533645239, 4.160635360081991, 4.155910764596401, 4.150894414461576, 4.146534277842595, 4.14264349815173, 4.137803191405077, 4.134388605753581, 4.130479465386807, 4.127074681795561, 4.123049729909653, 4.120199479812231, 4.117206527025272, 4.114639470516107, 4.110731798563248, 4.091596768452571, 4.082606524687547, 4.07916545745654, 4.076621578901242, 4.075156043126033, 4.073515503223126, 4.072242505733783, 4.070895742758727, 4.0700071823902615, 4.068842955124684, 4.06825270775037, 4.067306174987402, 4.066338545236832, 4.065606609980265, 4.064731360704471, 4.064046682455601, 4.063552098396497, 4.062664738679543, 4.062064930108877, 4.061183325449625, 4.060935437373626, 4.060105897218753, 4.059660174296453, 4.05914178383656, 4.058442382323436, 4.057795248276148, 4.057529981319721, 4.057010659193382, 4.056346598649636, 4.0557403442187185, 4.05531130203834, 4.05498316960457, 4.054195448068472, 4.053831079678658, 4.05362657155746, 4.053107813077095, 4.052364877554086, 4.052159458551651, 4.051469843204205, 4.051144306476299, 4.050898985984998, 4.050597950128409, 4.049852632864928, 4.049687693669246, 4.0491324571462775, 4.048601402380528, 4.048214047994369, 4.048029230802487, 4.047579474326891, 4.047322561802008], "test_loss": [4.028516467285156, 3.746911862182617, 3.530283544921875, 3.4186966064453124, 3.2752433441162108, 3.166175405883789, 3.0987653930664063, 2.9885914642333984, 2.9176623321533204, 3.0037558074951174, 2.840391830444336, 2.863722903442383, 2.748086111450195, 2.769457824707031, 2.698716778564453, 2.724394696044922, 2.675692495727539, 2.6493205322265627, 2.657961557006836, 2.5987567291259768, 2.6305171966552736, 2.661012857055664, 2.600395736694336, 2.699608312988281, 2.6496899627685546, 2.6690204040527346, 2.697197229003906, 2.6702126281738283, 2.685151403808594, 2.694280178833008, 2.7197707397460937, 2.734596206665039, 2.700258605957031, 2.7268272674560547, 2.757783285522461, 2.787398620605469, 2.7938271453857424, 2.726007537841797, 2.798717962646484, 2.8002005920410156, 2.7719205108642577, 2.783090548706055, 2.7796431060791016, 2.8393244750976563, 2.7771297607421874, 2.8160563751220704, 2.8163164428710936, 2.8484252471923828, 2.8410821563720705, 2.8486415466308594, 2.8242157989501955, 2.8424700927734374, 2.826967971801758, 2.8364291534423827, 2.8500896392822264, 2.8589975158691407, 2.8667877044677734, 2.8591059295654295, 2.88058837890625, 2.8714659240722655, 2.8778830078125, 2.895350897216797, 2.8879773040771486, 2.889466421508789, 2.893220443725586, 2.898261541748047, 2.8937521423339843, 2.8993244903564452, 2.914431198120117, 2.9114599884033203, 2.9076641052246095, 2.9154090057373048, 2.930992434692383, 2.91830732421875, 2.940455258178711, 2.925690075683594, 2.930705776977539, 2.9289591064453124, 2.9327053192138672, 2.9287273834228515, 2.9354109771728516, 2.930562078857422, 2.9492968475341796, 2.923241925048828, 2.9344658782958986, 2.9541126892089844, 2.946012228393555, 2.9493998443603515, 2.943884097290039, 2.953117288208008, 2.9547361755371093, 2.9559601837158205, 2.9587424713134767, 2.966956234741211, 2.9501487060546876, 2.93903317565918, 2.965025469970703, 2.9567475280761717, 2.961749060058594, 2.962890710449219], "test_acc": [18.49, 25.57, 31.34, 37.29, 41.63, 46.42, 48.1, 54.04, 55.01, 54.18, 58.1, 56.96, 60.56, 61.02, 60.55, 60.43, 63.55, 63.87, 63.76, 64.2, 64.43, 64.36, 64.64, 64.26, 64.58, 64.19, 63.93, 63.51, 63.52, 64.0, 63.11, 63.01, 63.52, 63.16, 62.29, 62.7, 62.67, 63.36, 61.63, 61.83, 61.73, 61.97, 62.07, 61.81, 61.64, 61.71, 61.59, 60.75, 60.88, 61.2, 62.76, 62.56, 62.7, 62.61, 62.56, 62.71, 62.2, 62.38, 62.56, 62.21, 62.32, 61.88, 61.98, 62.03, 61.98, 62.25, 61.92, 61.98, 61.77, 61.58, 61.68, 61.53, 61.15, 61.22, 61.06, 61.19, 61.5, 61.2, 60.88, 61.28, 61.0, 61.17, 60.84, 61.42, 61.01, 60.8, 60.73, 60.69, 60.9, 60.41, 60.94, 60.82, 60.5, 60.57, 60.7, 60.52, 60.42, 60.42, 60.39, 60.15]}