{"train_loss": [4.603477009748802, 4.594576681577243, 4.587962417113475, 4.5818276148576, 4.575698894109482, 4.569533585279416, 4.563378309592222, 4.557242776186039, 4.551855619137104, 4.546265432162163, 4.541350819514348, 4.537099976417346, 4.532504289578169, 4.528063615163167, 4.523673629760742, 4.519632590122712, 4.515359239089183, 4.511176386857644, 4.507365103257008, 4.50285303409283, 4.498253915248773, 4.493940352170895, 4.490036855599819, 4.484911588522104, 4.481042380210681, 4.47669967626914, 4.472577068133232, 4.468029615206596, 4.464308644563724, 4.460193773416372, 4.456339503557254, 4.452964200728979, 4.4492739811921735, 4.445736454694699, 4.4424606286562405, 4.43910768093207, 4.435653862586388, 4.432774375035213, 4.429863883287479, 4.427251768112183, 4.424250772671821, 4.421288564877632, 4.41858700972337, 4.416146170787322, 4.413826853189713, 4.411326196866158, 4.408447898962559, 4.406453787974822, 4.404359236741677, 4.4018031389285355, 4.389291537113679, 4.384204632196671, 4.381757859694652, 4.380116293980525, 4.3789644559224445, 4.37795918904818, 4.377128612078153, 4.376186264478243, 4.375534333938208, 4.374716466512435, 4.374085471568963, 4.373282965635642, 4.372836895478078, 4.372136087906666, 4.371614494079199, 4.371074870916513, 4.370460623961229, 4.370096992835021, 4.369365755716959, 4.369060343962449, 4.368535629908243, 4.367899444775704, 4.36745516703679, 4.367104921585474, 4.366569248835246, 4.366040524458274, 4.365782139851497, 4.365352460665581, 4.364820645405696, 4.3643874229528965, 4.36407366165748, 4.363553624275403, 4.363161535752125, 4.362850538889567, 4.362542745394585, 4.3621513916895935, 4.3617829567346815, 4.361399189631144, 4.361018114823562, 4.360608608294756, 4.360287385109143, 4.359987745529566, 4.3595667741237545, 4.359241442802625, 4.35903551028325, 4.358492211806468, 4.358299383750329, 4.358043932303405, 4.357617264527541, 4.357441204022138], "test_loss": [4.340101232910156, 4.208137719726563, 4.095874163818359, 4.016171078491211, 3.922157681274414, 3.799983856201172, 3.7255283874511718, 3.685217291259766, 3.588362145996094, 3.5680763397216797, 3.5011087890625, 3.4730820068359374, 3.3780723083496094, 3.377554229736328, 3.346813427734375, 3.3836814025878907, 3.310050570678711, 3.3138829650878905, 3.2544843536376953, 3.2585067443847655, 3.2891431427001954, 3.2382617248535155, 3.2412678527832033, 3.269794421386719, 3.275517446899414, 3.309226516723633, 3.2872358673095703, 3.3330297241210936, 3.2681446197509767, 3.3331084075927735, 3.3142760528564454, 3.342552880859375, 3.3393881500244142, 3.3196666778564454, 3.346861590576172, 3.3857445404052733, 3.4305045196533204, 3.4141449157714843, 3.3934755096435545, 3.4391097717285155, 3.4541424743652342, 3.427350241088867, 3.4086788726806643, 3.45249970703125, 3.4683731842041015, 3.462876431274414, 3.4842210357666015, 3.4530562225341797, 3.4859338104248048, 3.5270078216552734, 3.49544674987793, 3.5112676086425783, 3.52080634765625, 3.514536917114258, 3.5253097442626955, 3.5357036865234375, 3.5355828979492188, 3.5338906707763673, 3.5378769958496092, 3.5580268829345703, 3.543238397216797, 3.56345439453125, 3.568125521850586, 3.5465003387451173, 3.5646032287597658, 3.5660866943359375, 3.5618977264404297, 3.5760770233154298, 3.5718672302246093, 3.590186407470703, 3.566953921508789, 3.5789075653076172, 3.595434066772461, 3.581897708129883, 3.590802755737305, 3.585788674926758, 3.604419973754883, 3.6024573608398436, 3.595694689941406, 3.6079203704833986, 3.5954505828857424, 3.5937537689208985, 3.6052236267089843, 3.6105666442871094, 3.6013258178710936, 3.6111654357910155, 3.6073234588623047, 3.6124045623779297, 3.6223250762939454, 3.6101878997802737, 3.618522543334961, 3.621731719970703, 3.6203231231689452, 3.630398956298828, 3.621800091552734, 3.6216605712890626, 3.6292822479248046, 3.633298828125, 3.626821762084961, 3.632953042602539], "test_acc": [12.95, 18.49, 22.56, 27.85, 32.9, 37.76, 40.19, 43.59, 47.14, 49.2, 51.92, 52.28, 54.75, 55.98, 56.0, 55.57, 58.22, 58.12, 59.31, 59.65, 59.67, 59.67, 59.21, 59.58, 58.69, 58.47, 58.65, 57.62, 58.32, 56.87, 57.41, 57.02, 56.71, 56.82, 56.86, 55.76, 54.86, 54.3, 54.2, 52.64, 52.82, 52.61, 53.76, 52.16, 52.28, 51.83, 51.3, 51.43, 50.82, 50.24, 51.58, 51.33, 51.31, 51.03, 51.08, 50.76, 50.53, 50.35, 50.54, 49.98, 50.17, 49.44, 49.89, 49.93, 49.43, 49.4, 49.28, 49.09, 48.73, 48.84, 48.94, 48.83, 47.94, 48.24, 48.22, 48.05, 47.54, 47.59, 47.63, 47.63, 47.39, 47.55, 47.38, 46.9, 47.29, 46.62, 47.2, 46.57, 46.7, 47.09, 46.58, 46.39, 46.56, 46.62, 46.1, 46.7, 46.24, 46.13, 46.09, 45.81]}