{"train_loss": [4.609246739363059, 4.6021955746870775, 4.598802237632947, 4.596157416319236, 4.593514693089021, 4.590447499201848, 4.587498598832351, 4.584104994015816, 4.581074423667712, 4.577478567759196, 4.573731961617103, 4.569970402350792, 4.566212524511875, 4.561744282795833, 4.557672473711845, 4.553145538232266, 4.548995834741837, 4.543759726255368, 4.538842992293529, 4.533350619291648, 4.527629650556124, 4.520949708498441, 4.514302195035494, 4.506884703269372, 4.499082765823755, 4.4913258332472585, 4.481788155971429, 4.472716329036615, 4.4636235909584245, 4.454473719230065, 4.445206173872337, 4.435385807966575, 4.426729466364934, 4.418252243139805, 4.409562294299786, 4.401586923843775, 4.393849738438925, 4.385994293750861, 4.377980107527513, 4.372261268664629, 4.365244809175149, 4.359265260207347, 4.3530149655464365, 4.347423749092298, 4.342078952300243, 4.337083238210433, 4.331868317188361, 4.327106500283266, 4.324121551024608, 4.318519287842971, 4.2948344193972074, 4.284302676029695, 4.280100786991609, 4.277518327419575, 4.27531984769381, 4.27362764554146, 4.272116059523363, 4.270300316199278, 4.26914368287111, 4.268024181708311, 4.266870646599012, 4.2660079222459055, 4.2649421948653, 4.263928135847434, 4.263119355226174, 4.26225043565799, 4.261395760071584, 4.260403355573996, 4.259657192230224, 4.2589219313401445, 4.258313375864273, 4.2574171824333, 4.256883374238625, 4.256322871721708, 4.255536238352458, 4.2546549442486885, 4.254152691669953, 4.253695072271885, 4.252833275917249, 4.252105480585342, 4.251575879561595, 4.250899322216327, 4.250236072295752, 4.249735810206487, 4.249352129911765, 4.248914060837183, 4.248179652140691, 4.247502787907918, 4.247062734457162, 4.246666696744088, 4.2463125204428644, 4.245603451362023, 4.245196055143308, 4.244279471421853, 4.243897641010774, 4.243588280066466, 4.243033231833042, 4.242547900860126, 4.241679875055949, 4.241837073595096], "test_loss": [4.425822937011719, 4.396882385253906, 4.353895666503906, 4.273205200195313, 4.2177758972167965, 4.167523638916015, 4.088578735351563, 4.050926412963867, 3.9807961517333985, 3.934624072265625, 3.8920421783447265, 3.8178172149658205, 3.7832862731933594, 3.7531099670410155, 3.7285388305664062, 3.704875640869141, 3.6611249084472655, 3.6143887786865236, 3.6145753845214843, 3.578505923461914, 3.510430194091797, 3.516700146484375, 3.5006424682617188, 3.5509196166992187, 3.5387001251220704, 3.528090933227539, 3.5555350402832033, 3.5677376892089843, 3.546442938232422, 3.543431478881836, 3.5881393188476562, 3.5936059448242186, 3.6100710388183592, 3.635654672241211, 3.667071356201172, 3.66175696105957, 3.6844467712402342, 3.67114826965332, 3.700157614135742, 3.703836260986328, 3.734099377441406, 3.743141470336914, 3.752407107543945, 3.751190100097656, 3.735616815185547, 3.7797372680664063, 3.777259078979492, 3.807570040893555, 3.812395623779297, 3.791490481567383, 3.819734991455078, 3.815536834716797, 3.8194891815185548, 3.8204784393310547, 3.830102752685547, 3.831299169921875, 3.8330729919433595, 3.8305663055419923, 3.8354592742919924, 3.841249838256836, 3.8389655151367186, 3.8438613006591797, 3.8492213958740233, 3.8519916259765625, 3.8532444305419924, 3.864520587158203, 3.857643142700195, 3.859520404052734, 3.8587214904785156, 3.859176983642578, 3.8649784729003906, 3.866473468017578, 3.8698494018554688, 3.878037435913086, 3.8780121337890625, 3.8779523223876953, 3.881989599609375, 3.879092541503906, 3.8890972747802732, 3.87865498046875, 3.8822646209716796, 3.879036599731445, 3.8850005981445315, 3.8841057525634763, 3.8883696746826173, 3.892121307373047, 3.8960979217529297, 3.898416976928711, 3.8897050689697266, 3.901421514892578, 3.9066254516601564, 3.8986431579589844, 3.901895016479492, 3.907346875, 3.8986143798828126, 3.9038267333984376, 3.8985117126464846, 3.9100077575683594, 3.9101175262451173, 3.9026713439941405], "test_acc": [8.78, 12.83, 15.43, 14.96, 19.78, 22.7, 26.31, 27.07, 29.57, 31.91, 35.82, 36.76, 40.57, 42.37, 41.22, 43.17, 44.49, 46.77, 46.17, 46.55, 48.64, 48.58, 49.26, 48.04, 47.58, 48.58, 47.02, 46.05, 45.7, 44.47, 43.65, 42.82, 41.81, 41.33, 39.71, 39.43, 38.54, 38.65, 37.22, 36.59, 35.85, 35.33, 34.57, 34.01, 34.59, 32.82, 33.33, 31.61, 31.69, 32.33, 32.77, 33.21, 32.92, 33.07, 32.63, 32.65, 32.5, 32.68, 32.38, 32.12, 32.11, 31.98, 31.41, 31.78, 31.49, 31.01, 31.36, 31.13, 31.29, 31.19, 31.31, 31.23, 31.15, 30.6, 30.98, 30.92, 30.78, 30.85, 30.47, 30.87, 30.51, 30.59, 30.51, 30.7, 30.73, 30.16, 30.22, 29.93, 30.3, 30.0, 29.78, 30.0, 29.83, 29.71, 30.1, 29.74, 29.96, 29.61, 29.79, 30.24]}