{"train_loss": [4.589436133702596, 4.563093132850451, 4.543400285182855, 4.524631552818494, 4.508123846543141, 4.49168334496327, 4.477043574895614, 4.463889400775616, 4.451522142459185, 4.4390394015189925, 4.428097535402347, 4.417776514933659, 4.407974986540966, 4.398174283443353, 4.3884165421510355, 4.378718085166735, 4.3696024821354795, 4.359642367485242, 4.350681653389564, 4.339944336964534, 4.330181549756955, 4.3208708420777935, 4.311158712093647, 4.301028225972102, 4.29171083401411, 4.282193081195538, 4.273229573323176, 4.264332342147827, 4.255163427499625, 4.2470542369744715, 4.23951877569541, 4.232127157847087, 4.224080083309076, 4.21627465394827, 4.210038495675112, 4.20335539548825, 4.196999854307908, 4.191443609580015, 4.1854484301346995, 4.179270175787119, 4.174148252682808, 4.169608876644037, 4.163946162737333, 4.159641787944696, 4.1547750473022464, 4.150916383205316, 4.146716785430908, 4.1424449199285265, 4.139807199820494, 4.135168642875476, 4.111781457754282, 4.101304307350746, 4.096941844010964, 4.09432424398569, 4.0920441444103535, 4.090090732085399, 4.088785028457641, 4.08715337239779, 4.085523129732181, 4.084425569191957, 4.08345266977946, 4.082485958246084, 4.081629407100189, 4.080512405053163, 4.080141055278289, 4.078753442030687, 4.0780366212893755, 4.077374921700893, 4.076657825861222, 4.075675746722099, 4.0753555346757935, 4.074202476403652, 4.073731657174918, 4.073429177357601, 4.0723491326356545, 4.071873022959783, 4.071260781165881, 4.07090725287413, 4.07009981351021, 4.069505011729705, 4.068766161111685, 4.067995183895796, 4.067817719777425, 4.067320253910163, 4.067120755024446, 4.066205257024521, 4.065879660386305, 4.065410265555749, 4.065028536625397, 4.064575421504485, 4.063783673751049, 4.0635467749375564, 4.063095369094458, 4.062845748510116, 4.06228530223553, 4.061606465853178, 4.061321931007581, 4.060915466455313, 4.06050650645525, 4.060053325310731], "test_loss": [4.1223112487792966, 3.9025036895751954, 3.7908381591796876, 3.625708688354492, 3.448424411010742, 3.3831705444335936, 3.3296701568603515, 3.2484616333007814, 3.1218372161865235, 3.0860413909912108, 3.1270366027832033, 3.0649887939453127, 2.9792986114501954, 2.9789246643066405, 2.8881332946777345, 2.934251840209961, 2.8903950408935546, 2.8505815521240234, 2.8406441497802732, 2.832744842529297, 2.8530266662597654, 2.8358916809082033, 2.8386705780029295, 2.859788162231445, 2.859437042236328, 2.9136700897216796, 2.9050405334472655, 2.8969893920898437, 2.877958825683594, 2.918128015136719, 2.9166045989990232, 2.942006100463867, 2.9687603454589846, 2.9903860321044924, 2.9734476165771486, 3.008525506591797, 3.0084309906005857, 2.998195001220703, 3.027804833984375, 3.0097606384277342, 3.0317059722900392, 2.9776935302734375, 3.030490264892578, 3.0541294982910157, 3.002580792236328, 3.0710511810302736, 3.0755095611572267, 3.1166374938964845, 3.0768610229492186, 3.084452508544922, 3.08141826171875, 3.097730731201172, 3.0885511810302733, 3.094909973144531, 3.104051467895508, 3.1132486419677736, 3.114033093261719, 3.1084068359375, 3.117855599975586, 3.1393359802246095, 3.128964697265625, 3.139239474487305, 3.1371807525634767, 3.1395005462646486, 3.1406261138916016, 3.1448707397460938, 3.151798782348633, 3.1513253479003906, 3.1580362884521485, 3.1654657318115236, 3.1611642639160156, 3.1618093658447264, 3.1692689514160155, 3.172771173095703, 3.184606851196289, 3.171404800415039, 3.1877288604736327, 3.171965756225586, 3.1862014892578125, 3.1786636169433593, 3.1787235290527343, 3.1790603576660157, 3.1971248962402345, 3.1804980712890627, 3.1958140655517577, 3.1942296997070314, 3.1738397155761717, 3.1971445922851562, 3.1946284240722655, 3.1996184173583986, 3.1974143981933594, 3.212377700805664, 3.189668948364258, 3.197501153564453, 3.20056530456543, 3.198324349975586, 3.209338494873047, 3.236227301025391, 3.2098296142578127, 3.2034388702392578], "test_acc": [15.6, 21.19, 26.02, 33.53, 39.02, 39.94, 44.91, 47.15, 50.09, 52.69, 51.72, 52.77, 54.61, 57.07, 58.37, 57.35, 58.31, 59.66, 59.71, 59.71, 60.09, 60.42, 60.1, 60.08, 60.39, 59.7, 59.4, 59.14, 59.91, 59.53, 58.54, 58.88, 58.06, 57.42, 57.4, 57.15, 56.66, 57.0, 55.85, 56.52, 56.37, 56.38, 55.62, 55.49, 55.82, 54.71, 55.14, 53.8, 54.21, 53.9, 55.82, 55.91, 55.95, 56.08, 55.81, 55.91, 55.84, 55.75, 55.78, 55.23, 55.49, 55.04, 55.39, 55.26, 55.11, 55.24, 54.91, 54.98, 54.87, 54.71, 54.78, 54.67, 54.34, 54.58, 54.2, 54.48, 54.11, 54.39, 54.55, 54.27, 54.38, 54.13, 53.92, 54.0, 53.93, 53.72, 54.3, 53.98, 53.96, 53.97, 53.91, 53.79, 53.86, 53.71, 53.65, 53.55, 53.52, 53.29, 53.46, 53.76]}