{"train_loss": [4.588297758346949, 4.562307406694461, 4.541329599038148, 4.523022769047664, 4.505899786337828, 4.490421336736435, 4.476779592954196, 4.4646362879337405, 4.454296046036941, 4.444338045364771, 4.435662938386966, 4.427225038332817, 4.418966995141445, 4.41225550480378, 4.404799471146021, 4.397958652789776, 4.391231140723595, 4.38423090103345, 4.378150900816306, 4.3722573427053595, 4.365250970155765, 4.35911882962936, 4.353813435481145, 4.347893734467335, 4.3429160643846565, 4.338095844708956, 4.331688356399536, 4.327383686945988, 4.322675442084288, 4.317942850406354, 4.314018111351209, 4.3099290407620945, 4.306137885802832, 4.301612817324125, 4.298070799998748, 4.2944396287967, 4.291420535552196, 4.287866302636954, 4.284460580043303, 4.281291034894112, 4.27900684430049, 4.275733381662613, 4.272512212166419, 4.270245366218763, 4.267294883728027, 4.2647365081004605, 4.262180108290452, 4.259826260346633, 4.257514989070403, 4.254657947100126, 4.2405930910355005, 4.234363790658804, 4.231875041814951, 4.229981010388105, 4.228815745084714, 4.227740622789431, 4.226660642868433, 4.225735279229971, 4.224902351085956, 4.223847817151975, 4.223543440989959, 4.22256946074657, 4.222099289527306, 4.2214333986624695, 4.220762419089293, 4.22014720256512, 4.219910521384997, 4.219079957864223, 4.218523792120126, 4.217939979602129, 4.217675990324754, 4.2170540956350475, 4.216665335190602, 4.21614570250878, 4.215634890091725, 4.215112573672563, 4.214841874440511, 4.214344668999696, 4.214005964230268, 4.213478199640909, 4.213015292241023, 4.212582909755218, 4.2122127031668635, 4.211894650337023, 4.2115413616865105, 4.2110226777883675, 4.210706171622643, 4.210278268960806, 4.209947385543432, 4.209679552224967, 4.209346307852329, 4.209044458927252, 4.208672999113034, 4.208211311927209, 4.207721049969013, 4.207485608565501, 4.207188768875905, 4.206923604622865, 4.206586939249283, 4.206210607137436], "test_loss": [4.119267114257813, 3.874521627807617, 3.7057179260253905, 3.5613545135498046, 3.406623760986328, 3.288212857055664, 3.254782095336914, 3.1401561096191406, 3.0908415496826174, 3.1171213348388673, 2.9918601318359377, 2.9656744812011717, 2.8667528839111327, 2.878269659423828, 2.8829228454589844, 2.858610241699219, 2.8150209869384764, 2.844647375488281, 2.8068801666259766, 2.7889460235595704, 2.8070162475585936, 2.798383386230469, 2.7406682373046873, 2.8324464080810547, 2.7766788665771482, 2.8478544006347657, 2.84101477355957, 2.801515798950195, 2.8294638092041016, 2.8239596771240234, 2.8618375366210937, 2.8633423645019533, 2.8705898559570313, 2.879687271118164, 2.890553942871094, 2.9273648803710937, 2.9395373931884765, 2.890867449951172, 2.9426206451416017, 2.96132717590332, 2.9469770935058595, 2.935515802001953, 2.909230972290039, 2.9417812591552734, 2.972938375854492, 2.974959652709961, 2.9979453094482422, 2.973824868774414, 2.9536073150634765, 2.9949139556884767, 2.9782863983154297, 2.985065783691406, 2.9777515258789062, 2.9976158386230467, 3.005395980834961, 3.0032641174316406, 3.0075307708740233, 2.999654458618164, 3.0209988830566408, 3.0247632568359375, 3.0270639068603518, 3.0420026428222657, 3.0508234161376953, 3.0405595611572265, 3.034953610229492, 3.0496880798339845, 3.0373904571533203, 3.0521955169677732, 3.059970159912109, 3.0638730346679686, 3.053836325073242, 3.0638095672607424, 3.078911587524414, 3.078203439331055, 3.0859719970703123, 3.0773886474609373, 3.087871286010742, 3.078198062133789, 3.077241357421875, 3.084911395263672, 3.077955471801758, 3.0772345306396485, 3.091119967651367, 3.088379736328125, 3.076386947631836, 3.0946843505859376, 3.0933987030029297, 3.1036211029052736, 3.089334509277344, 3.1029945404052732, 3.1088075958251955, 3.1060789306640624, 3.099882028198242, 3.112548046875, 3.098992782592773, 3.0995890686035157, 3.1093462738037108, 3.1068442108154297, 3.103690466308594, 3.104771435546875], "test_acc": [17.74, 23.16, 30.62, 36.2, 42.79, 46.84, 47.66, 52.96, 54.1, 55.5, 58.1, 57.67, 61.67, 61.08, 61.06, 61.95, 64.15, 63.85, 64.01, 64.39, 64.4, 64.87, 65.66, 64.2, 65.08, 63.96, 64.09, 65.26, 64.33, 64.63, 63.56, 63.48, 64.29, 63.78, 63.59, 62.77, 63.16, 62.92, 62.11, 61.09, 62.01, 62.2, 61.62, 62.1, 61.78, 61.48, 61.03, 60.88, 61.69, 60.78, 62.45, 62.41, 62.54, 62.09, 62.08, 62.17, 62.15, 62.27, 61.94, 61.75, 62.01, 61.53, 61.56, 61.37, 61.71, 61.25, 61.41, 61.33, 61.25, 60.84, 61.01, 60.97, 60.9, 60.53, 60.54, 60.53, 60.53, 60.49, 60.6, 60.47, 60.48, 60.32, 60.23, 60.09, 60.14, 59.88, 59.94, 59.93, 60.09, 59.85, 59.62, 59.59, 59.91, 59.79, 59.6, 59.63, 59.67, 59.43, 59.52, 59.55]}