{"train_loss": [4.6116145292917885, 4.605899953842163, 4.603888806318626, 4.602368884208875, 4.601027478927221, 4.599783907181178, 4.598590075664031, 4.597223235399295, 4.596112096003997, 4.594524746674757, 4.592960753807655, 4.591426745439187, 4.589620870198959, 4.587718182343703, 4.585857457381028, 4.583644755681356, 4.581535193859002, 4.578749855970725, 4.575999788137582, 4.572820927546575, 4.5690924143179865, 4.565503212121817, 4.560976990675315, 4.555663369252131, 4.550257819738143, 4.543148752359244, 4.5361623800717865, 4.528131941037301, 4.518852489422529, 4.509688955698258, 4.499374794348692, 4.489359633127848, 4.478019325549786, 4.468028549047617, 4.458213516382071, 4.44765045092656, 4.4379074818048725, 4.428365998390394, 4.419674127529829, 4.410241618523231, 4.401381114812998, 4.393102077337412, 4.385546267338288, 4.378159095079471, 4.370655199197622, 4.364465583899082, 4.3578820534241505, 4.353127054067758, 4.346735966511262, 4.341779177005474, 4.312704848020505, 4.302585825553307, 4.298477231539213, 4.2952507874904535, 4.293507561316857, 4.291571656251565, 4.290045738220215, 4.287981237509312, 4.286755576500526, 4.285483345618615, 4.28466226871197, 4.283319264191848, 4.282289118644519, 4.281417681620671, 4.280363571949494, 4.279183782675328, 4.278281115262937, 4.277212611222878, 4.276119959660066, 4.275279196714743, 4.274498509138058, 4.273491674814469, 4.272913459631113, 4.272145178379157, 4.271334068591778, 4.270490866440993, 4.269672284982144, 4.268907287793282, 4.268164577239599, 4.267292025150397, 4.266849493369078, 4.2656683555016155, 4.265248270523854, 4.264358409245809, 4.263811577283419, 4.2634431985708385, 4.26227907156333, 4.2620721315726255, 4.261393666878725, 4.260435297550299, 4.259950992388603, 4.259699922952897, 4.258804694200173, 4.258476080038609, 4.257582146082169, 4.256658576085017, 4.256618522986388, 4.255695567986904, 4.255354117124509, 4.2548831303914385], "test_loss": [4.498260656738282, 4.446683911132813, 4.449015985107422, 4.395406970214844, 4.385971551513672, 4.344838665771484, 4.300140167236328, 4.298010906982422, 4.26827904663086, 4.248988665771485, 4.18781488647461, 4.192491619873047, 4.137966473388672, 4.117113720703125, 4.05081450805664, 4.026099447631836, 3.990292593383789, 3.9709841247558595, 3.9262770751953124, 3.926200784301758, 3.9229344940185547, 3.876676287841797, 3.8637411865234377, 3.8406063537597657, 3.814639373779297, 3.799726089477539, 3.791154064941406, 3.7993150482177733, 3.8083818603515627, 3.8236755981445314, 3.825006869506836, 3.84412763671875, 3.8179276641845705, 3.871876550292969, 3.861005453491211, 3.8933850402832033, 3.8815401550292967, 3.9098368682861326, 3.9179132720947267, 3.923016586303711, 3.9754715423583984, 3.9937437957763673, 3.9624808654785157, 3.9907450347900393, 3.9821238677978514, 4.018825271606445, 4.024320230102539, 4.038123617553711, 4.0523566711425785, 4.023894931030274, 4.065952279663086, 4.067845080566406, 4.067006622314453, 4.073484799194336, 4.079020349121094, 4.079095297241211, 4.0789106140136715, 4.077984359741211, 4.0808000610351565, 4.085836535644531, 4.092113372802735, 4.09099599609375, 4.096192312622071, 4.093958267211914, 4.100486529541016, 4.0995938598632815, 4.106232022094726, 4.097021252441406, 4.0987158843994145, 4.106987564086914, 4.1108098999023435, 4.110061709594727, 4.118502780151367, 4.121231652832031, 4.118143243408203, 4.118119241333008, 4.123304248046875, 4.117697756958008, 4.119432318115234, 4.124692352294922, 4.123128982543945, 4.1218653015136715, 4.127863238525391, 4.1242574645996095, 4.130976049804688, 4.131762854003906, 4.130575262451172, 4.1352216796875, 4.138247653198242, 4.134699655151367, 4.133534466552734, 4.136457202148438, 4.133988116455078, 4.140726190185547, 4.140160455322266, 4.146276885986328, 4.137654638671875, 4.144791055297851, 4.1526595336914065, 4.1453892578125], "test_acc": [6.62, 9.57, 12.33, 12.37, 13.56, 15.66, 17.49, 19.39, 21.73, 22.15, 24.4, 25.02, 25.84, 26.91, 30.57, 31.31, 33.52, 32.99, 35.11, 36.66, 37.51, 37.62, 37.81, 38.14, 38.98, 38.61, 38.48, 37.14, 35.63, 35.96, 35.59, 34.03, 32.57, 30.97, 31.26, 29.44, 29.64, 27.94, 27.5, 26.99, 25.45, 24.83, 24.94, 24.35, 24.25, 23.15, 22.11, 22.36, 21.25, 21.94, 21.62, 21.7, 21.73, 21.5, 21.18, 21.48, 21.25, 21.24, 21.26, 21.3, 20.95, 21.0, 21.16, 20.95, 20.69, 21.0, 20.86, 20.78, 20.88, 20.45, 20.2, 20.41, 20.08, 20.14, 20.35, 20.0, 20.12, 20.08, 20.21, 20.05, 20.07, 20.31, 19.97, 20.12, 19.76, 19.63, 19.97, 19.42, 19.53, 19.6, 19.76, 19.51, 19.44, 19.23, 19.62, 19.17, 19.52, 19.21, 19.11, 19.12]}