{"train_loss": [4.6106219841883735, 4.606963268915812, 4.60602242518694, 4.605337440050565, 4.6048345798101185, 4.6043425890115595, 4.6039341694269424, 4.603463226709611, 4.603108701950465, 4.602676546879303, 4.60215685917781, 4.601640700071286, 4.601099398197272, 4.600350705171243, 4.599784542964055, 4.598977213639479, 4.5982174359835115, 4.59729037284851, 4.5962395668029785, 4.595124567472018, 4.593995138315054, 4.592604994162535, 4.590975343264066, 4.589206900963417, 4.587068786376562, 4.584640643535516, 4.581798641498272, 4.578378163851225, 4.574670889438727, 4.570362073947222, 4.565408650422707, 4.5600015945923635, 4.554097800377088, 4.5481318363776575, 4.5417888005574545, 4.534978328607021, 4.528404246843778, 4.521828098786183, 4.515391755715394, 4.508625821578197, 4.502205049074613, 4.496544631322225, 4.490407682076478, 4.484952441239968, 4.479332500849015, 4.474288294865535, 4.469413675406041, 4.46470389121618, 4.460129841780051, 4.455618583239042, 4.435233540412707, 4.428043191860883, 4.4253770754887505, 4.422924887828338, 4.421730533012977, 4.420358706743289, 4.419195550527328, 4.417701892363719, 4.416724879925067, 4.415553956154065, 4.414869587238019, 4.4140472778907185, 4.413243691126506, 4.4124887185219, 4.4113214223812784, 4.410326350040925, 4.409733881094517, 4.409004704157511, 4.408011019535554, 4.407441189350226, 4.406722909976274, 4.405880939043485, 4.405469017762404, 4.404733734864455, 4.404101797250601, 4.403253544293917, 4.4027581129318625, 4.402128275846824, 4.401359671812791, 4.4007478310511665, 4.400230990923368, 4.3995092856578335, 4.398835655359122, 4.398140778908362, 4.397862850091396, 4.397441153648572, 4.396667222487621, 4.395924372550769, 4.395779440953182, 4.39462399604993, 4.394533330966265, 4.393911197857979, 4.393532695525732, 4.392990848345634, 4.392189558958396, 4.391617618462978, 4.391526690507546, 4.3910631265395725, 4.390188708672157, 4.3898754437764484], "test_loss": [4.545677197265625, 4.531137768554688, 4.52104398803711, 4.518704711914062, 4.502370318603516, 4.480446813964844, 4.471063562011719, 4.446891119384766, 4.426286810302734, 4.408570111083985, 4.391802990722656, 4.37427373046875, 4.362820483398438, 4.321962469482422, 4.316183990478516, 4.292101818847656, 4.265550506591797, 4.248025793457031, 4.241931286621094, 4.203422918701172, 4.191783129882812, 4.159305603027343, 4.095125146484375, 4.122847772216796, 4.080908654785156, 4.074133648681641, 4.0587752868652345, 4.058892095947265, 4.02873505859375, 4.029869567871094, 4.00905280456543, 4.04884912109375, 4.039451672363281, 4.046643399047851, 4.03824896850586, 4.071619192504883, 4.092642523193359, 4.1019150817871095, 4.110886819458008, 4.118370199584961, 4.119921649169922, 4.148475952148438, 4.159882666015625, 4.161227185058594, 4.167678540039063, 4.169339916992188, 4.189958410644532, 4.230251416015625, 4.199837719726562, 4.219822424316407, 4.243654876708985, 4.2426151916503905, 4.242777880859375, 4.250506311035156, 4.248046130371094, 4.250756829833985, 4.258455297851563, 4.259557299804688, 4.253165319824219, 4.261524560546875, 4.26185404663086, 4.266634967041016, 4.260778009033203, 4.263628167724609, 4.266434985351562, 4.26557271118164, 4.267595037841797, 4.274676867675781, 4.2724739440917965, 4.277685443115234, 4.278879016113281, 4.276833709716797, 4.278871337890625, 4.285430889892578, 4.286341076660157, 4.286737225341797, 4.284026556396484, 4.288887420654297, 4.290573687744141, 4.285999530029297, 4.287083337402343, 4.295707098388672, 4.294046313476563, 4.293220587158203, 4.296055859375, 4.300259442138672, 4.298816314697266, 4.296411114501953, 4.300573016357422, 4.296772747802734, 4.294599920654297, 4.2959166015625, 4.303988146972657, 4.302567834472656, 4.307458325195313, 4.30448110961914, 4.304978771972657, 4.3070502319335935, 4.3015113403320315, 4.306998809814453], "test_acc": [3.39, 7.47, 7.67, 7.24, 10.83, 12.34, 14.21, 14.09, 16.46, 15.13, 18.41, 19.77, 20.41, 22.79, 23.04, 24.8, 26.06, 27.27, 29.02, 29.38, 31.51, 32.44, 32.77, 32.93, 33.6, 34.54, 34.42, 34.35, 34.58, 33.34, 32.56, 31.23, 30.54, 28.73, 27.77, 26.68, 25.54, 24.05, 23.44, 22.51, 22.75, 20.68, 20.48, 19.76, 19.2, 19.38, 18.51, 17.02, 17.8, 17.01, 16.67, 16.58, 16.8, 16.25, 16.47, 16.14, 16.0, 16.24, 16.39, 16.02, 15.93, 15.81, 16.1, 15.95, 15.63, 15.79, 15.88, 15.67, 15.47, 15.4, 15.49, 15.59, 15.41, 15.05, 15.06, 14.86, 15.0, 14.68, 14.76, 14.94, 14.9, 14.58, 14.69, 14.71, 14.62, 14.54, 14.56, 14.77, 14.44, 14.52, 14.59, 14.69, 14.3, 14.2, 14.16, 14.19, 13.99, 14.14, 14.08, 14.14]}