{"train_loss": [4.611004180174607, 4.607399368286133, 4.606487044309959, 4.605786312543429, 4.605506223287338, 4.605201652722481, 4.604926622830904, 4.604748659867507, 4.604492634993333, 4.604208371578118, 4.60396637672033, 4.603666469378349, 4.603383274567433, 4.603057984816722, 4.602625958124796, 4.60223666826884, 4.601601895307883, 4.601026818691156, 4.6003903841361025, 4.599711338678996, 4.599060765290871, 4.598203448760204, 4.597356488154484, 4.596363603151762, 4.595067199071249, 4.59360369413327, 4.591927768022586, 4.589848470687866, 4.587621185107109, 4.584676727881798, 4.581474855618599, 4.577421002510267, 4.573202321468256, 4.567871639056084, 4.562441504307282, 4.556066772265312, 4.549464127956292, 4.542630693240043, 4.535552517573039, 4.528659527118389, 4.521491619256826, 4.514647480157706, 4.507591327031453, 4.50125010563777, 4.494524048536252, 4.488459288768279, 4.482720647714077, 4.477381983781473, 4.47235436806312, 4.466943811758971, 4.445339325146797, 4.438052435410328, 4.435620816548665, 4.432860010098189, 4.431568168982482, 4.430242032271165, 4.428962753980588, 4.427292058406732, 4.4263837618705555, 4.4249192054455095, 4.424472545966124, 4.423275853426029, 4.422601517652854, 4.421518317247048, 4.420431428077894, 4.419590050134904, 4.418585535196158, 4.417888473853087, 4.417016511085706, 4.41621612402109, 4.415204806205554, 4.414757616091997, 4.413856645730825, 4.413113051194411, 4.41249154041975, 4.411507694537823, 4.411003541946411, 4.410258609820635, 4.409348563658885, 4.408762956276918, 4.408326915594247, 4.4075601076468445, 4.406664142853175, 4.406052945210384, 4.4057421843210856, 4.405250330460377, 4.404233329724043, 4.403655588932526, 4.403206359423124, 4.402508103541839, 4.401787856908945, 4.401198422603118, 4.400688945330106, 4.399807873750344, 4.399550215403239, 4.398799030597393, 4.398483756872324, 4.397877783653064, 4.397079845575186, 4.396608741466816], "test_loss": [4.565588171386719, 4.5540971862792965, 4.549192822265625, 4.535085327148438, 4.524762908935547, 4.5258218200683595, 4.510028204345703, 4.4906530212402345, 4.49344521484375, 4.482679992675782, 4.463862017822265, 4.457521966552735, 4.451602130126953, 4.447769482421875, 4.423220330810547, 4.4095030029296876, 4.399378631591797, 4.395072131347656, 4.375228692626953, 4.332890447998047, 4.324593634033203, 4.306912121582031, 4.298618353271484, 4.290725164794922, 4.285421130371094, 4.270565380859375, 4.2320483276367185, 4.232396771240234, 4.223067944335938, 4.194429217529297, 4.178216729736328, 4.175392755126953, 4.188109991455078, 4.181680419921875, 4.164768823242188, 4.1786896545410155, 4.182251098632812, 4.201634552001953, 4.21539956665039, 4.224749676513672, 4.241874920654297, 4.249309027099609, 4.248250122070313, 4.260490301513672, 4.281656878662109, 4.2902306518554685, 4.290519213867188, 4.278504992675781, 4.3089522399902345, 4.306367401123047, 4.32075615234375, 4.322392327880859, 4.327322644042969, 4.330158984375, 4.331117102050781, 4.334111859130859, 4.339050860595703, 4.339456640625, 4.339201776123047, 4.3418312255859375, 4.342503192138672, 4.341990258789062, 4.348568908691406, 4.350063653564453, 4.3525452758789065, 4.3520941650390625, 4.35582933959961, 4.350939245605469, 4.352827136230469, 4.356977569580078, 4.35710404663086, 4.3573165649414065, 4.36018896484375, 4.361193786621094, 4.363621453857422, 4.365958813476563, 4.36992744140625, 4.363583685302735, 4.366897277832031, 4.368257720947265, 4.371277978515625, 4.3692459350585935, 4.371946203613281, 4.372589770507813, 4.370983630371094, 4.375137506103516, 4.3698166015625, 4.374987725830078, 4.381867993164063, 4.377454949951172, 4.376103894042969, 4.376642541503906, 4.381401940917969, 4.3813578125, 4.37680855102539, 4.380234716796875, 4.38351220703125, 4.383030065917969, 4.386322186279297, 4.385425787353515], "test_acc": [2.86, 6.34, 5.11, 8.08, 9.16, 9.87, 11.31, 10.08, 13.59, 13.67, 14.77, 16.24, 16.59, 16.07, 17.65, 18.94, 19.18, 20.15, 21.72, 22.46, 23.56, 24.22, 25.07, 26.34, 25.95, 27.35, 27.34, 27.02, 27.71, 27.47, 27.08, 26.76, 25.7, 25.17, 24.39, 22.43, 22.07, 20.73, 19.34, 18.07, 17.48, 17.12, 16.35, 15.78, 14.67, 14.26, 13.84, 14.34, 13.54, 13.52, 12.94, 12.78, 12.79, 12.75, 12.51, 12.47, 12.27, 12.26, 12.07, 12.16, 12.02, 11.78, 11.76, 11.62, 11.64, 11.63, 11.38, 11.64, 11.41, 11.41, 11.22, 11.37, 11.23, 11.19, 11.17, 11.05, 10.83, 11.21, 11.03, 10.94, 10.95, 10.96, 10.83, 10.72, 10.93, 10.74, 11.01, 10.82, 10.39, 10.7, 10.76, 10.79, 10.54, 10.44, 10.42, 10.21, 10.1, 10.39, 10.02, 10.1]}