{"train_loss": [4.591154391948994, 4.569501129786174, 4.551694026360145, 4.535997464106633, 4.521665645257021, 4.509960653843024, 4.499314721425375, 4.490326240735176, 4.4825922122368445, 4.475222563132261, 4.46899621180999, 4.462764296164879, 4.45778370881692, 4.452725470371735, 4.44731431618715, 4.443440772325564, 4.438663328610934, 4.43390306692857, 4.430412002710196, 4.426410340040158, 4.423003625869751, 4.419348502770449, 4.416396732819386, 4.412691779014391, 4.409874621415749, 4.406920534525162, 4.404101665203388, 4.401873757289006, 4.398971712894928, 4.397026716134487, 4.3945152197128685, 4.393114511783306, 4.3907566498487425, 4.388628223614815, 4.387125133856749, 4.385271886678843, 4.383540718372052, 4.381831837923099, 4.380595830770639, 4.378766830150898, 4.377239817839403, 4.375785545202402, 4.374233022102943, 4.373421107805692, 4.372196810062115, 4.370945803324381, 4.36983307202657, 4.368525988016373, 4.367131361594567, 4.366334618054903, 4.358333050899017, 4.355179170461802, 4.354084747265547, 4.353194319896209, 4.352554806684837, 4.351907722766583, 4.351560019224118, 4.351017201252473, 4.350596634546916, 4.3500602184197845, 4.349790443518223, 4.3494558004232555, 4.349116171323336, 4.3487868101168905, 4.348473810538268, 4.34813431715354, 4.34784276791108, 4.347598199355296, 4.347194751103719, 4.346991296914908, 4.346657266372289, 4.346379518508911, 4.346138330606314, 4.345931565455901, 4.345563832307473, 4.34542754980234, 4.345049785956358, 4.3448635798234205, 4.344636549093784, 4.34436861551725, 4.344270158425355, 4.343864307648096, 4.34368545336601, 4.343400601851634, 4.3432618972582695, 4.343056000196016, 4.342766392536652, 4.3425640472998985, 4.342408347741151, 4.342226809721726, 4.342054594480074, 4.341882436703413, 4.341619563714052, 4.341383182085478, 4.341276064897195, 4.3411448588738075, 4.340921818904388, 4.34072874876169, 4.34047173231076, 4.340365011264116], "test_loss": [4.103291915893554, 3.881014437866211, 3.63505166015625, 3.5495234741210937, 3.4371886352539063, 3.3346945892333983, 3.3521510833740233, 3.1924243041992186, 3.0994314208984375, 3.0888217193603515, 3.0687158660888674, 3.0727287384033204, 2.9727989410400393, 2.9618194885253906, 2.9635942810058595, 2.9921997985839845, 2.8721826568603515, 2.863876821899414, 2.873972662353516, 2.896630813598633, 2.8896476104736326, 2.8734169830322265, 2.822901574707031, 2.8657042114257814, 2.8584416015625, 2.8803997802734376, 2.8741956512451172, 2.932968850708008, 2.8909310485839845, 2.9085177307128904, 2.897538952636719, 2.89638408203125, 2.9181716796875, 2.9354967987060547, 2.8976585113525393, 2.9439292236328125, 2.9282331695556643, 2.9148550689697266, 2.9605211151123045, 2.942715188598633, 2.9506609985351564, 2.968941851806641, 2.935454315185547, 3.0145001220703125, 2.981648712158203, 2.9637753509521483, 3.0094187896728517, 2.9879862823486327, 2.9877156860351564, 3.006191326904297, 2.962656350708008, 2.985164105224609, 2.984009246826172, 3.000064907836914, 3.0074797912597657, 3.0029040405273437, 3.0178890716552735, 3.012124710083008, 3.0234906005859377, 3.025908654785156, 3.0350847045898437, 3.038861087036133, 3.044614416503906, 3.043017785644531, 3.0496718322753904, 3.05495319519043, 3.04945126953125, 3.0578853515625, 3.0687916076660158, 3.0700417846679686, 3.0696160888671873, 3.063533966064453, 3.0709269104003907, 3.0707151763916016, 3.085440826416016, 3.0704883056640626, 3.092346438598633, 3.0871864685058594, 3.0938202362060547, 3.098183544921875, 3.0964080718994142, 3.0907006958007814, 3.1020101196289063, 3.0966139739990233, 3.0980152618408203, 3.1075101806640624, 3.1026300842285157, 3.114666421508789, 3.1143330963134765, 3.1122589996337893, 3.107523776245117, 3.1082353973388672, 3.1022259246826174, 3.1242298248291016, 3.115184194946289, 3.116714141845703, 3.122677145385742, 3.123526434326172, 3.1247056427001954, 3.123145574951172], "test_acc": [17.94, 26.66, 36.0, 40.7, 45.79, 48.53, 49.89, 56.41, 58.52, 59.36, 59.66, 59.99, 62.53, 63.5, 63.37, 62.3, 64.24, 66.41, 65.38, 65.55, 66.17, 66.98, 67.12, 67.46, 66.83, 65.95, 67.12, 65.65, 67.21, 67.53, 66.79, 66.81, 67.28, 66.36, 66.83, 66.37, 66.26, 66.6, 66.45, 66.29, 65.69, 65.65, 65.8, 65.01, 65.53, 65.8, 64.66, 66.0, 65.55, 65.18, 67.25, 67.16, 66.97, 66.91, 66.7, 66.61, 66.52, 66.75, 66.34, 66.52, 66.13, 65.9, 66.04, 66.18, 65.73, 65.67, 65.65, 65.42, 65.06, 65.14, 65.05, 65.25, 65.2, 65.14, 64.57, 64.99, 64.1, 64.62, 64.39, 64.16, 64.45, 64.3, 64.07, 63.82, 64.01, 63.94, 64.05, 63.37, 63.42, 63.82, 63.54, 63.46, 63.84, 63.35, 63.26, 63.18, 63.39, 63.09, 62.98, 63.21]}