{"train_loss": [4.608997166462434, 4.60426457233918, 4.602307334313026, 4.600764273374509, 4.59917558156527, 4.597372659047445, 4.59564846112178, 4.593707397656563, 4.5918538704896585, 4.589795585779044, 4.5874275659903505, 4.585234318024073, 4.582832267956856, 4.5802631280361075, 4.577752843269935, 4.574959858869895, 4.5724219701229, 4.569349436882215, 4.566458876927694, 4.563159733552199, 4.559878772344344, 4.5561117991422995, 4.552312692006429, 4.5480936453892635, 4.54369285045526, 4.538914671922341, 4.533871634801229, 4.528669587159768, 4.5232889395493725, 4.5178966143192385, 4.512598257798415, 4.5067413831368475, 4.501498609934098, 4.496064144525772, 4.490832749391213, 4.4854973120567125, 4.480903026385185, 4.476223024955162, 4.471573770963229, 4.466992851404044, 4.4628268095163195, 4.458697116069304, 4.454809320889987, 4.451235203865247, 4.447474200908954, 4.444166364425268, 4.440855435836009, 4.437732482567812, 4.434948038443541, 4.431642081187322, 4.415638368557661, 4.40841040733533, 4.4056919904855585, 4.403630723708715, 4.4023307237869655, 4.4010097931592895, 4.399825464150845, 4.398618585635454, 4.397760936541435, 4.396773909299801, 4.395933899512658, 4.395289868574876, 4.394596767425537, 4.3938655816591705, 4.393030788959601, 4.392493860538189, 4.391963259379069, 4.391331028326964, 4.390524013225849, 4.39013878871233, 4.389513027973664, 4.3888726234436035, 4.388238216057802, 4.3879909124129854, 4.387273658850254, 4.386992684388772, 4.386250136448787, 4.385730066054907, 4.385276749195197, 4.3848661337143335, 4.384355820142305, 4.383773908859644, 4.38330419369233, 4.382946246709579, 4.382657963190323, 4.38208956229381, 4.381565716327765, 4.381186694365281, 4.38086089354295, 4.380514813692142, 4.380121562419793, 4.379721112129015, 4.37949662453089, 4.378656269953801, 4.378454092221382, 4.3780762904729595, 4.377738644526555, 4.377485161561232, 4.376948917829074, 4.37678885215368], "test_loss": [4.46353002319336, 4.447139898681641, 4.4082789245605465, 4.353730358886719, 4.295611706542969, 4.26406611328125, 4.2125855102539065, 4.1755978393554685, 4.106087811279297, 4.077189526367188, 4.021651913452148, 3.9735696685791018, 3.9318284393310545, 3.8951976989746093, 3.8478380035400392, 3.8029092895507812, 3.800886587524414, 3.743923620605469, 3.739023471069336, 3.695318780517578, 3.709117938232422, 3.6829912292480467, 3.669601675415039, 3.666826089477539, 3.648325894165039, 3.692373602294922, 3.686583056640625, 3.6969150451660155, 3.678389898681641, 3.689104364013672, 3.7026672027587892, 3.739713705444336, 3.7073647705078123, 3.7363838958740234, 3.7627528198242186, 3.7635410095214845, 3.780463458251953, 3.819736120605469, 3.8448278778076173, 3.80276083984375, 3.8439072174072266, 3.8613227478027343, 3.8476100311279295, 3.872200634765625, 3.8592312591552735, 3.861300134277344, 3.885622644042969, 3.9113358154296876, 3.8853051330566406, 3.921069580078125, 3.9227389556884766, 3.9250746185302736, 3.929544274902344, 3.9390742706298827, 3.9357615814208984, 3.93817395324707, 3.9482669830322266, 3.9412345458984377, 3.94037278137207, 3.9479657623291016, 3.951251516723633, 3.9634961059570313, 3.9619395568847655, 3.9621930908203127, 3.9634342803955076, 3.9712190826416016, 3.9680488830566407, 3.9699780517578125, 3.969653369140625, 3.9749452117919923, 3.9762027221679688, 3.9779537353515626, 3.9831894256591798, 3.988919305419922, 3.982874850463867, 3.986198568725586, 3.9966601715087893, 3.9949646484375, 3.9954717864990235, 3.996459521484375, 3.992649856567383, 3.9980497314453123, 4.005520596313477, 3.997031021118164, 3.994316390991211, 4.002314108276368, 4.000493908691406, 4.005998651123047, 4.0091142578125, 4.0087382568359375, 4.010504476928711, 4.011829553222657, 4.008584402465821, 4.018262246704102, 4.013904608154297, 4.009742532348633, 4.012382897949219, 4.018534432983398, 4.018490209960937, 4.01956994934082], "test_acc": [10.62, 11.95, 13.13, 14.37, 18.34, 21.2, 23.16, 26.01, 28.78, 29.3, 34.72, 35.69, 39.68, 40.64, 41.84, 44.51, 44.69, 47.54, 47.32, 47.35, 47.21, 48.51, 48.04, 49.41, 48.46, 48.27, 47.76, 46.84, 46.33, 45.76, 45.57, 43.62, 43.85, 42.84, 41.42, 41.06, 39.79, 38.27, 37.8, 38.22, 37.52, 35.96, 35.7, 35.18, 35.2, 35.08, 33.68, 33.1, 33.83, 32.71, 33.43, 33.98, 33.64, 33.36, 33.43, 33.23, 32.6, 32.8, 32.86, 32.6, 32.34, 32.12, 32.2, 31.89, 31.63, 31.44, 31.65, 31.58, 31.81, 31.42, 31.48, 31.35, 31.06, 30.72, 31.0, 30.99, 30.14, 30.36, 30.21, 30.38, 30.59, 30.37, 29.97, 30.39, 30.39, 29.83, 29.94, 29.92, 29.53, 29.68, 29.68, 29.35, 29.65, 29.28, 29.5, 29.54, 29.55, 29.08, 29.01, 29.15]}