{"train_loss": [4.550759802109156, 4.486901348065107, 4.436571094317314, 4.39676651710119, 4.3661806057661, 4.340503812447572, 4.319920608324883, 4.302671284553332, 4.286499617649959, 4.2724388110332, 4.259046003146049, 4.247976405803974, 4.2362999647091595, 4.226436473161746, 4.216457776534251, 4.206992738674849, 4.197816878098708, 4.189203289227608, 4.181524655757806, 4.174109390454414, 4.167560175137642, 4.159886845564231, 4.154068545806102, 4.147390271455814, 4.142939831660344, 4.136091440151899, 4.131675700652294, 4.12696363498003, 4.122229490524683, 4.118362271480072, 4.1144710516318295, 4.111335061146662, 4.107156482109657, 4.104627858675443, 4.1012371943547175, 4.097436080834805, 4.095123415726881, 4.0924495354676855, 4.089882604892438, 4.086884595186282, 4.084357224977934, 4.081366323813414, 4.079728471315824, 4.077555870398497, 4.075915090854352, 4.073447667635405, 4.07241321465908, 4.068842670245048, 4.06780047538953, 4.065575115497296, 4.052499870153574, 4.047161141420022, 4.0448846413539, 4.043480322911189, 4.042299813490647, 4.041338908366668, 4.040846536098383, 4.039922797374237, 4.03919062369909, 4.038437765072554, 4.038091989663931, 4.037441043364696, 4.036844372137999, 4.036568365341577, 4.035843228071164, 4.035329945882162, 4.034965537144587, 4.03452424513988, 4.033857830976829, 4.033657291607979, 4.033052841822307, 4.032745206050384, 4.0322497367858885, 4.032030315888234, 4.031519706432636, 4.031250721369034, 4.0307908388284535, 4.030464625969911, 4.029998933351957, 4.029791474953676, 4.029462798436483, 4.029079107137827, 4.02880957921346, 4.028540273813101, 4.028119313411223, 4.027834071868505, 4.027650270706568, 4.027113226132515, 4.026797580718994, 4.026495648653079, 4.026327129510733, 4.026050533392491, 4.0257327299851635, 4.025370901058881, 4.025157414949858, 4.02480084101359, 4.024780201300596, 4.024576605283297, 4.024125039271819, 4.0239079988919775], "test_loss": [3.865589971923828, 3.5196806396484375, 3.2210431213378907, 3.1144543579101565, 2.993789663696289, 2.952893099975586, 2.8574704986572264, 2.7178333770751952, 2.663704220581055, 2.682988101196289, 2.5459969879150393, 2.5168399505615233, 2.4739201629638674, 2.490365057373047, 2.5439378479003905, 2.5243806640625, 2.453330776977539, 2.3860957977294923, 2.3927006683349608, 2.380527502441406, 2.3993866729736326, 2.378230191040039, 2.38624853515625, 2.3965137390136717, 2.4027793212890627, 2.403457809448242, 2.4263999450683595, 2.4434775970458986, 2.4277896057128907, 2.453519201660156, 2.4315046173095705, 2.4155957122802736, 2.4183684020996092, 2.4895912994384766, 2.467607827758789, 2.4621949645996093, 2.498400473022461, 2.4633815093994142, 2.4728487915039064, 2.4744685333251955, 2.461514208984375, 2.449541638183594, 2.448878399658203, 2.5064469787597656, 2.5031039642333983, 2.492195623779297, 2.528087823486328, 2.525603436279297, 2.513146401977539, 2.504472149658203, 2.484612774658203, 2.5014213500976563, 2.4917001251220703, 2.4986334411621094, 2.5127814208984374, 2.520919970703125, 2.522875158691406, 2.527644030761719, 2.53789411315918, 2.5468589233398435, 2.5387311767578127, 2.550369595336914, 2.5542202117919923, 2.546140802001953, 2.559458432006836, 2.5694719268798827, 2.5573644165039062, 2.5683891784667967, 2.5738987854003907, 2.5733085296630858, 2.570514984130859, 2.577682971191406, 2.591703305053711, 2.5913739471435546, 2.593473959350586, 2.5825906158447265, 2.5963119049072265, 2.5999219696044924, 2.5975940185546875, 2.60576376953125, 2.596610614013672, 2.603878872680664, 2.600601934814453, 2.5967112091064455, 2.6031207122802735, 2.6001803253173827, 2.609275955200195, 2.614072738647461, 2.6230621307373045, 2.6155034851074217, 2.6151370330810546, 2.6154875061035154, 2.6197575775146484, 2.618993942260742, 2.608561965942383, 2.62193639831543, 2.6250675872802733, 2.629808419799805, 2.6214928802490234, 2.631467413330078], "test_acc": [19.31, 30.17, 41.55, 46.01, 48.58, 51.73, 53.75, 58.31, 59.41, 61.48, 62.75, 62.9, 64.3, 64.59, 64.22, 65.23, 66.24, 67.41, 66.84, 67.84, 67.8, 68.04, 68.19, 68.23, 68.55, 69.05, 68.48, 67.86, 67.92, 68.03, 68.65, 68.2, 67.95, 67.12, 67.93, 68.84, 68.78, 68.3, 67.38, 67.77, 68.4, 68.58, 68.17, 67.48, 67.26, 68.05, 67.13, 67.7, 67.52, 67.43, 69.6, 69.67, 69.57, 69.69, 69.54, 69.44, 69.48, 69.51, 69.59, 69.21, 69.37, 69.02, 69.15, 68.96, 69.0, 68.97, 69.13, 68.96, 68.69, 68.86, 68.95, 68.84, 68.6, 68.54, 68.49, 68.45, 68.19, 68.42, 68.39, 68.13, 68.3, 68.38, 68.11, 68.23, 68.0, 68.05, 67.94, 67.94, 68.04, 68.1, 67.93, 68.02, 67.82, 67.78, 67.61, 67.55, 67.51, 67.39, 67.51, 67.38]}