{"train_loss": [4.61220951569386, 4.607011347550612, 4.605559789217436, 4.604489435293735, 4.603698133810973, 4.602920930813521, 4.60224498968858, 4.6014376493600695, 4.600793897188627, 4.599902622516339, 4.5990267362350075, 4.5980558982262245, 4.597031914882171, 4.5958549927442505, 4.594763278961182, 4.593248204695873, 4.591908898720375, 4.590140787760417, 4.588283882385645, 4.586292101786687, 4.584124599358974, 4.581417574026646, 4.578225464698596, 4.574795663051116, 4.570708552384988, 4.5656675106439835, 4.560047421088585, 4.553370000154544, 4.546365779485458, 4.5379266384320385, 4.5291505593519945, 4.519424872520642, 4.5089712057358176, 4.498235828448564, 4.48734980852176, 4.4769364479260565, 4.466484072269537, 4.456134061324291, 4.446236758354383, 4.437002360515105, 4.426644429182395, 4.417934544881185, 4.408610994387896, 4.40029853062752, 4.391646245809702, 4.38417414640769, 4.376489763993483, 4.370264454377003, 4.363556100160648, 4.3573713632730335, 4.3266244827172695, 4.316482402116824, 4.3120138339507275, 4.30897942445217, 4.307311961589716, 4.305277880644187, 4.304045303051288, 4.301760627061893, 4.300233565844023, 4.299351248374352, 4.2978529062026585, 4.296662704761212, 4.2956516278095735, 4.294062877312685, 4.29302595823239, 4.291874749843891, 4.29123255167252, 4.290116291779738, 4.288826525516999, 4.287965841782399, 4.2868478995103105, 4.286188151286199, 4.285504431602282, 4.2841248341095755, 4.283524861702552, 4.282373435680682, 4.281896768472134, 4.281016295995467, 4.279764640025603, 4.279129892740494, 4.27862929564256, 4.277634454384828, 4.276784459138528, 4.275795372938498, 4.2755811764643745, 4.2748299293029, 4.273591941442245, 4.27323471338321, 4.272790958942511, 4.271650785054916, 4.270928985644609, 4.27038560524965, 4.26964172461094, 4.268846148710985, 4.268391522383078, 4.267447514411731, 4.266989561227652, 4.266423705907968, 4.2655441797696625, 4.264987782942943], "test_loss": [4.525280895996094, 4.507002313232422, 4.490162628173828, 4.482614526367188, 4.468926092529297, 4.443469018554688, 4.423216815185547, 4.390776959228516, 4.359548791503906, 4.342477642822265, 4.319000396728516, 4.291021154785156, 4.2858749145507815, 4.237458996582031, 4.233551055908203, 4.200256512451172, 4.174319250488281, 4.158066619873047, 4.136636859130859, 4.101801452636718, 4.096964044189453, 4.042723767089844, 3.9826263000488282, 4.007594757080078, 3.9682640411376955, 3.9552695709228516, 3.952360482788086, 3.970328744506836, 3.9352018280029295, 3.930492758178711, 3.9257904846191405, 3.9617779907226565, 3.9642126678466796, 3.9652658813476562, 3.9708477935791016, 4.007045880126953, 4.0047705993652345, 4.035880667114258, 4.052850390625, 4.047816485595703, 4.06994436340332, 4.068907559204102, 4.076692346191407, 4.0707503509521485, 4.109863507080078, 4.100702188110351, 4.124838409423828, 4.1572632904052735, 4.130736221313477, 4.173015997314453, 4.184319924926758, 4.1798760559082035, 4.180192236328125, 4.183921685791016, 4.185458944702148, 4.190890185546875, 4.191319555664062, 4.190441497802734, 4.1905110107421875, 4.198909985351563, 4.193393414306641, 4.196700311279296, 4.202033819580078, 4.206176489257812, 4.199094384765625, 4.2085585693359375, 4.205286047363281, 4.208292858886718, 4.209659399414062, 4.210743566894531, 4.222526196289063, 4.214747393798828, 4.21823310546875, 4.2204850402832035, 4.220860833740234, 4.221993890380859, 4.221192333984375, 4.219177893066406, 4.22597398071289, 4.223107611083984, 4.229097082519531, 4.228576910400391, 4.228449108886719, 4.227918463134766, 4.231522546386719, 4.233879907226562, 4.230239666748047, 4.235485040283203, 4.236036773681641, 4.237149560546875, 4.234354431152344, 4.235564477539063, 4.2351814514160155, 4.239833099365234, 4.239940124511719, 4.24284482421875, 4.2380128051757815, 4.246109490966797, 4.239884490966797, 4.241460388183594], "test_acc": [5.1, 6.87, 8.48, 8.55, 10.56, 13.2, 15.75, 15.8, 16.87, 16.88, 18.98, 22.64, 21.74, 24.45, 24.73, 26.37, 27.89, 28.03, 30.13, 30.7, 32.08, 33.26, 32.94, 34.11, 33.99, 34.25, 33.76, 33.3, 33.15, 32.1, 31.01, 30.14, 28.02, 27.6, 26.51, 24.6, 24.4, 23.14, 22.5, 21.93, 20.86, 21.13, 20.49, 20.45, 19.12, 18.89, 18.03, 16.99, 18.34, 16.82, 16.66, 16.94, 17.02, 16.75, 16.94, 16.67, 16.68, 16.53, 16.45, 16.25, 16.57, 16.54, 16.25, 16.16, 16.37, 15.93, 15.85, 16.0, 15.71, 15.9, 15.74, 15.66, 15.47, 15.65, 15.43, 15.42, 15.58, 15.9, 15.71, 15.66, 15.43, 15.43, 15.27, 15.37, 15.3, 15.25, 15.45, 15.34, 15.18, 15.11, 15.15, 14.98, 15.2, 15.06, 14.95, 14.57, 14.98, 14.81, 14.9, 15.01]}