{"train_loss": [4.607836560713939, 4.602306939394046, 4.599714358647664, 4.597271393506955, 4.594795286961091, 4.592251843672532, 4.589431197826679, 4.586675304021591, 4.583856391906738, 4.5810302330897406, 4.577790865531335, 4.574846991514549, 4.571969906489055, 4.56896449969365, 4.565563544248923, 4.562545405901395, 4.559136138818203, 4.555956724362495, 4.552492420489972, 4.548725918011788, 4.545030310215094, 4.5410270470839285, 4.5366532056759565, 4.532350096335778, 4.527693417133429, 4.522566865040706, 4.517853755217332, 4.512637914755405, 4.507653046876956, 4.502434215790186, 4.497659022991474, 4.492505666537163, 4.488065790518736, 4.482698044410118, 4.478417438115829, 4.473992235232622, 4.4694997567396895, 4.4654876904609875, 4.461542370380499, 4.457472725403615, 4.454060849165305, 4.450702996131701, 4.446762095964872, 4.443709042133429, 4.44047171152555, 4.437440869747064, 4.434244671846048, 4.4317025074592005, 4.4294564968500385, 4.426243911645352, 4.4108049221527885, 4.404191195659148, 4.401654699521187, 4.399509461720784, 4.398255443572998, 4.3970567055237595, 4.3960125837570585, 4.394680827703231, 4.393963698851756, 4.393108746944329, 4.392325847576826, 4.391543384698721, 4.391006046686417, 4.390296926253881, 4.3894949448414335, 4.3888600422785835, 4.388428051043779, 4.387865803791926, 4.387283992767334, 4.386635961288061, 4.3861518480838875, 4.385460512454693, 4.385116123541808, 4.384548823038737, 4.384171011509039, 4.383570563487518, 4.383104980908907, 4.382641220092774, 4.382058774507962, 4.381814438257462, 4.381330328721266, 4.380853470777854, 4.380457025919205, 4.379913489023845, 4.379783487319946, 4.3794446737338335, 4.378735830844977, 4.378256320953369, 4.378094437183478, 4.377588685353597, 4.37727460861206, 4.376864633804712, 4.376377078814384, 4.376080478766026, 4.375955364031669, 4.375508852494069, 4.37504935998183, 4.374805703529945, 4.374216775405102, 4.373969874015221], "test_loss": [4.434982611083984, 4.3794138122558595, 4.359952276611328, 4.285251483154297, 4.192309948730469, 4.1544521484375, 4.069624917602539, 3.999518795776367, 3.962831396484375, 3.91141103515625, 3.8614625732421874, 3.875293441772461, 3.75949140625, 3.715909765625, 3.7115437377929688, 3.685901467895508, 3.673565313720703, 3.590578698730469, 3.59519524230957, 3.6425379516601564, 3.5892741119384763, 3.586384930419922, 3.556748617553711, 3.556339007568359, 3.510504458618164, 3.5735024047851565, 3.531402407836914, 3.581974856567383, 3.575636813354492, 3.6035710845947264, 3.555829611206055, 3.643791275024414, 3.5871029876708986, 3.6378931762695315, 3.651552212524414, 3.6627265991210938, 3.672352981567383, 3.699998587036133, 3.697453875732422, 3.724039138793945, 3.7442650451660158, 3.751682800292969, 3.725474102783203, 3.7607002563476564, 3.7452415283203124, 3.7849790008544923, 3.7958670074462892, 3.7828410339355467, 3.781519274902344, 3.815136227416992, 3.812556430053711, 3.8095273986816407, 3.8130587341308595, 3.831955935668945, 3.8309343811035155, 3.843455587768555, 3.840315921020508, 3.8332038299560547, 3.8465405548095704, 3.854091552734375, 3.841526547241211, 3.855303515625, 3.858524005126953, 3.8573417388916016, 3.8559983703613283, 3.8702465270996096, 3.8641736999511718, 3.8741025421142576, 3.8742072784423827, 3.879094921875, 3.8736742736816407, 3.8834381286621094, 3.8890853607177736, 3.8838678833007814, 3.8927767547607424, 3.8865967071533203, 3.8888424194335935, 3.892572314453125, 3.891488003540039, 3.891343472290039, 3.8916207977294923, 3.899259017944336, 3.9024745483398435, 3.901409994506836, 3.8925241302490234, 3.9061442901611327, 3.912463558959961, 3.9149727844238282, 3.915718197631836, 3.9064002685546875, 3.904470620727539, 3.9073029663085936, 3.9099863586425783, 3.9158305938720703, 3.911155712890625, 3.908374935913086, 3.914604183959961, 3.9215002716064453, 3.923362536621094, 3.9199869354248045], "test_acc": [9.68, 14.6, 16.26, 19.51, 24.22, 27.51, 30.03, 32.87, 34.24, 37.67, 39.98, 40.29, 44.39, 46.06, 48.07, 46.92, 48.21, 49.96, 50.65, 51.0, 50.82, 51.29, 51.21, 50.61, 51.78, 50.7, 50.93, 49.63, 49.62, 48.07, 49.2, 48.26, 47.6, 46.94, 46.34, 45.52, 44.27, 43.52, 43.45, 42.06, 42.06, 40.67, 41.33, 40.74, 40.92, 39.84, 38.82, 38.97, 38.74, 38.32, 39.04, 39.12, 39.21, 38.73, 38.58, 37.82, 37.76, 38.17, 37.61, 37.16, 37.59, 37.35, 37.13, 37.14, 37.0, 36.69, 36.82, 36.53, 36.39, 36.28, 36.32, 35.96, 36.03, 36.23, 35.4, 35.98, 35.73, 35.83, 35.74, 35.51, 35.45, 35.37, 35.26, 35.32, 35.71, 34.9, 34.86, 34.66, 34.8, 35.03, 35.08, 34.97, 34.61, 34.76, 34.98, 34.83, 34.44, 34.39, 34.2, 34.36]}