{"train_loss": [4.5686154304406585, 4.52118142690414, 4.484309560824663, 4.454433151391837, 4.427386771715605, 4.404536073635786, 4.386030762012188, 4.369182188082964, 4.354111785155077, 4.3413590565705915, 4.327722911345653, 4.316659199885833, 4.305203976997962, 4.295422750864273, 4.2850693935003035, 4.275612680728619, 4.266509262720744, 4.256926070726835, 4.248260972438715, 4.239819488769922, 4.2310169195517515, 4.223969701620248, 4.215193903751862, 4.208030682343703, 4.2018227137052095, 4.1942099913572655, 4.188053090755756, 4.18105886777242, 4.175462947747646, 4.170750369781103, 4.165592153255756, 4.1613796759874395, 4.156071717922504, 4.150789774381197, 4.146702435077765, 4.14212616896018, 4.137940679452358, 4.134115447753515, 4.130476718071179, 4.126670600206424, 4.122700556730613, 4.119428483033792, 4.116133033312284, 4.113165538738936, 4.109442571493296, 4.106557969557933, 4.103497458726932, 4.1002686500549315, 4.09836912766481, 4.095145586209419, 4.077329738323505, 4.070045614242554, 4.067348743096376, 4.065146577052581, 4.06371192687597, 4.062498070643499, 4.061295537459545, 4.059950971603394, 4.059459418516893, 4.05796261322804, 4.0573662207676815, 4.056651055507171, 4.056123980497703, 4.055220101429866, 4.054805795962994, 4.053700305254031, 4.0532664629129265, 4.052769538683769, 4.051944069984632, 4.051432554538433, 4.050988723070193, 4.050235918240669, 4.049925493582701, 4.049431915772267, 4.048935370567517, 4.048227388430864, 4.047854320819561, 4.047396978965172, 4.046820559868446, 4.04639056401375, 4.0460914342831344, 4.045562132810935, 4.045125247270633, 4.044436475558158, 4.0442465647673, 4.043628158324804, 4.043436305950849, 4.042911146848629, 4.042662198726948, 4.042161475695097, 4.041902670493493, 4.041505411343697, 4.041057225985405, 4.040652531843919, 4.040296136415922, 4.039682586376483, 4.039504362986638, 4.039256862493661, 4.038904652228722, 4.038525695067186], "test_loss": [3.938554360961914, 3.6607384979248048, 3.3787586975097654, 3.2058634887695314, 3.1340311614990233, 3.081871450805664, 3.014326104736328, 2.985106869506836, 2.8428189971923827, 2.854899819946289, 2.8607139221191407, 2.7561295837402344, 2.6082224609375, 2.6739795135498046, 2.6426946899414063, 2.6485975189208983, 2.6035761871337892, 2.588545361328125, 2.6022535095214843, 2.5684555725097655, 2.547179147338867, 2.546596276855469, 2.545656011962891, 2.571437432861328, 2.5986183227539064, 2.636159878540039, 2.634203372192383, 2.627858236694336, 2.6242696868896482, 2.6386958312988282, 2.686073187255859, 2.623825152587891, 2.6195420227050783, 2.6612270935058593, 2.6502583892822265, 2.700053576660156, 2.7310387725830076, 2.6707542694091795, 2.6950616027832033, 2.669675140380859, 2.68738447265625, 2.7013298431396486, 2.6669078369140626, 2.7469040893554686, 2.719396450805664, 2.7259336853027345, 2.7184168395996093, 2.742481954956055, 2.699145687866211, 2.728497720336914, 2.7197669067382813, 2.7267578521728515, 2.722635794067383, 2.7511517974853517, 2.7601257843017577, 2.7482235900878904, 2.754521765136719, 2.745497396850586, 2.7685704467773435, 2.7755203521728515, 2.778206881713867, 2.7802042541503904, 2.7992412139892577, 2.7946530822753908, 2.7859159301757814, 2.78829338684082, 2.7969182922363283, 2.7991751922607424, 2.802899691772461, 2.801372067260742, 2.8079647216796877, 2.8112216400146486, 2.8164332122802733, 2.8254679626464845, 2.833426922607422, 2.8243033935546875, 2.8279461669921875, 2.831945361328125, 2.819291711425781, 2.833010302734375, 2.828880191040039, 2.8223501831054687, 2.8391500518798827, 2.8378453826904297, 2.826621179199219, 2.8478684326171875, 2.8344356719970705, 2.8496359649658203, 2.85851549987793, 2.8503732330322267, 2.8438628662109373, 2.856810971069336, 2.847440280151367, 2.8530700653076173, 2.862190951538086, 2.850172933959961, 2.852433447265625, 2.8585405364990235, 2.853763146972656, 2.8536331176757814], "test_acc": [17.63, 28.69, 36.45, 43.36, 46.23, 49.04, 50.01, 54.49, 55.79, 57.09, 57.97, 59.98, 62.74, 61.27, 62.72, 63.28, 63.65, 63.95, 65.19, 66.04, 65.39, 65.63, 65.73, 65.62, 65.4, 64.72, 64.96, 64.85, 65.02, 65.01, 64.01, 65.47, 65.31, 64.44, 64.81, 64.97, 63.62, 64.36, 64.65, 63.62, 64.27, 63.67, 64.59, 63.65, 63.66, 62.82, 63.8, 63.33, 63.38, 63.41, 65.15, 64.97, 64.86, 64.92, 64.57, 64.77, 64.83, 64.94, 64.52, 64.67, 64.66, 64.24, 64.32, 64.22, 64.33, 63.89, 63.95, 64.11, 63.83, 64.0, 64.02, 63.69, 63.64, 63.61, 63.31, 63.41, 63.8, 63.46, 63.6, 63.41, 63.46, 63.15, 63.1, 63.37, 63.2, 62.96, 63.06, 62.81, 62.9, 62.96, 63.29, 62.84, 62.88, 62.83, 62.72, 62.74, 62.75, 62.72, 62.79, 62.75]}