{"train_loss": [4.596633769304324, 4.578954454568716, 4.565459105907342, 4.552349228736682, 4.5401363910772865, 4.528205787218534, 4.516950330978784, 4.506788343038314, 4.498004776392228, 4.488561768409533, 4.480396957886525, 4.473144978743333, 4.466216339209141, 4.459157502345549, 4.452413640878139, 4.445296234962267, 4.439115578089005, 4.432276750222231, 4.425826877202743, 4.418236480615078, 4.411347952867166, 4.405019077887902, 4.398626444889949, 4.391522715641902, 4.385516841594989, 4.378707699897962, 4.3725781037257265, 4.366839061639248, 4.360746518159524, 4.354509517474052, 4.349674153939271, 4.344649728139242, 4.338993786542844, 4.334240146783682, 4.329310931914892, 4.324698308797983, 4.320134820693578, 4.31563016695854, 4.311866340881739, 4.307877055192605, 4.304169141329252, 4.300096093691312, 4.295860670774411, 4.2930916187090755, 4.289427138597537, 4.285959037144979, 4.283193269142738, 4.279971814766908, 4.277071832999205, 4.274571395531678, 4.256581806525206, 4.249316469828288, 4.24600705733666, 4.243562827966152, 4.242344093322754, 4.240825902498686, 4.2398041028242845, 4.238430596620608, 4.237342670636299, 4.236343207726112, 4.235441326483702, 4.234771251678467, 4.233831190451598, 4.233239896480853, 4.232699505488077, 4.2319798298371145, 4.231236516512357, 4.230547521053216, 4.229929927679208, 4.229496508378249, 4.228826731901902, 4.228264846557226, 4.227667714387943, 4.227274128106925, 4.226723328614846, 4.226089398066203, 4.225662230222653, 4.225320410117125, 4.224727747990535, 4.22408240147126, 4.2236978298578505, 4.22312707901001, 4.222847705009656, 4.222262641711112, 4.221896367195325, 4.221330197652181, 4.220983439225417, 4.22073635443663, 4.220228703816732, 4.2197317514664086, 4.21917986869812, 4.218819286884406, 4.2185239168313835, 4.218294410216503, 4.217806394283588, 4.217375059616871, 4.217003343044183, 4.216798305511475, 4.21643900626745, 4.215846723165267], "test_loss": [4.20523696899414, 4.029012448120117, 3.903818658447266, 3.7492782012939454, 3.5994006225585937, 3.5115807861328125, 3.4484342651367186, 3.417812973022461, 3.242986917114258, 3.213639788818359, 3.2465285614013673, 3.2138581146240233, 3.051815399169922, 3.142129281616211, 3.062235162353516, 3.0836082275390626, 3.0094973480224607, 3.0139747589111328, 2.9738126220703127, 2.9997616912841796, 2.9736595764160154, 3.007004769897461, 2.987625442504883, 2.9934302978515626, 2.9651821868896486, 2.9994546325683595, 3.063117712402344, 3.055736962890625, 3.028173303222656, 3.027557308959961, 3.083420071411133, 3.039016226196289, 3.0986362884521483, 3.1022585845947264, 3.138109225463867, 3.1322447631835937, 3.115895257568359, 3.1159584197998047, 3.121027862548828, 3.14240478515625, 3.1627261077880857, 3.1042700927734375, 3.1577618743896485, 3.186420004272461, 3.1820278442382812, 3.1852546295166015, 3.1911302429199218, 3.2245369049072266, 3.2289701690673827, 3.218583346557617, 3.202400134277344, 3.2139934967041017, 3.2218664642333983, 3.231976773071289, 3.230788397216797, 3.248206280517578, 3.2504700408935547, 3.2422420623779296, 3.254355242919922, 3.2647151306152344, 3.253905767822266, 3.2710495819091796, 3.289628033447266, 3.2811757293701174, 3.2867543701171873, 3.2855197479248046, 3.2817251037597654, 3.2838768615722658, 3.294086312866211, 3.296627386474609, 3.2941522857666015, 3.3043172393798828, 3.3189588653564455, 3.3057799468994142, 3.3193897064208984, 3.3209623870849607, 3.316685415649414, 3.321411865234375, 3.326592709350586, 3.3134355041503905, 3.3193183013916014, 3.3330224212646486, 3.3350708892822265, 3.3079365325927736, 3.3324231964111326, 3.343283752441406, 3.3272771057128905, 3.333405596923828, 3.340142068481445, 3.333016925048828, 3.3314860412597658, 3.335597592163086, 3.3442143920898437, 3.3353707061767577, 3.3433450927734376, 3.3385573028564455, 3.342606036376953, 3.3539329284667967, 3.355100909423828, 3.3405433013916017], "test_acc": [15.87, 20.82, 26.92, 33.34, 37.77, 40.97, 45.46, 45.27, 51.64, 54.16, 53.56, 53.11, 56.71, 57.44, 57.93, 58.66, 60.07, 60.07, 61.18, 60.89, 62.06, 61.61, 60.98, 61.6, 61.72, 61.78, 59.49, 59.98, 60.32, 60.41, 59.68, 59.76, 59.03, 57.89, 58.7, 57.85, 58.51, 58.27, 57.67, 56.89, 56.42, 57.73, 56.19, 54.69, 55.87, 55.36, 55.46, 54.43, 54.41, 54.26, 56.43, 56.3, 56.29, 56.06, 55.8, 55.7, 55.4, 55.48, 55.3, 55.34, 55.75, 55.31, 54.84, 54.6, 54.72, 54.75, 54.68, 54.16, 54.55, 54.41, 54.26, 53.89, 53.6, 53.92, 53.65, 54.04, 53.71, 53.42, 53.4, 53.55, 53.56, 53.56, 53.08, 53.71, 53.36, 53.0, 53.45, 52.88, 53.05, 52.98, 53.1, 53.02, 52.84, 53.07, 52.83, 52.81, 53.12, 52.77, 52.66, 52.78]}