{"train_loss": [4.599160916988666, 4.586779282643245, 4.576289702684451, 4.566027122888809, 4.5565253807948185, 4.547871802403376, 4.539125065925794, 4.5316468128791225, 4.525249103399424, 4.519046147664388, 4.5130196412404375, 4.50793896821829, 4.502981322850936, 4.498393501379551, 4.494030925555107, 4.489629480166313, 4.484813434649737, 4.480978058546017, 4.47653329433539, 4.472352842184214, 4.468311537229098, 4.46439494842138, 4.46056748292385, 4.456831049307799, 4.452619855831831, 4.448848666900243, 4.445325256005312, 4.441998200538831, 4.438643827193823, 4.435326703389486, 4.4318789616609235, 4.429388057268583, 4.426345235873491, 4.423710634769537, 4.420656119860135, 4.418490957602477, 4.41533556106763, 4.412854480743408, 4.410881406832964, 4.408379521736732, 4.405747509002685, 4.403740079586322, 4.401751778675959, 4.399406357300587, 4.397473494211833, 4.394999438065749, 4.393631294446114, 4.391463770010533, 4.38980160737649, 4.388356814017663, 4.376851095297398, 4.372373952621069, 4.370739343838814, 4.369295357435178, 4.36830395918626, 4.367579506605099, 4.366913266059679, 4.366068151669625, 4.3655537507472895, 4.364784361765935, 4.364289174935757, 4.363638139382386, 4.363109257282355, 4.36262566004044, 4.362243631558541, 4.361703267464271, 4.361408910995874, 4.360817179313073, 4.3604475204761215, 4.360018418385432, 4.359614465175531, 4.359111684407943, 4.358731080324222, 4.3583819597195355, 4.357831100317148, 4.357483432231805, 4.357276684198624, 4.356953490086091, 4.356424072461251, 4.356017057712261, 4.355633467894334, 4.355366568687635, 4.3550967717782045, 4.354618474764702, 4.354427318083935, 4.353964034104958, 4.353674761454264, 4.35342463468894, 4.353025674819946, 4.352800174859854, 4.3523074480203485, 4.3521500465197445, 4.351915150422316, 4.351577306405092, 4.3512131642072625, 4.351007104531313, 4.350762339127369, 4.350427114046537, 4.350146979552049, 4.349905807544023], "test_loss": [4.259291558837891, 4.081455578613281, 3.937809326171875, 3.811891522216797, 3.6593875427246094, 3.6196150604248047, 3.5319157287597656, 3.4254480926513673, 3.349153106689453, 3.3400802185058596, 3.288102966308594, 3.260739724731445, 3.186625961303711, 3.189919058227539, 3.2048388916015624, 3.1306221069335938, 3.124765365600586, 3.0602612854003906, 3.12569892578125, 3.0656121520996096, 3.0928665588378905, 3.069585089111328, 3.046644479370117, 3.1003871337890625, 3.0776911041259765, 3.1114713897705077, 3.1360698486328125, 3.126138775634766, 3.12367294921875, 3.127246286010742, 3.1249730499267576, 3.138373001098633, 3.150065628051758, 3.1708380615234373, 3.1651142150878906, 3.171593768310547, 3.189698760986328, 3.216364880371094, 3.218049871826172, 3.2263313873291017, 3.2721444763183594, 3.2303739501953124, 3.262997610473633, 3.2468626251220702, 3.2278186798095705, 3.257799984741211, 3.2525948394775392, 3.3032362854003905, 3.257927932739258, 3.285707177734375, 3.289291323852539, 3.2849535614013674, 3.3004969299316405, 3.3109418548583984, 3.3081486755371095, 3.3182451629638674, 3.332881707763672, 3.3178200927734376, 3.3361120483398436, 3.3514108306884767, 3.3390471618652344, 3.344564730834961, 3.3591206756591796, 3.342213934326172, 3.36253876953125, 3.3627384979248047, 3.3567802856445312, 3.373264532470703, 3.36945364074707, 3.3746081604003906, 3.3731251861572265, 3.370321911621094, 3.389228854370117, 3.3838861755371092, 3.386107293701172, 3.383379455566406, 3.3949092926025393, 3.3870761993408203, 3.392492922973633, 3.400884503173828, 3.3983414306640625, 3.391451742553711, 3.3990448120117187, 3.398196014404297, 3.402329293823242, 3.407722735595703, 3.4163234649658203, 3.4187667205810546, 3.421183444213867, 3.4113599853515626, 3.413062365722656, 3.417897412109375, 3.4000938049316405, 3.4067982055664063, 3.420520651245117, 3.424036700439453, 3.4173054412841797, 3.423294918823242, 3.429351449584961, 3.4367637756347658], "test_acc": [13.83, 21.71, 27.68, 35.22, 40.31, 40.14, 46.45, 51.19, 51.75, 54.11, 57.01, 55.93, 58.25, 59.12, 59.6, 61.26, 60.71, 63.28, 62.07, 63.39, 62.67, 63.08, 63.07, 62.53, 64.4, 62.36, 61.81, 62.71, 62.11, 62.52, 61.29, 61.69, 62.09, 61.13, 61.09, 61.63, 60.16, 60.6, 59.51, 59.75, 59.45, 58.78, 58.49, 58.37, 59.41, 58.14, 57.79, 57.27, 57.69, 56.26, 58.31, 58.24, 58.12, 58.06, 57.94, 57.57, 57.39, 57.62, 57.2, 57.01, 56.99, 56.95, 56.7, 56.63, 56.16, 56.38, 56.4, 55.72, 55.89, 55.62, 55.35, 55.77, 55.23, 55.03, 54.88, 54.93, 54.74, 54.85, 54.64, 54.66, 54.51, 54.38, 54.28, 54.4, 54.17, 53.98, 53.8, 53.62, 53.52, 53.45, 53.96, 53.78, 53.91, 53.79, 53.2, 53.07, 53.5, 53.37, 53.16, 52.45]}