{"train_loss": [4.610177135467529, 4.606248878821349, 4.604963128994672, 4.604081492546277, 4.603304293216803, 4.602537601422041, 4.601827614124005, 4.601056464513143, 4.600446922351153, 4.599534177780152, 4.5986149971301735, 4.597838148703942, 4.596663341766749, 4.595614649699285, 4.59440249418601, 4.593155831557054, 4.591901555428138, 4.59017182252346, 4.58859644425221, 4.586858744499011, 4.584758995740842, 4.582733131066346, 4.580340193479489, 4.577455625778589, 4.574414551563752, 4.57085159986447, 4.566893237676376, 4.5627808155157625, 4.557972241670657, 4.552736767744407, 4.547197268559382, 4.541715502127623, 4.535111328271719, 4.5291194426707735, 4.523091631669264, 4.5166633385878345, 4.510756289653289, 4.504550360410642, 4.49827208396716, 4.4926437720274315, 4.487197673015105, 4.481718163612562, 4.476898590723674, 4.472372284913674, 4.466991340197049, 4.462847418662829, 4.458196081259312, 4.4546295997424, 4.450876328884027, 4.446890591352414, 4.42803108997834, 4.4208695179376845, 4.417845186820397, 4.41560439329881, 4.414143116046221, 4.412692565184373, 4.411683163276085, 4.410520865367009, 4.409329608770517, 4.408347658010629, 4.407597562594291, 4.406717128020066, 4.4058227270077435, 4.40494720018827, 4.404389535463773, 4.403490196130215, 4.402851247787476, 4.401990391657903, 4.401065767728365, 4.400487153958052, 4.400054418123686, 4.399374242929312, 4.398845453751393, 4.3979334183228325, 4.397506020619319, 4.3967614565140165, 4.396259593963623, 4.395689997306237, 4.394880511210515, 4.394467324476976, 4.394002832510533, 4.393282908659715, 4.39268844188788, 4.392183170563135, 4.391913004410573, 4.39151181441087, 4.390678537808932, 4.390257994333903, 4.389675392248692, 4.389184297659458, 4.388737266491621, 4.388372791730441, 4.38799741207025, 4.387299773631952, 4.386885540301983, 4.386259590051113, 4.3860135322962055, 4.385479237483098, 4.3849203818883655, 4.384642058152419], "test_loss": [4.524850366210938, 4.494064801025391, 4.483894403076172, 4.4521294067382815, 4.444107342529297, 4.407678582763672, 4.365662878417969, 4.362776086425781, 4.336845477294922, 4.330062066650391, 4.272174737548828, 4.267687121582031, 4.223847863769532, 4.209244549560547, 4.1452656188964845, 4.134506896972656, 4.094755377197266, 4.081630090332031, 4.02976538696289, 4.039063131713867, 4.037700857543945, 3.9621889923095703, 3.9599891326904295, 3.929928256225586, 3.913567623901367, 3.9097756256103517, 3.9145923095703123, 3.8921936279296876, 3.881406674194336, 3.887754428100586, 3.9033197937011717, 3.892066491699219, 3.917323419189453, 3.8986281677246093, 3.9574631652832033, 3.949621127319336, 3.9476039001464844, 3.9656326904296875, 3.990250875854492, 3.9883478454589842, 4.008587265014649, 4.031399737548828, 4.054100646972656, 4.046131729125976, 4.030947790527343, 4.0632932708740235, 4.0802525085449215, 4.084012509155273, 4.08573757019043, 4.1110076904296875, 4.1165977996826175, 4.11334001159668, 4.123609387207031, 4.126979760742188, 4.127261660766601, 4.134138568115234, 4.127767102050782, 4.129209524536133, 4.135012533569336, 4.13427978515625, 4.1350841766357425, 4.148400518798828, 4.141991793823242, 4.1482461669921875, 4.149591604614258, 4.147222161865234, 4.155446276855469, 4.1532615966796875, 4.152637921142578, 4.159038555908203, 4.163686535644532, 4.160153857421875, 4.1689321899414065, 4.164423461914063, 4.169613037109375, 4.167551629638672, 4.172371850585938, 4.172865991210937, 4.175276812744141, 4.175024560546875, 4.1733802062988286, 4.175870245361328, 4.177074810791016, 4.1743679504394535, 4.182607641601562, 4.179325720214844, 4.185500524902344, 4.184172668457031, 4.188936456298828, 4.185057598876953, 4.18685933227539, 4.187151977539062, 4.190353582763672, 4.199509991455078, 4.19339560546875, 4.194591906738281, 4.193027978515625, 4.196507440185547, 4.194345861816406, 4.201915771484375], "test_acc": [4.37, 7.8, 11.3, 12.39, 12.54, 15.48, 15.12, 19.18, 21.41, 20.42, 23.62, 24.74, 25.83, 27.33, 30.89, 31.1, 32.75, 33.71, 34.32, 36.76, 38.04, 38.86, 40.14, 39.71, 40.35, 40.67, 40.18, 40.14, 39.21, 38.89, 37.57, 37.55, 35.57, 34.5, 33.37, 33.07, 31.76, 30.62, 28.75, 29.35, 28.03, 26.87, 25.86, 25.95, 25.96, 25.21, 23.74, 23.8, 23.8, 22.36, 22.76, 23.1, 22.76, 22.48, 22.66, 22.11, 22.7, 22.51, 22.14, 22.2, 21.9, 21.51, 21.77, 21.86, 21.51, 21.51, 21.25, 21.1, 21.31, 20.88, 20.91, 20.97, 20.68, 20.76, 20.73, 20.67, 20.21, 20.2, 20.02, 20.36, 20.33, 20.39, 19.93, 20.24, 19.88, 20.03, 20.06, 19.96, 19.79, 20.06, 19.59, 19.59, 19.44, 19.47, 19.34, 19.38, 19.52, 19.37, 19.44, 19.1]}