{"train_loss": [4.560317872120784, 4.50593468714983, 4.464918717359885, 4.431860224405924, 4.403133537830451, 4.380255606235602, 4.35921794573466, 4.341835102668175, 4.326708738620464, 4.312625550001096, 4.299053188470694, 4.287213397637392, 4.276248587094821, 4.266053817211053, 4.256320971709031, 4.245690861726419, 4.236647909115522, 4.22701254257789, 4.219206295257959, 4.210287749461639, 4.202394909736437, 4.1953867753346765, 4.188121826220781, 4.180727731264555, 4.174874068529178, 4.168897958902212, 4.162874268262814, 4.1576648406493355, 4.1518268695244425, 4.146866758053119, 4.142707302631476, 4.138581625620524, 4.13357889957917, 4.130121861971341, 4.126032928320078, 4.122490440270839, 4.118727032343546, 4.114879055512257, 4.112182870277992, 4.108454684722118, 4.105607062119704, 4.102790106259859, 4.10009099153372, 4.097859249359522, 4.094040714166103, 4.092075747710008, 4.089370820461175, 4.087082740588066, 4.084033442766239, 4.082450370299511, 4.066508379960672, 4.060079672397712, 4.057643471008692, 4.0557086076491915, 4.054434833771143, 4.053117195765178, 4.052282268573077, 4.051217403167334, 4.050343555059189, 4.049547397173368, 4.0491879940032955, 4.048399422718928, 4.047868050061739, 4.046959791428003, 4.04645694463681, 4.045919258166582, 4.045289556796734, 4.0447161491100605, 4.0441998860774895, 4.04372528883127, 4.043316842348148, 4.042691634251521, 4.042189214168451, 4.041652571849334, 4.041233050517547, 4.0407469272613525, 4.040272525640634, 4.039803114915506, 4.03947953077463, 4.039112953039316, 4.038650309733855, 4.038091757358649, 4.0378166651114435, 4.037339545518924, 4.037059576083452, 4.036771033360408, 4.036407442581959, 4.036083923242031, 4.035564185411502, 4.035272136101356, 4.034933158678887, 4.034537142973679, 4.034076918088473, 4.033806427931174, 4.033490321575067, 4.033217256497114, 4.03276822628119, 4.0325520075284516, 4.032041680507171, 4.031886313511775], "test_loss": [3.9044742950439453, 3.60163251953125, 3.331933868408203, 3.218682507324219, 3.0711260955810546, 3.0851304473876953, 3.00126328125, 2.8012421020507814, 2.7801785064697264, 2.7774158203125, 2.711504196166992, 2.6163335723876955, 2.5902052154541018, 2.5806211700439454, 2.56049489440918, 2.623879458618164, 2.4884581695556642, 2.4663252563476563, 2.4799503204345705, 2.4776685729980468, 2.4992183990478516, 2.474850482177734, 2.4557221710205077, 2.501253860473633, 2.443963464355469, 2.5421539245605467, 2.511782861328125, 2.585668765258789, 2.4821688201904295, 2.5155493713378907, 2.5544845428466796, 2.53288171081543, 2.506786154174805, 2.560929827880859, 2.561088461303711, 2.564953482055664, 2.580169827270508, 2.5301623474121095, 2.5927998809814454, 2.636023812866211, 2.5342491485595704, 2.6061975006103517, 2.5875282440185545, 2.6414383972167967, 2.6270223876953125, 2.6145151672363283, 2.617574688720703, 2.6442851959228517, 2.604623223876953, 2.6208372314453126, 2.5931293212890627, 2.610586407470703, 2.605454251098633, 2.6186043914794923, 2.627865466308594, 2.632297640991211, 2.6319192443847657, 2.643851870727539, 2.6484924621582033, 2.6604340881347657, 2.6582193267822265, 2.6594502227783203, 2.6748080352783203, 2.6638992401123045, 2.671659353637695, 2.670443746948242, 2.676310446166992, 2.6771345428466797, 2.686353125, 2.6893625701904296, 2.6749974975585937, 2.6765171325683594, 2.697852993774414, 2.69816276550293, 2.705807888793945, 2.7037209228515624, 2.6999366394042967, 2.698792984008789, 2.7089628967285155, 2.712112591552734, 2.694516177368164, 2.6972007293701172, 2.7198832458496094, 2.7038817749023436, 2.6975789978027342, 2.714827691650391, 2.7210874603271487, 2.7315180480957033, 2.7175963897705078, 2.7233621978759768, 2.7192487243652343, 2.715863851928711, 2.7222606079101563, 2.733989077758789, 2.7205114807128905, 2.7327220123291016, 2.7239415954589843, 2.7328623596191406, 2.7293168365478517, 2.732177737426758], "test_acc": [17.7, 28.64, 35.99, 42.89, 47.14, 46.81, 50.23, 56.67, 56.91, 57.34, 59.63, 60.84, 62.23, 62.61, 62.99, 62.59, 64.71, 65.83, 65.68, 67.16, 66.49, 66.14, 66.85, 66.28, 67.15, 65.74, 67.2, 65.89, 67.35, 66.61, 66.74, 66.67, 67.35, 66.6, 66.05, 67.07, 66.67, 66.62, 66.38, 65.16, 66.93, 65.24, 65.92, 65.57, 65.77, 65.63, 65.53, 65.41, 65.61, 65.59, 67.71, 67.34, 67.47, 67.57, 67.21, 67.36, 67.1, 67.21, 67.13, 66.86, 67.17, 67.02, 67.23, 66.94, 66.79, 66.94, 66.74, 66.81, 66.8, 66.62, 66.99, 66.77, 66.5, 66.46, 66.5, 66.14, 66.41, 66.33, 66.32, 66.36, 66.31, 66.43, 65.98, 66.22, 66.07, 65.93, 66.13, 65.94, 65.99, 65.92, 65.94, 65.86, 65.91, 65.82, 65.92, 65.71, 65.68, 65.78, 65.6, 65.7]}