{"train_loss": [4.6073988853356775, 4.598835079486554, 4.594483808370737, 4.590233214696249, 4.585792122131739, 4.581234999192067, 4.57610533787654, 4.571395387405004, 4.5664050004421135, 4.561577235735379, 4.556087894928761, 4.551041692342514, 4.5465966236897, 4.541255284578372, 4.535722188460521, 4.530548142164181, 4.5252741043384255, 4.520025835281763, 4.514278212571756, 4.508235582938561, 4.501546055231339, 4.494662978098943, 4.487637950212528, 4.479765164546477, 4.472390125959348, 4.4640210701869085, 4.455508481539213, 4.44735014744294, 4.4383767433655565, 4.430281291863857, 4.4220521413362945, 4.413640610376993, 4.405823316329565, 4.3975203538552305, 4.390351467866164, 4.383598523262219, 4.376829904165024, 4.36984397814824, 4.363489174231505, 4.357890220788809, 4.352174986325777, 4.346567799494816, 4.341261433332394, 4.336703886129917, 4.33186175150749, 4.3272466109349175, 4.322664462603056, 4.3187594621609415, 4.315087088560447, 4.3105859952095225, 4.288175777288584, 4.278455737920908, 4.274596902651664, 4.271276261256292, 4.269313227824676, 4.267592491247715, 4.2659491807986525, 4.264555054444533, 4.2632996791448345, 4.262156402147733, 4.261241110777243, 4.260079661393777, 4.259146976470947, 4.258499062366974, 4.257535203297933, 4.256604538208399, 4.255952939009055, 4.254998271893232, 4.253891888642922, 4.253671045792409, 4.252779557154729, 4.25195959286812, 4.251528804730146, 4.250891932463035, 4.2502984315921095, 4.249197714145367, 4.248838341541779, 4.248306971329909, 4.247696825174185, 4.247261999814938, 4.2464515673808565, 4.246021312322372, 4.245163536071777, 4.244806405825493, 4.244605080286662, 4.244060095762595, 4.243300672677847, 4.242724718191685, 4.24259506494571, 4.241951087804941, 4.241562942358164, 4.240919159620236, 4.240505134142362, 4.240007586356921, 4.239433235999865, 4.2391809524633945, 4.238585429313855, 4.238300292919844, 4.237669850618412, 4.237359403952574], "test_loss": [4.391111096191406, 4.319222497558593, 4.2827184204101565, 4.183750048828125, 4.0831475250244145, 4.039421166992187, 3.9188821990966796, 3.8345621765136717, 3.805794744873047, 3.737734634399414, 3.6677421783447266, 3.656368862915039, 3.5649888458251953, 3.5430332489013674, 3.5207170928955076, 3.500717437744141, 3.488624215698242, 3.4190299224853518, 3.426690051269531, 3.4484143463134767, 3.4202015899658202, 3.3863466217041016, 3.365740951538086, 3.3854354766845702, 3.373224591064453, 3.3826825439453123, 3.400843798828125, 3.4613375579833985, 3.4527646697998047, 3.4637036499023437, 3.4281730987548826, 3.4786297119140626, 3.4868866607666016, 3.4996429260253907, 3.5209020904541015, 3.5454325958251953, 3.5353411071777345, 3.565129507446289, 3.5598599212646485, 3.6065068237304687, 3.614085623168945, 3.582367443847656, 3.5932671112060546, 3.626393069458008, 3.61289306640625, 3.628054040527344, 3.6528509826660156, 3.666101574707031, 3.6861921447753905, 3.688982424926758, 3.6814883178710938, 3.686427716064453, 3.6852630676269533, 3.6943952697753906, 3.7099297637939452, 3.71096015625, 3.715797998046875, 3.7104146240234375, 3.721932223510742, 3.7270424591064453, 3.7142670867919922, 3.738312512207031, 3.730917950439453, 3.7381366485595704, 3.733464880371094, 3.7417633239746095, 3.735514938354492, 3.735475180053711, 3.749705795288086, 3.7527869384765626, 3.7507033599853514, 3.7585721801757814, 3.7617970947265627, 3.7632030670166015, 3.766988003540039, 3.7578808044433596, 3.7687453216552735, 3.764392855834961, 3.7767681854248045, 3.772296881103516, 3.7767183135986326, 3.7754214263916017, 3.7801770111083983, 3.774320864868164, 3.772759231567383, 3.782010037231445, 3.7812448486328125, 3.7843719940185547, 3.7951683776855467, 3.787562503051758, 3.7907160552978514, 3.7896933685302736, 3.789479681396484, 3.796070227050781, 3.793688754272461, 3.7876286712646485, 3.795304345703125, 3.798071649169922, 3.8006099182128907, 3.7993865234375], "test_acc": [12.26, 14.44, 17.12, 20.1, 25.84, 27.46, 31.57, 35.38, 35.47, 38.52, 43.08, 44.66, 46.53, 46.8, 49.63, 48.32, 49.13, 50.47, 50.47, 52.45, 52.25, 52.87, 51.33, 51.53, 52.25, 51.21, 50.38, 49.53, 49.34, 48.34, 48.06, 47.6, 47.2, 45.6, 44.69, 44.41, 43.86, 43.01, 42.9, 41.08, 41.18, 41.39, 41.12, 39.38, 39.17, 39.56, 39.19, 38.01, 38.02, 37.29, 39.05, 38.9, 38.97, 38.71, 38.57, 38.19, 38.19, 38.27, 37.71, 37.48, 37.88, 37.23, 37.83, 37.36, 37.43, 36.98, 37.18, 37.1, 36.89, 36.77, 36.81, 36.5, 36.49, 36.24, 36.49, 36.57, 36.1, 36.34, 36.0, 36.12, 36.03, 35.58, 35.52, 35.63, 35.78, 35.13, 35.5, 35.4, 35.19, 35.38, 35.55, 35.32, 35.3, 35.4, 35.22, 35.21, 35.67, 35.26, 35.23, 34.86]}