{"train_loss": [4.612961800893148, 4.607872200012207, 4.606626322330572, 4.60562385290097, 4.605194628544343, 4.6046789181538115, 4.604206867707082, 4.6039184203514685, 4.603470330360608, 4.602904788041726, 4.602443643716666, 4.601976191691863, 4.601435775023241, 4.600821196727264, 4.600012705876277, 4.59923202196757, 4.598179976145427, 4.597266508982732, 4.596125619839399, 4.594918862367288, 4.593607732577202, 4.591999124869322, 4.590285663115672, 4.58820366859436, 4.585750477130596, 4.582658762809558, 4.579073857038449, 4.5748974225459955, 4.56985535866175, 4.563880435014382, 4.557117399802575, 4.5492996435899, 4.540939552356035, 4.5312193491520025, 4.520959828450129, 4.510385986474844, 4.499344208301642, 4.488523281537569, 4.4775843669206665, 4.46732329466404, 4.456278225091787, 4.446705543077909, 4.436536831733508, 4.4274905644930325, 4.41764811246823, 4.409067897307567, 4.400597220200758, 4.392266162236532, 4.385486317903568, 4.377985973847218, 4.345282390790108, 4.335562190031394, 4.3311438621618805, 4.327546843504295, 4.3256264821077, 4.324381106939072, 4.322194766998291, 4.320235499357566, 4.318914732566246, 4.317393586574457, 4.316855972241132, 4.314468437586076, 4.313771696579762, 4.312703487200615, 4.310992347277128, 4.309567077343281, 4.308904513334617, 4.307676751797016, 4.3061982142619595, 4.305594520079784, 4.304472209245731, 4.303216643211169, 4.302369851332444, 4.301687244268564, 4.300579766738109, 4.299297933089427, 4.298918639696561, 4.297698552791889, 4.296046156760974, 4.295616048421615, 4.294897547746316, 4.29386272185888, 4.293064176119291, 4.291824763860458, 4.291731157058325, 4.290904731016893, 4.289366041085659, 4.288952537683341, 4.287906797115619, 4.287030633290609, 4.286606357036493, 4.285767803436671, 4.284930413808578, 4.284034013748169, 4.283115493334257, 4.282588918392475, 4.282053303107237, 4.281196035482945, 4.280278971256354, 4.2795713461362395], "test_loss": [4.555413165283203, 4.538032489013672, 4.528043798828125, 4.511744610595703, 4.503545129394531, 4.49964135131836, 4.47624555053711, 4.463003991699218, 4.453857800292969, 4.440006567382812, 4.416857629394531, 4.410837445068359, 4.409660089111328, 4.395754370117188, 4.373488104248047, 4.345274353027344, 4.346005108642578, 4.323051287841797, 4.308014752197265, 4.270341253662109, 4.255191711425781, 4.230021264648437, 4.206439813232421, 4.218926727294922, 4.204795947265625, 4.174338543701172, 4.155913433837891, 4.139829357910156, 4.132252059936524, 4.124656295776367, 4.09892603149414, 4.0924261199951175, 4.109041769409179, 4.127310339355469, 4.105937817382813, 4.11146803894043, 4.125631631469727, 4.154627627563476, 4.151647454833984, 4.174542602539063, 4.175002508544922, 4.199916235351562, 4.198461206054687, 4.206467102050781, 4.239877191162109, 4.225903393554687, 4.24472113647461, 4.2457492004394535, 4.281212963867188, 4.260148718261719, 4.284368041992187, 4.283417504882813, 4.292868902587891, 4.2933700500488285, 4.294542077636719, 4.298955828857422, 4.302936944580078, 4.298689447021484, 4.3057809204101565, 4.303787048339844, 4.306067907714843, 4.308279284667969, 4.31094072265625, 4.315551049804688, 4.312167651367187, 4.312884722900391, 4.318563439941406, 4.317185894775391, 4.316973620605469, 4.315678771972657, 4.316938623046875, 4.319427032470703, 4.31641499633789, 4.322106225585937, 4.3228548156738285, 4.322852130126953, 4.325387451171875, 4.322854357910156, 4.323987127685547, 4.325421380615234, 4.327004998779297, 4.326294909667968, 4.331610906982422, 4.331966821289062, 4.325048419189453, 4.329161853027344, 4.334386431884766, 4.333593927001953, 4.33456889038086, 4.336200854492187, 4.335598083496094, 4.331704614257813, 4.338424993896484, 4.337877606201172, 4.33493276977539, 4.340577526855469, 4.334061407470704, 4.341583831787109, 4.338296807861328, 4.340034405517578], "test_acc": [4.7, 4.4, 5.63, 8.95, 9.68, 10.64, 11.55, 11.78, 14.04, 13.9, 15.83, 16.84, 16.87, 17.12, 19.28, 20.66, 19.86, 21.04, 22.43, 22.96, 24.16, 25.0, 25.64, 26.23, 25.89, 27.2, 26.03, 26.78, 26.9, 26.1, 26.67, 25.58, 24.0, 22.2, 21.97, 20.86, 19.57, 18.38, 18.17, 17.29, 16.89, 16.32, 15.83, 15.6, 14.23, 15.24, 14.21, 14.07, 12.52, 12.96, 12.73, 12.98, 12.59, 12.67, 12.42, 12.34, 12.35, 12.46, 12.17, 12.08, 12.12, 12.07, 11.99, 11.82, 12.2, 12.16, 11.52, 11.72, 11.87, 11.88, 11.9, 11.81, 11.97, 11.78, 11.38, 11.53, 11.54, 11.53, 11.73, 11.56, 11.47, 11.67, 11.37, 11.42, 11.46, 11.42, 11.12, 11.17, 11.34, 11.31, 11.17, 11.36, 11.08, 11.26, 11.34, 11.09, 11.32, 10.94, 11.16, 11.18]}