{"train_loss": [4.609489174378224, 4.605169663062463, 4.603798070320717, 4.602721782831045, 4.601668571814512, 4.600573488382193, 4.599426520176423, 4.598248539215479, 4.59696175012833, 4.5956773366683565, 4.594404356296246, 4.592765102631007, 4.5910722805903506, 4.589390484491984, 4.587542499640049, 4.585690001952343, 4.583537417191725, 4.581471234101516, 4.579161917857634, 4.576715842271462, 4.573965348952856, 4.5711210434253395, 4.567681764945005, 4.563984274252867, 4.560326863557864, 4.5559191447037914, 4.55131439551329, 4.546234622368446, 4.54091347303146, 4.535657629599938, 4.52949660496834, 4.5238933575459015, 4.517830950174576, 4.511727665632199, 4.506067730830266, 4.500194371052277, 4.4947821568220085, 4.489383061726888, 4.484308667060656, 4.479166724131658, 4.4740644552768805, 4.469690226285886, 4.4648796864044975, 4.4608215503203565, 4.456496107883942, 4.452558144544944, 4.4491059560042165, 4.445375372813298, 4.442217845183152, 4.438286862006554, 4.420729506321442, 4.4134751173166125, 4.410794677489843, 4.408647730411627, 4.407248703638713, 4.405873638544327, 4.404542892407148, 4.403523959868994, 4.402693464817145, 4.401470302924132, 4.40078269029275, 4.399926296869913, 4.399261551636916, 4.398436347032205, 4.39763644903134, 4.396981677030905, 4.396174988379845, 4.395793135960897, 4.394891192362858, 4.394466663018251, 4.393776737115322, 4.3931031055939505, 4.392612592990582, 4.391963969744169, 4.391491946195945, 4.3906322320302325, 4.390208662473238, 4.389862692661774, 4.389285049683008, 4.388554579172379, 4.388184729600564, 4.387539995633639, 4.387112665176391, 4.3862671069609815, 4.386183351125473, 4.385898680564685, 4.38505498568217, 4.384659062899076, 4.384372346829146, 4.3839356984847635, 4.383388456931481, 4.383018179428883, 4.382505676073905, 4.382232633003822, 4.381564623270279, 4.381335002948076, 4.380857283029801, 4.380266146782117, 4.379928839512361, 4.379785477809417], "test_loss": [4.503750445556641, 4.467640362548828, 4.446167004394531, 4.428201446533203, 4.394472009277344, 4.338434295654297, 4.319264971923828, 4.277636145019531, 4.230994281005859, 4.2070044921875, 4.147756121826172, 4.11708550415039, 4.095544110107422, 4.032299050903321, 3.9794925506591796, 3.9465325134277345, 3.9442297760009764, 3.9141224548339846, 3.895695132446289, 3.869214663696289, 3.8375351165771483, 3.855108981323242, 3.8272775787353517, 3.8224619476318358, 3.749243978881836, 3.797731076049805, 3.761499395751953, 3.761367010498047, 3.7783259460449217, 3.7497792694091796, 3.794982843017578, 3.796214309692383, 3.8272892333984374, 3.8518224334716797, 3.8572745300292968, 3.827151629638672, 3.8829316375732423, 3.8821157440185545, 3.905564193725586, 3.8675820587158203, 3.9181819427490234, 3.927740548706055, 3.9277176483154297, 3.9650592346191407, 3.9500764251708986, 3.9721662353515623, 3.983470883178711, 3.993418420410156, 3.9888125854492187, 4.0004019317626955, 4.023201379394531, 4.025703500366211, 4.029387713623047, 4.027631216430664, 4.028961047363281, 4.0321664733886715, 4.039268078613281, 4.036651428222656, 4.046336651611328, 4.044044955444336, 4.048611480712891, 4.050633953857422, 4.059409869384766, 4.056545571899414, 4.05457162475586, 4.059261880493164, 4.0543094146728516, 4.061288479614258, 4.069371237182617, 4.072103979492187, 4.073732778930664, 4.073595208740234, 4.076243487548828, 4.074955941772461, 4.07779094543457, 4.0739950256347655, 4.08583391418457, 4.08010202331543, 4.085624517822265, 4.088581256103516, 4.092479605102539, 4.092492016601563, 4.092887963867187, 4.088109286499024, 4.08416286315918, 4.0972638671875, 4.090269366455078, 4.094914944458008, 4.097065911865235, 4.101020120239258, 4.094871603393555, 4.100664047241211, 4.103878652954101, 4.102442016601563, 4.103757891845703, 4.10821125793457, 4.106815170288086, 4.1037494140625, 4.101714572143555, 4.110779138183593], "test_acc": [8.7, 9.93, 11.96, 14.56, 17.2, 16.29, 19.16, 23.29, 24.6, 26.69, 29.15, 31.11, 32.35, 34.67, 36.19, 39.07, 39.45, 39.57, 42.1, 43.34, 43.8, 44.13, 44.84, 45.58, 44.83, 44.8, 43.65, 43.66, 43.31, 43.06, 41.19, 40.55, 39.37, 38.15, 37.06, 37.64, 35.42, 34.63, 33.39, 34.13, 32.14, 31.88, 31.36, 29.99, 29.81, 29.82, 28.61, 28.51, 27.83, 28.03, 27.76, 27.86, 27.6, 27.75, 27.3, 27.51, 27.15, 27.36, 26.72, 26.8, 26.75, 26.68, 26.54, 26.59, 26.64, 26.17, 26.42, 26.11, 25.83, 25.79, 25.41, 25.38, 25.48, 25.31, 25.09, 25.21, 24.85, 25.14, 24.94, 24.87, 24.63, 24.65, 24.87, 24.88, 25.34, 24.49, 24.89, 24.55, 24.63, 24.48, 24.87, 24.32, 24.55, 24.22, 23.87, 24.23, 24.23, 23.83, 24.09, 23.94]}