{"train_loss": [4.606672343229636, 4.600179679577167, 4.596953159723526, 4.5932139690105735, 4.589886376796625, 4.585998086440258, 4.582189437670586, 4.57842098627335, 4.574781324924567, 4.570875886770395, 4.567012170644907, 4.56351604339404, 4.56008738615574, 4.556358144222162, 4.552603632364518, 4.5490440478691685, 4.5454969014876925, 4.541703669230143, 4.537819365966015, 4.533768596404638, 4.529867160014617, 4.525654026178214, 4.521217947739821, 4.51643161162352, 4.511892396975786, 4.507059801541842, 4.502161259528918, 4.497769056222378, 4.492485294586573, 4.488156960560725, 4.483621456684211, 4.479714985382863, 4.474925233156253, 4.471139841813308, 4.466590942480625, 4.462665221629998, 4.459131960991101, 4.455275264153114, 4.451903227048042, 4.44841917967185, 4.445199171702067, 4.441689267525306, 4.4387151571420524, 4.435748448738685, 4.432941264372605, 4.429781238849347, 4.4274530997643105, 4.4244209851974095, 4.422107036297138, 4.419367429537651, 4.404798590831268, 4.398960874019525, 4.396488247162257, 4.394468012834206, 4.393013424751086, 4.392073281606039, 4.391095599150046, 4.389977025985718, 4.389072738549648, 4.388242433010004, 4.387740479982816, 4.386646912648128, 4.386260927640475, 4.385462504166823, 4.385064742504022, 4.384146389594445, 4.383808257029607, 4.3831058722275955, 4.382557795597957, 4.382011373226459, 4.381474448473026, 4.381044127390935, 4.380388717162304, 4.3800263869456755, 4.379487743133153, 4.379019078230247, 4.378677944036631, 4.378143031780536, 4.377739352446336, 4.3773355056078005, 4.376876663550353, 4.3763171000358385, 4.375878231342022, 4.375564685234656, 4.375262154065646, 4.37485113021655, 4.374248915452224, 4.373945881770207, 4.373610036801069, 4.3731233535668785, 4.37272519209446, 4.372413708613469, 4.372135348197741, 4.371636212177766, 4.371302371147351, 4.371083857462956, 4.370689837137858, 4.370392153813289, 4.369952622438088, 4.36952673349625], "test_loss": [4.4320504699707035, 4.342124273681641, 4.265694482421875, 4.189510089111328, 4.138999737548828, 3.9921979034423827, 3.9607923767089845, 3.833297430419922, 3.7698248931884764, 3.762831576538086, 3.7778289794921873, 3.6308690704345703, 3.634468536376953, 3.616368017578125, 3.588368508911133, 3.55208232421875, 3.519891455078125, 3.501607281494141, 3.4869985595703126, 3.496222280883789, 3.4510458190917968, 3.4362486236572267, 3.4807898895263674, 3.462879559326172, 3.508002154541016, 3.4938492309570313, 3.4493854553222656, 3.489397882080078, 3.514703466796875, 3.535360818481445, 3.543772836303711, 3.548656091308594, 3.595107452392578, 3.596339419555664, 3.561544900512695, 3.63124072265625, 3.6224301483154298, 3.634892596435547, 3.6364795166015624, 3.637605120849609, 3.6814211669921875, 3.635130307006836, 3.656867138671875, 3.6582133728027344, 3.6600011016845704, 3.6765379455566407, 3.695448519897461, 3.703362814331055, 3.689518362426758, 3.7276722595214844, 3.7283814208984376, 3.73736416015625, 3.741954391479492, 3.742239877319336, 3.7590361907958982, 3.762988330078125, 3.7632800537109374, 3.7571615478515623, 3.75910869140625, 3.772158139038086, 3.774643179321289, 3.787188363647461, 3.786702847290039, 3.784280987548828, 3.7861360717773436, 3.8021610321044923, 3.786750003051758, 3.7985465087890624, 3.7964781982421876, 3.800887301635742, 3.801281637573242, 3.8016255157470704, 3.811803610229492, 3.806918896484375, 3.8267432037353517, 3.820141195678711, 3.8184264831542967, 3.817229217529297, 3.8255109741210935, 3.8251899139404295, 3.8240397888183595, 3.827344659423828, 3.8348102325439455, 3.8223342224121093, 3.826936767578125, 3.838368408203125, 3.840321987915039, 3.8320737579345705, 3.838246481323242, 3.8445806579589843, 3.839397998046875, 3.8384405700683595, 3.8306227661132812, 3.841532861328125, 3.832205288696289, 3.8342423889160155, 3.8475788970947264, 3.854605307006836, 3.8526448822021484, 3.842806362915039], "test_acc": [11.67, 17.13, 20.68, 22.53, 25.32, 30.29, 31.72, 37.74, 40.43, 42.89, 43.42, 45.93, 48.56, 48.52, 49.52, 50.85, 52.26, 52.6, 53.81, 54.39, 54.44, 55.16, 53.14, 55.04, 53.1, 53.78, 54.08, 52.92, 52.57, 52.13, 50.1, 51.02, 49.41, 48.98, 48.88, 47.53, 47.67, 46.45, 47.02, 46.06, 44.43, 45.72, 44.74, 44.42, 44.26, 43.6, 43.55, 43.07, 43.4, 41.82, 42.98, 43.05, 42.64, 42.65, 42.34, 41.96, 41.76, 41.75, 41.46, 41.45, 41.19, 40.84, 40.74, 40.93, 40.91, 40.12, 40.58, 40.06, 40.47, 40.23, 40.53, 40.27, 39.86, 39.88, 39.44, 39.44, 39.52, 39.23, 39.33, 39.41, 39.13, 39.18, 38.83, 39.13, 38.94, 38.33, 38.42, 38.87, 38.82, 38.37, 38.47, 38.29, 38.39, 38.32, 38.48, 38.12, 37.97, 37.97, 38.11, 37.96]}