{"train_loss": [1.8240434337884952, 1.5701113603053949, 1.4678663125404945, 1.4085621708478684, 1.3733607313571832, 1.344552250091846, 1.3224463059351994, 1.3048816855137164, 1.288882139707223, 1.2748261305002067, 1.2616542513553912, 1.2507359605569106, 1.2405459672976762, 1.234626123538384, 1.22670298906473, 1.2198590199152628, 1.2116261971302522, 1.2041702395830398, 1.2008722265561422, 1.1948194140043014, 1.188546162385207, 1.1866285883463346, 1.1810910931000342, 1.1757909832856595, 1.174089963008196, 1.1699964764790658, 1.1670251491742256, 1.1645094767594948, 1.1597188365765108, 1.1605562457671532, 1.156402832422501, 1.1526188162656932, 1.1538744018628047, 1.1514052959588859, 1.1504129006312445, 1.1470328599978716, 1.1470262790337586, 1.1452142846889986, 1.144559367803427, 1.1431454508732526, 1.1424473728889073, 1.1417468153513395, 1.1404827359395149, 1.1382727054449229, 1.1367852663382505, 1.1358667037425898, 1.137488370675307, 1.135698293416928, 1.134996992502457, 1.1339456270902584, 1.123371564424955, 1.1182125183252187, 1.117541685471168, 1.1164022274506398, 1.1162068599309676, 1.1156497084177457, 1.1150123525888491, 1.1149504319215433, 1.1153251378964155, 1.1150442319038587, 1.1144238906028943, 1.114512962867052, 1.1144061926083686, 1.1142503203489842, 1.114264095746554, 1.1141298446899806, 1.1140459892077323, 1.1137910274358895, 1.1139250578024449, 1.1139140006823418, 1.1138136258492104, 1.1134069837056673, 1.1134469686410366, 1.1135419613275772, 1.113189221651126, 1.1131790313965235, 1.1136839347007947, 1.1133820432883041, 1.1132974514594445, 1.1133490626628582, 1.113478628794352, 1.1132482482836796, 1.113174677812136, 1.1129650189326359, 1.1131385836845789, 1.1130140130336468, 1.1130056506548172, 1.112858937642513, 1.1128713082044552, 1.1129375723692088, 1.1128783525564732, 1.1127238071881809, 1.1129714027429238, 1.1128525373263236, 1.1129108514541235, 1.1127030846400139, 1.1127964921486684, 1.112703182758429, 1.1126733660697936, 1.112662493571257], "test_loss": [1.2448655151367187, 1.0596658004760742, 0.950784139251709, 0.7764588066101075, 0.6919207283020019, 0.6509796340942383, 0.6853457511901856, 0.7556501457214355, 0.6281278755187988, 0.577436491394043, 0.622284818649292, 0.541588663482666, 0.5681293460845948, 0.5290564781188964, 0.5477926918029785, 0.5711414535522461, 0.5155113567352295, 0.5090207725524902, 0.5059300373077392, 0.5150476287841796, 0.5490210647583008, 0.4870494808197022, 0.5355486728668213, 0.5234846488952637, 0.503241058731079, 0.5099661468505859, 0.523763843536377, 0.4975061721801758, 0.5141956275939942, 0.4944993446350098, 0.481870051574707, 0.5207376411437988, 0.4831589046478271, 0.5269920402526855, 0.501307405090332, 0.4868297706604004, 0.5180889179229736, 0.5103843017578125, 0.4840984680175781, 0.4948750789642334, 0.484785005569458, 0.4858618396759033, 0.4930562072753906, 0.4948297519683838, 0.4868916591644287, 0.4854076850891113, 0.5062754833221436, 0.4849528423309326, 0.48855317764282225, 0.47963419761657716, 0.45407041053771974, 0.453591028213501, 0.4509624229431152, 0.45373571586608885, 0.45312098846435545, 0.4509995952606201, 0.45195756988525393, 0.4530771469116211, 0.4530753604888916, 0.4548987438201904, 0.4557425514221191, 0.4573638977050781, 0.4561945739746094, 0.4562704536437988, 0.45726526947021484, 0.4532122085571289, 0.4547232604980469, 0.4559638221740723, 0.45780003509521483, 0.45657017974853514, 0.4527379180908203, 0.45700703506469725, 0.4564121368408203, 0.45864049758911135, 0.4564782035827637, 0.457449019241333, 0.45461065788269045, 0.45964298706054685, 0.4591746063232422, 0.46225503005981444, 0.4584863563537598, 0.46015946464538576, 0.4609824684143066, 0.4618770053863525, 0.4592948905944824, 0.45629317169189454, 0.46162415924072264, 0.461394758605957, 0.46187193794250486, 0.4609433650970459, 0.46168839683532714, 0.4568867099761963, 0.45712196884155276, 0.45666726684570313, 0.4604660373687744, 0.45830543670654295, 0.4602107070922852, 0.45876374893188476, 0.460337194442749, 0.4588326816558838], "test_acc": [59.88, 67.92, 72.78, 80.83, 83.84, 84.67, 83.49, 80.23, 85.94, 87.87, 85.82, 88.98, 88.88, 89.46, 88.67, 88.15, 90.0, 90.07, 90.49, 90.15, 89.06, 91.29, 89.7, 90.36, 90.24, 90.74, 90.43, 91.25, 90.8, 91.73, 91.71, 90.38, 91.52, 90.21, 91.55, 91.53, 90.51, 90.97, 91.93, 91.83, 92.46, 92.12, 91.83, 91.64, 91.95, 91.63, 91.34, 91.97, 91.98, 92.09, 93.06, 93.37, 93.46, 93.31, 93.46, 93.57, 93.46, 93.47, 93.46, 93.45, 93.54, 93.38, 93.51, 93.45, 93.32, 93.66, 93.55, 93.63, 93.49, 93.51, 93.57, 93.67, 93.65, 93.61, 93.61, 93.46, 93.57, 93.37, 93.42, 93.32, 93.64, 93.59, 93.47, 93.43, 93.65, 93.56, 93.39, 93.49, 93.3, 93.55, 93.53, 93.47, 93.63, 93.62, 93.63, 93.57, 93.63, 93.5, 93.48, 93.65]}