{"train_loss": [2.258585948821826, 2.221404948601356, 2.199744989321782, 2.18341190631573, 2.173077193895976, 2.1638633263416778, 2.1561453171265432, 2.1512076928065373, 2.1462288587521283, 2.140671544197278, 2.137021754949521, 2.133422463368147, 2.1291203254308457, 2.1261312172963067, 2.123641004317846, 2.1198800252034116, 2.116842770576477, 2.114371862778297, 2.1116827390132804, 2.1091690399707894, 2.1061275402704873, 2.103112078935672, 2.1009426899445365, 2.09764857842372, 2.0958515411768204, 2.09334450501662, 2.090496423305609, 2.0867746622134478, 2.084668624706757, 2.0812391067162537, 2.0781340898611607, 2.074704783085065, 2.071691884749975, 2.0686709941961827, 2.0659155536920597, 2.0623090151028753, 2.0587965705455877, 2.0551377372863966, 2.0509031558648134, 2.0482569963504105, 2.043726761524494, 2.0415505341994455, 2.036587939201257, 2.0335895908184543, 2.028792734023852, 2.0242954565928533, 2.0214339192097004, 2.017059085613642, 2.0129035329207396, 2.008674539663853, 1.9807881709856865, 1.9701136894715139, 1.9653547204457797, 1.961199345955482, 1.9582884042690962, 1.954859230762873, 1.9532643003341479, 1.9504907060892154, 1.9484294429803506, 1.9458684001213464, 1.944164944306398, 1.9426033952297308, 1.9394944548606872, 1.9393838399495833, 1.9365538282272143, 1.934863866598178, 1.9334327190350264, 1.9305439774806683, 1.9282224245560475, 1.9287803466503437, 1.9265745089604305, 1.9244858698967175, 1.9231166457518554, 1.9217509877987398, 1.9204598451272035, 1.9182430838927245, 1.9179555871547798, 1.9154187162717184, 1.9136063924202553, 1.911529982395661, 1.9108983027629363, 1.9097177050052545, 1.9079246918360393, 1.9070597477448292, 1.9046704035538893, 1.9037793544622568, 1.901437197587429, 1.9014722928022727, 1.9001407748613601, 1.8994888232304499, 1.8974344681470823, 1.8963519820800194, 1.8952387549938299, 1.894451415538788, 1.8923681714595892, 1.8914970165643936, 1.8898410020730434, 1.8886550340896997, 1.8885655650725732, 1.8861417935444758], "test_loss": [1.832268391418457, 1.642287612915039, 1.611557893371582, 1.5010509185791017, 1.5059634399414064, 1.529256019592285, 1.424954705810547, 1.4943387283325196, 1.3632183670043945, 1.388770391845703, 1.341476727294922, 1.3595457305908203, 1.3611388214111328, 1.308415754699707, 1.289897315979004, 1.2963664276123046, 1.3317634963989258, 1.282536915588379, 1.3084313858032226, 1.3086387802124024, 1.304411685180664, 1.2883742401123046, 1.325880828857422, 1.273824559020996, 1.2758545318603516, 1.2868568435668946, 1.2289843307495116, 1.311163137817383, 1.3199621505737305, 1.3063120407104492, 1.2445686431884766, 1.2902460388183594, 1.3045420806884767, 1.2668427017211914, 1.3042935440063477, 1.3091496505737306, 1.2733966506958008, 1.247565284729004, 1.327621437072754, 1.2697364166259766, 1.2555850296020508, 1.3038002380371094, 1.2724063339233398, 1.2804167861938476, 1.3127692474365233, 1.3008972244262695, 1.2818620956420899, 1.2993381408691407, 1.352370068359375, 1.354945083618164, 1.326587696838379, 1.3309413360595703, 1.348228109741211, 1.3722953430175782, 1.3651194747924804, 1.3732934387207032, 1.3687173034667968, 1.3654921157836915, 1.38511162109375, 1.4030371871948242, 1.386787663269043, 1.3946060638427735, 1.374800700378418, 1.4017144866943358, 1.4118487045288086, 1.3917929428100586, 1.4177688125610353, 1.4189042892456054, 1.4098936477661133, 1.401522280883789, 1.4189987915039062, 1.4194512802124024, 1.398163687133789, 1.4221077407836915, 1.4268914947509765, 1.4244867767333984, 1.425814031982422, 1.430758935546875, 1.4380040496826172, 1.413778579711914, 1.4395505401611328, 1.4294451583862304, 1.4260179626464844, 1.4303534957885742, 1.4332049072265625, 1.4392941192626953, 1.448793928527832, 1.438458250427246, 1.4378385101318358, 1.4637379501342773, 1.436828840637207, 1.4495267852783202, 1.4404344146728516, 1.464829557800293, 1.462257778930664, 1.4312089965820312, 1.438359765625, 1.4260819625854493, 1.4785865158081055, 1.4357161987304687], "test_acc": [51.19, 61.95, 63.44, 68.46, 67.78, 69.58, 77.39, 74.0, 77.87, 78.9, 81.29, 81.91, 80.06, 82.8, 83.48, 84.48, 80.28, 83.81, 84.18, 84.07, 84.26, 84.63, 82.14, 84.63, 84.26, 84.15, 84.88, 82.68, 82.41, 84.51, 83.77, 83.39, 83.21, 84.04, 82.58, 83.28, 82.85, 82.88, 81.24, 82.8, 82.85, 81.14, 81.65, 82.2, 80.93, 79.22, 79.6, 79.86, 78.09, 77.34, 77.33, 76.4, 75.28, 74.27, 73.76, 74.06, 73.78, 73.55, 72.81, 71.54, 72.38, 71.94, 72.46, 70.97, 70.62, 71.31, 70.02, 69.82, 70.37, 70.64, 69.75, 69.69, 70.45, 69.22, 69.19, 68.64, 68.76, 68.7, 68.31, 69.31, 68.27, 68.38, 68.63, 68.25, 67.76, 67.69, 66.93, 67.44, 67.41, 66.54, 67.26, 66.72, 67.15, 66.04, 66.03, 67.33, 67.34, 67.52, 65.11, 67.29]}