{"train_loss": [2.1454767373891976, 2.0476603196217464, 2.004157442007309, 1.9761309577868535, 1.9601849507062863, 1.9465333305872403, 1.9360181939907564, 1.9281505227088929, 1.9214667680935982, 1.9148855417202681, 1.9089386203350165, 1.9046238608849355, 1.9004192404257945, 1.8971917644525185, 1.8929252807910626, 1.8899842980580452, 1.8869915442589003, 1.883419899451427, 1.8816523215709589, 1.878675900055812, 1.8756127183253948, 1.8743273301002308, 1.8722959747681251, 1.8694041927655538, 1.8677569236510838, 1.8659392103170738, 1.8649422786174676, 1.8633580742738185, 1.8614670744309059, 1.8603599600302867, 1.8574310495303228, 1.8578011631965636, 1.8566527290221972, 1.8550313530824123, 1.8542856240883852, 1.8538753876319298, 1.8527416100868812, 1.8510370013041375, 1.8511459567607977, 1.8497221100024688, 1.8482104166960105, 1.8480754684179257, 1.8469663983736282, 1.8468927710484235, 1.8458218244405893, 1.8459519627766732, 1.8452054381370544, 1.8448038990680988, 1.8439547022183735, 1.8425079189814053, 1.8356618444124857, 1.833105652148907, 1.8317025135724971, 1.8311772609368349, 1.8307843391711895, 1.8303356555792, 1.8301250249911578, 1.829433692112947, 1.8291582480455055, 1.8291138175206307, 1.8284617534050576, 1.8281872786008395, 1.8275096557079218, 1.8275923521090776, 1.8272651788515923, 1.826660625751202, 1.8261891967211015, 1.8262033120179788, 1.8259052368310782, 1.8256799441117506, 1.8255592550986852, 1.825099831055372, 1.8249808063873878, 1.824385532660362, 1.8241976355895018, 1.8236648302811842, 1.82350979523781, 1.823238951426286, 1.822864682552142, 1.822659716850672, 1.8222709530439132, 1.8219611085378207, 1.821771007317763, 1.8216309629953824, 1.8214491633268504, 1.820904887945224, 1.8205907029983326, 1.8201736972882196, 1.8198920460847707, 1.819776674111684, 1.8196427061007574, 1.8191477078657883, 1.8186419936326834, 1.818564910460741, 1.8183498174716264, 1.8178874318416303, 1.8175726499312963, 1.8171024725987361, 1.8169227921045743, 1.8168039129330562], "test_loss": [1.4602592971801758, 1.3226784973144532, 1.253441958618164, 1.2040706619262695, 1.1134862861633301, 1.0835381996154785, 1.0711472633361816, 1.0742844291687013, 1.0452673713684082, 0.9969898200988769, 0.978697395324707, 1.0052984344482423, 0.970915414428711, 0.9686261169433594, 0.9777014549255371, 0.9752364395141602, 0.946626139831543, 0.9275287254333496, 0.9329478645324707, 0.9441242210388183, 0.9306245002746582, 0.8989187377929687, 0.9104151062011718, 0.9386147155761718, 0.9222521362304688, 0.9058714469909668, 0.8970987846374512, 0.9166180847167968, 0.9263605812072754, 0.8977751739501953, 0.9401840499877929, 0.9383114120483399, 0.9188061042785645, 0.8999191513061523, 0.9157905731201171, 0.912698217010498, 0.9316624710083008, 0.8921019851684571, 0.908030135345459, 0.8982997497558594, 0.9044206954956054, 0.920897518157959, 0.9053560882568359, 0.9027971069335937, 0.9189666717529297, 0.9047990203857422, 0.9033059837341308, 0.9141356826782226, 0.899792056274414, 0.9124261306762695, 0.8829659950256348, 0.885713779449463, 0.8872251518249512, 0.8876798500061035, 0.8949209228515626, 0.8990144050598144, 0.8995688461303711, 0.8983817993164063, 0.8993722457885742, 0.9033441650390625, 0.9024509376525879, 0.9005037490844726, 0.9006531997680665, 0.9019607582092285, 0.8998894050598144, 0.9075147560119629, 0.9149369590759278, 0.9195673393249512, 0.9093513679504395, 0.9020755012512207, 0.9067174057006836, 0.9142248107910156, 0.9133268615722656, 0.9108374320983886, 0.911426937866211, 0.9174039749145508, 0.9124664405822754, 0.9163853782653809, 0.9057044960021973, 0.9156262367248535, 0.9167845436096191, 0.9142116882324218, 0.9196856056213379, 0.9165410430908203, 0.9165636642456054, 0.9209867774963378, 0.9197523239135742, 0.9198806205749511, 0.9144284080505372, 0.918175594329834, 0.9240810745239257, 0.9184352912902832, 0.9233649040222168, 0.9232022201538086, 0.9207232460021972, 0.91709585647583, 0.9172593086242676, 0.9213173439025879, 0.9129547393798828, 0.91982119140625], "test_acc": [57.98, 69.92, 74.9, 76.88, 81.08, 83.13, 82.59, 81.71, 84.81, 86.83, 87.17, 86.45, 87.22, 87.38, 87.3, 87.97, 88.24, 88.41, 89.0, 89.8, 88.92, 90.18, 89.51, 89.16, 89.87, 90.38, 90.16, 89.77, 90.43, 90.69, 88.77, 89.98, 89.96, 90.23, 90.58, 90.48, 89.63, 90.69, 90.41, 90.66, 90.37, 90.51, 91.04, 90.72, 89.98, 90.56, 90.02, 90.63, 90.53, 90.39, 91.89, 91.99, 92.02, 92.01, 92.15, 91.88, 92.19, 91.91, 91.97, 91.94, 91.95, 92.0, 91.88, 91.79, 91.9, 91.77, 91.97, 91.44, 91.93, 91.56, 91.75, 91.7, 91.61, 91.68, 91.45, 91.27, 91.28, 91.27, 91.46, 91.44, 91.24, 91.21, 91.14, 91.26, 91.09, 91.25, 91.16, 90.91, 91.09, 91.05, 90.82, 91.04, 90.8, 90.87, 90.86, 90.84, 90.82, 90.9, 90.85, 90.77]}