{"train_loss": [2.2558100370260386, 2.2155075965783535, 2.186999243956346, 2.1672466424795296, 2.152849669334216, 2.141126170830849, 2.128907076212076, 2.1203097539070326, 2.1096705164664833, 2.0987663541084682, 2.091102431064997, 2.083350919148861, 2.075809662158673, 2.0685308661216344, 2.0597288608551025, 2.05501371774918, 2.048529494420076, 2.042879374210651, 2.035700624722701, 2.030764871682876, 2.022101589043935, 2.0155960911359543, 2.0092890158677714, 2.001634286917173, 1.9939580033986997, 1.986246024033962, 1.9775088264391973, 1.9666348689641708, 1.9547779006835742, 1.9443440718528553, 1.9328120023776323, 1.9210978165650978, 1.9068806214210314, 1.8922754513911713, 1.8744362546847417, 1.8567308459526453, 1.8383439840414586, 1.8197294611197252, 1.7961171263303513, 1.7765953678351183, 1.7515586275320787, 1.727634811707032, 1.701325365824577, 1.674660212871356, 1.6470177149161314, 1.6186566945834038, 1.593000478316576, 1.5638657016631885, 1.5296459931593676, 1.4986662372564659, 1.3480224487109063, 1.2881287779563513, 1.2683729718893002, 1.2495135466257732, 1.2328749140103659, 1.2210558616198026, 1.2110962400069603, 1.2000575242898404, 1.1859861311240074, 1.178849772306589, 1.1712176367258413, 1.1606194214943129, 1.1488724662707401, 1.1405320117106805, 1.1350104677371489, 1.1230740703069246, 1.1183873483767877, 1.1119683999281662, 1.1003283977508544, 1.0946641743183136, 1.087200059187718, 1.0812041386579856, 1.068525314483887, 1.0654630774106735, 1.0574979300682361, 1.0483925263086955, 1.0391638485284953, 1.0361033155367925, 1.0293875290797307, 1.0231405974962773, 1.0149314269041403, 1.0094061729235526, 1.00253194860923, 0.9955016735272529, 0.9904944322048089, 0.9857363662658594, 0.975721006668531, 0.971456383741819, 0.9699023093932714, 0.9559383965455569, 0.9586700512812688, 0.9489186146320441, 0.9350740558061844, 0.9375193031934591, 0.9305985100758382, 0.9261271948997791, 0.9208109508722256, 0.9150025029977162, 0.9078851984097407, 0.9038008460631737], "test_loss": [1.8600673751831054, 1.7192483352661132, 1.6438523956298827, 1.6203452224731445, 1.6056257797241211, 1.5191809967041017, 1.5009268341064452, 1.4365239379882813, 1.4114009078979493, 1.3774097396850586, 1.405360791015625, 1.350680972290039, 1.3197971710205079, 1.337667576599121, 1.2598146804809571, 1.2787755905151368, 1.3042739151000977, 1.2687144210815429, 1.2743892333984375, 1.2700875457763672, 1.261453924560547, 1.2313297622680663, 1.250799610900879, 1.2127993438720703, 1.2054037033081055, 1.2204573471069335, 1.266738557434082, 1.2455727371215821, 1.1597960624694825, 1.2671689559936523, 1.2131189346313476, 1.2574612365722657, 1.2390283248901368, 1.215031932067871, 1.3158979248046876, 1.2283991806030274, 1.294874900817871, 1.3004181945800781, 1.3863495864868165, 1.3441476348876953, 1.3130370727539062, 1.434731106567383, 1.4320277084350586, 1.4491650787353516, 1.456721534729004, 1.4501576446533204, 1.534636505126953, 1.4774000228881836, 1.5895505142211914, 1.5565115432739258, 1.6301318374633789, 1.724664601135254, 1.6845688217163086, 1.7051348739624024, 1.7266005569458007, 1.7274558166503906, 1.750920297241211, 1.7067789672851563, 1.796071435546875, 1.7971955505371093, 1.8111111877441406, 1.8073913101196288, 1.8174730606079101, 1.8277433654785156, 1.8365619277954102, 1.842228648376465, 1.826721078491211, 1.8572294860839844, 1.8826206222534179, 1.9053904220581055, 1.8548258331298828, 1.8831304931640624, 1.8884450302124023, 1.953484913635254, 1.9171749313354491, 1.9663697402954101, 1.9119658111572266, 1.9511373245239259, 1.8993577835083009, 1.9575450408935546, 1.9648053741455078, 1.9410115676879882, 1.9543733261108398, 1.998433804321289, 2.008910057067871, 1.9288942626953125, 1.9818275207519531, 1.9823884338378905, 1.9989075622558594, 1.9987456848144531, 1.9850718780517578, 2.0203340957641602, 2.0676104858398436, 2.059731199645996, 2.0691224792480467, 2.0396888275146483, 2.052092219543457, 2.0255090377807616, 2.1152495986938478, 2.0235253662109374], "test_acc": [42.53, 51.2, 57.06, 56.63, 60.91, 63.66, 62.31, 65.49, 64.06, 70.82, 69.95, 72.23, 75.06, 75.3, 75.92, 76.81, 72.67, 76.86, 75.9, 76.73, 77.68, 77.78, 78.51, 78.03, 78.33, 77.48, 76.99, 74.56, 77.75, 74.93, 75.15, 73.79, 74.61, 73.79, 70.23, 71.56, 71.05, 68.05, 65.63, 67.83, 67.3, 62.51, 62.65, 62.88, 60.94, 61.17, 57.36, 59.94, 54.52, 56.4, 53.96, 50.65, 51.9, 51.12, 50.95, 50.41, 49.59, 51.7, 48.78, 48.53, 48.38, 48.69, 48.06, 47.81, 48.01, 47.46, 48.04, 47.51, 46.6, 46.33, 47.53, 47.18, 46.98, 44.87, 46.4, 44.8, 47.0, 45.76, 47.1, 45.45, 45.42, 46.32, 45.69, 44.84, 44.3, 46.91, 45.65, 45.39, 45.35, 45.39, 45.81, 44.91, 43.65, 43.97, 43.77, 44.99, 44.41, 45.08, 43.25, 45.66]}