{"train_loss": [2.2977397344051265, 2.273761106760074, 2.2618527638606536, 2.2535897835707055, 2.2433364959863518, 2.2349002990967186, 2.229049444809938, 2.220481017919687, 2.2177081792782514, 2.2147255775256034, 2.2082682670691076, 2.2036960534560373, 2.198230530665471, 2.1959214956332476, 2.1911694624485114, 2.1874031537618395, 2.183626669492477, 2.1786911903283537, 2.1738299418718388, 2.1702111274768145, 2.165449473185417, 2.1595181367336176, 2.155464219741332, 2.1493647309450004, 2.1442946323981653, 2.139563013957097, 2.1326478640238444, 2.125276872744927, 2.121507109128512, 2.112108104962569, 2.1033111471396224, 2.095584440231323, 2.085795886394305, 2.075790209647937, 2.0649033265236096, 2.050621806963896, 2.0378498059052688, 2.022740362546383, 2.0061412710409896, 1.9888352611126043, 1.9720118394264807, 1.9511675947751754, 1.9286575604707767, 1.9046019997352208, 1.8842147047703082, 1.8580504123981183, 1.8301454330101992, 1.7995726087154487, 1.7723658463893792, 1.7425711433092752, 1.5911563368944022, 1.5318397268270836, 1.5070563768729186, 1.4873651018509497, 1.4732832074165345, 1.4620280192448543, 1.4483201036086448, 1.4388127323908684, 1.4245830486982296, 1.4161150455474854, 1.4043384842383555, 1.3962006449699402, 1.3851328128423446, 1.3746150952119094, 1.3643953268344586, 1.3593262513478597, 1.3487330005719111, 1.3443089809173192, 1.3329098698420403, 1.3229826584840432, 1.3125855827942872, 1.304316551868732, 1.298009880995139, 1.289906063140967, 1.2835948595633873, 1.2749203975384051, 1.2688920387854943, 1.2569865220632308, 1.2494521868534578, 1.2410990760876581, 1.2325690718797537, 1.2260526351439647, 1.215452575072264, 1.2133354694415361, 1.2036009378922292, 1.19251035513022, 1.1874627385383998, 1.1756853143374124, 1.1713944025528737, 1.1621098732336974, 1.1568663701032982, 1.1521120259395012, 1.134966379709733, 1.134731204387469, 1.126439713820433, 1.1188530477193686, 1.1085023125012716, 1.108536553535706, 1.0958143307612493, 1.0913768387757814], "test_loss": [2.02666990814209, 1.9833957290649413, 1.8962554412841797, 1.8306774765014648, 1.8066206726074219, 1.794025276184082, 1.7320080841064454, 1.6907494445800781, 1.676695668029785, 1.7117420242309571, 1.6232988998413085, 1.6020196731567382, 1.6499094528198242, 1.595745654296875, 1.6166348846435548, 1.5642054183959961, 1.5288137634277343, 1.5303530349731445, 1.541049528503418, 1.516759455871582, 1.5518750137329103, 1.554910955810547, 1.476470474243164, 1.4587423568725586, 1.4822337219238282, 1.4780535354614257, 1.498139128112793, 1.4923792221069336, 1.524433267211914, 1.4436242523193359, 1.4625582641601562, 1.4922137741088868, 1.5630361450195311, 1.4499634719848633, 1.4895404525756837, 1.4787645080566407, 1.4548109329223633, 1.528265574645996, 1.4823255310058594, 1.5606518783569336, 1.5731642730712891, 1.5850398712158202, 1.5681685821533202, 1.6219831802368163, 1.6475615936279298, 1.664899314880371, 1.6881307250976563, 1.7051932342529297, 1.7844811737060546, 1.7652008346557617, 1.8735422943115234, 1.9375076126098634, 1.9319161666870117, 1.9868719131469728, 2.0025046051025392, 2.031810710144043, 2.0447871139526366, 2.020079948425293, 2.037550196838379, 2.061796823120117, 2.0592501678466797, 2.1088701919555666, 2.1075842239379883, 2.0847087005615235, 2.116907080078125, 2.1164797439575196, 2.1310999053955078, 2.1299525115966795, 2.092428643798828, 2.1573477874755858, 2.1336433044433596, 2.166522668457031, 2.2170701110839843, 2.1896085861206056, 2.1867799377441406, 2.219306153869629, 2.181313967895508, 2.197250617980957, 2.210953172302246, 2.251726580810547, 2.244033122253418, 2.2613947128295897, 2.251966857910156, 2.2491660736083983, 2.3079366485595703, 2.284155711364746, 2.278156317138672, 2.2718587890625, 2.3093844802856447, 2.2969777481079103, 2.323889552307129, 2.3046456359863283, 2.302895054626465, 2.298033850097656, 2.3302602325439454, 2.3244329818725586, 2.3567463973999025, 2.3514443267822265, 2.3832277236938477, 2.2976610443115235], "test_acc": [25.34, 37.5, 43.64, 52.18, 50.77, 54.03, 58.13, 61.35, 55.66, 60.14, 63.67, 64.74, 61.77, 65.53, 68.06, 65.61, 68.29, 68.72, 69.97, 70.33, 69.82, 70.46, 72.17, 70.66, 71.54, 68.77, 70.95, 68.25, 68.22, 70.76, 68.52, 69.07, 65.29, 68.1, 66.0, 66.78, 65.92, 63.1, 64.1, 59.26, 58.63, 58.17, 58.91, 56.1, 53.26, 52.92, 51.03, 50.23, 47.33, 47.25, 44.18, 42.02, 42.37, 40.27, 39.8, 39.18, 38.78, 39.52, 39.27, 38.82, 38.49, 37.33, 37.28, 38.27, 37.5, 37.03, 37.02, 37.21, 38.56, 36.74, 37.52, 36.48, 35.5, 35.83, 36.12, 35.18, 36.81, 36.38, 35.84, 34.55, 34.95, 34.83, 35.51, 35.1, 33.88, 34.29, 35.0, 35.31, 34.03, 34.89, 34.28, 34.65, 34.76, 34.88, 34.57, 34.55, 33.77, 33.99, 33.69, 35.68]}