{"train_loss": [2.2805411889002873, 2.2557065321848944, 2.23850135069627, 2.2248325023895656, 2.215520285337399, 2.207699098342504, 2.199529814108824, 2.193715924483079, 2.1871402324774327, 2.18053775200477, 2.1761166603137285, 2.171532759299645, 2.166377390347994, 2.162133183846107, 2.157249631025852, 2.154053579843961, 2.15057511085119, 2.147213614292634, 2.142744660988832, 2.1388440113801224, 2.1354251470321266, 2.131293535232544, 2.1272835957698333, 2.1224601962627507, 2.1186235342270288, 2.113636177625412, 2.10855786830951, 2.103744653860728, 2.0966954650023046, 2.090346251695584, 2.0846070628899795, 2.0776301937225536, 2.0705308629916264, 2.061930941312741, 2.0512117254428373, 2.042751025542235, 2.0322762853060015, 2.023382807083619, 2.0096057552557727, 1.9994309966380779, 1.9861978702056102, 1.974647398484059, 1.960790893053397, 1.9497447640467913, 1.9341486230874674, 1.9188629205410297, 1.9051577577224144, 1.8922399206039233, 1.8745677963281289, 1.8584126940140357, 1.777725670276544, 1.7480835529474112, 1.7363211384186379, 1.7252640571349707, 1.7157081897442157, 1.7061245313057534, 1.7010444359901624, 1.69633009097515, 1.6897910472674247, 1.6850368707607954, 1.6798815250396728, 1.6739095366918124, 1.6699838500756483, 1.6654406076822525, 1.6567313664998764, 1.6562570706391946, 1.649450255968632, 1.6468531862283364, 1.6375501715219938, 1.6351387626085525, 1.6337455605849243, 1.6264758317898482, 1.6223867263549414, 1.6178925972718459, 1.6160963009565303, 1.610034118554531, 1.606362618238498, 1.6012039557481423, 1.5987207932349963, 1.5946484825549982, 1.5917009567603086, 1.5867279462325268, 1.5829289910120843, 1.5788591070052904, 1.5758382369310429, 1.5726195965057765, 1.5671288780677013, 1.5655030116056785, 1.562508491675059, 1.557152192409222, 1.5546886486884874, 1.5498932037598048, 1.54562591895079, 1.544177786509196, 1.540728256946955, 1.5367584271308703, 1.5325147662407312, 1.5307762497510666, 1.5278902276968345, 1.5254244975554638], "test_loss": [1.9463952758789063, 1.847483172607422, 1.7941195205688476, 1.7156598388671875, 1.6710027816772461, 1.6184893341064452, 1.5850404510498046, 1.5315509811401367, 1.533439192199707, 1.5114518264770507, 1.522370021057129, 1.4870350967407227, 1.470562174987793, 1.4928577835083008, 1.4124105560302735, 1.4249662109375, 1.4195689208984374, 1.4114855392456054, 1.4121036178588868, 1.4447127807617188, 1.4170836395263673, 1.4106458648681641, 1.390919825744629, 1.3713240356445313, 1.3576620681762694, 1.3922708908081054, 1.4050781112670898, 1.3713837509155273, 1.3243503707885742, 1.385095263671875, 1.4161783706665039, 1.381266944885254, 1.3973996765136718, 1.342240301513672, 1.4084918319702149, 1.3681112060546874, 1.3932536911010742, 1.358311604309082, 1.426049446105957, 1.4194388290405273, 1.4511751541137696, 1.4759500274658204, 1.5087700622558593, 1.4267499053955077, 1.5102881469726563, 1.4661592300415038, 1.5732983657836914, 1.5261356658935548, 1.5692323928833007, 1.5813208358764648, 1.584601217651367, 1.6335438217163085, 1.6378861328125, 1.657652635192871, 1.6593256622314454, 1.6498876708984376, 1.6779124984741212, 1.6804848190307617, 1.6901116546630859, 1.6698353759765625, 1.6972645904541015, 1.723828645324707, 1.7209864212036132, 1.7512895538330078, 1.7371847778320313, 1.7403993682861327, 1.7112360565185547, 1.7372918045043946, 1.7592618286132813, 1.758059506225586, 1.7178944046020508, 1.7585922805786134, 1.7331367248535157, 1.8007888580322267, 1.741938932800293, 1.7777499725341797, 1.763505305480957, 1.7834911331176757, 1.7729308029174804, 1.8072968780517578, 1.7967637023925782, 1.7939362869262696, 1.7674896347045899, 1.7922125762939454, 1.816072378540039, 1.7833788146972656, 1.8334953186035157, 1.8008388549804688, 1.8168048126220704, 1.814753564453125, 1.8220757995605468, 1.8131811782836913, 1.7993136657714843, 1.812103402709961, 1.830277978515625, 1.8311399291992188, 1.8288021453857422, 1.8644722915649414, 1.8598588745117188, 1.8474499771118165], "test_acc": [40.88, 47.76, 52.91, 54.73, 63.55, 65.52, 66.64, 67.95, 65.63, 71.47, 71.6, 71.92, 75.04, 75.93, 77.01, 76.93, 74.12, 77.7, 75.73, 76.68, 76.83, 77.14, 79.09, 78.98, 77.81, 78.64, 78.36, 77.75, 77.23, 77.39, 73.66, 76.01, 73.63, 76.24, 72.63, 73.27, 72.41, 73.3, 71.43, 71.04, 68.85, 67.95, 66.29, 69.27, 64.05, 65.42, 60.25, 61.24, 57.97, 57.75, 56.62, 54.39, 53.57, 52.72, 52.75, 52.76, 52.16, 51.55, 51.42, 52.0, 50.92, 49.98, 49.85, 48.57, 48.99, 49.18, 50.51, 49.54, 48.57, 48.86, 50.22, 48.52, 49.55, 46.71, 48.98, 47.94, 47.69, 47.11, 47.67, 46.75, 47.14, 47.04, 48.3, 47.12, 46.16, 47.29, 45.62, 46.68, 46.11, 46.39, 46.27, 46.78, 46.93, 46.43, 45.66, 45.97, 46.06, 44.67, 44.55, 44.89]}