{"train_loss": [2.2133385334259423, 2.1523597509433063, 2.1250917783150305, 2.1071753990955844, 2.0969669519326626, 2.0877494261815, 2.0817741284003626, 2.0763043232453176, 2.0728795748490554, 2.068542087995089, 2.0642708167051658, 2.0620846008643126, 2.059106897696471, 2.056604961859874, 2.0547766691599136, 2.0530626028012007, 2.0507118390156673, 2.0486012721673035, 2.047214452425639, 2.0458812695283157, 2.0438311845828325, 2.0432828169602613, 2.041759778903081, 2.040342532671415, 2.0388560979794232, 2.037990823158851, 2.037164793259058, 2.036118541008387, 2.0348295297378147, 2.034531919161479, 2.0333168274317033, 2.0325794525635548, 2.0315863694900123, 2.031357816549448, 2.030798862530635, 2.0301374539350854, 2.0292724083631466, 2.0287382376499665, 2.0290191613710844, 2.0278640698163937, 2.0267216144463953, 2.027037732417767, 2.026048692067464, 2.026632082767976, 2.025268521675697, 2.025020949045817, 2.0247737392401084, 2.0246655800403692, 2.0242125887137195, 2.0238993889246233, 2.019304142242823, 2.017576471964518, 2.01683568465404, 2.0165325650802024, 2.016376957220909, 2.015914281514975, 2.015593108152732, 2.015543378316439, 2.015113148628137, 2.015005105275374, 2.0147923203615044, 2.014574925104777, 2.014314977022318, 2.0141847821382375, 2.014034681748121, 2.0138204113031044, 2.0136498992259684, 2.013447316793295, 2.013491273843325, 2.013095003213638, 2.0130654662083356, 2.0125926723847023, 2.012656135742481, 2.0125243303103324, 2.012412912417681, 2.011997724496401, 2.0120198586048224, 2.011618086007925, 2.0115976171615797, 2.0113938374397082, 2.0113775852398996, 2.0110719949771196, 2.0109481102380995, 2.0107875099548926, 2.010672953189948, 2.0104254899880827, 2.0102347554304663, 2.009927169787578, 2.0099101573993, 2.0096324981787266, 2.009517437983782, 2.0093583984252734, 2.0091687495891866, 2.0090547152054614, 2.0088714128885514, 2.008533024482238, 2.008247317106296, 2.008187761062231, 2.008219917615255, 2.007852412798466], "test_loss": [1.6285960220336915, 1.4634589935302735, 1.4578424377441406, 1.4061297698974609, 1.3017227722167968, 1.2971745162963868, 1.2578036651611328, 1.2620274215698242, 1.228188575744629, 1.1870785781860351, 1.1723478515625, 1.1855047409057617, 1.1434887710571289, 1.1718991775512695, 1.1702220504760743, 1.1904065887451172, 1.1250746185302734, 1.1248644134521484, 1.1384872161865234, 1.1284037521362305, 1.1242927307128907, 1.1070283081054688, 1.113935107421875, 1.1250954528808594, 1.1113296020507812, 1.1171521865844727, 1.0925640274047852, 1.1080540054321288, 1.1064529235839844, 1.099201448059082, 1.1135465118408203, 1.1110117767333985, 1.0945587356567383, 1.0915397789001464, 1.1156719100952148, 1.1154804916381835, 1.124636834716797, 1.0830403434753417, 1.090031491088867, 1.0932130828857423, 1.086644571685791, 1.0996288787841797, 1.1065201461791991, 1.0967420974731446, 1.0771872161865235, 1.1074896408081054, 1.0844462043762206, 1.097427035522461, 1.0959259353637696, 1.0907717636108398, 1.0729706192016601, 1.07685545501709, 1.0741338088989258, 1.0753292251586914, 1.0811482681274414, 1.0887819473266602, 1.0852307098388672, 1.0809056060791016, 1.0880309600830078, 1.0896865997314453, 1.0888144897460938, 1.0906232223510741, 1.0880293395996095, 1.0931204040527345, 1.0917482177734374, 1.0899455795288087, 1.0966621200561524, 1.1008408432006835, 1.0935765594482423, 1.0888407012939454, 1.0972711685180665, 1.1047031295776366, 1.1062397491455078, 1.1000671463012694, 1.10110538482666, 1.1015295059204102, 1.095839939880371, 1.0987871322631837, 1.0955179275512694, 1.0973242263793945, 1.1019433212280274, 1.1017048980712891, 1.107663084411621, 1.1034011413574218, 1.108348390197754, 1.1094971267700195, 1.108365721130371, 1.1062450637817383, 1.1094768661499024, 1.1028890045166015, 1.1075760986328125, 1.1048842407226562, 1.101259992980957, 1.1065467880249023, 1.1081855178833009, 1.1010065185546876, 1.1067309265136718, 1.1111448013305665, 1.107937629699707, 1.1106194412231445], "test_acc": [56.43, 73.53, 70.62, 74.48, 81.07, 81.38, 83.18, 81.46, 85.17, 85.57, 87.35, 87.77, 88.09, 85.57, 86.86, 86.77, 88.8, 89.36, 88.77, 89.72, 88.29, 89.92, 89.71, 90.25, 90.26, 90.08, 90.12, 90.61, 90.53, 90.34, 90.58, 90.88, 90.82, 90.93, 90.81, 90.31, 90.49, 90.62, 91.0, 90.56, 90.63, 90.93, 91.17, 90.63, 91.83, 90.86, 90.83, 91.58, 90.91, 90.72, 92.35, 92.42, 92.58, 92.47, 92.67, 92.52, 92.64, 92.67, 92.47, 92.57, 92.53, 92.28, 92.26, 92.4, 92.19, 92.54, 92.42, 92.36, 92.32, 92.3, 92.27, 92.25, 92.25, 92.12, 92.01, 91.89, 92.34, 92.09, 91.95, 92.04, 92.06, 92.0, 91.68, 91.81, 91.75, 91.71, 91.61, 91.49, 91.52, 91.55, 91.56, 91.67, 91.58, 91.55, 91.41, 91.41, 91.38, 91.22, 91.24, 91.21]}