{"train_loss": [1.8566902016982054, 1.6205551667091174, 1.5093783653699435, 1.4365880064475232, 1.3936938163561698, 1.3569969525704018, 1.326628922804808, 1.3038198223480812, 1.2853599554453141, 1.2653637369473776, 1.2484550207089156, 1.2329216478726803, 1.2192527259007477, 1.2069528642373206, 1.1971590279004514, 1.1851606813760904, 1.1725336680045495, 1.1647538862167262, 1.154508190888625, 1.1428864349157382, 1.1322679412670624, 1.1244663313413277, 1.116483664359802, 1.1045190792817337, 1.0945330847532322, 1.0869345281368648, 1.0760802751932388, 1.068079396088918, 1.056708735686082, 1.0501721464670621, 1.0414230877008193, 1.031721027997824, 1.0226106620751894, 1.0137049674987793, 1.0058532746938558, 0.9981147859341059, 0.9871720323195824, 0.9756593004251137, 0.9658497980007759, 0.9587292793469552, 0.9474184956306066, 0.9396388682035299, 0.9303968246166523, 0.915547652886464, 0.9053481477957506, 0.896200666977809, 0.881373228935095, 0.8751833334947243, 0.8635145185849605, 0.8518444937009078, 0.7888343749902187, 0.76546476544478, 0.7532293448081383, 0.7471256022269909, 0.7415751643669911, 0.7360345597450549, 0.7307107418011396, 0.7261508972216875, 0.7220537448540713, 0.7187404938233204, 0.7143737953442794, 0.7087766055877393, 0.7050449955157745, 0.7014694672364455, 0.6983931283156077, 0.695072706693258, 0.6904600391021142, 0.6881025144687065, 0.6840924807083912, 0.6823345601558686, 0.67988656438314, 0.6761467053340031, 0.6726755452461731, 0.669059889897322, 0.6674949398407569, 0.6640140264462202, 0.6626343800471379, 0.6585970875544426, 0.6555327166349459, 0.6535129690781618, 0.6526026696730882, 0.6492042319896894, 0.6471385951225574, 0.6445576161910326, 0.6417144443744268, 0.6378097408857101, 0.637030410919434, 0.63522411829386, 0.6342488973568647, 0.630305206317168, 0.6282191530252115, 0.6275019818391555, 0.6237964625541981, 0.6226924176399524, 0.6210696136340117, 0.6196106653947097, 0.6193867937112466, 0.6168992015031668, 0.6146553070117265, 0.6133853689218178], "test_loss": [1.2953580017089843, 0.9972505241394043, 1.0591278907775878, 0.9302568382263183, 0.7921067855834961, 0.7261390800476074, 0.744261548614502, 0.883185538482666, 0.6727826824188232, 0.6389386837005615, 0.6040354572296143, 0.6055204647064208, 0.5521935920715332, 0.6154212310791015, 0.5847204105377197, 0.6633820930480957, 0.5881564540863037, 0.5605551895141602, 0.5501085079193115, 0.5720850376129151, 0.5729117301940918, 0.5511798156738281, 0.5485613304138184, 0.5587815048217774, 0.5281837196350098, 0.5481709323883056, 0.5929982997894288, 0.577063032913208, 0.5802873329162598, 0.5499791862487793, 0.5801728244781494, 0.569489926147461, 0.5792792713165283, 0.5886679374694824, 0.580352590560913, 0.5569747100830078, 0.5507288803100586, 0.5510932971954345, 0.5791011058807373, 0.5838358039855958, 0.6218936458587646, 0.6128845523834229, 0.5912416576385499, 0.634670858001709, 0.6356470077514649, 0.5890967746734619, 0.6707684173583984, 0.6076620613098145, 0.6204481903076172, 0.6617217777252197, 0.5955829372406006, 0.59599114112854, 0.6151486511230468, 0.6111399887084961, 0.6173141788482666, 0.6093653095245362, 0.6164061485290527, 0.6070936351776123, 0.6154229473114013, 0.6135572734832764, 0.6128287914276123, 0.6209385837554932, 0.6294895175933838, 0.6220357925415039, 0.625544773864746, 0.627781143951416, 0.6463614292144776, 0.6292932174682617, 0.6408493789672851, 0.6304316761016846, 0.6196179264068603, 0.6315987644195556, 0.6470333683013916, 0.642505027770996, 0.6188825092315674, 0.6307799598693847, 0.636523840713501, 0.6460511924743653, 0.6472614768981934, 0.6663169773101807, 0.6516587989807129, 0.6690096416473389, 0.656468949508667, 0.6621553928375244, 0.6397842823028564, 0.6283297828674317, 0.6375385440826417, 0.6338205654144287, 0.676714860534668, 0.6613425704956055, 0.6372991947174073, 0.6463615436553956, 0.6551397541046142, 0.6476005153656006, 0.6387089477539063, 0.6354158130645752, 0.6298089782714844, 0.6563565395355224, 0.625376326751709, 0.6364737125396729], "test_acc": [57.2, 69.36, 67.73, 72.7, 79.12, 80.86, 80.09, 76.06, 83.73, 84.03, 86.0, 85.81, 87.04, 87.16, 86.79, 83.85, 87.62, 87.62, 87.88, 87.48, 87.26, 87.52, 87.59, 87.78, 88.25, 87.92, 86.33, 87.11, 87.57, 88.34, 87.62, 87.8, 87.33, 86.91, 87.43, 87.79, 87.9, 88.14, 87.23, 86.75, 85.98, 86.44, 87.4, 85.62, 85.85, 86.18, 84.89, 86.31, 85.92, 84.37, 86.32, 86.3, 85.57, 85.5, 85.28, 85.65, 85.22, 85.64, 85.23, 85.18, 85.07, 84.76, 84.62, 84.8, 84.84, 84.58, 84.11, 84.53, 84.05, 84.24, 84.59, 84.15, 83.72, 83.66, 84.54, 84.15, 84.08, 83.82, 83.62, 83.14, 83.51, 82.92, 83.5, 83.24, 83.99, 84.09, 83.92, 83.96, 82.86, 83.28, 83.7, 83.83, 83.33, 83.65, 83.94, 84.05, 83.9, 83.49, 83.99, 84.02]}