{"train_loss": [2.3029373755821814, 2.295150130834335, 2.292495438380119, 2.2892081450193356, 2.2875933861121154, 2.2854268294114335, 2.283989685621017, 2.282661412923764, 2.281416975534879, 2.279441373164837, 2.2786836611918915, 2.277774873146644, 2.276582171366765, 2.2757519746438053, 2.2745846308194673, 2.2735927380048313, 2.273019981995607, 2.272087897398533, 2.27106625911517, 2.270454584635221, 2.2693931316718077, 2.268572445404835, 2.267821155450283, 2.266827778938489, 2.2660202619356986, 2.2648308937366193, 2.2639429789323073, 2.2623426150052977, 2.2610879066662912, 2.2600202089700945, 2.259012922262534, 2.257107854500795, 2.2556754252849482, 2.254178192065312, 2.2521193045836227, 2.250538192039881, 2.2483464314387396, 2.246504828868768, 2.2439872258748763, 2.2421742622668925, 2.2394782757147764, 2.2373840796641815, 2.2351256425564108, 2.232702070627457, 2.2303332744500577, 2.227220395283821, 2.2247595279644696, 2.2223358392715453, 2.2202146181693445, 2.2167947005002926, 2.201332015868945, 2.1949150470586924, 2.191945586449061, 2.189819775483547, 2.1882130121573424, 2.186378073692322, 2.1848751661105035, 2.1842739117451204, 2.1824687713231796, 2.181884842041211, 2.1804379811653725, 2.1794707322731997, 2.178659539344983, 2.1772469771214022, 2.1769687273563485, 2.1757782832170145, 2.174380194223844, 2.1739960169180845, 2.1725668864372447, 2.1719661510907686, 2.171006133617499, 2.169977606871189, 2.1686260333428016, 2.1687289005670793, 2.1681813600735786, 2.1668265501658124, 2.1657491353841927, 2.1656637528003793, 2.163650878270467, 2.1635319819817176, 2.162691219036396, 2.1607584916628326, 2.1606347548655975, 2.1604596437552037, 2.1594964265823364, 2.158072755886958, 2.157505113650591, 2.1569926084616244, 2.156402725439805, 2.155203770368527, 2.1545073582575873, 2.1537661992586576, 2.1529465925999176, 2.152544148151691, 2.1516047288209963, 2.1511578877766926, 2.150460831935589, 2.1494200584215997, 2.149317410664681, 2.1484102414204522], "test_loss": [2.1293674102783204, 2.064011444091797, 2.0487064544677733, 2.00062713470459, 1.9782749923706056, 1.9532430206298828, 1.9032801773071288, 1.8930942291259765, 1.8941697372436523, 1.8745367095947265, 1.8838171463012696, 1.8471460479736328, 1.8540961120605468, 1.8501105453491211, 1.8021862838745117, 1.8059716400146484, 1.8017670654296876, 1.8035554321289062, 1.8167546905517578, 1.8120282119750977, 1.7868191955566406, 1.7713898971557618, 1.7783496398925782, 1.7744068893432616, 1.7515504180908203, 1.7912740036010741, 1.7915685089111328, 1.7882908432006837, 1.7353648590087891, 1.7985029052734376, 1.7726737609863281, 1.7802489303588866, 1.7808566131591796, 1.7574152816772461, 1.7927887145996093, 1.7477715270996095, 1.7875641189575195, 1.7685917572021483, 1.8077045318603515, 1.761032489013672, 1.7913726470947267, 1.786633576965332, 1.8370018463134765, 1.799919482421875, 1.8029743881225586, 1.7865102783203124, 1.8134167510986328, 1.805681802368164, 1.824177293395996, 1.8415461471557617, 1.834724104309082, 1.8639912216186523, 1.8788100311279297, 1.87209541015625, 1.8830617568969727, 1.87249072265625, 1.8889928985595703, 1.8681182174682618, 1.8772541854858398, 1.8854205139160156, 1.8886433044433595, 1.8965782821655273, 1.890600535583496, 1.897663655090332, 1.9138622634887694, 1.892535774230957, 1.904829345703125, 1.9013946792602539, 1.9134707977294922, 1.8933944931030273, 1.893672883605957, 1.8860750183105468, 1.8880772598266602, 1.9133803894042969, 1.9186998245239257, 1.9184051528930663, 1.9082783462524413, 1.9112553955078124, 1.9114243377685547, 1.9151500900268554, 1.916707225036621, 1.9255737075805663, 1.9009626327514648, 1.9194553833007812, 1.9342841262817383, 1.9189299575805665, 1.9282693145751952, 1.9143638809204102, 1.93907791595459, 1.935133625793457, 1.9372816467285157, 1.9275786819458007, 1.9299777740478516, 1.926761131286621, 1.9371297729492187, 1.9393384490966796, 1.9272780853271485, 1.9419836013793945, 1.9540598907470703, 1.9337985748291016], "test_acc": [37.47, 50.01, 53.18, 52.64, 61.51, 61.87, 65.3, 67.13, 63.13, 71.15, 70.76, 70.84, 71.98, 75.2, 75.87, 76.95, 70.63, 76.99, 73.72, 75.86, 78.14, 77.85, 78.28, 78.3, 79.43, 77.0, 78.38, 77.44, 77.9, 76.05, 76.94, 76.87, 77.43, 76.74, 73.74, 74.05, 75.02, 73.86, 71.65, 73.32, 70.61, 69.84, 69.02, 69.79, 66.51, 65.78, 64.39, 65.72, 62.26, 60.49, 59.43, 56.44, 54.99, 54.92, 53.63, 53.87, 52.37, 53.43, 52.3, 52.15, 52.01, 51.39, 50.79, 50.41, 49.45, 51.13, 49.8, 49.85, 49.03, 50.19, 50.08, 50.24, 49.83, 48.38, 48.06, 47.77, 48.66, 48.2, 47.95, 47.72, 47.29, 46.64, 48.49, 47.1, 45.96, 46.82, 46.33, 46.9, 45.52, 45.94, 45.33, 46.18, 45.94, 46.01, 45.69, 45.08, 45.91, 44.76, 43.92, 45.35]}