{"train_loss": [2.1839605196928367, 2.1071456661591164, 2.059488521478115, 2.0219034179663047, 1.992024998481457, 1.9691661807206962, 1.947346441868024, 1.9316713265883616, 1.918179132999518, 1.9026777802369534, 1.8909453541804582, 1.88154496046213, 1.8693281195102593, 1.8589421568772733, 1.8504265455099254, 1.8415694086979597, 1.832602588641338, 1.825540641332284, 1.8145043715452536, 1.8042032464956625, 1.7982914955188067, 1.788629525135725, 1.7771693012653254, 1.7661098960118415, 1.7576124292153579, 1.745954560010861, 1.7337637280806517, 1.7226705175179702, 1.7075838709488893, 1.6925869688009605, 1.67917188619956, 1.659548653394748, 1.6444915312987107, 1.6247627172714625, 1.606905671572074, 1.5868739403211154, 1.563274083382044, 1.5393116082900609, 1.5188318628531237, 1.4914060149437343, 1.4666091399315075, 1.4413477384127102, 1.4095222690166571, 1.3845862003473135, 1.35384863615036, 1.3272385808137748, 1.299292175892072, 1.2708678288337512, 1.2365872545120045, 1.2087613524534764, 1.050037771769059, 0.986367130279541, 0.9600594187394167, 0.9414854411895458, 0.9266973524521559, 0.913750844124036, 0.9016557461176163, 0.8947428736931239, 0.8800374955703051, 0.8703789610129137, 0.8615712130681062, 0.8548058182765276, 0.8427987904120714, 0.8338183702566685, 0.8290023915278606, 0.8146024821660458, 0.8100004515586755, 0.8036406682087824, 0.7932456808212476, 0.7920331173982376, 0.7789216961616124, 0.7740569677108373, 0.7611169546078413, 0.7596257715653151, 0.7546878959888067, 0.743862773057742, 0.7336694787710141, 0.7303355401907212, 0.7222123887294378, 0.7154655561997341, 0.7116533702764756, 0.700114869307249, 0.692447184293698, 0.6904671626213269, 0.6869275132815044, 0.6809069236119588, 0.6738349437713623, 0.6673132954499661, 0.6646591915534092, 0.6540955639802493, 0.6495360204806695, 0.6445254405339559, 0.637169449757307, 0.6377805127547338, 0.6315975343569731, 0.6243939323303027, 0.6199214563155786, 0.6148671486438849, 0.608197629910249, 0.6057782944960471], "test_loss": [1.7045024337768555, 1.5637498489379882, 1.4793329727172853, 1.3399353866577148, 1.3303444946289062, 1.2520459533691406, 1.1860472732543945, 1.1626495452880858, 1.1755036987304688, 1.1103838653564453, 1.10774369430542, 1.0941142707824707, 1.0488620544433593, 1.0778578643798828, 1.0271567924499512, 1.0284049201965333, 0.9900339149475098, 1.044914505004883, 1.0598207611083985, 0.9757586555480957, 1.0074211990356445, 0.9793585182189941, 1.001239567565918, 0.9733760345458984, 0.9810540557861328, 0.9871461807250976, 0.9367378265380859, 1.0100903343200685, 0.944667593383789, 0.9972968658447265, 0.9650593338012695, 0.9949194511413574, 0.987959162902832, 0.9965117012023926, 1.0581955307006836, 0.9697364112854004, 1.0387111572265626, 1.047553638458252, 1.069011570739746, 1.0963663780212403, 1.111459147644043, 1.0844190338134765, 1.0924966026306153, 1.1773081733703614, 1.191697914123535, 1.193977481842041, 1.211895683288574, 1.2590582122802734, 1.3184324073791505, 1.303848055267334, 1.3271444702148438, 1.368498314666748, 1.3796546562194825, 1.416986685180664, 1.4581828170776368, 1.4622543785095214, 1.4717694366455079, 1.456360424041748, 1.477497208404541, 1.527409902191162, 1.499328857421875, 1.4948438552856445, 1.5243397094726563, 1.547307666015625, 1.5148729598999024, 1.566059242248535, 1.5198027130126952, 1.5886521377563476, 1.624435334777832, 1.567023893737793, 1.5585040603637694, 1.5954613006591798, 1.5903047393798828, 1.6104488021850587, 1.6214723724365234, 1.599087712097168, 1.6628773422241212, 1.6134687469482423, 1.6649528594970704, 1.6293076904296875, 1.6645424255371093, 1.6782931762695312, 1.6746022583007814, 1.729874967956543, 1.6450381027221679, 1.6845291717529296, 1.6808242935180664, 1.6977623397827148, 1.7413924575805664, 1.6542986083984375, 1.6818023727416993, 1.7636192153930663, 1.74777578125, 1.7278988174438477, 1.7279301055908203, 1.7068930755615235, 1.7437852081298828, 1.7827697998046874, 1.7586712707519532, 1.7813563552856446], "test_acc": [40.6, 48.66, 55.13, 62.3, 65.58, 69.06, 72.73, 71.74, 73.77, 76.28, 74.87, 75.53, 77.84, 77.85, 78.49, 79.44, 80.2, 75.39, 77.22, 81.76, 80.96, 80.93, 81.11, 81.59, 80.28, 79.97, 81.65, 78.99, 81.48, 79.06, 79.44, 78.99, 79.09, 77.98, 75.95, 77.3, 76.68, 76.5, 75.03, 73.31, 73.97, 74.01, 72.86, 71.4, 69.91, 69.64, 68.67, 67.66, 64.57, 64.98, 64.53, 63.56, 63.49, 62.23, 61.02, 61.38, 60.84, 61.43, 60.91, 59.53, 59.69, 59.91, 59.47, 58.89, 59.9, 58.25, 59.58, 57.97, 56.76, 58.45, 58.93, 57.64, 57.78, 57.36, 57.06, 57.72, 56.28, 57.09, 56.19, 56.96, 55.98, 56.0, 56.0, 54.59, 57.03, 56.06, 56.17, 56.03, 54.65, 56.92, 56.02, 54.08, 54.85, 55.49, 55.37, 55.64, 55.3, 54.31, 54.45, 54.5]}