{"train_loss": [2.2927166351905237, 2.2714069928878393, 2.2614180815525544, 2.253032228885553, 2.2454465358685223, 2.238100331257551, 2.2330848363729623, 2.2284590635544212, 2.22296442313072, 2.2193915073688215, 2.2158134460449217, 2.2117629057321793, 2.208225583418822, 2.2037830254970454, 2.20149408976237, 2.198257709160829, 2.194391701771663, 2.1911024827223557, 2.1872315474045583, 2.1848049176044952, 2.181281205935356, 2.1772214834506696, 2.173902425399193, 2.170308133883354, 2.1666668421182878, 2.162372021186046, 2.1588299457843485, 2.154565287859012, 2.146901705326178, 2.1440533778606317, 2.138145391757672, 2.132132834654588, 2.1252444358972404, 2.1179498229271325, 2.1117857988064106, 2.10260746326202, 2.09201658138862, 2.082950928272345, 2.0724677455730927, 2.0612929775164677, 2.052005107891865, 2.036983768450908, 2.0229037868670927, 2.009654886600299, 1.9962566843399634, 1.9818265364720271, 1.965757749019525, 1.9496749275769942, 1.9343788351768103, 1.9171959666105418, 1.8317963239474175, 1.79587867749043, 1.781765006444393, 1.7720649496102945, 1.7631389651543055, 1.7589954428183727, 1.748153539804312, 1.745741956661909, 1.7374862080965288, 1.7318775568252955, 1.7270037806951082, 1.7181930266893828, 1.7141398573533082, 1.7086561985504933, 1.70351245984053, 1.70013262064029, 1.6944828605040525, 1.6893353777054028, 1.683170864520929, 1.6793378279759335, 1.6746967334013718, 1.6715320599384798, 1.6653817840111562, 1.660831565123338, 1.656001777220995, 1.6515262255301841, 1.645656475654015, 1.642410247753828, 1.637778026324052, 1.633691092637869, 1.6324707560050182, 1.6248314823859777, 1.620498571640406, 1.6171614977029654, 1.6117322634427975, 1.6087639374610705, 1.605259544421465, 1.6007647761931787, 1.5973022839961908, 1.5955349799914238, 1.5933718849451115, 1.584360069494981, 1.5801672568688025, 1.577222040677682, 1.575128954496139, 1.5700761700287844, 1.565230085910895, 1.5635922609231412, 1.5587050948387537, 1.5574506646547561], "test_loss": [2.0178503509521484, 1.9659757919311522, 1.846542608642578, 1.7958279266357422, 1.840152618408203, 1.7370202911376953, 1.736063165283203, 1.7491441268920898, 1.6967151977539063, 1.6803667709350585, 1.652594175720215, 1.648908235168457, 1.612024789428711, 1.576778973388672, 1.5624550704956055, 1.5601540649414063, 1.5316712768554688, 1.5442907669067383, 1.511588818359375, 1.5581638290405273, 1.5468189529418945, 1.5234122482299806, 1.48686043548584, 1.536827410888672, 1.476764730834961, 1.4212803619384766, 1.4830493255615234, 1.5123845291137696, 1.4656981399536133, 1.4553265533447266, 1.464614013671875, 1.5014234588623048, 1.4845725326538086, 1.4458645812988282, 1.4915947952270507, 1.466069189453125, 1.4602482025146484, 1.4820541610717775, 1.4877407501220703, 1.4764964477539062, 1.562835922241211, 1.5386826553344726, 1.5370152572631837, 1.6076368606567384, 1.5575510482788086, 1.5404928939819336, 1.6607505477905273, 1.6322541473388672, 1.6201144256591797, 1.7137605056762695, 1.6767372116088868, 1.684874348449707, 1.7273351806640624, 1.7143236038208007, 1.7278016326904297, 1.7414525833129884, 1.746877212524414, 1.776871060180664, 1.7522996017456054, 1.7813715911865233, 1.7608979019165039, 1.7743260177612306, 1.761489273071289, 1.800273944091797, 1.8060446792602538, 1.795718751525879, 1.8268707855224608, 1.8536156066894531, 1.8382770416259766, 1.8355581359863282, 1.8382464492797852, 1.8454479537963868, 1.8441967086791993, 1.8486376037597656, 1.854696221923828, 1.881691424560547, 1.853853515625, 1.8596692718505858, 1.8729701095581055, 1.8646299728393554, 1.8834251327514648, 1.8854371154785157, 1.8701126556396483, 1.9182607528686524, 1.9137515243530274, 1.8773304733276368, 1.8895877990722656, 1.8694677856445312, 1.9349014709472656, 1.887084226989746, 1.8946339050292968, 1.9089084869384765, 1.915062809753418, 1.9278216537475585, 1.9079751617431642, 1.9462199172973633, 1.9135107635498048, 1.9404431854248048, 1.9245114120483398, 1.9173486877441406], "test_acc": [38.97, 38.42, 51.17, 52.23, 54.94, 61.78, 58.32, 59.31, 63.92, 66.41, 67.0, 66.35, 70.34, 70.68, 73.65, 73.66, 73.36, 74.65, 71.37, 71.03, 73.81, 72.95, 76.04, 73.69, 74.74, 75.52, 74.94, 74.77, 72.94, 74.06, 71.85, 72.8, 72.22, 73.82, 69.75, 72.39, 69.92, 70.72, 70.52, 68.61, 64.75, 65.57, 63.34, 60.73, 61.33, 61.39, 56.21, 56.82, 55.99, 51.97, 52.77, 51.77, 49.71, 49.97, 49.28, 48.83, 48.63, 47.45, 48.19, 47.02, 47.95, 47.64, 48.24, 46.23, 46.4, 46.46, 45.23, 44.07, 44.73, 44.65, 44.79, 44.51, 44.71, 44.31, 44.16, 43.05, 44.16, 43.94, 43.36, 43.57, 43.21, 42.88, 43.62, 41.85, 41.82, 43.14, 42.78, 43.82, 41.24, 42.84, 42.68, 42.3, 41.99, 41.58, 42.29, 41.02, 42.19, 41.13, 41.7, 42.2]}