{"train_loss": [2.1885514265451675, 2.114496049514184, 2.0725780218075482, 2.0419173020582932, 2.0205492245845305, 2.004297062678215, 1.9899037000460502, 1.9808194356086926, 1.970968764867538, 1.9622271968768192, 1.9535946488380431, 1.9484591389313721, 1.940453336177728, 1.9354995553310101, 1.9283539976829138, 1.9232926237277495, 1.9191536744435629, 1.9138366592236054, 1.9081131690587754, 1.9035343488057455, 1.8987866178537027, 1.8945708125065535, 1.8898604371608831, 1.8839741945266724, 1.8801212543096297, 1.8748043093925868, 1.870875692061889, 1.8641418267519045, 1.8588640426978087, 1.853521134914496, 1.8489709759369874, 1.8428626323357606, 1.8366563650277945, 1.8314577753727252, 1.8256988586523595, 1.8196768928796818, 1.8151506350590632, 1.8069798258634715, 1.8030694282971895, 1.796412773621388, 1.7888849136156915, 1.7832221615008819, 1.7788823690169897, 1.7706550378065842, 1.7652201539430863, 1.7564485556040055, 1.7511239681488429, 1.7441437189395612, 1.7383230426372627, 1.7289303944661067, 1.6874008453809297, 1.6689957502560737, 1.6611895784353599, 1.6554608907455053, 1.6504979567650038, 1.6463671739284809, 1.6429178103422508, 1.638013848891625, 1.6349774006085518, 1.6313363179182394, 1.6285769594021333, 1.6253963030301608, 1.6231238044225254, 1.6200098331157977, 1.6178281493676014, 1.6135715521298921, 1.6107209969789553, 1.6083432093644754, 1.6053028439864134, 1.6025458983885936, 1.6012697913707832, 1.5981786351937515, 1.595913251241048, 1.5943616894575265, 1.5917538123253063, 1.589196089292184, 1.5856923607679514, 1.5848042020430932, 1.5827990855926122, 1.5802388998178336, 1.5776823331148198, 1.5764951770122235, 1.5729615297072972, 1.5709661856675758, 1.568711965206342, 1.565294767343081, 1.565233631623097, 1.5626483220320482, 1.5609423365348425, 1.5599638694371933, 1.557265913180816, 1.5548802112921691, 1.553630503324362, 1.5506922523180644, 1.5487633769328777, 1.5468396651439178, 1.5453453464385791, 1.5435601069377018, 1.5413433701564103, 1.5397886208998852], "test_loss": [1.604974185180664, 1.495897396850586, 1.5560471084594727, 1.2795004196166992, 1.2536983520507812, 1.2196697525024414, 1.1867415634155274, 1.2297247024536133, 1.2198401290893555, 1.1447667556762695, 1.0937989295959472, 1.1112087020874024, 1.0840439506530761, 1.0985353958129882, 1.0644334060668945, 1.0905305229187012, 1.0135186958312987, 1.0272531799316407, 1.0206082580566407, 1.0192250045776368, 1.0221620300292968, 0.9605286788940429, 0.9968484138488769, 1.0289917060852052, 1.0583759315490722, 1.0134091102600098, 1.0146702026367187, 1.0098932373046876, 1.0410453796386718, 1.016089956665039, 1.0149568840026855, 1.0201625106811523, 1.008577980041504, 1.028439933013916, 1.0355140625, 0.96717734375, 1.0721553802490233, 1.0396043869018554, 1.0680755081176758, 1.0009851112365722, 1.0460266258239745, 1.0545310371398926, 1.0776493263244629, 1.0162096649169923, 1.0603643310546875, 1.0702747230529785, 1.0962120101928712, 1.0853734840393066, 1.0802724853515624, 1.1103808044433594, 1.083346891784668, 1.1114992408752442, 1.0794069328308105, 1.1169973274230958, 1.1337480346679687, 1.1120633293151856, 1.1240985054016113, 1.1268474655151368, 1.1725470291137696, 1.1580336799621582, 1.1474763160705566, 1.1643805725097656, 1.1636833267211915, 1.1669496002197266, 1.1581040420532227, 1.1698309951782226, 1.1334513778686524, 1.1570658752441407, 1.170125534057617, 1.184496401977539, 1.1890565994262696, 1.1845826774597168, 1.2053097023010253, 1.2023399536132813, 1.1801138534545899, 1.2041982162475586, 1.2188617950439453, 1.1832783309936523, 1.1669693061828614, 1.211170085144043, 1.215900714111328, 1.2142828300476074, 1.2092065338134765, 1.2196506935119629, 1.1945752990722656, 1.2198609008789063, 1.2320523849487304, 1.206174388885498, 1.2121817138671875, 1.2061333854675294, 1.2260102020263672, 1.2292332237243653, 1.2319134452819824, 1.2236074615478516, 1.204688889312744, 1.2288459846496582, 1.226802749633789, 1.2318861679077149, 1.2431063636779784, 1.2336160163879395], "test_acc": [53.99, 62.92, 60.69, 72.15, 75.78, 77.04, 77.18, 76.71, 76.89, 81.08, 81.08, 80.25, 81.28, 83.24, 84.04, 82.55, 85.01, 83.18, 84.28, 85.3, 84.5, 86.49, 85.19, 85.48, 84.93, 85.26, 85.15, 84.82, 83.95, 84.75, 83.8, 84.51, 84.79, 83.46, 84.31, 85.33, 83.79, 83.14, 83.63, 83.3, 82.23, 82.2, 81.56, 81.82, 82.25, 81.13, 80.66, 80.08, 80.2, 79.37, 79.53, 78.25, 78.77, 77.74, 76.83, 77.4, 76.84, 76.46, 74.82, 74.92, 75.39, 74.87, 74.89, 74.83, 74.9, 74.31, 75.4, 74.55, 74.19, 73.74, 73.14, 73.31, 72.9, 72.28, 73.4, 72.66, 71.74, 73.06, 73.35, 71.9, 71.56, 71.75, 71.71, 71.16, 72.09, 70.89, 70.7, 71.59, 71.39, 71.36, 70.69, 70.14, 70.49, 70.44, 71.09, 70.09, 70.15, 70.49, 69.87, 70.22]}