{"train_loss": [2.2386131873497597, 2.189797725432958, 2.160057976307013, 2.1372437519904897, 2.12083517404703, 2.106555051986988, 2.0940043825369616, 2.0866204729446998, 2.076385393509498, 2.070073711260771, 2.064784164306445, 2.0586338330537846, 2.0530852623474902, 2.047237392266591, 2.0422373860310286, 2.0370769855303643, 2.032739161222409, 2.0265151259226677, 2.023421624684945, 2.017753937916878, 2.015132912305685, 2.0109094228499975, 2.005463669850276, 2.001109294096629, 1.9965561695587941, 1.9911247433760226, 1.9858018902631906, 1.9803375387803102, 1.9743181540415837, 1.9691365046378895, 1.9622720269056466, 1.9569896697998046, 1.949615186605698, 1.9450623909632365, 1.9362465225733243, 1.9287669585301326, 1.922395966297541, 1.914739453486907, 1.9066680581141742, 1.8989874142866867, 1.889796182131156, 1.8824790752851046, 1.8758266733242914, 1.8651731610298157, 1.8566913250165107, 1.8464280305764613, 1.8399445720207996, 1.8295924030817472, 1.8228201068364658, 1.812153969055567, 1.756580278200981, 1.733328303006979, 1.7237729696127084, 1.7170203459568514, 1.7103675603866577, 1.7048568572753515, 1.7008258859316507, 1.696871442366869, 1.6920824099809695, 1.6889653572669396, 1.68423948990993, 1.6801484019328385, 1.6773469854623844, 1.6744796774326227, 1.670661530433557, 1.6668333970583402, 1.6621292410752713, 1.65955323439378, 1.656761326545324, 1.653686252924112, 1.651308386753767, 1.6485568774052155, 1.6460233177894201, 1.6429843080349458, 1.6392922242482504, 1.6369473316730596, 1.6322858605629358, 1.6310882889307463, 1.6263782809942195, 1.6260066249431708, 1.6217342303349422, 1.6189013557556349, 1.6174069866155967, 1.616213025496556, 1.6108750178263738, 1.6097736624570993, 1.606133376329373, 1.6045654501670445, 1.6012042604959928, 1.5998909852443597, 1.5962110684468196, 1.5949577655547704, 1.5915381122858097, 1.5906304845443138, 1.588679767266298, 1.5859513729046553, 1.5838469208815158, 1.5799450813195643, 1.5770090833688393, 1.5765650003384322], "test_loss": [1.7601006088256836, 1.6166452606201172, 1.547109275817871, 1.4992080078125, 1.401596452331543, 1.3509856079101563, 1.397873698425293, 1.352899658203125, 1.3147874740600587, 1.2996058242797852, 1.2651892944335938, 1.289573651123047, 1.287538607788086, 1.1976267486572265, 1.223216015625, 1.2099375686645508, 1.1804390274047851, 1.2282084259033204, 1.2020876235961915, 1.1858094009399414, 1.16947225189209, 1.1570912551879884, 1.1841336990356446, 1.1496461517333985, 1.157443228149414, 1.1650539352416993, 1.2233963272094726, 1.1804543792724609, 1.1734744186401367, 1.1796491882324218, 1.1356491409301759, 1.1669772720336915, 1.1853183799743652, 1.1829603225708007, 1.176564461517334, 1.160867953491211, 1.1977336471557618, 1.2370013977050782, 1.2101027435302734, 1.225119627380371, 1.211082145690918, 1.2380118057250977, 1.197421385192871, 1.2485374923706054, 1.2491486846923827, 1.2863122817993164, 1.2739680282592774, 1.2641166061401368, 1.259327555847168, 1.294035173034668, 1.2819680923461914, 1.3200945388793945, 1.340503303527832, 1.3268454071044922, 1.331885887145996, 1.340327163696289, 1.3502544723510743, 1.3595533111572267, 1.3660988800048828, 1.3668406066894532, 1.395769561767578, 1.3605712188720702, 1.371297998046875, 1.3748333419799805, 1.4115716049194336, 1.3875026412963867, 1.3904490524291993, 1.3958354476928712, 1.3998581192016601, 1.4263908645629884, 1.4314433822631836, 1.3947363388061524, 1.399857489013672, 1.400427473449707, 1.4177294601440429, 1.4494882049560547, 1.4366785018920898, 1.4105844436645507, 1.3981008850097656, 1.4306408401489257, 1.4619070571899415, 1.413006657409668, 1.4400048141479491, 1.4641570327758788, 1.470271824645996, 1.4685888442993165, 1.423689454650879, 1.4560591522216797, 1.4682163208007812, 1.4826666213989257, 1.4506036407470704, 1.477990805053711, 1.4850622528076172, 1.4646962310791016, 1.4479329742431641, 1.5016984237670898, 1.442696031188965, 1.4921685089111327, 1.461029623413086, 1.454595509338379], "test_acc": [48.41, 56.48, 64.47, 65.28, 70.43, 75.21, 70.06, 74.18, 76.67, 79.24, 79.31, 80.86, 77.35, 81.89, 81.69, 82.05, 82.9, 82.0, 81.5, 82.71, 83.58, 83.57, 81.61, 83.5, 82.96, 84.25, 81.94, 82.98, 82.44, 82.21, 83.13, 82.73, 81.4, 81.02, 80.11, 81.63, 80.07, 78.04, 78.29, 77.79, 78.55, 77.5, 77.48, 74.89, 75.94, 74.52, 74.4, 74.04, 74.49, 71.46, 71.73, 69.39, 68.6, 69.1, 68.69, 67.81, 67.23, 66.68, 66.76, 66.34, 65.02, 66.31, 66.24, 65.81, 64.32, 65.23, 65.16, 64.65, 64.35, 63.43, 63.09, 64.25, 64.61, 64.35, 63.5, 62.45, 62.43, 63.76, 64.3, 62.86, 61.77, 63.79, 62.42, 61.63, 61.37, 61.62, 62.95, 61.37, 61.08, 60.53, 61.75, 60.49, 60.41, 61.0, 61.47, 59.43, 61.74, 60.18, 60.96, 61.21]}