{"train_loss": [2.291791061254648, 2.2775445858637493, 2.269554445071098, 2.262549792803251, 2.257546448096251, 2.253004879829211, 2.2496897293971134, 2.2464064347438324, 2.244086679434165, 2.2407878618973953, 2.2390173105093147, 2.237148504379468, 2.2350177709872905, 2.2340063443550697, 2.2319938017771794, 2.2302147914201784, 2.228829163771409, 2.2279093925769513, 2.225807902751825, 2.223976672001374, 2.2227677956605567, 2.2214567312827476, 2.219672480607644, 2.217916151804802, 2.215986133233095, 2.21466007232666, 2.212545499434838, 2.2108068936910383, 2.2085826800419732, 2.206740874510545, 2.204533951099102, 2.2020668286543628, 2.199711042184096, 2.1974456230799357, 2.194951944473462, 2.1919123863562557, 2.1895555918033307, 2.1867805792735173, 2.184245640803606, 2.1807658629539683, 2.178623381639138, 2.176127018072666, 2.172479951687348, 2.1699921504045143, 2.165650946666033, 2.1636485546063153, 2.1606301637796257, 2.1574700269943627, 2.1545100468855636, 2.151436159549615, 2.1317511833631073, 2.1238481686665462, 2.120390528287643, 2.117008500221448, 2.1148379766024075, 2.1130836651875424, 2.1111751140692294, 2.109745361866095, 2.1082506247055837, 2.1062874439435126, 2.1052590015607002, 2.1036187055783393, 2.102245011085119, 2.101672252630576, 2.10018586623363, 2.098506606542147, 2.09726596000867, 2.096283350235377, 2.095862303636013, 2.0945063395377916, 2.0930366662832407, 2.092187123420911, 2.0910877068837483, 2.090244044401707, 2.088879975905785, 2.0882105760085277, 2.086081962707715, 2.08532772064209, 2.0840647550729603, 2.0836764690203546, 2.082234701132163, 2.081487096272982, 2.0799886752397585, 2.079453482383337, 2.078571929075779, 2.077697325364137, 2.076087934542925, 2.07526780580863, 2.075058108721024, 2.073888207093263, 2.072658323018979, 2.0723289605898736, 2.0704972291604067, 2.0698592595565013, 2.069271052800692, 2.068863231707842, 2.067400387617258, 2.066620977108295, 2.065591581662496, 2.065060230401846], "test_loss": [2.015575703430176, 1.9111637237548829, 1.833009243774414, 1.8019146530151366, 1.7859949478149415, 1.734786489868164, 1.6978301177978516, 1.6946620544433593, 1.7105543563842773, 1.6583910751342774, 1.6714360748291015, 1.6439809188842773, 1.5894841583251953, 1.6683127319335938, 1.6099710098266602, 1.5943474395751953, 1.564286264038086, 1.5993120712280273, 1.5842444412231445, 1.5851352966308594, 1.5696157836914062, 1.5565964599609374, 1.577863491821289, 1.564434733581543, 1.55122410736084, 1.5627564331054689, 1.5347077758789063, 1.556581753540039, 1.5494743759155274, 1.5651740203857423, 1.5196462799072266, 1.5444829055786133, 1.5628843383789062, 1.5629471878051757, 1.5509009765625, 1.570832339477539, 1.5968243957519532, 1.6049462936401366, 1.5845531845092773, 1.572836311340332, 1.588911051940918, 1.6048791870117187, 1.5759725326538085, 1.5959848495483397, 1.6266342224121093, 1.5970013092041015, 1.5878362365722656, 1.6597205276489257, 1.6359160385131837, 1.6227476043701172, 1.6576115127563475, 1.6758420944213868, 1.6729457015991211, 1.6634548782348633, 1.694413165283203, 1.6754526977539062, 1.699109324645996, 1.6699018341064453, 1.6873368682861327, 1.7021831451416016, 1.6949762832641602, 1.6998249908447265, 1.7006359893798828, 1.711508706665039, 1.6962664154052733, 1.7024103637695311, 1.6923420761108399, 1.7133344299316406, 1.735281948852539, 1.702157225036621, 1.7076975479125978, 1.7155773193359376, 1.7263578018188477, 1.7191037063598633, 1.7256288116455079, 1.7437259948730468, 1.7315090530395507, 1.7230106842041015, 1.7370474487304688, 1.7316306701660156, 1.7294887741088867, 1.7260313888549805, 1.7572799896240234, 1.7496278518676758, 1.7402671768188476, 1.7528594619750977, 1.7242749969482423, 1.738019969177246, 1.755314241027832, 1.7227566940307617, 1.7528024795532227, 1.752102880859375, 1.7508346725463868, 1.7230333404541016, 1.7400917205810547, 1.7458264877319336, 1.7217432022094727, 1.739148258972168, 1.7399278060913086, 1.745878302001953], "test_acc": [38.22, 48.75, 57.41, 61.05, 66.47, 67.28, 72.35, 71.89, 73.61, 75.68, 76.16, 75.45, 78.24, 75.78, 79.08, 80.53, 80.9, 75.25, 80.48, 80.11, 81.98, 81.86, 81.53, 81.7, 80.67, 81.34, 81.81, 82.19, 80.74, 80.03, 81.67, 79.96, 79.98, 80.74, 79.76, 78.97, 78.18, 77.4, 77.08, 77.51, 76.79, 76.27, 75.63, 75.05, 72.29, 73.94, 72.68, 70.15, 70.19, 69.47, 66.08, 64.65, 64.05, 64.21, 62.27, 62.98, 61.47, 62.81, 61.8, 60.49, 60.6, 60.3, 60.27, 59.24, 59.99, 59.7, 60.31, 59.15, 57.65, 59.49, 59.06, 58.36, 57.54, 58.4, 57.72, 56.74, 57.06, 57.4, 56.67, 56.62, 56.81, 56.91, 55.12, 55.91, 55.9, 55.26, 56.87, 56.02, 54.92, 56.58, 54.58, 54.55, 54.66, 56.27, 55.07, 54.94, 56.35, 55.41, 54.78, 54.44]}