{"train_loss": [2.292135480734018, 2.278788668070084, 2.2708459958052023, 2.26506956968552, 2.260964146638528, 2.257314145870698, 2.2540693313647537, 2.2515216631767077, 2.2492365610905183, 2.2474669077457525, 2.2459255304092016, 2.2445164075264565, 2.2427000993337387, 2.241579204950577, 2.2399965775318633, 2.238623405725528, 2.237731560682639, 2.236258860123463, 2.2348227164684196, 2.2337641251392855, 2.233145507176717, 2.2318073162665732, 2.230369750047341, 2.229153125714033, 2.228033687518193, 2.2265939235687258, 2.2253304781057897, 2.2242306697062957, 2.222537259566478, 2.2213660845389733, 2.2197123252428494, 2.2184543976416955, 2.2168636835538424, 2.2147351081554705, 2.2135128253545515, 2.211794946132562, 2.210265803337097, 2.2085358607463346, 2.2069740203710704, 2.204940067193447, 2.2029817581176756, 2.2018051135234344, 2.200165440486028, 2.1977894281729675, 2.1959705022665172, 2.193867014004634, 2.192355070358668, 2.190448191838387, 2.1880266012289584, 2.1865264990390876, 2.173344069872147, 2.167899191685212, 2.1657707226582064, 2.163840389251709, 2.1622767894695967, 2.1609397668104906, 2.1596020130010753, 2.1587832811551215, 2.157480596884703, 2.1561217149098715, 2.1558930384807096, 2.1547905818009987, 2.1541822977555105, 2.1531491738099318, 2.1522796704218936, 2.151056046363635, 2.1505358958855654, 2.1494846392900517, 2.148409064610799, 2.147962315265949, 2.1468219524774796, 2.1461231170556485, 2.1454949067189144, 2.1450500512734436, 2.1441930874800073, 2.1432406657781358, 2.142387981292529, 2.1416560038542136, 2.1407753999416643, 2.140105053094717, 2.139864151294415, 2.138839399508941, 2.13850085857587, 2.1376211190835024, 2.1369581057475164, 2.1362361486141497, 2.135736178740477, 2.1347387350522555, 2.1341186199432762, 2.13344172392136, 2.1334182476386045, 2.13214862652314, 2.13178965372917, 2.1312249550452598, 2.130769780354622, 2.1293520450592043, 2.129215131050501, 2.12872635951409, 2.128419654797285, 2.126985518137614], "test_loss": [1.9942047531127929, 1.9233159866333007, 1.8617690887451173, 1.8127504333496094, 1.77159599609375, 1.7456763122558594, 1.7530080200195313, 1.7433203170776368, 1.7018733276367188, 1.6946930770874022, 1.6476129043579102, 1.7019077972412109, 1.6811415954589843, 1.6347794403076172, 1.6275681686401366, 1.6271580352783204, 1.631127992248535, 1.6422437286376954, 1.612325099182129, 1.6123067779541016, 1.6139170822143554, 1.5892573089599609, 1.5908326995849609, 1.614818327331543, 1.6233901458740234, 1.6134697631835937, 1.6105604064941406, 1.6241203094482421, 1.5880743087768554, 1.5969663284301758, 1.59136844329834, 1.5773284912109375, 1.5897938217163086, 1.6048993133544922, 1.5868706649780273, 1.5715875213623047, 1.6180859619140624, 1.5909915725708008, 1.5960486877441407, 1.5920115127563477, 1.6162348602294923, 1.6071887390136719, 1.57815486907959, 1.6112017181396485, 1.618829135131836, 1.6361964782714844, 1.650072267150879, 1.644173585510254, 1.6837661865234375, 1.6254137481689452, 1.64369248046875, 1.6474544631958008, 1.6673601379394531, 1.6615176513671874, 1.6503795684814453, 1.6690186431884766, 1.6725610778808593, 1.6768916534423828, 1.6788742218017578, 1.6734582946777343, 1.6968670135498047, 1.6768614990234374, 1.6757073135375977, 1.6873071334838867, 1.6943091506958008, 1.6954761154174804, 1.706186863708496, 1.6951660186767579, 1.6848627868652344, 1.6982123596191405, 1.6978782958984375, 1.6909513732910155, 1.6844886154174805, 1.6878807540893555, 1.673133319091797, 1.7008458770751953, 1.7247559371948242, 1.6949688568115235, 1.692079182434082, 1.704235710144043, 1.7118561279296876, 1.6975441925048829, 1.7173147994995117, 1.7131769622802735, 1.7119162841796876, 1.712910578918457, 1.7111387664794921, 1.715367315673828, 1.7208455917358398, 1.6829162933349608, 1.7000521987915038, 1.7299652450561522, 1.7248199401855469, 1.7260328430175782, 1.6933725463867189, 1.7295832168579102, 1.707328009033203, 1.7225088073730468, 1.7065253753662109, 1.723773811340332], "test_acc": [45.99, 54.37, 63.08, 66.69, 67.66, 73.78, 69.05, 74.74, 77.88, 80.16, 79.85, 78.28, 78.58, 82.18, 82.38, 81.48, 81.52, 81.88, 83.47, 82.2, 84.1, 83.52, 82.2, 83.49, 82.53, 84.48, 82.35, 83.51, 81.9, 82.91, 83.79, 83.27, 82.95, 80.95, 81.48, 82.03, 82.05, 81.04, 81.04, 79.95, 79.56, 80.27, 79.86, 77.99, 77.14, 76.61, 75.47, 76.0, 71.84, 74.61, 71.91, 71.42, 69.92, 69.14, 69.57, 68.21, 67.44, 67.15, 66.95, 66.61, 65.59, 65.9, 66.42, 65.31, 64.6, 64.51, 63.48, 64.06, 64.5, 63.19, 63.69, 63.85, 64.45, 64.0, 64.84, 62.6, 61.06, 62.92, 63.28, 61.82, 61.36, 62.67, 60.98, 61.77, 61.42, 61.2, 61.2, 60.78, 60.64, 62.67, 61.77, 59.77, 60.34, 59.85, 61.72, 59.33, 60.62, 59.66, 60.88, 59.89]}