{"train_loss": [2.282112212670155, 2.2527792930603026, 2.2372806689678093, 2.226728117771638, 2.215645582248003, 2.2063380455359436, 2.197459639647068, 2.1911137733704003, 2.183315462943835, 2.178294790096772, 2.1732192400174264, 2.1670412155298084, 2.1624561383174017, 2.155163546708914, 2.1528831714238876, 2.1473564942677816, 2.142320927595481, 2.1375859670149975, 2.1316394799794907, 2.12821686848616, 2.1227089524269105, 2.117687639517662, 2.1117597185648407, 2.108513418833415, 2.10166595348945, 2.095416975938357, 2.0898637086917193, 2.0827618889319592, 2.073220065006843, 2.0692604077168, 2.0586548637121154, 2.0491363876905195, 2.039280203672556, 2.0290145880136734, 2.0179241088720468, 2.0051342551524822, 1.990468495625716, 1.974844363408211, 1.9586533072667245, 1.940915979177524, 1.9208826902585152, 1.9008816838264466, 1.8798241639748599, 1.8601004551618527, 1.837151807699448, 1.8116461790524996, 1.7876235005183099, 1.7602183711834443, 1.7346735382691407, 1.7061077567247245, 1.5656670279991933, 1.5176203990593935, 1.4972618751036815, 1.479127725576743, 1.471593441718664, 1.4571406621199388, 1.443359081256084, 1.4367771772237925, 1.429456209219419, 1.4194914707770714, 1.4107900983248, 1.4051278493343256, 1.3937726201155247, 1.3870097487400739, 1.3831928549668728, 1.372178456416497, 1.3651747599626198, 1.3562082608540853, 1.3506228037369556, 1.3432157470629766, 1.3365225642155378, 1.329188920595707, 1.3192264144237225, 1.3119592901987907, 1.3097467174896826, 1.2992786178222069, 1.2943756461143494, 1.2853033408140524, 1.2819633899590908, 1.2725421764911748, 1.2666225910186768, 1.2642288580918923, 1.2537521389814523, 1.2463565973135142, 1.2393962083718715, 1.2346414245091952, 1.2306460661765857, 1.2234402088018563, 1.216281338227101, 1.2099121735646174, 1.2056604263110038, 1.1982080835562485, 1.1915271184383294, 1.1893171542730088, 1.1862312781505095, 1.1757366162080032, 1.1686326815531805, 1.1664045456128243, 1.1590818209525866, 1.1551604967850906], "test_loss": [1.969931298828125, 1.9257692916870117, 1.7581913345336915, 1.6923179092407226, 1.7725443328857422, 1.6525768249511719, 1.6780779342651366, 1.6612238082885742, 1.6218050384521485, 1.599535023498535, 1.5732393051147462, 1.562054637145996, 1.5086071823120117, 1.4758949417114258, 1.4627613220214843, 1.461741842651367, 1.406517318725586, 1.4335461715698241, 1.3717323806762696, 1.3992137802124023, 1.4278305160522462, 1.4313779129028321, 1.3675377365112305, 1.4377542861938477, 1.3851690948486328, 1.3372944534301758, 1.3681420944213867, 1.4199396530151367, 1.324556170654297, 1.3785799133300782, 1.3602767898559571, 1.3684021591186524, 1.3457835556030273, 1.3269997314453126, 1.3880856185913086, 1.3345010284423828, 1.374176156616211, 1.4142233871459962, 1.399021794128418, 1.415577362060547, 1.4669155883789062, 1.4352086853027344, 1.4235966751098632, 1.4861769180297852, 1.5001076843261718, 1.5063189346313477, 1.5660893447875976, 1.5805111465454103, 1.5815739120483399, 1.6581295791625976, 1.6811226211547852, 1.697243016052246, 1.7357942764282226, 1.7266411026000976, 1.7573599243164062, 1.7390961502075195, 1.765920704650879, 1.7854375457763672, 1.8000398651123046, 1.791468785095215, 1.7786486755371094, 1.8058323333740234, 1.7916089736938476, 1.805816781616211, 1.837852815246582, 1.8237326721191407, 1.8457336868286134, 1.880648178100586, 1.8742398803710938, 1.8797159545898436, 1.8762793685913086, 1.895289422607422, 1.9058907638549805, 1.8958805892944337, 1.919334605407715, 1.919653567504883, 1.925536833190918, 1.904638330078125, 1.9451379837036133, 1.959507763671875, 2.021182075500488, 1.9610228561401368, 1.9396223068237304, 1.9770686309814454, 1.956685432434082, 1.9887924041748046, 1.9900455993652344, 1.9899834548950195, 2.0460836364746093, 2.0065742431640623, 1.9993854080200195, 2.0321477203369143, 1.9925815521240235, 2.0033116622924805, 2.0127113372802734, 2.010177410888672, 2.01371720123291, 2.030040744018555, 2.0198421875, 2.09963515625], "test_acc": [37.73, 38.78, 50.69, 52.31, 51.93, 59.46, 58.19, 59.69, 62.52, 66.0, 66.63, 66.21, 69.71, 70.38, 71.65, 72.16, 74.14, 73.79, 71.86, 75.85, 74.64, 73.61, 75.38, 72.97, 74.21, 74.99, 74.08, 74.34, 75.24, 73.23, 73.67, 73.38, 73.41, 73.44, 71.49, 72.2, 69.43, 69.95, 68.84, 66.11, 65.04, 64.4, 63.43, 62.33, 60.76, 60.45, 56.4, 56.63, 55.23, 52.41, 51.06, 50.16, 48.63, 48.93, 47.79, 48.6, 47.6, 47.65, 46.42, 46.61, 47.56, 46.38, 47.05, 46.68, 45.96, 46.47, 45.19, 44.51, 44.71, 44.08, 44.65, 44.12, 44.45, 44.1, 43.49, 43.75, 43.33, 44.55, 42.95, 42.81, 41.12, 42.81, 43.34, 42.65, 42.93, 42.28, 41.81, 42.14, 40.9, 42.08, 42.13, 41.4, 42.56, 42.37, 42.12, 42.33, 42.32, 41.71, 42.41, 40.03]}