{"train_loss": [2.0111492942541074, 1.842758832833706, 1.7731741345845735, 1.7283939621387383, 1.7010762410286144, 1.679133775906685, 1.6622923713464004, 1.6480220311727278, 1.635644187988379, 1.6273434042930603, 1.6157670696576436, 1.6080888763452188, 1.5997959045263437, 1.5948482904678736, 1.5886105094200527, 1.5831419608531854, 1.5780832984508613, 1.5721344602413667, 1.5679386698282682, 1.56294540869884, 1.5595271755487492, 1.5558814785419366, 1.5535184796039874, 1.5485843802109742, 1.5456079663374485, 1.5438296189674965, 1.5414193272590637, 1.5372770664019462, 1.5341963450113931, 1.5329034285667615, 1.5296924056150973, 1.527262021945073, 1.5254172233434824, 1.5245962072641421, 1.521273962656657, 1.520736947732094, 1.5194518422469114, 1.5180745244026184, 1.513564305427747, 1.5151431147868817, 1.511388085438655, 1.5122642676035563, 1.5098728017929273, 1.5091027137560722, 1.5064205725987752, 1.506690117640373, 1.5069939964856858, 1.5036691940747775, 1.5029612929393084, 1.501591185728709, 1.488875034222236, 1.4843827452415075, 1.4817778037144587, 1.4808929266073765, 1.4801780908535689, 1.4784446875254313, 1.4780519650532649, 1.4773342765294588, 1.4770373998544155, 1.476269981188652, 1.4756722529729207, 1.474731916953356, 1.474128317221617, 1.4733167850054227, 1.472970907199077, 1.4721227869009361, 1.4713784985053233, 1.4711166501045227, 1.4706837372902113, 1.4702986836433412, 1.4692353282219324, 1.4685890637911283, 1.4679894942503708, 1.4676988635307704, 1.4669179314222092, 1.466246345715645, 1.465887151314662, 1.4650123330262992, 1.4650137112690853, 1.4643167003607138, 1.4636042903631161, 1.4632550141750238, 1.462540133488484, 1.462123439556513, 1.461193107947325, 1.4612124268825237, 1.4603211250060644, 1.4596306629669973, 1.4592531986725636, 1.458957853072729, 1.4580367809686905, 1.4575705332633777, 1.4572500549829923, 1.4560700385998457, 1.4558463093562004, 1.454949946892567, 1.4544629203967558, 1.4541122048329085, 1.4534450310927172, 1.453086375273191], "test_loss": [1.453086848449707, 1.0934017723083496, 1.058615608215332, 0.9846894676208496, 0.9244468528747558, 0.8323901824951172, 0.883270785522461, 0.7909282180786132, 0.8208006286621093, 0.8010887405395508, 0.7777898025512695, 0.7626775779724121, 0.759358324432373, 0.7530017509460449, 0.7576718772888184, 0.7506589347839355, 0.7209095207214355, 0.6896300170898437, 0.7172063415527343, 0.7673318572998047, 0.6976218070983887, 0.6805197845458985, 0.6819357734680176, 0.6879008880615234, 0.6912376495361328, 0.688054940032959, 0.6667605987548828, 0.686337947845459, 0.70927109375, 0.6807651885986328, 0.6742957481384277, 0.6936213729858398, 0.6979690567016602, 0.6941694808959961, 0.6773658561706543, 0.6841936897277832, 0.6867403861999511, 0.6873912658691407, 0.6754196479797363, 0.6783954093933106, 0.6803037033081055, 0.6825910400390625, 0.6993158798217773, 0.6609292221069336, 0.6851669998168946, 0.700214461517334, 0.6788924125671387, 0.6794962249755859, 0.6753182006835937, 0.6642677177429199, 0.6475331077575683, 0.6482613143920899, 0.6449576667785645, 0.6516189559936524, 0.654845809173584, 0.6637504302978515, 0.66607193069458, 0.6565483627319336, 0.6600871490478516, 0.6628674087524414, 0.6632626472473144, 0.6651034156799316, 0.6624058647155762, 0.6655678970336915, 0.6654150756835937, 0.677685334777832, 0.6798737632751465, 0.6814448654174805, 0.6726360244750976, 0.6671197242736816, 0.6733571937561035, 0.6834107559204101, 0.6858066703796387, 0.6786757232666015, 0.6840831481933594, 0.6815874954223633, 0.679510018157959, 0.6772522994995117, 0.6766320426940918, 0.6777921287536621, 0.68178765335083, 0.6707316146850586, 0.6878004760742188, 0.6856714401245118, 0.6798812919616699, 0.6765382972717285, 0.6851216941833496, 0.678503207397461, 0.6802615821838379, 0.6808864494323731, 0.6865941802978516, 0.6812753128051758, 0.6868023147583008, 0.6782784248352051, 0.6865903396606445, 0.67732900390625, 0.6814575874328613, 0.6879393310546875, 0.6811432006835938, 0.6896226371765136], "test_acc": [52.07, 72.48, 74.4, 78.15, 79.61, 83.91, 83.04, 85.62, 84.57, 84.52, 86.02, 87.65, 87.26, 87.58, 87.2, 87.53, 88.49, 89.63, 88.48, 87.35, 89.27, 89.63, 89.27, 90.4, 89.82, 89.83, 90.56, 90.21, 89.13, 90.53, 90.33, 90.62, 89.85, 90.04, 90.56, 90.27, 90.61, 90.11, 90.7, 90.23, 90.37, 90.27, 90.09, 90.88, 90.55, 90.12, 90.43, 91.0, 90.6, 90.91, 92.15, 92.33, 92.26, 92.23, 92.26, 92.29, 92.12, 92.34, 92.43, 92.15, 92.49, 92.22, 92.34, 92.17, 92.14, 91.96, 92.08, 92.1, 92.22, 91.97, 91.95, 91.85, 91.65, 91.9, 91.92, 91.67, 91.9, 91.77, 91.55, 91.76, 91.78, 91.7, 91.44, 91.35, 91.63, 91.8, 91.45, 91.37, 91.52, 91.37, 91.48, 91.64, 91.3, 91.54, 91.16, 91.28, 91.33, 91.25, 91.31, 91.36]}