{"train_loss": [2.3046762894361446, 2.290974970352955, 2.2854535720287226, 2.2806183490997705, 2.2760044758136457, 2.2708526574648342, 2.268464120840415, 2.263237613898057, 2.2618849167456996, 2.2602404019771476, 2.2571727049656403, 2.2542657430355364, 2.25178970129062, 2.25117505024641, 2.2478637603613048, 2.246324547743186, 2.2441449562708535, 2.24152715634077, 2.2389085476215067, 2.236841449370751, 2.234476016729306, 2.2316144533646414, 2.230006549908565, 2.226902021505894, 2.224499476872958, 2.2218996634850137, 2.2192282554430838, 2.215918420522641, 2.2139587983106956, 2.2094036157314596, 2.205252975072616, 2.2015736781633817, 2.1972647226773776, 2.1923003105016856, 2.1880926101635665, 2.182002073679215, 2.1753671047015066, 2.169214924787864, 2.161281846731137, 2.1552152407475007, 2.1467261369411763, 2.1378263858648445, 2.1261837384639644, 2.1183199332310605, 2.107883535287319, 2.0959497610727946, 2.086555556456248, 2.072220476468404, 2.061523694564135, 2.0471169942464584, 1.981254914173713, 1.9536537158183562, 1.940526202091804, 1.9317728008979407, 1.9268245382186695, 1.9197834060742305, 1.9131895471841862, 1.9097278604140648, 1.9027041838719294, 1.8999279972834464, 1.8928285916646321, 1.8889099448155133, 1.8841331359667657, 1.8789620588987301, 1.8751117049119412, 1.8699538136139895, 1.8674259463946024, 1.8599607745806377, 1.8594346217620068, 1.8531056336867504, 1.8489092508951823, 1.8477989743917416, 1.8415819541001932, 1.8383698267814441, 1.8336638792967186, 1.828578172891568, 1.826933333201286, 1.822805150349935, 1.8181584037267244, 1.8138977876076332, 1.8107640514006982, 1.8076041349997887, 1.8023188529870449, 1.799122931712713, 1.795677644167191, 1.790632357964149, 1.7874395718941323, 1.7845190797096644, 1.7805556651873466, 1.7777143930777526, 1.773414902198009, 1.7711657511882293, 1.7660481942005646, 1.7629047699463674, 1.758917242135757, 1.7534373469841786, 1.7509622378227039, 1.7508450874915489, 1.7451323093512119, 1.741611448312417], "test_loss": [2.0851345123291014, 2.0564292266845703, 1.980270750427246, 1.9479711395263672, 1.9068606475830079, 1.9262603317260742, 1.8671073364257813, 1.8261354721069336, 1.7941126419067384, 1.856894889831543, 1.7565825088500977, 1.7558602752685546, 1.7819970611572267, 1.7750010635375977, 1.765994012451172, 1.7387301422119141, 1.6922621536254883, 1.6933483642578124, 1.7047485702514649, 1.670156330871582, 1.694608283996582, 1.71377804107666, 1.658630517578125, 1.652804412841797, 1.6465877014160155, 1.6387622131347657, 1.661995050048828, 1.6817529190063476, 1.6767089294433595, 1.6119866638183593, 1.6537380966186523, 1.625402508544922, 1.6957398498535157, 1.6127007507324218, 1.6626079223632813, 1.6227945449829102, 1.588669758605957, 1.6825379531860352, 1.5979079879760743, 1.6933922958374024, 1.6645814071655274, 1.7464218490600585, 1.6847715454101562, 1.6923757049560546, 1.695563070678711, 1.720671728515625, 1.7009297790527345, 1.7679709045410157, 1.7828907699584962, 1.7881304550170898, 1.815358528137207, 1.8302854202270509, 1.8471305709838868, 1.8727473434448243, 1.8976098403930663, 1.886118051147461, 1.8951889053344726, 1.903504946899414, 1.9072915374755859, 1.9136704483032227, 1.906684176635742, 1.9272308410644532, 1.9327918655395508, 1.9254782958984376, 1.9527975677490235, 1.9638607971191406, 1.9638518432617187, 1.9745920776367187, 1.9405311813354493, 1.9721556518554688, 1.9439940078735352, 1.9613071350097657, 1.982975112915039, 1.9595502670288085, 1.9564153549194336, 2.004925061035156, 1.982757664489746, 1.9832032165527345, 1.9948940719604493, 2.0141665328979492, 2.0352264602661134, 2.053153268432617, 2.031077003479004, 2.012426565551758, 2.0489430404663085, 2.030668229675293, 2.0240351409912107, 2.03185549621582, 2.0471066970825196, 2.014964489746094, 2.0348002670288086, 2.0388995300292967, 2.0186106796264647, 2.0282662841796877, 2.041745945739746, 2.0749290969848633, 2.070474011230469, 2.0699017440795897, 2.0664250198364256, 2.062273831176758], "test_acc": [28.56, 36.95, 47.23, 51.59, 50.02, 53.19, 57.43, 61.8, 57.06, 58.24, 63.32, 63.92, 62.41, 63.29, 68.54, 61.86, 68.61, 70.73, 70.55, 71.72, 70.6, 69.77, 70.55, 70.4, 72.94, 71.36, 70.44, 69.48, 69.35, 70.75, 69.53, 71.04, 68.7, 68.64, 65.92, 69.71, 69.19, 66.75, 65.49, 63.7, 63.97, 59.76, 60.98, 60.57, 57.48, 57.86, 55.45, 50.99, 50.49, 50.21, 47.36, 46.53, 45.34, 44.16, 43.1, 43.4, 43.06, 42.12, 42.14, 41.79, 42.12, 41.25, 41.24, 41.2, 39.83, 39.7, 39.94, 39.42, 40.9, 39.23, 40.41, 39.61, 39.01, 39.85, 40.09, 38.41, 38.9, 39.39, 38.31, 37.47, 36.86, 36.45, 37.23, 37.59, 36.56, 36.89, 37.39, 37.26, 36.84, 37.69, 36.99, 36.79, 37.92, 37.43, 36.74, 35.94, 35.9, 35.99, 36.2, 36.23]}