{"train_loss": [2.3239344340104324, 2.313683745188591, 2.3122217300610663, 2.3100587050120036, 2.3094711933380516, 2.308296535565303, 2.3090464445260857, 2.309215442950909, 2.3072959899902346, 2.3079027793346305, 2.306803828630692, 2.3056022729629126, 2.3058854763324446, 2.304744567015232, 2.3046087589019386, 2.3043114472658206, 2.3037823646496505, 2.3038195359401215, 2.3027876138687136, 2.302775553556589, 2.3025165490615063, 2.3022578820204123, 2.3016035948044213, 2.3012896115963275, 2.3016413853718682, 2.300663562921377, 2.299499890131828, 2.3001050551732383, 2.2992841879526775, 2.2989396975590632, 2.2978982742016134, 2.2976149088297135, 2.297059876490862, 2.296327746831454, 2.295542811124753, 2.2945961310313296, 2.2934991182425084, 2.2928070123379047, 2.2916294366885452, 2.2906707568046376, 2.2890777013240715, 2.287856155175429, 2.285555644524403, 2.284295711761866, 2.2817878930996627, 2.279566265986516, 2.276192447466728, 2.2742199769386877, 2.269564273418524, 2.2657618540983933, 2.244889369377723, 2.236519933358217, 2.2316959698994956, 2.227404879301022, 2.2245406774374157, 2.221842534114153, 2.2182439950796273, 2.2158987185893912, 2.213205152291518, 2.2115501574980905, 2.2088970294365518, 2.2065617261788786, 2.201942113118294, 2.1993305946007755, 2.197617268562317, 2.195307567792061, 2.1922314484914143, 2.190585888349093, 2.187619731365106, 2.1854477839592175, 2.1809796755130475, 2.1793770912366037, 2.1755744866835767, 2.171631698119335, 2.1685936799416177, 2.165048445188082, 2.1602240146734775, 2.1582683068055375, 2.1560956899936383, 2.1513749605570083, 2.148617499302595, 2.1450842349957195, 2.142477009235284, 2.1399624011455436, 2.1319362096297434, 2.130425555889423, 2.12469864930862, 2.1201639698101924, 2.117409239671169, 2.1125246537037383, 2.1096639816577616, 2.103730493936783, 2.102854347534669, 2.097354805775178, 2.090025899349115, 2.087555773747273, 2.0828351482366902, 2.079691990216573, 2.0719386727381974, 2.0690631142029394], "test_loss": [2.3001796752929686, 2.2563644775390626, 2.2727032409667967, 2.24115207824707, 2.2667243865966795, 2.2604370208740234, 2.260312347412109, 2.252923648071289, 2.240053381347656, 2.2426943786621094, 2.2379153900146482, 2.223390740966797, 2.2589330444335936, 2.2257048919677733, 2.231572039794922, 2.2353738037109374, 2.225661898803711, 2.2328785247802734, 2.2224041473388674, 2.233745309448242, 2.211021600341797, 2.2247063720703126, 2.2281506408691407, 2.2048120025634765, 2.2060421997070314, 2.2305788818359376, 2.209791680908203, 2.2126481658935546, 2.1985297271728514, 2.197036962890625, 2.2058433837890625, 2.1910680908203126, 2.20119013671875, 2.192938784790039, 2.186524142456055, 2.181209213256836, 2.179019631958008, 2.187362432861328, 2.154867108154297, 2.163022268676758, 2.178003561401367, 2.1742987579345705, 2.173319079589844, 2.1575986297607423, 2.150868927001953, 2.1784922576904298, 2.1623752716064453, 2.1633767822265626, 2.1720353546142577, 2.181723583984375, 2.165748651123047, 2.1705146209716797, 2.1838753021240236, 2.1823809936523437, 2.1865107940673827, 2.1789483825683593, 2.1885562377929686, 2.1924122650146485, 2.1909029357910157, 2.1952049591064453, 2.200153939819336, 2.201304815673828, 2.2124498779296875, 2.2170457092285156, 2.216650765991211, 2.2194778625488283, 2.2248305938720705, 2.216394793701172, 2.2288010375976564, 2.2328901275634765, 2.2299467498779295, 2.2469551818847657, 2.2480663665771483, 2.2552080841064455, 2.251573486328125, 2.2499719177246096, 2.268570004272461, 2.2688552490234377, 2.2806519592285155, 2.2712518829345703, 2.2787664916992187, 2.272257312011719, 2.29836279296875, 2.296893960571289, 2.3016197631835937, 2.297931643676758, 2.3033440002441408, 2.3107968292236327, 2.301070584106445, 2.323519674682617, 2.329255334472656, 2.341787808227539, 2.3458943481445313, 2.3512224914550783, 2.356504672241211, 2.367829946899414, 2.3654869842529296, 2.375734408569336, 2.36651904296875, 2.385588491821289], "test_acc": [14.32, 18.88, 14.15, 14.32, 14.7, 16.54, 18.18, 22.05, 26.73, 16.45, 22.47, 25.5, 20.61, 28.08, 21.71, 18.67, 21.19, 25.13, 30.52, 25.95, 31.24, 24.67, 22.59, 27.05, 29.3, 32.03, 31.52, 29.52, 31.18, 33.97, 32.78, 27.65, 30.57, 34.24, 33.41, 30.84, 31.77, 31.22, 31.15, 33.48, 30.43, 30.48, 29.4, 30.0, 32.65, 26.96, 28.76, 28.09, 27.35, 26.08, 25.36, 24.78, 23.46, 23.5, 23.51, 23.71, 23.34, 23.16, 22.77, 22.87, 22.38, 22.02, 21.49, 21.92, 21.71, 21.44, 21.45, 21.57, 21.15, 20.59, 20.89, 20.19, 19.95, 20.02, 20.35, 19.76, 19.07, 19.39, 19.04, 19.23, 18.97, 19.47, 18.38, 18.58, 18.62, 18.69, 19.02, 18.71, 19.14, 18.3, 18.08, 18.1, 17.39, 17.78, 17.28, 17.21, 17.37, 17.22, 17.72, 16.87]}