{"train_loss": [2.13824169085576, 2.0319953456903117, 1.9728742730923188, 1.9291041108278129, 1.8984819684273158, 1.8740840178269607, 1.8532778177505884, 1.836368875320141, 1.8233262114035778, 1.809951572234814, 1.798586919063177, 1.7888634391320057, 1.7778164505958558, 1.7698887815842261, 1.7604578213813977, 1.7501450064854744, 1.742388263115516, 1.7340435908390925, 1.7265251465332814, 1.7173850062565925, 1.709412849866427, 1.700083508858314, 1.6923078558383844, 1.682690717623784, 1.6738324617728209, 1.665707094852741, 1.6576251173630738, 1.645909469249921, 1.6348974130092524, 1.6255533343706376, 1.6139255587871257, 1.600343159834544, 1.589751295859997, 1.5781033020753128, 1.5656429571983141, 1.5536963851023944, 1.537081841016427, 1.5255313133582091, 1.509137132228949, 1.4913605723625574, 1.4767028799423805, 1.4666501491497725, 1.4481320350598066, 1.4334195182873652, 1.4157110293706259, 1.396827299778278, 1.3838772798195864, 1.3663662907404777, 1.3486002402427868, 1.3364179733471993, 1.2381302705177895, 1.1988086373378068, 1.1818100009209072, 1.1729452811754666, 1.1629100460272568, 1.1530798413814642, 1.145273222678747, 1.1397721324211512, 1.1304597455721634, 1.124226187589841, 1.1198140582977196, 1.1149153920320365, 1.1085982935550884, 1.1014602795625343, 1.0976443715584583, 1.09067316758327, 1.085875287728432, 1.0779732276231815, 1.0750530313222837, 1.0722620542232806, 1.0655766267042894, 1.0608768615967188, 1.0572739900686803, 1.0511580936419658, 1.0479050385646331, 1.0436449154829368, 1.0390548409559788, 1.0338675586076884, 1.0267997173162606, 1.023865298888622, 1.0206404799070115, 1.013475947960829, 1.0134736819145007, 1.010106978813807, 1.0040185217673963, 0.9974377276041568, 0.9920600793300531, 0.9922311312113052, 0.9876537815118447, 0.985892355747712, 0.9811759253342947, 0.9781635282895504, 0.972789548146419, 0.9709009989714011, 0.9664722233246534, 0.9629838191545926, 0.9609729022551805, 0.9571385648006048, 0.9540512771178514, 0.9507799168427785], "test_loss": [1.6831600830078124, 1.3636217483520507, 1.5076318908691406, 1.2262046325683593, 1.2163446823120116, 1.2822482406616211, 1.0688711585998536, 1.090059294128418, 0.9721063453674317, 1.043809090423584, 0.9503821487426758, 0.9636414863586426, 0.9753379524230957, 0.9340604736328125, 0.8762376052856445, 0.9329625450134277, 0.96159775390625, 0.875158480834961, 0.976661727142334, 0.90879345703125, 0.915506069946289, 0.9273914909362793, 0.9239000778198242, 0.881631534576416, 0.8723812210083007, 0.8641103576660156, 0.8581794082641602, 0.8602377243041992, 0.9339452644348144, 0.8947968887329102, 0.8615048736572266, 0.9552496704101563, 0.894802677154541, 0.9115536918640137, 0.9607985160827637, 0.9352780303955078, 0.9083085784912109, 0.8740421157836914, 0.9309170272827149, 0.9694312919616699, 0.8956915985107422, 1.0206036598205566, 0.9704462669372559, 1.0212286315917969, 1.0826581802368165, 0.9999804359436035, 0.9793897247314454, 1.0345606826782228, 1.0460478507995605, 1.09008685836792, 1.0519409034729004, 1.0614199043273926, 1.0737345603942872, 1.1076004104614259, 1.1259701393127441, 1.1158728088378906, 1.116004232788086, 1.1221233306884766, 1.130401348876953, 1.1120722640991212, 1.1348311462402343, 1.1362629470825196, 1.1199537956237793, 1.1629687149047852, 1.1541250205993652, 1.1399191680908203, 1.173408659362793, 1.1662800498962402, 1.1695303901672363, 1.1583436683654784, 1.174271937561035, 1.1815888290405274, 1.191577269744873, 1.1755674987792968, 1.2010560173034668, 1.1819219955444336, 1.1910693588256835, 1.1761361808776856, 1.2260387283325196, 1.1588828033447265, 1.2126337615966798, 1.2190888191223144, 1.2242891738891601, 1.202665048980713, 1.2042303009033204, 1.2230963851928711, 1.2196243629455565, 1.2354099601745605, 1.2243508224487305, 1.2170676391601563, 1.215985930633545, 1.234751547241211, 1.2355070625305176, 1.2860949073791503, 1.2501383689880372, 1.2259628273010255, 1.2586181175231934, 1.2141175910949706, 1.2528812210083007, 1.251015153503418], "test_acc": [48.49, 60.79, 52.78, 66.49, 66.65, 66.95, 76.74, 77.21, 80.09, 78.42, 81.54, 81.95, 80.3, 82.44, 83.39, 82.29, 79.1, 83.83, 80.91, 83.35, 84.3, 83.34, 82.69, 84.65, 84.4, 84.7, 83.52, 84.26, 81.98, 84.18, 83.25, 80.54, 83.06, 82.62, 80.13, 81.5, 81.56, 82.74, 81.01, 80.41, 81.3, 77.37, 79.15, 77.75, 75.66, 77.3, 76.93, 76.72, 75.7, 73.99, 75.18, 74.09, 73.38, 72.3, 71.58, 72.22, 71.68, 71.31, 70.68, 71.22, 70.51, 70.48, 70.9, 69.27, 69.74, 69.88, 68.8, 68.99, 68.88, 69.21, 68.42, 68.44, 67.65, 68.33, 67.23, 68.26, 67.6, 68.3, 66.61, 68.56, 66.93, 66.78, 66.54, 67.16, 66.83, 66.53, 66.67, 66.0, 66.42, 66.54, 66.77, 65.8, 65.7, 64.41, 65.42, 66.04, 65.2, 66.66, 65.57, 65.42]}