{"train_loss": [2.052201472184597, 1.9067171347446932, 1.841220083909157, 1.7971446504959694, 1.771470761910463, 1.751822509826758, 1.7347522381024483, 1.7214883532279577, 1.7100359718004863, 1.6995953682141427, 1.689530541957953, 1.682258375485738, 1.674063953375205, 1.6691003805551774, 1.6618636060983707, 1.6566984011576726, 1.6512744451180483, 1.6454166718018362, 1.640769259746258, 1.6351895414865933, 1.6319762538640927, 1.627361312890664, 1.6250398287406334, 1.6207404662401248, 1.6178714529061928, 1.6137537167622493, 1.6094971516193488, 1.6079703988173069, 1.603520203859378, 1.6024808889780289, 1.5979534176679757, 1.594533328520946, 1.5932577955417144, 1.5907265516427846, 1.5870343889945593, 1.5858259433355086, 1.5831433235070644, 1.5813819374793614, 1.5792049193993594, 1.5764215713892227, 1.5744071278816614, 1.5734826494485905, 1.5719869702290266, 1.5675419055498563, 1.5669190822503505, 1.564839448989966, 1.562842485232231, 1.5607307308759444, 1.5585715449773347, 1.5560452186144316, 1.539185138237782, 1.5310297782604512, 1.5280579466086168, 1.5262343623699286, 1.524090822843405, 1.5224854927796585, 1.520494719957694, 1.5183454302641062, 1.5179996010584709, 1.5162494014471004, 1.5148040753144485, 1.5131611655919979, 1.5122850347787906, 1.5112404753000308, 1.5097779053908127, 1.5084468441131786, 1.50828449175908, 1.506317911392603, 1.5052312957934844, 1.5039227904417576, 1.5034561074697055, 1.5014388604041857, 1.5008704928251413, 1.4996028985732641, 1.4985847965264931, 1.4974067544325804, 1.4963100711504618, 1.4956246269054903, 1.4941035273747567, 1.4924472325887435, 1.4924039672582576, 1.490770157178243, 1.489624879299066, 1.4885115168033503, 1.4880798562979087, 1.4864148827699515, 1.485681480016464, 1.4845039722247002, 1.483598459378267, 1.4828766278731518, 1.4809961346479563, 1.4803878099490435, 1.4796006126281542, 1.478631260761848, 1.4781616186484312, 1.4765774491505745, 1.4755314799455497, 1.4752677324490668, 1.473837403150705, 1.47332809980099], "test_loss": [1.354082081604004, 1.2184926666259766, 1.1153331481933593, 1.064389771270752, 0.9905540252685547, 0.9245844604492187, 0.9302081794738769, 0.9987212356567383, 0.8459404678344726, 0.937919627380371, 0.8166909149169922, 0.8441746353149414, 0.8180777862548828, 0.7820534477233887, 0.7994703544616699, 0.7869559997558594, 0.754001513671875, 0.7458537101745606, 0.7742981407165528, 0.7589660926818848, 0.7475472549438477, 0.7567798049926758, 0.765135676574707, 0.7848407135009766, 0.7914843765258789, 0.754460108947754, 0.7331270263671875, 0.780333139038086, 0.733861929321289, 0.7595411674499511, 0.7287075775146484, 0.7192533386230469, 0.7507653411865234, 0.7445091201782227, 0.7506249046325684, 0.7341070198059082, 0.7570421905517578, 0.7536470993041993, 0.7504199150085449, 0.7281047813415528, 0.7549355514526367, 0.7799021392822265, 0.7524285827636719, 0.7524101936340332, 0.7618626823425293, 0.7385717567443848, 0.763157886505127, 0.7380254272460938, 0.7678277839660644, 0.7543441955566407, 0.7305980590820312, 0.7338601501464844, 0.7318962135314941, 0.7313924392700195, 0.7229894172668457, 0.7342580955505371, 0.7407904586791992, 0.7348038269042969, 0.7440995048522949, 0.744907600402832, 0.7460787139892578, 0.7406329032897949, 0.7409842231750489, 0.7495321502685547, 0.7475653099060059, 0.7628343338012695, 0.7723328094482422, 0.7528672325134277, 0.7463221565246582, 0.7652263465881348, 0.7666416130065918, 0.7586355087280273, 0.7646419448852539, 0.7580122611999511, 0.7584146011352539, 0.7683036315917968, 0.7567117614746094, 0.7667379005432129, 0.7714986221313477, 0.757961116027832, 0.7718058982849121, 0.7678965957641601, 0.7814039031982422, 0.7667161903381348, 0.7744909706115722, 0.7719624374389649, 0.7704224250793457, 0.76272724609375, 0.773542138671875, 0.7749662483215332, 0.7760264038085938, 0.784659888458252, 0.7649176193237305, 0.7772849327087402, 0.7624538391113281, 0.7676540092468261, 0.7922897567749023, 0.791791258239746, 0.7847027969360352, 0.7833364440917969], "test_acc": [60.37, 67.31, 72.52, 76.26, 80.27, 80.75, 79.31, 78.48, 83.75, 82.16, 86.41, 84.91, 86.54, 87.69, 86.87, 87.16, 88.13, 88.7, 87.64, 88.98, 88.87, 88.8, 88.64, 88.22, 87.43, 88.68, 89.72, 89.05, 89.65, 88.66, 88.87, 89.83, 89.09, 89.17, 88.59, 89.11, 89.17, 88.71, 89.19, 90.05, 89.72, 88.24, 88.62, 89.77, 89.13, 89.21, 88.66, 89.8, 88.75, 89.32, 90.68, 90.8, 90.55, 90.57, 90.72, 90.52, 90.46, 90.55, 90.28, 90.16, 90.16, 90.14, 90.16, 89.9, 90.01, 89.64, 89.55, 89.83, 89.89, 89.54, 89.49, 89.49, 89.42, 89.43, 89.09, 89.01, 89.24, 89.09, 89.0, 88.93, 88.75, 88.74, 88.55, 88.71, 88.56, 88.53, 88.42, 88.47, 88.64, 88.26, 88.25, 88.15, 88.21, 88.32, 88.71, 88.45, 87.44, 87.62, 87.75, 88.09]}