{"train_loss": [2.2931679621720926, 2.2788858187504304, 2.270044848246452, 2.2628463928516096, 2.2563970033939067, 2.252085811052567, 2.248237472314101, 2.2451362854395156, 2.2415245111172015, 2.239405825199225, 2.2369613708593907, 2.234700416907286, 2.232380655484322, 2.2305765549341836, 2.2283360994779144, 2.2263536911744337, 2.2246541286126162, 2.223034488237821, 2.221367171483162, 2.218956048060686, 2.21734250325423, 2.215653422551277, 2.2136115728280483, 2.2121498920978646, 2.2097713177020735, 2.208119498155056, 2.205824825702569, 2.203212003218822, 2.2008909054291554, 2.198359136703687, 2.1951201469470294, 2.191617189309536, 2.1896572186396672, 2.1861097702613246, 2.1836886075826794, 2.1790532338313566, 2.175788340201745, 2.171950545066442, 2.1687558693763536, 2.1643820285797117, 2.160159727243277, 2.1571320918890144, 2.152313332679944, 2.1483766299027662, 2.1431417929820524, 2.138610944381127, 2.13443658718696, 2.1297142517872345, 2.125942140359145, 2.120975760313181, 2.0917087768897034, 2.0795326544688297, 2.0750038880568282, 2.07115880831694, 2.068321059300349, 2.065376026202471, 2.063013900854649, 2.061195926177196, 2.057606918995197, 2.055984943952316, 2.0540778759198313, 2.0537312409816644, 2.0497175173881725, 2.04904043674469, 2.0470439693866633, 2.0459268600512774, 2.0438331762949624, 2.0418488303820292, 2.0403969229795993, 2.0399191569059325, 2.0370775864674493, 2.036047292672671, 2.033930787979028, 2.033199924077743, 2.030881044192192, 2.0293448778299186, 2.028800987585997, 2.026526701450348, 2.0250750080133098, 2.02387628249633, 2.0226448823244145, 2.0220673234034807, 2.020276625034137, 2.01947774764819, 2.0178648997575808, 2.016017985955263, 2.014335979559483, 2.0129961401988297, 2.0112088230940013, 2.0110247920721007, 2.0096788226029814, 2.0083355332032227, 2.0074015669333627, 2.005386196038662, 2.004441756774218, 2.00344341871066, 2.0015968943253544, 2.001300602692824, 1.9996961722007165, 1.9981466831305088], "test_loss": [2.0094612060546875, 1.9451151275634766, 1.836726156616211, 1.7924819259643554, 1.8127118576049805, 1.7671448638916016, 1.7361267791748047, 1.716564666748047, 1.7412115509033204, 1.6908091995239258, 1.6154929290771485, 1.6501621139526368, 1.6394210159301759, 1.6683939056396484, 1.592607405090332, 1.637371075439453, 1.5891999618530273, 1.5907128967285156, 1.5898036499023438, 1.5807949417114258, 1.5766551849365233, 1.555873942565918, 1.5563520309448242, 1.5711419555664063, 1.5707130905151367, 1.5940095458984376, 1.5473893661499023, 1.5545627029418945, 1.5404148590087892, 1.5543323944091796, 1.5875690048217774, 1.568163722229004, 1.5546029037475586, 1.5593057159423829, 1.5534171127319336, 1.5589811019897462, 1.6072871643066406, 1.5775796463012695, 1.5560065353393555, 1.5903564727783204, 1.5685902923583985, 1.6183600997924805, 1.5361829238891602, 1.6502087341308593, 1.6262829376220702, 1.5916504165649414, 1.6426561447143555, 1.7055837463378907, 1.5996559341430665, 1.6017513732910156, 1.6771896987915038, 1.6929190383911132, 1.6870988311767579, 1.694550228881836, 1.7229070739746093, 1.708402784729004, 1.6973591751098633, 1.7240077301025392, 1.720412857055664, 1.711460513305664, 1.7406909088134765, 1.7451613784790039, 1.7364077041625976, 1.7590655944824218, 1.723503985595703, 1.7587278335571288, 1.7697810028076173, 1.746277944946289, 1.7463150177001954, 1.7469510269165038, 1.7587628814697265, 1.7647274673461915, 1.75783602142334, 1.748184182739258, 1.7638068069458008, 1.7333071044921875, 1.7498903762817384, 1.7694853057861328, 1.76166201171875, 1.7869889114379882, 1.8033657775878906, 1.769268017578125, 1.7836197967529297, 1.7853184509277344, 1.7957209609985352, 1.7973846862792968, 1.7805051223754882, 1.7860166229248047, 1.7809896743774414, 1.7593587860107422, 1.779707601928711, 1.7886729171752929, 1.8050426315307617, 1.7733394256591797, 1.769277815246582, 1.7827337539672852, 1.7946472518920897, 1.790083738708496, 1.7976363632202148, 1.7932191772460937], "test_acc": [42.11, 47.66, 57.88, 62.58, 64.18, 64.68, 66.73, 71.23, 70.65, 73.29, 76.25, 75.0, 74.34, 76.23, 77.18, 77.04, 78.76, 79.88, 79.82, 79.04, 78.1, 80.09, 80.11, 80.1, 79.94, 79.74, 78.7, 79.1, 79.7, 80.01, 78.86, 77.85, 77.33, 78.72, 78.16, 77.72, 74.47, 75.48, 75.47, 75.17, 72.89, 73.54, 72.72, 69.59, 69.94, 70.26, 68.42, 65.62, 67.53, 65.49, 61.6, 59.9, 60.03, 59.43, 57.55, 58.44, 58.64, 57.18, 57.02, 57.45, 55.68, 55.41, 55.64, 54.46, 56.19, 54.42, 53.24, 54.42, 54.41, 54.71, 53.73, 53.25, 53.33, 53.84, 52.96, 54.51, 53.83, 52.59, 53.06, 51.2, 50.71, 52.23, 51.83, 51.45, 50.56, 50.76, 51.28, 51.19, 51.11, 51.94, 51.49, 50.86, 50.15, 51.53, 51.76, 50.66, 50.56, 50.65, 50.1, 50.19]}