{"train_loss": [2.2954417039186525, 2.27632610981281, 2.267990499887711, 2.2609466815606143, 2.2544570562167046, 2.2485189511225774, 2.2439070591559775, 2.2399759127543524, 2.2349950466400537, 2.231746096488757, 2.2287358400149224, 2.2254148678901866, 2.2223507129229034, 2.2180658089808927, 2.2162803118045513, 2.213451109177027, 2.210219669342041, 2.2072335744515446, 2.2037381593997662, 2.2018764165731577, 2.1995581241754385, 2.1951288076547475, 2.1926175080812893, 2.1898740303822053, 2.186657604804406, 2.1826736187323545, 2.179181834978935, 2.17546451825362, 2.1701909370911427, 2.1666920289015157, 2.16118304118132, 2.1558848919012608, 2.149815401664147, 2.1437515937365017, 2.1379846462836634, 2.1304436011192127, 2.1220446770007793, 2.114304913618626, 2.1053032985100377, 2.0959603376877616, 2.087158343425164, 2.075041277286334, 2.063429005940755, 2.0514310179612574, 2.038431998399588, 2.02488865791223, 2.0135855045074074, 1.9992407276080204, 1.9857537046456948, 1.972573745250702, 1.896164996807392, 1.8686860763109647, 1.8570374082296321, 1.8475290460464282, 1.8413357957815513, 1.8336274275412927, 1.826086415999975, 1.82224489847819, 1.8165655710758306, 1.8122289461967274, 1.8064654524509722, 1.802755330159114, 1.7966457822383979, 1.7914831506900297, 1.7888417916420178, 1.7841813258635693, 1.780173112795903, 1.7757403126129738, 1.7711978661708343, 1.7674650265620304, 1.7638860271527217, 1.7602508227030436, 1.7555920313566158, 1.7513075602360262, 1.7485312724724793, 1.744892879938468, 1.7400163733042204, 1.735979713843419, 1.7332092807843136, 1.7284049052458543, 1.7258851943871913, 1.7216918144470605, 1.7172798465459775, 1.7158219264103816, 1.7124734847973555, 1.7094375488085625, 1.703753648660122, 1.6992627712396475, 1.6986525434714097, 1.6944811710944543, 1.6919177492459616, 1.68824528944798, 1.6845724255610734, 1.681576221722823, 1.6810438639078384, 1.6769672176776789, 1.6723947558647547, 1.6709659127088694, 1.6658651370268602, 1.6643988071343838], "test_loss": [2.0382685546875, 1.9758051040649414, 1.8628795837402343, 1.7995372436523438, 1.8830420257568359, 1.7611782974243164, 1.7528348449707032, 1.7807722778320312, 1.7320684875488281, 1.7168972457885743, 1.7073968978881835, 1.6762491638183594, 1.649825392150879, 1.5949590301513672, 1.5768737945556641, 1.5967459182739259, 1.5782201599121093, 1.5887925140380859, 1.5260332870483397, 1.555276838684082, 1.5741637191772462, 1.5614210861206055, 1.520622071838379, 1.5656756362915039, 1.5101309295654297, 1.4561978759765626, 1.5157462524414063, 1.5563908004760743, 1.482289533996582, 1.5036870361328125, 1.4868961456298828, 1.5254701217651367, 1.5518829315185547, 1.5062503814697266, 1.538648599243164, 1.5137078872680665, 1.492925193786621, 1.5710311065673828, 1.5132814727783204, 1.5464468246459961, 1.6284225341796874, 1.5741817581176758, 1.5492007904052734, 1.6649939971923828, 1.5616468292236327, 1.5968168762207031, 1.6019478851318358, 1.7277557418823242, 1.6436079360961915, 1.7497444458007811, 1.745561767578125, 1.7368543228149413, 1.783062826538086, 1.759244302368164, 1.7862394821166991, 1.7647695022583008, 1.7911609481811523, 1.8075216415405273, 1.8000457321166992, 1.8344718978881835, 1.8029070922851562, 1.846541096496582, 1.8237067810058594, 1.836349058532715, 1.8464084426879883, 1.844370329284668, 1.859721437072754, 1.8860991409301757, 1.859736245727539, 1.8866043380737305, 1.879916749572754, 1.8828093948364257, 1.8780166793823243, 1.885175407409668, 1.9001760040283202, 1.901685952758789, 1.8695730438232423, 1.8913137176513672, 1.9178550399780274, 1.9213728286743164, 1.9057534866333008, 1.901102230834961, 1.9088112701416016, 1.9249533706665038, 1.9263183074951171, 1.9306457870483398, 1.9412455612182618, 1.8948675064086915, 1.9836867263793945, 1.9306883483886719, 1.9325690322875977, 1.9284273208618163, 1.9382105850219726, 1.941205270385742, 1.9503355895996093, 1.943007962036133, 1.9271120346069337, 1.9610609283447267, 1.9595316040039064, 1.9506520309448243], "test_acc": [37.67, 39.29, 49.87, 53.77, 52.75, 61.21, 59.23, 60.11, 64.38, 65.31, 66.61, 66.6, 69.47, 71.84, 73.99, 73.94, 72.86, 73.66, 72.99, 75.91, 74.66, 73.4, 76.17, 73.92, 74.48, 75.68, 75.07, 75.0, 75.96, 75.29, 74.21, 72.68, 73.06, 72.45, 69.14, 72.18, 71.71, 68.77, 69.94, 67.58, 64.74, 64.29, 63.48, 60.91, 63.03, 61.22, 59.51, 53.4, 56.68, 50.93, 50.1, 50.49, 48.18, 48.78, 47.35, 48.53, 47.07, 46.52, 46.69, 45.18, 46.26, 44.28, 45.39, 44.76, 44.75, 44.67, 44.01, 43.02, 43.99, 42.74, 42.79, 42.67, 42.95, 42.65, 42.21, 42.01, 43.24, 42.42, 41.71, 41.46, 41.96, 41.79, 41.66, 41.15, 40.87, 40.81, 40.46, 42.14, 38.92, 40.83, 40.68, 40.83, 40.41, 40.36, 40.29, 40.45, 41.0, 40.04, 39.93, 40.27]}