{"train_loss": [2.3096010342622413, 2.3058445099072578, 2.305368718122825, 2.3051939701422666, 2.3051799719150248, 2.305002143444159, 2.3050328633724115, 2.3051579958353288, 2.3046899502093976, 2.3049880620760796, 2.3049373363837216, 2.304685906263498, 2.304231503070929, 2.3041253860180193, 2.3038954007319914, 2.3038641850153607, 2.3039434102865366, 2.3038407631409474, 2.303770353855231, 2.303613998951056, 2.3034319730905386, 2.3035952421335075, 2.303405669407967, 2.3032651179876082, 2.303458981636243, 2.303381559176323, 2.3031714781736716, 2.303190697767796, 2.3029581448970697, 2.3029774519113393, 2.302771944877429, 2.302894287231641, 2.3027156328543636, 2.3025234607549816, 2.3025029396399472, 2.302309380433498, 2.302251765055534, 2.30212846107972, 2.301922098184243, 2.301796479102893, 2.301596791927631, 2.3014511860333955, 2.3010823048078097, 2.3010031370016244, 2.300636577606201, 2.300392133761675, 2.3001104636070058, 2.2997856464141453, 2.2992456870201305, 2.2988346521671, 2.2958695845726207, 2.294545187094273, 2.2940623692977122, 2.293436612227024, 2.2931061909748958, 2.2928777364584114, 2.292356458077064, 2.291990503286704, 2.2915388095073213, 2.2916126330693563, 2.2909746341216257, 2.2905878904538275, 2.2903396423046405, 2.289774937507434, 2.289489444096883, 2.2892522029387643, 2.288770118737832, 2.2885024547576904, 2.287782905651973, 2.2875053393535123, 2.287274410785773, 2.2869673661696606, 2.286341310158754, 2.2859432776769, 2.285439727245233, 2.284789323195433, 2.284385940967462, 2.2837817919559966, 2.2835800232031405, 2.2828701459444485, 2.2824457406997682, 2.281818728569226, 2.281014014513065, 2.280824809196668, 2.2799904719377175, 2.2794708374219064, 2.2787950271215194, 2.2780180191382384, 2.2775494006963877, 2.2767566100144996, 2.2762239798521384, 2.275452643785721, 2.274848791880485, 2.2741646950061503, 2.27317835184244, 2.2727354764938354, 2.2716822666999623, 2.271296262741089, 2.2704678089190753, 2.269574132943765], "test_loss": [2.2918329711914063, 2.2837458251953127, 2.2875017883300783, 2.2788667053222658, 2.2846308319091797, 2.2861502197265624, 2.2821157165527346, 2.282393063354492, 2.280836642456055, 2.2811894744873045, 2.2774794311523436, 2.279164321899414, 2.2856332580566407, 2.2725637145996096, 2.2751053009033204, 2.283120343017578, 2.2750133697509765, 2.2773458099365236, 2.275470947265625, 2.278015490722656, 2.2697040191650393, 2.272683090209961, 2.2741827178955076, 2.2680928497314454, 2.267104672241211, 2.2738795013427735, 2.270642938232422, 2.272418930053711, 2.2671348236083984, 2.2673020233154295, 2.2655997283935547, 2.2609316650390623, 2.2664733978271485, 2.2626631408691407, 2.261710247802734, 2.2617796966552732, 2.2587891876220705, 2.2622826629638673, 2.2503097076416014, 2.2504607604980467, 2.2603658447265627, 2.2519433532714843, 2.250279037475586, 2.248031103515625, 2.2449925689697268, 2.2492734619140626, 2.2460828399658204, 2.250019772338867, 2.2442879089355467, 2.249993276977539, 2.232705258178711, 2.2314915740966796, 2.235342449951172, 2.2353021575927734, 2.23565559387207, 2.2329486175537108, 2.235676287841797, 2.2375960693359374, 2.235483316040039, 2.2383972900390625, 2.238125759887695, 2.23829384765625, 2.241494595336914, 2.2435538818359375, 2.2412031341552736, 2.2435683013916017, 2.244030270385742, 2.2400497467041016, 2.2437046783447268, 2.2441584106445314, 2.2414456176757813, 2.2468244842529295, 2.247093179321289, 2.2478558837890623, 2.2463736297607424, 2.244688735961914, 2.252245101928711, 2.247814312744141, 2.2520236602783203, 2.2553186767578124, 2.250990072631836, 2.2484106384277345, 2.2575512145996095, 2.257270068359375, 2.2561986206054687, 2.2572829711914064, 2.260397952270508, 2.2574580108642577, 2.2542388732910155, 2.2589083953857423, 2.260696856689453, 2.2661343658447266, 2.2659168670654295, 2.2627439849853515, 2.267124398803711, 2.2705530548095703, 2.2671637817382813, 2.268059442138672, 2.262427117919922, 2.2663965606689453], "test_acc": [10.86, 19.25, 16.29, 13.49, 15.03, 10.42, 11.43, 13.78, 20.0, 10.34, 20.07, 15.73, 12.77, 15.71, 22.99, 16.63, 12.76, 29.96, 26.98, 18.67, 20.2, 19.91, 14.02, 21.04, 28.82, 21.5, 22.9, 29.12, 17.14, 20.34, 31.07, 29.25, 27.99, 27.67, 27.49, 23.85, 27.27, 29.68, 31.66, 30.55, 24.45, 30.85, 26.7, 28.28, 27.58, 26.92, 27.14, 25.45, 28.25, 23.76, 26.07, 24.86, 23.91, 23.6, 23.69, 23.46, 23.14, 22.4, 22.49, 22.34, 22.15, 22.18, 21.48, 21.36, 21.41, 20.65, 20.87, 20.87, 20.35, 19.82, 21.0, 19.82, 19.92, 19.2, 19.71, 19.7, 19.01, 19.59, 18.95, 18.67, 18.99, 19.64, 17.96, 17.97, 17.89, 18.14, 17.44, 17.67, 18.13, 17.6, 17.37, 16.76, 17.14, 17.21, 16.78, 16.48, 16.9, 16.72, 17.32, 16.88]}