{"train_loss": [2.2716589970466416, 2.240713105446253, 2.220636317057487, 2.2040407419204713, 2.1919377540930722, 2.1830937257179848, 2.174572608409784, 2.167730790529496, 2.161916904571729, 2.1564553945492477, 2.1518158142383284, 2.1460066844255494, 2.141619088099553, 2.1379350674458037, 2.1326615987679896, 2.1290237854688594, 2.12547711959252, 2.1220856422033068, 2.1177749847754455, 2.1131955519700663, 2.109975443436549, 2.1062248229980467, 2.101435118455153, 2.0975734111590265, 2.092907478564825, 2.0882080081181646, 2.0832263671434843, 2.0769355150369497, 2.0720588965293687, 2.0653509048315195, 2.0581125815709433, 2.0509315631328486, 2.0454902703945455, 2.0364363676462416, 2.030987388965411, 2.020178407583481, 2.010749223599067, 2.0014522356864735, 1.9936543269035143, 1.9821613085575593, 1.973889864102388, 1.963735789213425, 1.9527656157811484, 1.9400388289720585, 1.9299345661432314, 1.9193393633915827, 1.9066280545332492, 1.8944878767698239, 1.8858297503911532, 1.871826964769608, 1.804081388314565, 1.7767072775425055, 1.76566037887182, 1.7574315370657505, 1.7502010696973556, 1.7449572749626943, 1.738625764541137, 1.732611474318382, 1.7298602712460054, 1.7227704580013568, 1.7210546551606594, 1.7167796104382247, 1.7097763954064784, 1.7079281042783687, 1.7044199634820987, 1.7010668024038658, 1.6955459090379568, 1.692777263506865, 1.6900464782348046, 1.6844825958594298, 1.682424474373842, 1.678263643766061, 1.6742006842906658, 1.67250330723249, 1.6704775321177947, 1.664949844739376, 1.6614900909937345, 1.6587092913114108, 1.6555424225636017, 1.6516531442984557, 1.6499658899429517, 1.6459942508966494, 1.64292830320505, 1.640158009223449, 1.6379168360661238, 1.6341360306128478, 1.632426819128868, 1.6287930693381871, 1.6247562194481875, 1.6264450436983353, 1.620331453054379, 1.6186755158962347, 1.6153910395426627, 1.6128281883704356, 1.6095816502204308, 1.6063972528164203, 1.6058975397012172, 1.602197651985364, 1.6017215019617326, 1.5980675113506806], "test_loss": [1.8762643325805664, 1.781986993408203, 1.6853868331909179, 1.6103048263549804, 1.6710333663940429, 1.5858723159790038, 1.5176587768554688, 1.5124501907348633, 1.5324633728027344, 1.4713721603393555, 1.3866808639526367, 1.4684118545532228, 1.4288741531372071, 1.4330842041015626, 1.4053206588745117, 1.4201982772827149, 1.3821906494140626, 1.3654803527832031, 1.3314422958374024, 1.3754334487915039, 1.3334251205444336, 1.3267438430786134, 1.394966798400879, 1.3091490615844728, 1.357646548461914, 1.386094886779785, 1.28731748046875, 1.3140652481079103, 1.3054677734375, 1.3646469924926758, 1.3650007308959962, 1.318530307006836, 1.3190366424560547, 1.3702886184692382, 1.3529047088623047, 1.347205924987793, 1.3884460739135742, 1.3849256332397462, 1.3587789886474608, 1.4603389312744142, 1.3559329559326172, 1.4238835205078124, 1.3728774810791016, 1.4236713500976563, 1.4616300918579102, 1.4487118453979493, 1.538662614440918, 1.5354759155273439, 1.4764263259887696, 1.448133807373047, 1.5056295806884765, 1.542234603881836, 1.5643433471679689, 1.5610065521240235, 1.600421826171875, 1.5839906616210937, 1.5713702835083008, 1.6003170928955077, 1.6062190963745118, 1.578609765625, 1.6171613555908204, 1.6253058517456054, 1.6265837478637695, 1.6392590621948242, 1.5840565765380858, 1.6276633712768556, 1.635709538269043, 1.629217074584961, 1.6470824935913086, 1.6423995941162108, 1.635718846130371, 1.6081661056518555, 1.650931233215332, 1.6581774490356445, 1.631404360961914, 1.6537798934936523, 1.6802258178710938, 1.6531304306030274, 1.713156185913086, 1.6896853866577148, 1.686076756286621, 1.6661289596557618, 1.680509979248047, 1.7190483108520507, 1.6846219924926757, 1.71829236907959, 1.6929282135009767, 1.6927281478881835, 1.698679200744629, 1.6753901428222657, 1.714045132446289, 1.7029437286376954, 1.7210941558837891, 1.7242539169311524, 1.7209793838500977, 1.7123389190673828, 1.6913293212890625, 1.7276093627929687, 1.7150152145385742, 1.7172482543945313], "test_acc": [44.57, 51.77, 58.45, 61.92, 63.45, 62.8, 67.06, 69.2, 70.94, 74.03, 75.7, 73.35, 73.8, 77.47, 76.62, 77.24, 78.43, 80.11, 80.13, 76.73, 79.56, 80.05, 75.24, 80.65, 78.6, 78.75, 80.38, 78.88, 78.97, 78.23, 78.29, 78.74, 78.54, 76.73, 75.36, 76.44, 74.68, 73.73, 73.47, 70.53, 72.73, 71.37, 70.93, 69.39, 68.43, 66.75, 63.53, 62.99, 64.19, 64.75, 61.84, 59.56, 58.86, 58.48, 56.33, 57.18, 57.37, 56.32, 55.76, 56.85, 55.21, 54.78, 54.83, 53.86, 56.19, 54.43, 54.09, 54.17, 53.35, 53.49, 53.85, 54.92, 53.2, 52.7, 53.93, 53.07, 51.9, 53.06, 50.71, 51.93, 51.63, 52.38, 51.85, 50.24, 51.44, 50.39, 51.21, 51.62, 50.93, 51.88, 50.61, 50.54, 50.18, 50.13, 49.86, 50.46, 51.4, 49.62, 50.33, 50.03]}