{"train_loss": [2.318318227621225, 2.311103091484461, 2.3100460052490233, 2.3080045082630254, 2.3080164530338387, 2.3076011517109016, 2.307851801163111, 2.3077777807529154, 2.3066042172603116, 2.3070917618580356, 2.3065211143249122, 2.3056434142283906, 2.3053796181311976, 2.3048637653008486, 2.304798983916258, 2.304636488205347, 2.304049140979082, 2.3043504556020102, 2.303486107557248, 2.3033369223276776, 2.3033186588531884, 2.3031472230568912, 2.30273344822419, 2.3024600359109733, 2.302900514847193, 2.302069679284707, 2.301416524251302, 2.3019148520934274, 2.301121752690046, 2.3011024536230624, 2.300316548958803, 2.3002430212803375, 2.3000003557938795, 2.299496585283524, 2.2988672146430384, 2.2984247060922476, 2.2976698820407573, 2.297377154765985, 2.2965756721985646, 2.2958418638278277, 2.295050770197159, 2.293974425242497, 2.2926800709504347, 2.2920363829686092, 2.29043199526958, 2.28917102263524, 2.287186480791141, 2.2854282690928533, 2.2832833577425053, 2.2807729800542194, 2.2669861970803677, 2.26186982912895, 2.259079136603918, 2.256684445723509, 2.2545992918503592, 2.2539581402754174, 2.2517956452491954, 2.249933094244737, 2.2483840569471703, 2.2470814105791925, 2.245597545305888, 2.2440583198498456, 2.2426660843384574, 2.2400586262727393, 2.2382555221899962, 2.2374730770404523, 2.2365100866709, 2.235002783017281, 2.2314244196965145, 2.230711348851522, 2.2270026830526497, 2.226446743500538, 2.224700113443228, 2.221716553125626, 2.2203722366919885, 2.217996918849456, 2.215487741201352, 2.2133285363515216, 2.211082298327715, 2.2097361179498525, 2.2079609198447985, 2.2062885327216906, 2.202775539496006, 2.2014710469123644, 2.1979512844330227, 2.194758125451895, 2.1921047430772047, 2.1899082636221863, 2.1870714279321524, 2.184747313230466, 2.1824238440929316, 2.180123902589847, 2.176833404027499, 2.173588593800863, 2.1709097739977716, 2.1677762722357725, 2.16529896014776, 2.162337866196266, 2.1591877576632377, 2.1555831157244167], "test_loss": [2.3015076385498046, 2.263483773803711, 2.27924631652832, 2.2573464477539065, 2.275884002685547, 2.2796510772705076, 2.268622024536133, 2.2612110565185546, 2.258406945800781, 2.261696203613281, 2.2543027404785154, 2.242897467041016, 2.2681837829589844, 2.2426487701416016, 2.250470642089844, 2.254736749267578, 2.2459284790039065, 2.2614046905517577, 2.2475595245361326, 2.2513224334716795, 2.233987982177734, 2.2436325958251953, 2.2421530609130857, 2.236091357421875, 2.226522601318359, 2.246769351196289, 2.2288700225830076, 2.2335635589599607, 2.22466296081543, 2.2233035919189454, 2.218747784423828, 2.214849090576172, 2.2237771759033205, 2.2259145599365233, 2.209064859008789, 2.2136544525146484, 2.204572198486328, 2.2147343963623047, 2.1925066955566406, 2.198752880859375, 2.203986849975586, 2.203047283935547, 2.1995962646484375, 2.1820331237792967, 2.1673399475097654, 2.1980965972900393, 2.190581655883789, 2.1877284423828125, 2.1881955871582033, 2.199935662841797, 2.1813869079589843, 2.181613708496094, 2.190278598022461, 2.190050427246094, 2.19425029296875, 2.1865824462890626, 2.196741925048828, 2.199927053833008, 2.1989536193847656, 2.2029032318115234, 2.2074933715820313, 2.204157260131836, 2.2150860321044923, 2.22178424987793, 2.2203258514404296, 2.224350714111328, 2.2256152587890625, 2.2208075622558594, 2.2330086334228514, 2.229468099975586, 2.238970736694336, 2.244618048095703, 2.2434630859375, 2.2478365234375, 2.2439321746826173, 2.2412937561035156, 2.2527227600097657, 2.2557544525146485, 2.2609335510253907, 2.2661733642578126, 2.2681329956054688, 2.2616130157470704, 2.2767445098876955, 2.2767375091552733, 2.2836661254882813, 2.2804586639404296, 2.282815606689453, 2.287143182373047, 2.2862685424804687, 2.293607247924805, 2.2955079010009767, 2.307776501464844, 2.304803594970703, 2.310716223144531, 2.310375131225586, 2.324706573486328, 2.315831851196289, 2.329917495727539, 2.3096057159423826, 2.324129818725586], "test_acc": [10.15, 17.5, 12.53, 11.42, 16.45, 11.54, 19.47, 15.44, 25.57, 14.32, 22.59, 24.8, 22.39, 21.97, 13.97, 15.2, 20.94, 22.92, 26.14, 21.23, 29.53, 21.07, 22.21, 24.72, 25.53, 27.36, 30.12, 29.78, 28.11, 33.64, 34.92, 30.22, 29.8, 32.81, 32.85, 31.73, 32.27, 29.39, 30.24, 31.68, 29.88, 30.51, 29.43, 30.28, 32.78, 26.99, 27.33, 27.32, 27.08, 25.36, 25.22, 24.64, 23.84, 23.54, 23.61, 23.71, 22.66, 22.26, 22.24, 22.23, 21.74, 21.89, 21.15, 20.4, 20.46, 20.2, 20.11, 20.58, 19.42, 19.92, 19.32, 18.9, 18.69, 18.69, 19.08, 19.28, 18.49, 18.87, 18.52, 17.9, 17.83, 18.53, 17.86, 18.02, 17.37, 17.68, 17.61, 17.26, 18.06, 17.46, 17.47, 16.76, 17.27, 17.34, 16.98, 16.51, 16.9, 16.48, 17.44, 16.68]}