{"train_loss": [2.3107521943556955, 2.306316441144699, 2.3053384664731147, 2.305150308364477, 2.304800658348279, 2.3044024063990665, 2.3046514596694556, 2.3039117666391227, 2.304553368152716, 2.304179290624765, 2.3039934317270916, 2.303887773171449, 2.303691524114364, 2.3037307011775483, 2.303452213605245, 2.303293111996773, 2.3029904811810225, 2.302991387171623, 2.302516437188173, 2.302501820295285, 2.302243658212515, 2.301736023487189, 2.3016130606333416, 2.301711424191793, 2.301286585514362, 2.301232994519747, 2.3008311540652544, 2.300648158024519, 2.3001623679430057, 2.3000426805936374, 2.299713063240051, 2.299485256121709, 2.299297145696787, 2.2988905111948648, 2.298584723472595, 2.298097353103833, 2.2977684944103927, 2.297138607196319, 2.296707436365959, 2.2961360668524717, 2.2956935515770547, 2.2947599857281418, 2.2939238340426713, 2.292837482232314, 2.292028056658231, 2.2909106676395123, 2.2897984174581674, 2.2882347400371845, 2.286620571063115, 2.2847931397266876, 2.2753538174506946, 2.2708192348480223, 2.2689958120003726, 2.267470606168111, 2.266127653611012, 2.2646134015841364, 2.2633863027279193, 2.262568297752967, 2.2615287903027657, 2.2606410381121513, 2.2597264833939383, 2.257779267506722, 2.2568161548712316, 2.255501275184827, 2.2549754173327714, 2.2538366550054305, 2.2526664024744276, 2.251414901170975, 2.2501133924875503, 2.2489838826350677, 2.247000951033372, 2.2465425772544667, 2.24554591240027, 2.243776613015395, 2.2430020252863567, 2.241564585001041, 2.2401442808982654, 2.2391501976893498, 2.237447393857516, 2.235610213035192, 2.235007781860156, 2.2336510945589114, 2.2320610242012218, 2.230839604597825, 2.228804101699438, 2.2278609581482716, 2.2272712499667437, 2.2253401689040353, 2.224044008132739, 2.2228721416913544, 2.22132655168191, 2.2193937576734104, 2.2178270663970556, 2.216409310927758, 2.2150404117046256, 2.2134800935402894, 2.212641497147389, 2.210502635515653, 2.2095240134459275, 2.207560780109503], "test_loss": [2.2642713836669923, 2.26114296875, 2.24533346862793, 2.2516377471923827, 2.250319592285156, 2.2441420379638672, 2.2455377471923827, 2.2439897064208982, 2.2410752319335936, 2.2390781677246094, 2.2251527435302734, 2.23438447265625, 2.2336931671142577, 2.221882208251953, 2.199934295654297, 2.226117660522461, 2.216556967163086, 2.2078403625488283, 2.206762841796875, 2.2031745574951174, 2.2110474029541014, 2.202528469848633, 2.2031982635498046, 2.2095959259033204, 2.195519512939453, 2.186037356567383, 2.194558169555664, 2.1810533142089845, 2.1980510131835937, 2.1901540618896482, 2.187429733276367, 2.1609068359375, 2.1699772979736327, 2.163807095336914, 2.166285546875, 2.1659243927001954, 2.1620012634277344, 2.1353136322021484, 2.1545521270751955, 2.1372395080566404, 2.143607263183594, 2.137445501708984, 2.1250112426757815, 2.1548748626708982, 2.1333610778808594, 2.1318585052490233, 2.1549906677246096, 2.144975442504883, 2.1491322723388673, 2.143242788696289, 2.1214444396972656, 2.1352033660888674, 2.144840231323242, 2.137295623779297, 2.140733187866211, 2.144274826049805, 2.149675259399414, 2.1459663604736328, 2.144817041015625, 2.1488939758300782, 2.1563534301757814, 2.151689147949219, 2.1486657287597657, 2.1570892517089844, 2.159631655883789, 2.160958892822266, 2.166166873168945, 2.161093246459961, 2.1676861877441405, 2.1724544494628906, 2.1738453155517576, 2.178980627441406, 2.181021334838867, 2.1739579833984375, 2.185149377441406, 2.188491149902344, 2.186372146606445, 2.188723062133789, 2.1942128204345703, 2.1891829650878907, 2.1941872497558594, 2.191439602661133, 2.1878530548095703, 2.201011727905273, 2.2063302795410156, 2.2033557281494143, 2.2021830657958983, 2.198428121948242, 2.204417990112305, 2.205187173461914, 2.225372933959961, 2.2212558776855467, 2.2167517364501954, 2.2178235626220704, 2.2234644165039064, 2.2182925537109375, 2.214730798339844, 2.2114345336914063, 2.2164576324462892, 2.220856378173828], "test_acc": [20.93, 15.39, 15.18, 25.51, 16.61, 18.82, 30.74, 30.08, 31.43, 16.27, 30.74, 21.7, 30.9, 35.48, 34.07, 32.71, 31.56, 36.75, 37.18, 40.71, 35.53, 43.04, 43.81, 30.85, 38.23, 43.6, 42.55, 46.65, 42.69, 43.05, 44.67, 47.4, 45.55, 45.3, 42.15, 44.48, 45.71, 43.67, 44.11, 45.59, 44.79, 43.73, 44.66, 40.32, 42.17, 42.56, 37.3, 37.24, 34.68, 35.09, 34.67, 32.4, 30.69, 31.28, 30.29, 29.97, 28.93, 28.95, 29.3, 28.94, 27.89, 28.51, 28.34, 27.22, 26.83, 26.81, 26.21, 27.14, 26.16, 25.83, 25.19, 24.93, 24.59, 25.11, 24.21, 23.62, 23.82, 23.91, 23.28, 23.53, 23.35, 23.65, 24.08, 22.9, 22.78, 22.77, 22.92, 22.99, 22.67, 22.49, 21.09, 21.32, 22.03, 21.79, 21.34, 21.8, 21.82, 22.36, 22.09, 22.0]}