{"train_loss": [2.2546850791344277, 2.2165796438852947, 2.1934843906989463, 2.1744316504551815, 2.159757856222299, 2.1489105267402455, 2.1380879995150446, 2.1310190757115683, 2.123498274729802, 2.116314649581909, 2.1102796725737742, 2.1058999672914163, 2.100595091856443, 2.095931887626648, 2.091669294467339, 2.086634194545257, 2.0823226751425326, 2.0795185535382004, 2.073897304596045, 2.0690255504388078, 2.066738693836408, 2.0626078293873715, 2.057650420604608, 2.0526248161609355, 2.0478038457723766, 2.042642404482915, 2.0379753238115557, 2.0322723761582986, 2.025790780629867, 2.019286180459536, 2.015036705212715, 2.006565768290789, 1.9996655711760887, 1.9931105818503942, 1.9866811575033725, 1.9774391113183438, 1.9689034749300052, 1.959870565854586, 1.9520317688966409, 1.941867003379724, 1.9334929197262496, 1.9224113299296453, 1.9139208008081485, 1.9044124798896984, 1.892189663190108, 1.8842320646995152, 1.8733802896279554, 1.8625147819519043, 1.852319545012254, 1.8401684547081971, 1.7809390832216312, 1.7546644488970438, 1.743920691196735, 1.7371050626803668, 1.7305803246987173, 1.7253284790577033, 1.7182494790126115, 1.715651616683373, 1.7100232705091818, 1.7070399895692483, 1.701804424249209, 1.6979145294580704, 1.6936316875311044, 1.6899998768782005, 1.687569734072074, 1.684370174469092, 1.6797750072601514, 1.6765777120223413, 1.6722969226348094, 1.6697214502554674, 1.6647948555457286, 1.6634896308947833, 1.6580419745200718, 1.6565415880618952, 1.6526043739074316, 1.6514519770940146, 1.6481170856035672, 1.6427873565600468, 1.6406078369189532, 1.6373980354040096, 1.637759763460893, 1.6334180147219928, 1.6310317980937468, 1.629308595107152, 1.6266665544265355, 1.6229145438243182, 1.6192064190522217, 1.6155839033615895, 1.6134130303676313, 1.6112069805463156, 1.607561542131962, 1.6070149978001913, 1.6040812250895378, 1.6024078075702375, 1.5999252093143952, 1.5982327011915354, 1.5950320858221787, 1.5924752486057772, 1.590674110253652, 1.5885651985804239], "test_loss": [1.8360059204101562, 1.7472371078491211, 1.6438298416137695, 1.5670572387695312, 1.508583837890625, 1.4652661651611327, 1.4336103790283203, 1.4186998916625977, 1.4192779067993164, 1.3890565292358399, 1.3640447967529297, 1.3212976654052735, 1.3117927383422852, 1.3708000350952148, 1.2953254989624023, 1.2792747680664063, 1.257093975830078, 1.2793715255737306, 1.250210627746582, 1.230710494995117, 1.2544560256958008, 1.235077587890625, 1.242209831237793, 1.2293620330810546, 1.226158233642578, 1.2219765304565429, 1.1811314163208009, 1.2198640563964844, 1.2107962295532226, 1.2702065948486327, 1.2148254852294922, 1.2340623123168946, 1.2796962448120117, 1.262269789123535, 1.2367694793701172, 1.2300332733154298, 1.2700623016357422, 1.3144068603515624, 1.2888402587890626, 1.2596232925415038, 1.3154808166503906, 1.2794516738891601, 1.2660995071411132, 1.329872314453125, 1.3764911224365235, 1.3427078704833983, 1.3398017944335938, 1.3414251907348633, 1.3853723922729493, 1.3776377899169923, 1.4211337966918944, 1.4187458892822267, 1.4325344696044922, 1.430599349975586, 1.4478281372070312, 1.4413472702026366, 1.4576830444335938, 1.4455436416625977, 1.4688077774047852, 1.4682843124389648, 1.4652876403808595, 1.480780682373047, 1.4801685256958008, 1.4972091598510742, 1.4788958923339843, 1.4879027908325195, 1.4851069549560547, 1.5063722686767578, 1.5401225555419922, 1.5062687957763672, 1.4991685684204101, 1.517453646850586, 1.51487511138916, 1.5260925186157226, 1.543131640625, 1.5523482757568359, 1.5378798965454101, 1.5323652221679687, 1.5388587509155274, 1.5326739654541015, 1.5352713806152343, 1.5605332321166991, 1.550406219482422, 1.570165074157715, 1.5545002990722656, 1.568778712463379, 1.557766520690918, 1.5432169082641602, 1.5681174407958984, 1.544052946472168, 1.5596460845947266, 1.574213168334961, 1.5828850677490234, 1.5689675994873047, 1.5850658828735351, 1.585552703857422, 1.591087612915039, 1.5730498474121093, 1.5989682342529297, 1.5889824325561523], "test_acc": [40.85, 45.35, 56.86, 60.61, 68.31, 70.06, 71.86, 71.8, 75.07, 74.64, 75.31, 77.96, 76.38, 76.38, 78.81, 80.77, 79.76, 75.96, 81.52, 82.24, 81.2, 82.01, 80.65, 82.56, 81.0, 81.68, 81.79, 81.62, 80.81, 79.22, 80.77, 79.93, 79.94, 79.15, 78.68, 78.7, 78.19, 75.3, 76.1, 75.26, 75.11, 75.41, 75.47, 74.07, 70.68, 71.2, 70.79, 69.69, 69.44, 68.61, 65.46, 65.16, 64.95, 64.42, 63.36, 63.54, 63.02, 63.69, 62.2, 61.92, 62.11, 61.39, 61.17, 60.75, 61.14, 61.2, 61.13, 60.05, 58.33, 59.77, 60.42, 59.48, 59.21, 58.68, 58.01, 57.24, 58.04, 58.28, 57.96, 57.95, 57.86, 56.72, 57.37, 56.45, 57.03, 56.69, 57.15, 57.61, 56.37, 57.47, 56.52, 56.3, 55.56, 55.96, 55.08, 55.18, 55.1, 55.97, 54.51, 54.9]}