{"train_loss": [2.21462960426624, 2.1514209129871467, 2.115426477407798, 2.088263744268662, 2.0711068092248377, 2.055906222722469, 2.0432193034734483, 2.0333396498973553, 2.025210106678498, 2.017349673845829, 2.0103945383658774, 2.0051606542024856, 1.998375451259124, 1.9918283832378876, 1.9868887867683018, 1.980971948000101, 1.9771861864970282, 1.9720086794633132, 1.9672744949658711, 1.9626443037619958, 1.9584956924120585, 1.953413119377234, 1.9487687893402883, 1.9429504467890812, 1.9385923107465108, 1.9342662377235218, 1.929162686299055, 1.9234644941794568, 1.9179704079261193, 1.9126753330230712, 1.906437881787618, 1.8989982745586298, 1.8938002265416658, 1.8891002774238586, 1.88285955343491, 1.874900789444263, 1.8688627689312667, 1.8621936226502442, 1.8547555272395795, 1.8475545467474521, 1.8403540901648692, 1.8329841470107053, 1.826030967480097, 1.8180950152568327, 1.8088337791271698, 1.8036551490808144, 1.7943287418438838, 1.7859838864742181, 1.7796035350897372, 1.77045227931096, 1.7193726206437134, 1.69826075449968, 1.6893493945782, 1.6843516936668983, 1.6784386393351434, 1.6726925620665918, 1.6681270969219697, 1.664249338553502, 1.6620043106568165, 1.656154369085263, 1.6537213398860051, 1.6499138297178806, 1.6479573625784654, 1.6432432871598464, 1.640693700619233, 1.6367146614270331, 1.6344627074706248, 1.631022128997705, 1.6292212905027927, 1.6259862496302677, 1.6234776869798317, 1.6199855339832796, 1.6181294111105111, 1.6142713989966955, 1.611385371746161, 1.6096032231281965, 1.6063956978993539, 1.6044696431893568, 1.599563565926674, 1.598673294752072, 1.596556339202783, 1.5939202644886115, 1.5929088610869186, 1.5899213103147654, 1.5867515741250453, 1.5853874744513097, 1.5818151727700844, 1.5803650049062876, 1.5788613154337956, 1.5764147345836346, 1.5759774632942982, 1.5719424101022574, 1.56889460117389, 1.56787046285776, 1.5665216641548352, 1.5624489845373692, 1.5623569867549798, 1.558807517320682, 1.557056105748201, 1.5553259097612822], "test_loss": [1.7431175354003907, 1.507980029296875, 1.5100019943237304, 1.4067858169555665, 1.3246455963134767, 1.4234899520874023, 1.2291598892211915, 1.3531684234619141, 1.2233494491577148, 1.2186113220214845, 1.1213837829589843, 1.1655861282348632, 1.20600361328125, 1.124500405883789, 1.0681084205627442, 1.1075948150634765, 1.154742594909668, 1.0563079254150392, 1.1408014877319337, 1.0811353218078614, 1.1200058433532716, 1.1059421478271485, 1.0812677780151367, 1.0745710250854492, 1.061076205444336, 1.066996046447754, 1.0312267845153809, 1.0821052101135253, 1.1072434310913086, 1.0981957107543945, 1.0516914306640626, 1.1021635551452638, 1.0866953773498536, 1.086987508392334, 1.1008648681640625, 1.108278807067871, 1.1091202209472657, 1.0835121376037598, 1.146212387084961, 1.1452800361633302, 1.090019142150879, 1.1586512802124023, 1.091093115234375, 1.158893328857422, 1.1569457679748536, 1.1334653594970703, 1.107263035583496, 1.1822816040039061, 1.1852141571044923, 1.226755012512207, 1.1690064956665038, 1.197438198852539, 1.1948379959106445, 1.216172396850586, 1.24410274810791, 1.2337593215942382, 1.2463406173706055, 1.2336647018432618, 1.245240774536133, 1.2461665451049804, 1.2595378295898438, 1.2517203674316406, 1.2365619445800782, 1.273566973876953, 1.2632068092346191, 1.2540302856445313, 1.2821138244628907, 1.2758752792358399, 1.2818606979370117, 1.2687102813720703, 1.2780587951660156, 1.2907294342041016, 1.2903813735961913, 1.297549301147461, 1.2995359085083007, 1.3008043334960937, 1.304959016418457, 1.3077915222167968, 1.3100097152709962, 1.2865959350585938, 1.3111592895507813, 1.3263439025878907, 1.3184083465576173, 1.3141685913085936, 1.2946606155395508, 1.3092474639892577, 1.297935317993164, 1.3128609207153321, 1.318028614807129, 1.3268929122924804, 1.3301002395629882, 1.351316342163086, 1.3289274215698241, 1.3587152938842773, 1.3478319946289063, 1.3187402755737305, 1.312510205078125, 1.323998861694336, 1.3306941986083984, 1.3423611129760742], "test_acc": [49.02, 58.56, 60.42, 65.83, 69.45, 67.19, 77.1, 73.89, 75.88, 78.23, 82.24, 82.81, 80.02, 81.97, 84.04, 84.34, 80.32, 84.46, 82.89, 84.96, 82.85, 84.43, 84.84, 84.68, 84.98, 84.9, 85.04, 83.83, 83.12, 83.94, 83.58, 82.85, 83.41, 83.39, 82.72, 82.37, 81.57, 82.39, 79.69, 80.66, 81.42, 79.17, 80.95, 78.99, 77.69, 79.09, 78.91, 77.09, 77.62, 74.56, 75.77, 74.7, 74.62, 73.8, 72.45, 72.64, 72.45, 72.72, 71.9, 71.83, 71.53, 71.51, 71.75, 70.55, 70.75, 70.97, 69.88, 70.39, 69.88, 70.28, 69.75, 69.21, 69.03, 68.63, 68.37, 68.34, 68.28, 68.14, 67.94, 68.46, 67.55, 66.94, 67.55, 67.33, 68.3, 67.64, 67.54, 67.32, 67.5, 66.73, 66.82, 65.85, 66.88, 65.23, 65.91, 67.06, 66.7, 66.72, 66.34, 65.53]}