{"train_loss": [2.300799547097622, 2.2824878772099813, 2.272978081458654, 2.266448789376479, 2.2588807069338284, 2.2520727169819366, 2.2479531208674115, 2.24065227325146, 2.2388606028679088, 2.236126570823865, 2.23056900990315, 2.227390162150065, 2.2238340738492135, 2.2214163101636446, 2.2178857375413945, 2.214694383816841, 2.2122106014153897, 2.2077987854297345, 2.204174696482145, 2.201686637218182, 2.197415803028987, 2.193169751534095, 2.1904352365395963, 2.185447669029236, 2.1827625445830514, 2.1781699828612497, 2.173276903079106, 2.168291209294246, 2.1646727910408607, 2.158174583239433, 2.1524013586533375, 2.14539520801642, 2.1396706122618454, 2.13092072560237, 2.124087214164245, 2.114843891522823, 2.1051943369400807, 2.0941864530245464, 2.082898387236473, 2.0708345101429866, 2.0578138849674126, 2.042263486752143, 2.027304827555632, 2.0113575272071054, 1.996326357890398, 1.9770331538640535, 1.9593562492957481, 1.9402403862048418, 1.9153186266238873, 1.8977225539011833, 1.7844302535057068, 1.7432124269314302, 1.7267376077480805, 1.714872904924246, 1.7042357753484676, 1.6940067505225158, 1.6838936243301783, 1.6778669066918201, 1.6692950774461794, 1.662247900168101, 1.6538856527744195, 1.6490525340422606, 1.638581998531635, 1.6354727925398411, 1.6255055381701542, 1.6192387947669395, 1.6125138191076425, 1.606871254933186, 1.5998166671166054, 1.5930941184361775, 1.5877487301826476, 1.5823713006117406, 1.5705475150010524, 1.5670071733303559, 1.5635814981582836, 1.5537206175999763, 1.5476006669875904, 1.540624599884718, 1.5352273913530203, 1.526437110778613, 1.521757380473308, 1.520268036157657, 1.5114172409742306, 1.5079334830626463, 1.5002573875280527, 1.494415801610702, 1.4873168266736545, 1.4797529813570853, 1.4780491893108074, 1.4737569063137739, 1.4685623379854056, 1.45834189867362, 1.452446630367866, 1.4455989146843935, 1.4447641054789224, 1.4340994278589885, 1.4314039804996588, 1.4280033805431465, 1.4213977746474438, 1.4133097119820424], "test_loss": [2.0248714630126954, 2.019367935180664, 1.9352705352783204, 1.906341047668457, 1.8527172760009765, 1.8492641876220703, 1.7846674133300782, 1.7588983367919921, 1.706833657836914, 1.7926691482543946, 1.6604101150512696, 1.6547479125976563, 1.690935807800293, 1.6630293762207031, 1.671077522277832, 1.6275537857055664, 1.6219505432128907, 1.5957563247680664, 1.6240718383789063, 1.5882121185302733, 1.5999486251831054, 1.6000380569458008, 1.5548674758911132, 1.5333228744506835, 1.5647480819702149, 1.5444097137451172, 1.6054716201782226, 1.5614360610961915, 1.5383146575927735, 1.5153712539672852, 1.5275775619506835, 1.5335356277465821, 1.5872973754882813, 1.5148379501342772, 1.5365347595214844, 1.551130941772461, 1.5180388702392578, 1.5902089736938476, 1.531924156188965, 1.578341130065918, 1.596554069519043, 1.6275371002197265, 1.6071708282470702, 1.6040756454467773, 1.6451843627929688, 1.6742697875976562, 1.6337709884643554, 1.67637431640625, 1.765893246459961, 1.740627897644043, 1.7921834609985352, 1.822630403137207, 1.8292922088623047, 1.8681739212036133, 1.9033311264038086, 1.9114123397827147, 1.9160584609985352, 1.905301530456543, 1.892105320739746, 1.9332125167846679, 1.908476594543457, 1.945851707458496, 1.9459402160644532, 1.933927359008789, 1.9610695846557618, 1.9705895706176757, 1.9886361694335937, 2.0045946044921874, 1.9599893920898437, 1.9967574783325195, 1.9602301208496093, 2.0004192611694336, 2.0174304916381836, 2.014391688537598, 1.9979807220458985, 2.0457767761230468, 2.032760301208496, 2.04664874420166, 2.0408357360839844, 2.0616794479370117, 2.0690785858154297, 2.0901248580932617, 2.0751293914794924, 2.09629423828125, 2.1225198959350586, 2.0961346206665037, 2.0869205520629883, 2.114475619506836, 2.116369630432129, 2.115119775390625, 2.1429791748046876, 2.147867495727539, 2.1340867309570313, 2.115753775024414, 2.141798226928711, 2.148712333679199, 2.142042819213867, 2.1788881088256837, 2.1560294830322264, 2.1668637084960936], "test_acc": [32.48, 37.6, 44.53, 48.5, 50.58, 53.77, 57.82, 60.75, 57.42, 58.72, 63.25, 64.04, 61.31, 63.81, 68.67, 65.12, 65.17, 69.03, 68.78, 70.42, 70.6, 71.45, 71.16, 70.21, 69.71, 69.16, 69.32, 69.41, 71.62, 70.63, 68.66, 68.03, 68.58, 68.47, 67.35, 67.92, 67.24, 64.27, 65.59, 61.4, 61.42, 58.71, 60.21, 59.46, 55.41, 54.86, 55.38, 52.63, 48.36, 48.92, 46.22, 45.27, 44.72, 42.75, 41.58, 41.58, 41.4, 41.53, 42.19, 40.53, 41.91, 39.95, 40.54, 40.68, 39.78, 39.17, 38.72, 38.37, 40.22, 38.9, 40.13, 39.17, 38.32, 38.72, 39.0, 37.56, 38.2, 37.39, 38.06, 37.37, 37.27, 36.91, 37.38, 36.38, 35.95, 36.71, 36.73, 36.49, 36.21, 36.1, 35.73, 35.66, 36.29, 36.76, 35.93, 35.84, 36.13, 35.17, 35.66, 35.59]}