{"train_loss": [2.2505047810383334, 2.2052515995808135, 2.173119044303894, 2.1492602592859513, 2.1327694941789677, 2.118879368977669, 2.105451402297387, 2.0956463443927276, 2.0846990356078514, 2.07295506581282, 2.0648598826848543, 2.057300721682035, 2.0479730603022452, 2.041091935756879, 2.0322436940975677, 2.0265776380514486, 2.0202368568151425, 2.0125726174085568, 2.004296237994463, 1.999082593428783, 1.99081985889337, 1.9840585170648037, 1.9757176023263199, 1.9685914971889593, 1.9591122040381799, 1.9510345134979639, 1.9410102220681997, 1.9306342079089238, 1.9193042082664293, 1.9067022011830257, 1.8953878741997938, 1.8801299749276577, 1.8659609333062783, 1.8505244502654443, 1.8313088453733004, 1.812242256066738, 1.7912312217247792, 1.770499393878839, 1.7473164268029042, 1.7234465507360606, 1.6959558807886563, 1.6736559195396228, 1.6411208265866988, 1.6158887364925483, 1.5826927885031088, 1.551063352670425, 1.516921066932189, 1.4907756496698428, 1.4546832549266326, 1.4207467345091014, 1.2466609821869776, 1.1779121088675963, 1.1493466549958937, 1.1315594303302277, 1.1150847933231256, 1.098234392129458, 1.08323080264605, 1.0691788367736035, 1.0626951884000728, 1.0525951336591672, 1.041578002465077, 1.0300465576159648, 1.017743641902239, 1.0104319037535252, 0.9997654500680092, 0.9870002100100884, 0.9829089548343267, 0.9733189209913596, 0.9633501091064551, 0.9526048273612291, 0.9466674904028575, 0.9427926658055721, 0.9283630452094934, 0.9212451702509171, 0.9134203530274905, 0.9088631747624814, 0.8949110355132666, 0.8825180359375783, 0.8771011450351813, 0.8730786175299914, 0.8601623305907616, 0.8542157081457284, 0.8488146445690057, 0.8368822201704368, 0.8391199611700498, 0.8310593328414819, 0.8184265420987056, 0.8139788390734257, 0.802701593362368, 0.7978632463858678, 0.7958926561551216, 0.7799227003867809, 0.7739212497686728, 0.7735956152280171, 0.7640379269917806, 0.7601105644152715, 0.7518721374181601, 0.7479346041495983, 0.7431133453662578, 0.7320205722099695], "test_loss": [1.8839601196289062, 1.7042376022338868, 1.6504653091430663, 1.5802692352294923, 1.5231897674560546, 1.469928775024414, 1.4408455322265625, 1.3755826171875, 1.362426559448242, 1.3684227325439453, 1.359922250366211, 1.3330498764038086, 1.2821978424072267, 1.3242026641845703, 1.2244124588012695, 1.2345690643310547, 1.1995861633300782, 1.2348098907470704, 1.217659390258789, 1.2535651672363282, 1.2357880569458009, 1.1810018630981445, 1.208083642578125, 1.1609501083374023, 1.1425905548095703, 1.2040481414794921, 1.231105078125, 1.2072612869262696, 1.1305359603881835, 1.2544215377807617, 1.2039914337158204, 1.1898249603271485, 1.2260446640014648, 1.1857861099243163, 1.2830766799926758, 1.2362464294433593, 1.25608367767334, 1.266318862915039, 1.3324935119628907, 1.3374757110595703, 1.2936616851806642, 1.3038793243408202, 1.3899945587158202, 1.4230071212768554, 1.4912818145751954, 1.4458971130371094, 1.5326942459106445, 1.5390942932128906, 1.5855436218261718, 1.593251789855957, 1.6613410690307617, 1.7606402725219727, 1.7509460540771484, 1.7842742431640626, 1.8022696166992187, 1.7977375564575195, 1.8624003463745118, 1.8224477813720703, 1.880900129699707, 1.8759962677001953, 1.895822723388672, 1.914618960571289, 1.9132638244628906, 1.94298779296875, 1.954441111755371, 1.975561065673828, 1.9641509048461914, 1.958993878173828, 1.9762470260620117, 2.0478961517333985, 2.0094150039672853, 2.0555644943237303, 2.003389514160156, 2.045877716064453, 2.0543604232788084, 2.0661962188720704, 2.055310401916504, 2.0817900863647463, 2.070472229003906, 2.0677377380371094, 2.091353437805176, 2.10592664642334, 2.1000852096557616, 2.149694223022461, 2.150302146911621, 2.0921704360961915, 2.1562909713745118, 2.1095616271972655, 2.2064368545532225, 2.199692091369629, 2.1587117279052737, 2.182663540649414, 2.220351365661621, 2.1951806030273437, 2.2396730758666994, 2.229610850524902, 2.2376668914794924, 2.286281776428223, 2.274491180419922, 2.211232258605957], "test_acc": [39.11, 50.97, 56.48, 58.2, 63.24, 64.68, 63.5, 67.75, 65.87, 69.84, 71.09, 69.59, 74.89, 74.98, 75.83, 76.6, 75.28, 76.8, 76.71, 76.23, 76.73, 78.0, 78.24, 78.16, 78.28, 78.14, 76.74, 75.89, 76.2, 75.67, 74.98, 75.29, 73.23, 74.69, 70.39, 70.87, 70.7, 70.55, 68.3, 66.27, 68.2, 67.01, 63.48, 62.99, 59.38, 61.34, 57.67, 56.59, 54.28, 54.81, 52.98, 50.08, 50.75, 50.15, 50.24, 49.62, 48.44, 49.88, 48.19, 48.45, 48.1, 47.29, 47.87, 46.59, 46.67, 46.27, 46.92, 47.11, 46.12, 44.78, 45.48, 45.36, 46.53, 45.12, 45.09, 44.93, 45.24, 44.44, 45.05, 45.2, 44.39, 44.39, 45.03, 43.73, 43.81, 45.45, 43.9, 45.14, 43.21, 43.55, 43.76, 43.54, 42.91, 43.72, 42.4, 43.16, 43.46, 41.74, 42.55, 44.22]}