{"train_loss": [2.285986748719827, 2.2676590785002095, 2.257255310890002, 2.2481417020161945, 2.2413875977198283, 2.235207807712066, 2.2311147579779993, 2.2271956180914856, 2.223898202333695, 2.220170387243613, 2.217773784735264, 2.2153197857049793, 2.212677755111303, 2.211328728993734, 2.208849754700294, 2.2070384551317264, 2.2046769979672556, 2.2033315083919427, 2.200698504081139, 2.1982884193078065, 2.1969887238282424, 2.1954981388189854, 2.1930774407509044, 2.190764925418756, 2.188269392038003, 2.186207269399594, 2.183895835509667, 2.1812992144853642, 2.178775446842878, 2.1758051658288027, 2.1727856098077236, 2.170063792130886, 2.1670600640468107, 2.163943933829283, 2.160958115871136, 2.15740160208482, 2.154112628178719, 2.1504744615310276, 2.147004413604736, 2.142110217534579, 2.1394787629445395, 2.1355032651852337, 2.1312303157953116, 2.127042705584795, 2.1229864994684857, 2.1197879412235356, 2.1152415220554057, 2.1109829034560765, 2.107208594909081, 2.102485624337808, 2.075744222372006, 2.0658397319989326, 2.060586274587191, 2.0572586643390167, 2.0537917436697546, 2.051870994690137, 2.0489882997977427, 2.0468579964760023, 2.0451823564676137, 2.042947915272835, 2.0421411554018656, 2.039085157100971, 2.037176162768633, 2.035894672381572, 2.0351485117887838, 2.0326951060539638, 2.0312223306069006, 2.0302849023770064, 2.0281517994709506, 2.027031380090958, 2.025408227932759, 2.02381920111485, 2.022474135802342, 2.020505618437743, 2.019452726840973, 2.0178329321054314, 2.016534467538198, 2.0153339942296347, 2.0131154861205665, 2.0128644866821093, 2.0110552402643056, 2.0101872300490355, 2.0086309524682853, 2.0082463619036552, 2.006432094023778, 2.0049543927877376, 2.003871563153389, 2.0020663719910843, 2.0013877413211723, 1.999964511088836, 1.9988887942754305, 1.9975572200921865, 1.9965851912131676, 1.9953952608964383, 1.9934137179301334, 1.993161139732752, 1.992562536092905, 1.9912306562448159, 1.9899662708624815, 1.9892054316325065], "test_loss": [1.9897300201416015, 1.8436876678466796, 1.7879771240234374, 1.7416040679931641, 1.7068981002807617, 1.6742567977905274, 1.634690559387207, 1.6195228393554688, 1.6291649291992187, 1.600273764038086, 1.5982129928588866, 1.5710745437622071, 1.5223711791992187, 1.6247952743530274, 1.5047957702636718, 1.5472716125488282, 1.4912612121582032, 1.5206317260742188, 1.5022251571655274, 1.4898105758666993, 1.4782968338012696, 1.4863403366088868, 1.5207571899414063, 1.4791025009155274, 1.4639323486328124, 1.4841043991088867, 1.4547002304077148, 1.4857291473388672, 1.4829352462768555, 1.4946809310913085, 1.4539988159179686, 1.4701505508422852, 1.4893993286132812, 1.501259471130371, 1.4886110794067382, 1.4923371780395507, 1.5163513595581055, 1.4865013046264648, 1.5223643508911133, 1.498743571472168, 1.5122774383544921, 1.5229125030517578, 1.5029238311767579, 1.5648588027954102, 1.5003730499267578, 1.527342106628418, 1.5626141067504882, 1.5543432968139648, 1.571545036315918, 1.5648849914550782, 1.5972871124267578, 1.5996959503173829, 1.5915901580810548, 1.5996314529418945, 1.6110375320434571, 1.6074284896850586, 1.6281452941894532, 1.6150902511596679, 1.6195228149414063, 1.6243515716552734, 1.6303926467895509, 1.6380838287353516, 1.6619532241821289, 1.6371918441772462, 1.6361913787841798, 1.6574913131713866, 1.6360930404663085, 1.6579397384643555, 1.6573160217285157, 1.659285906982422, 1.6312573059082032, 1.6390288345336914, 1.6445253890991212, 1.6390603698730468, 1.6716673614501953, 1.670551953125, 1.638524627685547, 1.656952653503418, 1.6677570724487305, 1.671312760925293, 1.6697662551879884, 1.7028745468139648, 1.6799388458251954, 1.6990267990112304, 1.697253010559082, 1.7051955490112305, 1.690496826171875, 1.6670917739868165, 1.6942416412353516, 1.6658415557861328, 1.684213771057129, 1.70061651763916, 1.6930409408569336, 1.6777698348999024, 1.7007180038452148, 1.6999431335449218, 1.6958566665649415, 1.683272817993164, 1.698074331665039, 1.707644383239746], "test_acc": [41.93, 53.28, 57.92, 61.95, 67.8, 68.95, 71.91, 71.91, 74.92, 74.68, 76.24, 74.15, 78.74, 75.23, 80.52, 78.81, 79.79, 77.11, 81.49, 81.31, 81.05, 80.98, 81.16, 83.02, 81.9, 81.2, 82.39, 80.85, 78.77, 81.3, 81.93, 81.49, 80.45, 80.78, 79.15, 79.92, 78.02, 78.71, 76.27, 75.81, 76.83, 76.4, 75.44, 73.37, 74.85, 73.79, 70.74, 70.43, 70.32, 68.73, 66.04, 65.38, 64.99, 64.51, 63.78, 63.18, 62.23, 62.72, 62.39, 62.22, 61.62, 61.15, 59.59, 60.57, 60.53, 59.66, 60.46, 59.27, 59.6, 59.22, 60.52, 60.27, 59.21, 59.81, 57.93, 57.79, 59.51, 58.46, 57.78, 57.96, 57.64, 56.35, 57.1, 56.16, 55.91, 55.56, 56.22, 57.26, 56.12, 57.49, 56.3, 55.73, 55.81, 56.65, 55.15, 55.46, 55.47, 56.05, 55.2, 54.74]}