{"train_loss": [2.075889460551433, 1.9387605486772, 1.8679358705496176, 1.8181361705828936, 1.7856460170868116, 1.7591582243259136, 1.7389387781803425, 1.7210899139061953, 1.7058163162989495, 1.6938162666100722, 1.6809814859659244, 1.670624049504598, 1.6580644946831924, 1.651158502163031, 1.6402084900782659, 1.63261038401188, 1.6249472835125067, 1.6173942388632359, 1.6072751225569308, 1.6019971612172248, 1.5963374871474045, 1.5857031421783643, 1.57939763711049, 1.5715589862603407, 1.5627706729448758, 1.5530298269712008, 1.5488624077576858, 1.5416574215277647, 1.530524300917601, 1.5235337587503286, 1.5143498442111871, 1.506565507253011, 1.497322161686726, 1.4889532312368736, 1.480052644472856, 1.4727766348765448, 1.4582778187898489, 1.4531242379775413, 1.442870304829035, 1.430793463266813, 1.4219156628999954, 1.4141451398531595, 1.3997153963798132, 1.3937216391930214, 1.3810735390736506, 1.3674607918812678, 1.3641465284885503, 1.352287159516261, 1.3367881102439685, 1.3285977754837428, 1.26195962704145, 1.2355390570102593, 1.2225742502090258, 1.2159570577817085, 1.2084781845410666, 1.2033971037620153, 1.1974315111453717, 1.1911240846682818, 1.1886718263992897, 1.1832195673233423, 1.1792822315142706, 1.1744468147938067, 1.1690301895141602, 1.166161119326567, 1.1629199654628068, 1.1568720759489597, 1.15420217697437, 1.1519409467012454, 1.1462409591063476, 1.143118336567512, 1.1404958700522398, 1.1351195228405488, 1.1321576145979075, 1.1287807073348608, 1.1248403035677397, 1.1229734949576549, 1.1197369920901763, 1.116910191377004, 1.1151646623244653, 1.1103186815212935, 1.1070363503236038, 1.1050471764344436, 1.102650594099974, 1.0993200182914733, 1.0965896854033836, 1.0925275130149645, 1.0914257440811548, 1.0864377059997656, 1.0857032837011875, 1.0839471752826983, 1.080345594882965, 1.077783110508552, 1.0751195864799694, 1.0728902734242953, 1.0702200229351337, 1.0674632164148183, 1.0653490720651089, 1.0629159236565615, 1.0594934353461631, 1.0579021032039935], "test_loss": [1.4965189254760742, 1.2461518112182617, 1.1242672317504883, 1.087840113067627, 0.9853948135375976, 1.0040075065612792, 0.969225163269043, 1.0443418586730957, 0.9438405883789063, 0.9084580642700195, 0.8363557640075684, 0.8789564819335938, 0.8395293983459473, 0.8437795486450196, 0.7905292846679688, 0.8902586631774903, 0.796154638671875, 0.7901443008422852, 0.8264548652648925, 0.8007219284057617, 0.7877047225952148, 0.7671470237731933, 0.819409479522705, 0.7889550384521484, 0.8246632499694824, 0.74691591796875, 0.7544629455566406, 0.7764971733093262, 0.7467339897155761, 0.7711973045349121, 0.7714134826660156, 0.7810105339050293, 0.8094737289428711, 0.8027218391418457, 0.8182026405334473, 0.8144557846069336, 0.8310272941589355, 0.8066308242797852, 0.8366139739990235, 0.8320030029296875, 0.800018968963623, 0.8302346740722656, 0.7795395446777343, 0.8203140487670898, 0.8427749252319336, 0.8830660362243652, 0.925562816619873, 0.9032939979553223, 0.9392330825805664, 0.9195109214782715, 0.8660698539733886, 0.8873972030639649, 0.8835892753601075, 0.9020426498413086, 0.9031218467712402, 0.9151886703491211, 0.8944171646118164, 0.89166675491333, 0.9000688827514648, 0.9124596710205078, 0.9153541069030762, 0.9107519073486328, 0.9210970733642578, 0.9116270378112793, 0.9220877075195313, 0.9466232391357422, 0.9401912994384766, 0.9214561317443848, 0.9569921226501464, 0.9491838203430176, 0.9382684677124024, 0.951327000427246, 0.9395196968078613, 0.964302579498291, 0.962614990234375, 0.9697540267944336, 0.9509214660644532, 0.961497077178955, 0.9893786087036133, 0.9790379737854004, 0.9529574211120605, 0.9530821983337402, 0.9801982353210449, 0.9552441566467286, 0.9416904350280761, 0.9766076766967774, 0.995176564025879, 0.9585946998596191, 0.9797013092041016, 0.9698783271789551, 0.9938755180358887, 0.9861311660766602, 1.0008326126098632, 1.0031533668518067, 1.0050322120666504, 0.9635942665100098, 0.9761144317626953, 1.0073250289916993, 0.9709967094421387, 0.9720448600769043], "test_acc": [53.2, 63.98, 71.63, 73.65, 76.41, 77.75, 79.35, 76.04, 79.66, 81.35, 84.5, 83.78, 83.19, 84.18, 85.94, 82.9, 85.44, 85.91, 85.19, 85.72, 85.71, 86.82, 84.92, 86.49, 85.01, 87.56, 87.04, 86.37, 86.41, 85.88, 86.22, 85.76, 85.59, 85.12, 84.38, 84.75, 84.74, 85.15, 84.62, 84.13, 84.79, 83.39, 83.99, 83.84, 83.63, 82.19, 80.59, 80.17, 79.64, 80.87, 81.39, 80.32, 80.64, 79.66, 79.53, 79.17, 79.58, 79.49, 78.84, 78.6, 78.66, 78.7, 78.26, 78.72, 78.24, 77.49, 77.78, 78.11, 77.1, 76.89, 77.39, 76.85, 77.34, 76.4, 76.37, 76.26, 76.82, 76.5, 75.34, 75.89, 76.35, 76.51, 75.62, 76.55, 76.65, 75.73, 74.82, 75.93, 75.58, 75.62, 75.09, 75.1, 74.73, 74.91, 74.62, 75.87, 75.23, 74.46, 75.6, 75.43]}