{"train_loss": [2.3254837806408224, 2.3147460931386705, 2.312847235263922, 2.3107814776591766, 2.31025710105896, 2.3087392317943083, 2.3096225225008453, 2.3096451435333645, 2.3079528619081544, 2.308401584625244, 2.3073680645380263, 2.3062130292256673, 2.3065352983963794, 2.305478306305714, 2.305418861217988, 2.3049877038368813, 2.3043280479235526, 2.3039741870684503, 2.302635699052077, 2.302604658787067, 2.3023226059400117, 2.3017587203245897, 2.3010632667786037, 2.3007517906335684, 2.3011777957280475, 2.299900227326613, 2.2987367550532025, 2.2990511655807495, 2.2981284123200636, 2.297717356070494, 2.2964800308912228, 2.2962841455753034, 2.295811573664347, 2.294985428223243, 2.293888362860068, 2.2928612213868362, 2.292011916331756, 2.291013150337415, 2.289853365604694, 2.2882000831457283, 2.286877621137179, 2.2845683311804748, 2.2826440022541927, 2.281447760264079, 2.278901414382152, 2.2764385908077927, 2.272943642200568, 2.269595890167432, 2.264953307616405, 2.2613432535758387, 2.236821326231345, 2.2258580171144926, 2.219935544943198, 2.215297168951768, 2.2122095150825305, 2.2086271952360104, 2.2051708288681815, 2.201331128829565, 2.1995339326369456, 2.1966188449126025, 2.193210974106422, 2.1895053129929765, 2.1862902054419884, 2.1830016013903495, 2.1794216137665967, 2.1781405473366764, 2.1742507078708746, 2.172298528597905, 2.1676192295856964, 2.1641720961301756, 2.1589888071402523, 2.1593922981849083, 2.1541168151757657, 2.149572514876341, 2.146168150045933, 2.1407084385553996, 2.1390538845306786, 2.1331307576252865, 2.1318705008580134, 2.126894332201053, 2.121556509458102, 2.119815565072573, 2.114823180895585, 2.112511786436423, 2.1060599492146417, 2.1000521357242876, 2.097202773277576, 2.090979440089984, 2.0862299209985977, 2.081421328202272, 2.078424738614987, 2.073221476567097, 2.067943840760451, 2.06377760722087, 2.055715191975618, 2.0535843693293057, 2.0458832117227406, 2.0406770910972205, 2.0359457994118717, 2.0291014848611293], "test_loss": [2.3076015625, 2.254695114135742, 2.2740919830322266, 2.245845193481445, 2.2741992431640625, 2.26217138671875, 2.2577153747558594, 2.2460618560791015, 2.2385230499267577, 2.240376239013672, 2.2444656951904296, 2.229505520629883, 2.251990884399414, 2.2178850402832033, 2.2319609588623046, 2.2378454498291016, 2.22648408203125, 2.2255924530029296, 2.2224543701171875, 2.232159536743164, 2.2139151947021483, 2.2267473083496094, 2.225135687255859, 2.1995907745361327, 2.19822353515625, 2.222226303100586, 2.2046514709472658, 2.2052159393310546, 2.187545281982422, 2.192646139526367, 2.1934695526123047, 2.189552740478516, 2.2021634094238283, 2.1850226165771485, 2.190567349243164, 2.1827014770507813, 2.1743300689697267, 2.191943438720703, 2.159968508911133, 2.1680794006347655, 2.175282556152344, 2.1659134490966796, 2.1634672973632814, 2.155405487060547, 2.1397392639160158, 2.175831985473633, 2.1587014190673828, 2.1522832763671875, 2.1812716796875, 2.1682148376464845, 2.1565868286132814, 2.159996759033203, 2.176017346191406, 2.178842297363281, 2.1823902893066407, 2.1760298400878906, 2.19133466796875, 2.1932763916015623, 2.197415051269531, 2.2035229461669923, 2.2036327758789063, 2.207549963378906, 2.220569647216797, 2.2237331817626953, 2.2288005462646483, 2.2259236389160155, 2.2301694122314455, 2.232353192138672, 2.2326334045410157, 2.2406322021484373, 2.244084197998047, 2.2581063873291014, 2.259784912109375, 2.2577489654541014, 2.263506219482422, 2.271374670410156, 2.280739044189453, 2.282858773803711, 2.291571139526367, 2.3044042602539063, 2.3021171752929686, 2.2853428192138674, 2.318891244506836, 2.316483932495117, 2.3172531494140625, 2.3319381103515626, 2.32718212890625, 2.338421939086914, 2.335556234741211, 2.355936624145508, 2.370543392944336, 2.371443963623047, 2.366626892089844, 2.3840521881103514, 2.3853277221679687, 2.4015429656982423, 2.3981150817871093, 2.4184875823974608, 2.40619382019043, 2.4288787628173827], "test_acc": [10.02, 20.32, 17.26, 10.71, 14.74, 11.32, 13.23, 18.04, 20.4, 16.61, 21.58, 22.63, 15.85, 26.55, 20.33, 15.13, 23.55, 27.67, 30.46, 26.57, 30.19, 27.05, 24.04, 29.73, 31.34, 31.96, 31.24, 31.25, 30.41, 33.43, 34.3, 29.99, 29.3, 33.22, 31.96, 30.42, 33.89, 29.43, 29.95, 31.5, 28.94, 31.82, 28.56, 29.5, 32.21, 27.42, 27.82, 28.66, 25.6, 26.62, 26.2, 25.59, 23.99, 23.72, 23.85, 23.66, 22.65, 22.55, 21.9, 21.64, 21.55, 21.19, 20.96, 20.6, 20.55, 20.74, 20.54, 20.13, 20.45, 20.02, 20.11, 19.28, 19.14, 19.24, 19.28, 19.32, 18.96, 19.53, 18.35, 17.93, 18.21, 19.06, 17.62, 18.18, 17.88, 17.54, 18.17, 17.63, 18.01, 17.19, 16.73, 16.89, 17.09, 16.62, 17.03, 16.42, 16.47, 16.44, 16.69, 15.83]}