{"train_loss": [2.1624260015976735, 2.0687786964269783, 2.0231539451158964, 1.9891154026373838, 1.9670096626648537, 1.9479603758225075, 1.9345564802487691, 1.9220080904471568, 1.912161202614124, 1.9036089316392557, 1.8943972615095286, 1.8881653528947098, 1.880304095072624, 1.8751881902034466, 1.8684009747627455, 1.8631509447709107, 1.857398863327809, 1.8529789145176228, 1.8466347853342693, 1.843054784872593, 1.839410775135725, 1.8331343501042097, 1.8301436552634607, 1.824812256372892, 1.8191490329228914, 1.8140124913973685, 1.8106026753401145, 1.8058231570781806, 1.7991921443205614, 1.7962367152556395, 1.791332674332154, 1.7856856835194124, 1.7808578760196, 1.7767594716487787, 1.7727684751535073, 1.7667428777768062, 1.761115308602651, 1.7576625041472607, 1.7528677325982314, 1.7464829447941903, 1.7394002844125798, 1.736759851834713, 1.7284531712532043, 1.724007292282887, 1.7189767210911482, 1.7126518686612446, 1.7068677229759022, 1.7016455583083323, 1.6946476062138875, 1.6880833417941363, 1.650369701324365, 1.6343741410817856, 1.6277903886941762, 1.6229661079553457, 1.6190501873309795, 1.6142047548905396, 1.6106860139431098, 1.6077294673675147, 1.6047865451910557, 1.6016693729620712, 1.5997154416182102, 1.595614183254731, 1.593045687981141, 1.5901194327916854, 1.5876651987051353, 1.5839336309677516, 1.5827268175589733, 1.5804718742003807, 1.5776714367744251, 1.5761231015890071, 1.5741118088746682, 1.5709606188994187, 1.5688925804235996, 1.5661941289901733, 1.5647999729865636, 1.561860300333072, 1.5596071481704712, 1.5580024673388555, 1.5551238830272969, 1.5537715942431718, 1.551716279066526, 1.5486339373466296, 1.5473687254465542, 1.5442107973954617, 1.5435147912074358, 1.542397640607296, 1.5399317869773277, 1.5367726527727568, 1.5352616857259702, 1.5342311571805904, 1.5327832442063551, 1.5300433721297826, 1.5286129569395994, 1.5271551777154972, 1.5256297930693015, 1.5232060389641005, 1.5209589765622065, 1.520363235167968, 1.5190006103271092, 1.516704531205006], "test_loss": [1.5688849472045898, 1.3820587921142578, 1.2801656097412109, 1.2085432189941405, 1.1593142227172852, 1.1316506851196289, 1.137662564086914, 1.1959190994262696, 1.0798946487426757, 1.0671739280700683, 1.0214768211364746, 1.056330908203125, 1.001825961303711, 0.9991478866577148, 0.960569164276123, 0.9975494247436524, 0.961402946472168, 0.9324349624633789, 0.9671126960754395, 0.9818515663146973, 0.9527270866394043, 0.9523820663452148, 0.9751894256591797, 0.9657474731445312, 0.968989826965332, 0.9302074867248535, 0.9232075592041016, 0.9149800758361817, 0.9131580131530762, 0.9425514282226563, 0.9404403778076171, 0.9375301078796386, 1.002015884399414, 0.9333561805725098, 0.9455857788085937, 0.9686780632019043, 0.9501900993347168, 0.9647602745056152, 1.016138501739502, 0.9654513671875, 0.9287012275695801, 0.9753282676696777, 0.912804044342041, 0.9846372367858887, 0.9848709693908692, 0.9944793045043945, 1.0386326263427734, 0.9797657432556153, 1.0398912322998046, 1.060426326751709, 1.017854849243164, 1.0153166763305663, 1.0183563606262207, 1.02972935256958, 1.0367724342346192, 1.0324245666503906, 1.03405193939209, 1.0308310806274414, 1.0290195114135743, 1.0521577056884766, 1.0518037399291993, 1.0599012519836426, 1.0449671401977538, 1.0450960746765137, 1.0666558341979981, 1.0642934791564942, 1.0738782394409179, 1.0526573905944825, 1.0857037361145019, 1.1009290901184081, 1.0789978424072266, 1.0890166801452636, 1.0909603958129883, 1.104935792541504, 1.099528025817871, 1.1018300827026368, 1.0805703971862792, 1.0898237754821778, 1.1121201210021974, 1.1046729042053223, 1.0918846244812013, 1.0997870048522949, 1.0978645469665527, 1.1044624473571778, 1.0877242874145507, 1.0971301284790038, 1.0949330627441407, 1.1059332901000976, 1.112533798980713, 1.0936239028930663, 1.1186532577514647, 1.1045867469787598, 1.1069417488098146, 1.1378251853942871, 1.1436012092590333, 1.107405054473877, 1.13419150390625, 1.1167952758789061, 1.113667389678955, 1.1235025024414063], "test_acc": [53.92, 64.58, 70.14, 74.05, 77.26, 77.1, 79.54, 74.5, 80.97, 81.78, 83.68, 82.64, 84.18, 84.59, 85.02, 84.34, 85.58, 86.19, 86.12, 85.28, 85.44, 86.53, 85.03, 86.51, 86.38, 87.28, 87.17, 87.92, 85.79, 85.8, 85.7, 86.35, 85.4, 85.89, 85.36, 85.4, 86.13, 85.35, 84.14, 84.74, 85.56, 84.7, 85.62, 84.2, 83.67, 83.61, 80.76, 83.05, 81.44, 80.71, 81.9, 81.79, 81.62, 80.63, 80.53, 80.39, 80.22, 80.1, 80.24, 79.18, 79.22, 78.51, 79.45, 79.02, 78.23, 78.06, 78.19, 78.19, 77.38, 76.73, 77.3, 77.08, 76.93, 76.14, 76.23, 76.07, 76.44, 76.26, 75.36, 75.69, 75.83, 75.93, 75.74, 75.53, 76.05, 75.92, 75.68, 75.57, 74.97, 75.62, 74.72, 75.18, 75.37, 74.05, 73.8, 74.85, 74.0, 74.99, 75.14, 74.46]}