{"train_loss": [2.2745343043253974, 2.247707299085764, 2.228356225673969, 2.213883569301703, 2.2032149761151043, 2.1937947957943646, 2.1842242210339275, 2.1771889014121815, 2.169556806026361, 2.162454644227639, 2.156543627152076, 2.1513192170705553, 2.146178619066874, 2.1409542493331126, 2.1347721381065172, 2.1320764578305758, 2.1275814050283186, 2.123235981280987, 2.1184275028033133, 2.114044690132141, 2.110038777192434, 2.104996653397878, 2.100520127858871, 2.095096281552926, 2.0897597233454386, 2.084102397087293, 2.078409408606016, 2.0721585111740306, 2.0646609080143463, 2.0586023883941844, 2.0523904470297007, 2.041581265742962, 2.0329335778187483, 2.025078564423781, 2.0144303486897397, 2.0037636967805716, 1.9920827471292937, 1.9806458574074965, 1.9656846954272345, 1.9562428645598582, 1.9386810724551862, 1.9262139011652042, 1.9077212287829473, 1.8945844463813, 1.8781710343483167, 1.85979756239133, 1.8418451584302462, 1.8260926961898805, 1.8090223147318913, 1.7927682210237552, 1.6939650012896612, 1.657782059143751, 1.6420947652596694, 1.631799967166705, 1.6215288657408493, 1.6145098463082925, 1.602499692562299, 1.5973086785047481, 1.5907635208887931, 1.5862761683953115, 1.5763467614467328, 1.573227985088642, 1.5673475112670507, 1.5581449878521454, 1.5552033723928989, 1.5466248949368795, 1.5436212539672851, 1.5390172833051436, 1.531969765516428, 1.5282597401203253, 1.522570980206514, 1.5179767495546586, 1.5108111387644059, 1.5080388481800373, 1.5031928148025122, 1.4976770932857806, 1.4932151592694796, 1.4882237400764073, 1.4826654959947636, 1.4821544038943755, 1.4723922353524428, 1.471230458907592, 1.4640324072960096, 1.4621140632873926, 1.457370435885894, 1.4515091899113777, 1.4460335224102705, 1.4447456732774393, 1.44174683430256, 1.4361554879408616, 1.4320799567760565, 1.426698053494478, 1.422247774173052, 1.4204154087946965, 1.4184228288821685, 1.4112739000564967, 1.4086537868548663, 1.4034560417517639, 1.3986093927652408, 1.3976781019797693], "test_loss": [1.927630972290039, 1.8010766983032227, 1.7606329299926757, 1.6892082641601562, 1.657140525817871, 1.6128362457275391, 1.5420243560791016, 1.500737791442871, 1.5073886032104493, 1.5035705001831055, 1.4916081344604493, 1.463533139038086, 1.4487403930664062, 1.4685429275512696, 1.3783783264160157, 1.3851541946411132, 1.3690599395751952, 1.3823329528808594, 1.3629187866210937, 1.404806686401367, 1.3742714797973632, 1.3403373077392577, 1.359466928100586, 1.3279426483154297, 1.3158415649414064, 1.3489399124145507, 1.3908700149536133, 1.3785342025756835, 1.2654461944580078, 1.3982993713378906, 1.3370141510009765, 1.3908106643676759, 1.3495166213989258, 1.320314535522461, 1.4056081619262695, 1.3440661117553712, 1.4081199600219727, 1.373948910522461, 1.4246669464111328, 1.4109635284423827, 1.3965799423217773, 1.4607039932250976, 1.470289126586914, 1.4200216674804687, 1.4763321258544921, 1.4897091995239258, 1.5715066101074218, 1.4678897369384765, 1.5909113067626952, 1.5996240646362305, 1.6065046798706055, 1.655404689025879, 1.6301343811035156, 1.6655475204467773, 1.662687986755371, 1.6647862854003905, 1.6963922775268554, 1.6761949478149414, 1.7004373321533204, 1.716572132873535, 1.7479521179199218, 1.7470523910522462, 1.7502821899414063, 1.7375117279052734, 1.7805248306274415, 1.7655129104614258, 1.76001798248291, 1.7728189498901368, 1.7784343444824218, 1.799568473815918, 1.7775124282836914, 1.8012096572875977, 1.7570057754516601, 1.8134157440185548, 1.7908411819458008, 1.8398405227661132, 1.80279423828125, 1.8029489822387694, 1.7929320205688477, 1.8235844635009766, 1.8097505157470704, 1.8204810882568359, 1.8095872680664062, 1.8276498275756836, 1.8528017623901367, 1.830279786682129, 1.8240560821533203, 1.8182289001464844, 1.8624252685546876, 1.8257847305297852, 1.8564275329589843, 1.8538778549194337, 1.8914808013916016, 1.8434742279052734, 1.8619623092651367, 1.9006856246948243, 1.8535117004394532, 1.9015074417114257, 1.9294736877441405, 1.890579605102539], "test_acc": [40.28, 50.36, 54.28, 56.57, 61.38, 63.16, 64.73, 68.39, 66.07, 69.67, 70.89, 71.11, 73.93, 74.87, 74.64, 75.99, 73.33, 77.94, 76.01, 77.02, 76.28, 77.58, 77.09, 78.04, 78.19, 78.76, 76.41, 75.88, 77.36, 75.94, 75.57, 74.48, 74.96, 74.37, 72.95, 72.36, 70.9, 71.3, 70.59, 69.96, 68.85, 67.06, 65.83, 67.34, 63.05, 62.63, 58.78, 62.59, 56.53, 56.87, 55.12, 53.07, 53.88, 52.65, 52.82, 52.61, 51.46, 51.8, 50.81, 50.56, 49.06, 49.22, 49.14, 49.71, 48.07, 48.31, 48.65, 48.13, 47.84, 46.9, 47.97, 47.36, 48.74, 46.74, 47.33, 45.83, 46.88, 47.28, 47.36, 46.43, 46.86, 45.93, 47.01, 46.42, 45.28, 46.25, 46.15, 46.32, 44.98, 46.75, 45.26, 45.47, 44.2, 45.75, 45.14, 43.97, 45.4, 43.86, 43.11, 44.04]}