{"train_loss": [1.9644270796042222, 1.7738181587977286, 1.6830871912149283, 1.6242528083996894, 1.5870664159456889, 1.5582020016816946, 1.5322910697032244, 1.515058225240463, 1.5004501202167608, 1.4851322840421628, 1.4712773971068553, 1.4594204059013953, 1.4488189015633022, 1.4410400103300045, 1.4328032991825006, 1.4231687212601687, 1.4157122168785488, 1.4055811460201557, 1.3992295283537644, 1.3914722216434967, 1.3840100468733372, 1.3778159358562567, 1.3713602567330385, 1.362928169201582, 1.3569405103341128, 1.3501085140766242, 1.3444292725660862, 1.3395522392713106, 1.3327102007010043, 1.3274631014237037, 1.3211397977975698, 1.3146279454231262, 1.308541600826459, 1.3014327498582694, 1.2998224313442523, 1.2930186488689521, 1.2847984867218214, 1.2820435722668966, 1.2736168476251455, 1.2688631323667674, 1.2621781003780854, 1.2585093290377887, 1.2509402819168873, 1.2448590391721481, 1.2377115512505557, 1.2319857264176393, 1.2230882537670624, 1.2235798010459313, 1.2137232224146526, 1.205899498401544, 1.1627688777752412, 1.1454485584528018, 1.1385414059345538, 1.1329695447897299, 1.1301915407180787, 1.1253866250698383, 1.121275218633505, 1.1188705114217905, 1.1153137390430157, 1.1117658165784983, 1.1094931434362363, 1.1054166112190638, 1.101263579344138, 1.1006388917947427, 1.0969386629569224, 1.0946525258895679, 1.0918421311256212, 1.0898797200276302, 1.0861164380342532, 1.0842296896836696, 1.0812059183915457, 1.0785699300276927, 1.0766738096872965, 1.074745494280106, 1.0710103906117954, 1.0687830461905552, 1.0671607538675651, 1.064742956100366, 1.0616886609639877, 1.060198841492335, 1.0580780460284307, 1.0553501679347113, 1.0541138956179985, 1.0513489284576514, 1.0495597390028146, 1.0467714667320251, 1.0449244593962645, 1.0432717485305592, 1.0407397722586607, 1.0395727524390588, 1.0372529677855662, 1.0352441660868816, 1.0338515443679615, 1.0309324035277734, 1.0299644305155828, 1.028043918731885, 1.026576054860384, 1.0243844787279766, 1.0226953344467358, 1.0214432137134748], "test_loss": [1.3290228088378906, 1.0783100326538086, 1.111323410797119, 1.0328756645202637, 0.8911887939453125, 0.8151343017578125, 0.8378955451965332, 0.9298381683349609, 0.7800371200561523, 0.7520939346313477, 0.738576416015625, 0.7099821960449219, 0.6527830707550049, 0.7303033920288086, 0.6893933029174805, 0.7375902206420898, 0.6780413269042969, 0.646005184173584, 0.6484375862121582, 0.679204866027832, 0.6639899505615234, 0.5965468540191651, 0.6607890785217285, 0.6340302856445312, 0.6274531478881836, 0.6523039497375488, 0.6142495750427246, 0.6502656272888183, 0.6755712776184082, 0.6331589344024658, 0.6282788948059082, 0.6293092041015625, 0.6302071350097657, 0.6482352226257324, 0.6791248207092285, 0.6174991298675537, 0.6295778533935547, 0.6338923477172852, 0.6554489120483399, 0.6486156185150147, 0.6649565299987793, 0.6628643760681152, 0.6649061115264893, 0.663171273803711, 0.6993121753692627, 0.6539308727264405, 0.6972701263427734, 0.6402245910644532, 0.693075789642334, 0.668631430053711, 0.6619939739227295, 0.6644772491455078, 0.6677584323883057, 0.6692556442260742, 0.6744601707458496, 0.6705250068664551, 0.6799097434997559, 0.6763659492492676, 0.6789638698577881, 0.6837013336181641, 0.6807584564208984, 0.6904076866149902, 0.6815463581085205, 0.7137457214355468, 0.693746485900879, 0.6977799419403076, 0.7111921348571777, 0.6817889259338379, 0.7148390411376954, 0.7085931327819824, 0.6905131336212158, 0.6961800918579102, 0.7188649223327637, 0.7062899444580079, 0.7087995849609375, 0.7064208839416504, 0.7060358573913574, 0.7134651275634766, 0.7181932693481445, 0.7131519157409668, 0.7290632354736328, 0.7478453155517578, 0.7285848846435546, 0.7167924514770507, 0.7267427352905274, 0.7129707397460937, 0.7266379981994628, 0.7005455459594726, 0.7369174346923828, 0.7184948234558105, 0.7147182998657227, 0.7124731697082519, 0.7198589378356933, 0.7110591552734375, 0.7161558403015137, 0.7332507888793945, 0.7061612312316895, 0.7249577018737793, 0.7325375244140625, 0.7017579319000244], "test_acc": [58.64, 68.84, 69.01, 70.89, 78.79, 81.21, 79.99, 77.25, 82.8, 84.06, 84.19, 85.43, 86.77, 86.4, 86.14, 83.78, 87.73, 87.14, 87.49, 86.88, 87.4, 88.96, 87.04, 88.2, 88.18, 87.96, 88.32, 87.96, 88.12, 88.98, 88.89, 88.42, 88.59, 87.69, 87.45, 88.72, 88.06, 88.15, 87.23, 87.89, 87.73, 87.31, 87.46, 87.36, 86.82, 87.32, 86.87, 87.68, 86.88, 86.81, 87.66, 87.4, 87.03, 87.21, 87.1, 86.83, 86.65, 86.48, 86.52, 86.28, 86.34, 86.26, 86.33, 85.32, 85.82, 85.7, 85.49, 85.84, 85.08, 85.08, 85.65, 85.34, 84.82, 85.07, 84.8, 84.9, 85.1, 84.96, 84.44, 84.62, 84.12, 83.7, 84.25, 84.25, 84.09, 84.37, 84.1, 84.63, 83.67, 84.15, 83.85, 84.02, 83.96, 84.25, 84.1, 83.57, 84.31, 83.9, 83.53, 84.56]}