{"train_loss": [2.144155987409445, 2.0399301785689135, 1.9775438635777205, 1.931238437921573, 1.898814537280645, 1.8715684196887872, 1.8459506652294062, 1.8324560199028406, 1.8141691379058056, 1.800145249794691, 1.7881460584126987, 1.7754966451571539, 1.765020284591577, 1.7526619067558875, 1.7433435754898268, 1.7335731267929078, 1.7221671578211661, 1.7107889713385167, 1.7012217347438519, 1.690696518543439, 1.6823229358746454, 1.6741502792407306, 1.6607257870527414, 1.6504689763753841, 1.638744170543475, 1.6284627685180078, 1.6112785440224868, 1.6006895713317089, 1.5830884490257655, 1.5715438292576716, 1.5557381425148402, 1.537650239161956, 1.517680796293112, 1.5002828928140493, 1.4786574479861136, 1.4590646548148913, 1.4399825539344395, 1.41366208363802, 1.3909647214107024, 1.3697106333879323, 1.3395102118834472, 1.318556495049061, 1.2920242813917306, 1.2614873938071423, 1.2389906719709054, 1.2103091585330474, 1.186701827782851, 1.159044609314356, 1.1339342766847367, 1.1075540993458186, 0.9607411520603376, 0.9045578392652365, 0.8791751348055326, 0.8595621883869171, 0.8434936223885952, 0.8301950691602169, 0.817925851772993, 0.8082896085885855, 0.801875507678741, 0.7929166813691457, 0.7828201529307243, 0.7733970924829825, 0.7691755406367473, 0.7619160957825489, 0.7532528250645368, 0.7410256294103769, 0.7379448398565635, 0.7294069540806306, 0.7196631767810919, 0.7145253786673913, 0.7107816981963623, 0.6989561812999922, 0.6973551053267258, 0.6924771588582259, 0.6847237244630471, 0.6750206737946242, 0.6687271500245119, 0.6638771839630909, 0.6575962754396292, 0.6539582079801805, 0.6464142301907906, 0.6386128948285029, 0.6363436602629148, 0.6300247366611774, 0.6243764371444017, 0.6191899810846035, 0.6151377759682827, 0.606996441193116, 0.6037920399354054, 0.6002967704565098, 0.5947252972767904, 0.5915608799610382, 0.5845664925300158, 0.5791316331961216, 0.5801151647781715, 0.575180963980846, 0.5678918960766914, 0.5629311723586841, 0.5617001120096597, 0.5544085031900651], "test_loss": [1.5994184097290038, 1.4747701644897462, 1.3058978790283202, 1.2502224349975586, 1.1243567863464357, 1.1249420616149903, 1.1375314254760742, 1.1392352691650391, 1.0405977653503418, 1.0256701370239258, 1.0079906860351562, 1.038764958190918, 0.9741058059692382, 0.9195382202148438, 0.9858097419738769, 0.9414613464355469, 0.9366031013488769, 0.9327264068603516, 0.8926937164306641, 0.9571279876708985, 0.9194291046142579, 0.8934982307434082, 0.9194696105957031, 0.8734179000854492, 0.9340639373779297, 0.8807904525756836, 0.9226286605834961, 0.9119958267211914, 0.9073106163024902, 0.9028950233459473, 0.8911840888977051, 0.9009900123596192, 0.9623324073791504, 0.9664601211547852, 0.9184194686889648, 0.9221299911499024, 0.9754598976135254, 1.0096931114196777, 0.9819091316223144, 1.0337182800292968, 1.0737884910583495, 1.0212372192382813, 1.037029369354248, 1.098986203765869, 1.0981232215881347, 1.1857745742797852, 1.2164840339660645, 1.1619034271240234, 1.1410193817138672, 1.1541897483825683, 1.2079623153686523, 1.2636028038024902, 1.3096756172180175, 1.3159216644287108, 1.3198018142700196, 1.3479086837768555, 1.3484859703063965, 1.393754702758789, 1.3536021942138672, 1.3784137588500978, 1.3972640800476075, 1.3924441368103027, 1.3920313339233399, 1.4272248649597168, 1.404604224395752, 1.410862855529785, 1.4580448318481445, 1.4361648681640624, 1.4226126129150392, 1.4319129280090332, 1.4458824340820313, 1.4387159072875977, 1.4489319175720214, 1.446913973236084, 1.422922917175293, 1.4857216514587401, 1.5131170349121095, 1.5128876235961914, 1.485269058227539, 1.457839852142334, 1.5198602951049804, 1.4553224815368653, 1.5268156173706056, 1.5407790649414062, 1.4995213256835938, 1.5743847702026368, 1.4830503143310547, 1.5476953109741212, 1.5587990447998046, 1.5008298782348632, 1.5277788330078126, 1.5465044723510741, 1.572043212890625, 1.5419260696411132, 1.5466030059814453, 1.5765945098876952, 1.532833627319336, 1.6039996612548828, 1.5438369750976562, 1.5613054397583008], "test_acc": [47.36, 53.79, 64.6, 67.57, 71.96, 72.57, 71.02, 72.61, 76.51, 79.15, 78.25, 79.86, 80.42, 81.51, 80.42, 81.25, 81.77, 82.71, 82.42, 80.71, 82.63, 82.9, 81.16, 84.25, 80.43, 83.45, 82.5, 81.21, 80.72, 80.85, 82.0, 81.74, 78.94, 78.32, 79.51, 79.18, 78.02, 76.97, 77.58, 76.06, 75.0, 75.8, 75.71, 72.16, 72.61, 70.42, 68.77, 70.23, 70.6, 70.08, 68.77, 67.24, 65.82, 65.39, 65.71, 64.62, 64.71, 63.39, 64.58, 63.66, 63.21, 63.19, 63.3, 62.68, 63.49, 62.93, 61.49, 62.38, 62.9, 62.41, 62.21, 62.16, 61.21, 61.92, 62.17, 60.78, 59.56, 59.87, 60.83, 61.89, 60.39, 61.79, 60.02, 60.04, 60.64, 58.85, 60.84, 59.3, 59.2, 60.59, 59.95, 59.45, 58.57, 59.64, 59.59, 58.85, 60.04, 58.34, 59.28, 59.19]}