{"train_loss": [2.288395706812541, 2.2694644811825873, 2.2572005009039855, 2.248021224217537, 2.240991786810068, 2.236106606018849, 2.230237299356705, 2.2262826937895555, 2.221567216897622, 2.216876778847132, 2.2129110000072383, 2.2097025473912555, 2.206030040520888, 2.2031738917032877, 2.1989977194712713, 2.1964411270924105, 2.1941594239992974, 2.1911105528855934, 2.1883106940831896, 2.1859864607835426, 2.1827712413592217, 2.180324698717166, 2.177138667228894, 2.1747555628801005, 2.1708703530140414, 2.1674970113314114, 2.164283677859184, 2.1598195124895145, 2.1556577548002585, 2.151877820186126, 2.148288201674437, 2.1426455228756636, 2.1373456044074817, 2.1332338565435167, 2.1260784748273016, 2.119636118106353, 2.113053282101949, 2.1066327969233196, 2.0983475529230557, 2.092925422313886, 2.0811707909290607, 2.075436250368754, 2.065977862553719, 2.0569037648347708, 2.0475480140783846, 2.037962127954532, 2.029328662004226, 2.018709213917072, 2.0100215361668514, 1.9979082312339391, 1.9416250439790579, 1.920017024798271, 1.9120279339643624, 1.9040029843648274, 1.8974590289287079, 1.8919241461998377, 1.886481612156599, 1.8834971421804183, 1.8785152456699274, 1.874193991147555, 1.8700314359787182, 1.8678963138506963, 1.8622346092493107, 1.86143060311293, 1.8566574708009378, 1.8534492605771773, 1.8497707354716766, 1.8474894285202026, 1.8428664644559225, 1.841864656485044, 1.8381929831627088, 1.8340466043887995, 1.8312700766783494, 1.8267497735145763, 1.826720479512826, 1.8237716503632375, 1.8197750687599181, 1.8152307874117142, 1.8127038964858422, 1.8125936795503665, 1.8096039646711104, 1.8038899996341804, 1.8025350301693648, 1.7995110961107108, 1.7972710646115817, 1.7946272250933526, 1.792146808673174, 1.7886495953951127, 1.7871877691684626, 1.7834747124940922, 1.7823313309596136, 1.779683317282261, 1.7761938492457072, 1.7737786662884247, 1.7709506881542696, 1.767224805171673, 1.7653173034007732, 1.765047982105842, 1.7620959780155083, 1.7590698547852346], "test_loss": [1.9765365814208984, 1.8830445999145509, 1.8361771316528321, 1.7841822860717773, 1.7645238037109374, 1.7485184997558594, 1.6686887191772461, 1.6214449600219727, 1.619768798828125, 1.6029234390258789, 1.6353574096679688, 1.587192204284668, 1.5618966720581056, 1.5972317321777343, 1.5163724258422853, 1.5133454635620118, 1.5372100616455078, 1.519704426574707, 1.5132114990234375, 1.5136086624145508, 1.524960513305664, 1.5081461486816405, 1.4948486206054687, 1.482081997680664, 1.4363170028686523, 1.4687574935913086, 1.5251895065307617, 1.4841092681884767, 1.4152609634399413, 1.5084818374633788, 1.4471006240844726, 1.4884601806640625, 1.4970669342041016, 1.4486890991210937, 1.493958836364746, 1.4727293853759766, 1.494257029724121, 1.5177417770385742, 1.573888426208496, 1.4975172454833985, 1.508284750366211, 1.5720142517089843, 1.5776741622924804, 1.573283151245117, 1.6089443862915038, 1.5821945663452148, 1.5757340270996094, 1.5766084197998047, 1.6423140014648439, 1.6300668411254884, 1.6183309768676757, 1.668467820739746, 1.6640620803833008, 1.6730776702880858, 1.6927953643798828, 1.690643620300293, 1.7070359741210936, 1.6795311111450195, 1.7092742553710938, 1.7000907577514648, 1.7246782791137696, 1.72111455078125, 1.7336979888916015, 1.7436673690795899, 1.7296643203735351, 1.7617359115600586, 1.7083047225952148, 1.7613065826416017, 1.7605062057495118, 1.7712763763427735, 1.741114665222168, 1.7477724838256836, 1.7480474807739257, 1.7845249450683593, 1.7704378677368164, 1.7856900497436523, 1.7721991149902343, 1.778322673034668, 1.7705113449096679, 1.7721167907714843, 1.7935804946899414, 1.8144950378417968, 1.7821141433715821, 1.80376328125, 1.8035829406738282, 1.7908631713867187, 1.807001332092285, 1.8017076126098632, 1.8048765197753907, 1.8164153091430664, 1.8018035552978515, 1.7830581771850587, 1.827905271911621, 1.8225878860473632, 1.814365023803711, 1.8524365737915038, 1.8136552627563476, 1.8144384490966796, 1.8624777893066407, 1.8470206756591796], "test_acc": [41.02, 48.81, 53.38, 55.7, 60.59, 62.18, 63.76, 67.37, 68.37, 70.65, 69.53, 70.99, 74.54, 74.77, 74.71, 76.26, 71.21, 75.13, 74.43, 77.7, 76.36, 76.93, 77.24, 78.48, 79.21, 78.45, 77.29, 77.59, 77.62, 77.11, 77.12, 74.76, 76.11, 76.28, 72.66, 73.07, 73.75, 72.28, 70.09, 71.76, 70.22, 68.41, 67.71, 66.9, 63.59, 63.62, 63.93, 63.01, 59.52, 59.58, 58.31, 56.05, 55.38, 54.55, 53.46, 53.56, 52.95, 53.76, 52.31, 52.55, 51.24, 51.57, 50.94, 50.53, 50.99, 49.18, 51.55, 49.37, 49.1, 48.9, 50.25, 49.53, 49.64, 48.03, 48.75, 47.86, 48.45, 48.49, 48.43, 48.55, 47.74, 46.64, 48.11, 47.14, 47.15, 47.79, 46.51, 47.12, 46.71, 46.18, 47.12, 48.03, 46.13, 46.16, 46.44, 45.03, 46.49, 46.53, 44.29, 45.15]}