{"train_loss": [2.1981665122203338, 2.1256974049103565, 2.084064641671303, 2.052493968988076, 2.0322170260625008, 2.0152035921047897, 1.999881264490959, 1.988855842137948, 1.97986973799192, 1.9707679828008016, 1.9618417064348856, 1.9546030536676064, 1.947649411054758, 1.9421266457973383, 1.9345706270291254, 1.9278599629035362, 1.923527183593848, 1.9170806291775826, 1.9116774170826643, 1.9065062220279987, 1.901283665192433, 1.895381208566519, 1.889552134122604, 1.883756421162532, 1.8792128645456754, 1.8727596310468821, 1.8663339792153775, 1.858472125652509, 1.8528721240850596, 1.8478776299036466, 1.8377871632575988, 1.8311404289343418, 1.8245593511141263, 1.8181322516539158, 1.8096790958673525, 1.801754949031732, 1.794733362320142, 1.7849883229304582, 1.7770891391313992, 1.7679221370281317, 1.7588333343848204, 1.7502365384346399, 1.74148994409121, 1.731492560949081, 1.7226260386980496, 1.7112988560627669, 1.702713072911287, 1.6928597431916457, 1.6833254465690026, 1.6746403642189809, 1.613392539207752, 1.5887775561748407, 1.5778833804986416, 1.5706099210641322, 1.5639113899989006, 1.5562909737611428, 1.5509807522480303, 1.54836314366414, 1.5431952097477057, 1.5370557898130173, 1.534048652037596, 1.5296423603326847, 1.525189171693264, 1.5211982742334023, 1.517796922647036, 1.51459876146072, 1.5092228311758775, 1.5070037346619827, 1.5035056835565812, 1.5013396770526202, 1.4972561243252875, 1.4948582588097987, 1.4916488030017951, 1.4877079520470058, 1.486090754239987, 1.4816679960642105, 1.4765234989997669, 1.4762868844545805, 1.4730559963446397, 1.467611275269435, 1.4654562555826627, 1.4640023873402521, 1.4630644602653309, 1.457733094997895, 1.4552928796181313, 1.4546472133734287, 1.4502241152983446, 1.4469019935681269, 1.446775933412405, 1.4429725732558814, 1.440384026368459, 1.4376677305270464, 1.4361228193992224, 1.4334774533907573, 1.4323385782730884, 1.427658788057474, 1.4277048777311276, 1.4230384105291123, 1.4221265529974914, 1.419431881721203], "test_loss": [1.691887335205078, 1.5048189605712892, 1.4558621826171876, 1.3603093139648437, 1.303558934020996, 1.37827306060791, 1.1997384521484376, 1.264810041809082, 1.1279158203125, 1.168820475769043, 1.0758503616333008, 1.105916046142578, 1.1094253494262696, 1.0746393539428711, 1.033681792449951, 1.0512654098510743, 1.1078353881835938, 1.0426924430847169, 1.0688213409423828, 1.0220308395385742, 1.0553587356567382, 1.0255026008605956, 1.0500566345214843, 1.020360321044922, 0.9971952575683594, 1.027149855041504, 1.000716471862793, 1.0641599822998047, 1.0674335876464844, 1.038691146850586, 1.0202778495788574, 1.035232169342041, 1.0344392776489257, 1.0395967193603515, 1.0469004302978515, 1.0643649780273436, 1.0585795600891112, 0.9866169334411621, 1.0835894989013672, 1.058980361175537, 1.0310903953552246, 1.0932251739501953, 1.1109677688598634, 1.1066984214782716, 1.1155510261535644, 1.1047282508850098, 1.057957211303711, 1.113946745300293, 1.1216357643127441, 1.1492294250488282, 1.136289412689209, 1.1518331481933595, 1.1638034027099609, 1.1816395111083984, 1.1825846130371094, 1.1887079406738281, 1.173018684387207, 1.1917821502685546, 1.224999658203125, 1.205479426574707, 1.1962687255859374, 1.2093432846069336, 1.2134990142822266, 1.2254622161865234, 1.236078384399414, 1.2015796630859374, 1.253102897644043, 1.2398040771484375, 1.2484461669921876, 1.2291791320800782, 1.2421715698242188, 1.251443586730957, 1.2581040740966798, 1.2643667373657226, 1.266704814147949, 1.2677768646240235, 1.271696125793457, 1.2677243560791016, 1.2711425048828124, 1.2530626571655274, 1.292001657104492, 1.269325457763672, 1.297909454345703, 1.2670867385864257, 1.2645849411010741, 1.286648193359375, 1.270591374206543, 1.305808335876465, 1.2912499267578126, 1.297148698425293, 1.2853466583251953, 1.283607373046875, 1.283373861694336, 1.3180769577026368, 1.2786759948730468, 1.2900148345947267, 1.2931940185546875, 1.2662033248901368, 1.3012646362304687, 1.2832510940551758], "test_acc": [52.46, 55.4, 61.26, 64.88, 67.38, 66.98, 76.62, 75.58, 78.75, 78.59, 82.34, 82.03, 81.24, 81.73, 83.87, 83.82, 79.64, 82.7, 83.9, 84.53, 84.5, 85.54, 82.84, 84.8, 84.98, 84.46, 83.66, 82.47, 83.05, 84.55, 82.12, 82.92, 83.09, 81.72, 83.14, 82.49, 81.73, 83.14, 80.37, 81.28, 81.28, 80.64, 78.92, 79.15, 78.09, 77.94, 78.8, 77.62, 77.49, 75.61, 75.53, 74.35, 73.82, 73.16, 72.76, 72.67, 72.95, 71.84, 70.82, 71.51, 71.83, 71.17, 70.98, 70.32, 69.77, 71.26, 69.31, 69.78, 69.16, 69.82, 69.13, 68.7, 68.39, 68.22, 67.75, 67.37, 67.97, 67.48, 67.85, 67.94, 66.68, 67.51, 66.21, 67.19, 67.56, 67.2, 67.41, 65.74, 66.39, 66.22, 66.47, 66.42, 66.32, 65.3, 66.61, 66.1, 66.2, 67.0, 65.67, 66.24]}