{"train_loss": [2.3044482328952887, 2.296032610306373, 2.293480001963102, 2.290921761439397, 2.289223147661258, 2.2868412586358877, 2.2852324553025074, 2.2833382863264817, 2.2820518371386407, 2.280313007036845, 2.279240897985605, 2.278312558394212, 2.2772022088368735, 2.2759581682009573, 2.2754420616687874, 2.2740725468366576, 2.273226970892686, 2.2720670088743553, 2.270843270497444, 2.2701406069290946, 2.269237251770802, 2.267898725851988, 2.266880416870117, 2.266011416606414, 2.264854988685021, 2.2637603998184206, 2.2626098388280624, 2.2616177479426067, 2.259203752493247, 2.2583908081054687, 2.2565025836993486, 2.2548096381700957, 2.2533461766365246, 2.2506603161493937, 2.248907473148444, 2.2466843250470285, 2.24438506150857, 2.241297824566181, 2.2388287159112785, 2.23570286494035, 2.2333238357152694, 2.2294529511378363, 2.225968351119604, 2.2225995821830553, 2.2189863461714525, 2.215493083000183, 2.2115970257001045, 2.207920217514038, 2.203253050339528, 2.1999691535265016, 2.176386685249133, 2.167296359477899, 2.1629878307000183, 2.1604095177772717, 2.1572716670158583, 2.156103411087623, 2.153525816477262, 2.1519002676010133, 2.1502583381457208, 2.148199831522428, 2.147073485301091, 2.1451875790571555, 2.143045891248263, 2.141616430649391, 2.140569208829831, 2.138989071968274, 2.1372608178701156, 2.136305397596115, 2.134328668545454, 2.1337229147935526, 2.132160456975301, 2.1309009075164793, 2.129236489075881, 2.1279740125705033, 2.126606770662161, 2.125798304875692, 2.12421616652073, 2.122803454521375, 2.121813527131692, 2.1199145958973813, 2.1201499841152094, 2.1177767472389415, 2.1169553512181993, 2.115802680529081, 2.1152334176577057, 2.1139483635242167, 2.112051290120834, 2.1103704024583867, 2.1103310676721425, 2.109149520825117, 2.10799777446649, 2.1065319299697878, 2.105099951915252, 2.1049046149620643, 2.1034649127568956, 2.102154679176135, 2.101591860331022, 2.1001304461405828, 2.098907654102032, 2.0976981829374264], "test_loss": [2.1386437561035154, 2.0906750915527343, 2.043601594543457, 1.9956742462158203, 2.0243732696533203, 1.9568441345214844, 1.9648398696899414, 1.979980567932129, 1.931706967163086, 1.911512843322754, 1.9258868286132813, 1.8858837860107422, 1.8713298553466797, 1.8294765457153321, 1.8255365356445312, 1.8456825988769532, 1.8165506286621094, 1.8118177810668945, 1.7686360900878906, 1.8245356079101562, 1.8032680633544922, 1.8082881561279296, 1.7791391952514648, 1.8106789688110352, 1.754228286743164, 1.724720457458496, 1.7816622482299804, 1.799881785583496, 1.7569368270874024, 1.7755298797607422, 1.7570416534423827, 1.7906047256469726, 1.7743560592651366, 1.7672000900268554, 1.742076658630371, 1.7591841613769532, 1.7440803314208984, 1.7771730407714843, 1.7637068710327148, 1.766266976928711, 1.8118947189331054, 1.7622529067993165, 1.787208120727539, 1.830851644897461, 1.8090659286499022, 1.7625218307495116, 1.7947032257080078, 1.854341145324707, 1.8265629531860352, 1.8708661254882812, 1.859383773803711, 1.8668107528686524, 1.8861193084716796, 1.8789561431884765, 1.8810587219238282, 1.8829076583862305, 1.9006781951904297, 1.901756999206543, 1.9030131622314452, 1.9218054321289062, 1.9041490631103515, 1.9059201721191406, 1.903716291809082, 1.9153393280029296, 1.92200555267334, 1.9146826934814454, 1.9297143112182618, 1.958546859741211, 1.9451650375366212, 1.942995997619629, 1.940453286743164, 1.9420188385009765, 1.9407987411499024, 1.9551646682739259, 1.9446187118530274, 1.9505461822509766, 1.9425740631103516, 1.9422373916625977, 1.9373769912719727, 1.9539250854492187, 1.9693198348999024, 1.9660874740600587, 1.9555584106445312, 1.9833153198242188, 1.96828243560791, 1.951723452758789, 1.966615328979492, 1.9657057739257813, 1.9745724655151367, 1.9408896331787109, 1.9713640853881835, 1.9696573944091798, 1.9802558349609376, 1.9631221710205078, 1.9594881546020508, 1.9791860473632812, 1.9624649475097655, 1.9782297332763672, 1.9829053970336914, 1.9932841079711914], "test_acc": [35.56, 42.11, 41.69, 52.14, 51.9, 60.08, 54.0, 59.43, 61.36, 66.79, 62.61, 65.33, 67.8, 73.02, 73.66, 73.01, 73.71, 75.01, 74.62, 75.03, 76.08, 73.73, 75.52, 73.43, 76.43, 77.51, 75.09, 75.74, 74.91, 73.68, 74.3, 73.02, 73.63, 72.77, 73.39, 71.34, 72.67, 71.04, 70.14, 69.42, 67.97, 68.98, 66.6, 63.23, 63.25, 63.5, 62.63, 57.88, 58.33, 53.73, 53.41, 52.32, 50.4, 50.48, 49.8, 49.8, 48.46, 48.05, 47.81, 46.49, 47.74, 47.33, 47.4, 46.5, 46.06, 46.23, 45.35, 43.62, 44.42, 44.21, 44.64, 44.42, 44.34, 43.26, 43.95, 43.32, 43.88, 43.97, 44.09, 42.95, 42.27, 42.3, 42.57, 40.85, 42.0, 42.65, 41.73, 41.83, 41.02, 43.07, 41.34, 41.19, 40.54, 41.49, 41.65, 40.32, 41.45, 40.76, 40.12, 39.34]}