{"train_loss": [2.2641176987916993, 2.231704153158726, 2.2134519051282835, 2.1968337016227917, 2.1846037247242074, 2.174159901570051, 2.165416024892758, 2.1592964239609547, 2.152589935522813, 2.1464767559980733, 2.1415343486345733, 2.1372251235521755, 2.1323995168392473, 2.12894123395284, 2.12506657685989, 2.1218224103634173, 2.1176703697595842, 2.1146238339252963, 2.1102518582955385, 2.106612437810653, 2.1036390463511148, 2.100349233700679, 2.096177431864616, 2.0916049731083404, 2.0878178675969443, 2.0832596057500594, 2.0798735939539394, 2.0738137373557457, 2.0695291329652834, 2.063646259674659, 2.0583626872453933, 2.052283522104606, 2.045711915920942, 2.0398594798185887, 2.03382691634007, 2.0260238448778787, 2.0193211644123763, 2.0111746191978455, 2.0042726094906147, 1.99556507116709, 1.9883301676847995, 1.9813146585073227, 1.9731187441410163, 1.9633215299019446, 1.9557348777086307, 1.946388825086447, 1.9377540022898943, 1.9297955222618886, 1.921684178022238, 1.9094466401980474, 1.8564201816534385, 1.8374725418213087, 1.828987936484508, 1.8210179943304796, 1.8176504605855697, 1.8118107007100033, 1.806379400461148, 1.805330085143065, 1.7993917905367338, 1.7946714499057868, 1.7925729403128992, 1.7881443255986922, 1.7848131971481518, 1.783320793433067, 1.7816082599835519, 1.7757371868842686, 1.7737349348190503, 1.770812595807589, 1.768650028644464, 1.7654652803372115, 1.7615640921470446, 1.7594991259085826, 1.7564099073410033, 1.7532777608969272, 1.7523990774765992, 1.7489343236654233, 1.7458678697928405, 1.745219949269906, 1.7401630196815883, 1.7384018369210072, 1.736232369985336, 1.7338408338717926, 1.7315217626400483, 1.7292752602161505, 1.7270368380424304, 1.7242165241485987, 1.7223169751656362, 1.7207437111781194, 1.7183072068752387, 1.7161670244657077, 1.7134972746555621, 1.7128322072518178, 1.7093518110421988, 1.7083749920893938, 1.706768002265539, 1.7047173151603112, 1.7018545548121133, 1.7009151146962092, 1.6973875485933745, 1.695562854485634], "test_loss": [1.8704599395751953, 1.7482472320556641, 1.6808639038085937, 1.6198667449951172, 1.5527119018554687, 1.5058147384643554, 1.462394596862793, 1.4329123275756837, 1.4613596008300782, 1.4144830795288086, 1.3837897857666015, 1.3695122512817384, 1.330733250427246, 1.4178966888427735, 1.3495736923217774, 1.3246217803955078, 1.2931665649414064, 1.3402154022216797, 1.3150082916259767, 1.2719933853149414, 1.2863791336059571, 1.281915298461914, 1.3179144607543944, 1.2915261795043946, 1.2681093017578124, 1.2837826019287109, 1.2568130661010741, 1.322669645690918, 1.264253663635254, 1.3193321685791015, 1.264449545288086, 1.3096794982910156, 1.3178351425170898, 1.3034326217651366, 1.3289032485961914, 1.2536054718017577, 1.3352720291137696, 1.3479804367065429, 1.333326510620117, 1.3285407730102539, 1.3649452545166016, 1.3321249542236329, 1.3217395401000978, 1.4176840133666992, 1.400669062805176, 1.3534984283447267, 1.400546112060547, 1.3645630783081055, 1.399873469543457, 1.4120331771850585, 1.4606004348754882, 1.4618439559936522, 1.4726745086669921, 1.479559342956543, 1.494528936767578, 1.5072901931762694, 1.4917956130981445, 1.4834471130371094, 1.5085606582641602, 1.5137197021484374, 1.5074128646850586, 1.5172777557373047, 1.5149826446533203, 1.5215080108642578, 1.5260318893432616, 1.5431302368164062, 1.5239929580688476, 1.5447286560058593, 1.5651189071655274, 1.5526577102661132, 1.5264685760498047, 1.5120293380737304, 1.5421063583374024, 1.548864178466797, 1.5658371368408204, 1.552900584411621, 1.5429114364624024, 1.5535258010864257, 1.5844169204711913, 1.5500678253173827, 1.545288264465332, 1.5675277877807616, 1.5668188919067383, 1.6020994934082031, 1.6011455978393554, 1.592028955078125, 1.5485710006713866, 1.5469939239501953, 1.5903646209716797, 1.5636921005249023, 1.5880493911743163, 1.5871210006713867, 1.5804308807373046, 1.5624313400268555, 1.6128509201049805, 1.5636581100463867, 1.5862154403686524, 1.5996812805175782, 1.5987810638427735, 1.6243322006225587], "test_acc": [42.29, 48.97, 55.49, 58.38, 67.77, 69.45, 73.26, 73.35, 74.48, 75.94, 76.88, 76.3, 78.38, 77.74, 77.63, 80.81, 81.43, 76.12, 80.59, 82.29, 81.51, 82.43, 81.74, 82.21, 81.24, 80.94, 82.1, 80.38, 81.17, 79.1, 80.24, 79.39, 78.7, 80.29, 77.4, 79.29, 77.78, 77.1, 75.48, 75.27, 75.82, 74.59, 74.34, 72.74, 71.54, 72.71, 70.45, 70.39, 69.22, 67.63, 65.31, 64.56, 64.03, 63.62, 62.73, 62.05, 62.89, 62.5, 62.08, 61.3, 61.48, 61.14, 61.2, 61.34, 60.5, 60.01, 60.72, 59.74, 58.51, 59.06, 60.0, 60.48, 59.17, 59.21, 58.35, 58.68, 59.03, 58.78, 57.29, 58.64, 58.82, 57.88, 57.96, 56.48, 56.16, 56.9, 58.53, 58.58, 57.05, 57.96, 56.7, 56.85, 57.05, 57.95, 55.78, 57.95, 56.72, 56.07, 56.05, 55.0]}