{"train_loss": [2.308427330775139, 2.2956871289473315, 2.2903888629033013, 2.2870345519139215, 2.2829843209340024, 2.2800923720384256, 2.2757863747767915, 2.274073945558988, 2.271100766842182, 2.2685494331213145, 2.264877249644353, 2.263639077773461, 2.2604072509667814, 2.2589533475729136, 2.256573442312387, 2.25429014976208, 2.252131278698261, 2.2511366948103295, 2.2480679377531394, 2.245353773312691, 2.2426149050394693, 2.240392833489638, 2.23794830762423, 2.2349776384158013, 2.232725250415313, 2.229149686373197, 2.2275984861911873, 2.2231670128993497, 2.219827699049925, 2.218436596943782, 2.2124568719130298, 2.2082260003456704, 2.203769516333556, 2.198550901657496, 2.19398812636351, 2.1867004608496643, 2.180974929760664, 2.171263400713603, 2.164737250254704, 2.154271462636116, 2.1446824617874927, 2.134285138814877, 2.120587296363635, 2.1084975050045895, 2.0929629463415877, 2.080355910765819, 2.062862310042748, 2.046435000651922, 2.025161932981931, 2.005505270835681, 1.905430916028145, 1.8656088245220674, 1.8511718783623132, 1.8393242126856095, 1.825478087633084, 1.8184779662352342, 1.8093276473192068, 1.8029666894521468, 1.7939584380541092, 1.7860362688700357, 1.777606073098305, 1.7721257231174372, 1.7629757700822293, 1.7544526644242115, 1.7525075126916934, 1.7441694565308399, 1.738264333590483, 1.7299495033728771, 1.7227939740205422, 1.7169882505367964, 1.706911380474384, 1.7026653717725704, 1.6974730033140917, 1.6861976651044992, 1.6836200408446482, 1.6801089387673598, 1.6697030599300677, 1.661439968378116, 1.6546463526212252, 1.6465996739191886, 1.6411650229723025, 1.6376172573138505, 1.6299075062458332, 1.6247992378014784, 1.6201115427873074, 1.6105356188920827, 1.605941426448333, 1.5969233176647089, 1.5937646813881703, 1.5816958846190037, 1.5810095087075844, 1.5714930528249496, 1.5668401556137281, 1.5606878378452398, 1.5525360003495827, 1.5457196336526138, 1.5441147587238213, 1.5339536556830773, 1.529030738427089, 1.522742600318713], "test_loss": [2.0953511199951174, 2.073603869628906, 2.0664627349853517, 2.0351822814941407, 1.933219856262207, 1.941547038269043, 1.8899156295776367, 1.9157373413085939, 1.8846090194702148, 1.8936444458007813, 1.8806523071289063, 1.8164854949951172, 1.812292530822754, 1.831255128479004, 1.7915923736572266, 1.8013014419555664, 1.7788711334228515, 1.8106936004638672, 1.7502914123535156, 1.7435438354492188, 1.7566367294311522, 1.7397016983032227, 1.7548087768554688, 1.6863217147827148, 1.7166692337036134, 1.6863796203613282, 1.7043137145996095, 1.6811591110229491, 1.6920430892944336, 1.671143423461914, 1.6243807327270507, 1.6478136337280274, 1.68574268951416, 1.6201386581420898, 1.6600307159423828, 1.6587271759033204, 1.658335935974121, 1.6890799102783203, 1.675021257019043, 1.70318018951416, 1.696095608520508, 1.7040348587036134, 1.7457234741210939, 1.6783261749267577, 1.7767294219970704, 1.7821870239257813, 1.7200191452026368, 1.7424116088867188, 1.7776498077392577, 1.78298369140625, 1.872505467224121, 1.9077796844482422, 1.9114164596557617, 1.9218784988403321, 1.9532160385131836, 1.9767420639038087, 1.9988748413085937, 1.9863966354370117, 1.9983926025390626, 1.9895948455810546, 2.0126571578979493, 2.021536032104492, 2.030158312988281, 2.0239259002685546, 2.05246268157959, 2.0486181533813475, 2.061737173461914, 2.0622944931030274, 2.063346453857422, 2.0863926605224608, 2.0907662979125976, 2.080315188598633, 2.0998795013427736, 2.08553818359375, 2.09569705657959, 2.1000574935913088, 2.1259378799438475, 2.1194982559204103, 2.1158094512939454, 2.1412960861206054, 2.154474467468262, 2.1458051300048826, 2.1443250427246094, 2.1433300430297852, 2.1620514694213866, 2.2170189834594725, 2.2253674880981444, 2.1827021575927734, 2.210711614990234, 2.2230882049560545, 2.219881411743164, 2.20337548828125, 2.242421241760254, 2.2048286071777343, 2.201500846862793, 2.204440559387207, 2.2406367767333983, 2.236992497253418, 2.24376064453125, 2.283782696533203], "test_acc": [35.55, 33.96, 37.73, 34.04, 45.5, 44.32, 47.49, 49.42, 54.82, 52.41, 56.94, 56.71, 59.03, 58.39, 61.22, 61.25, 57.87, 62.41, 63.38, 65.84, 64.39, 65.33, 64.45, 65.57, 66.48, 68.11, 65.01, 65.38, 64.66, 66.67, 66.46, 66.45, 65.41, 65.56, 64.05, 64.08, 62.61, 60.6, 62.3, 58.63, 56.93, 57.08, 53.7, 55.85, 49.86, 48.72, 52.39, 50.02, 47.33, 46.34, 41.5, 40.01, 39.59, 39.64, 38.19, 37.14, 36.05, 36.77, 36.57, 36.97, 35.96, 35.61, 35.44, 35.92, 34.75, 35.26, 34.75, 35.01, 34.93, 33.81, 34.11, 34.15, 33.65, 34.1, 34.07, 34.09, 33.07, 33.53, 33.47, 32.87, 32.33, 32.8, 32.66, 33.21, 32.21, 30.81, 30.77, 32.06, 31.12, 30.96, 31.06, 31.99, 30.83, 32.22, 32.07, 32.01, 30.99, 31.23, 31.48, 30.16]}