{"train_loss": [2.3076884012955885, 2.303015309725052, 2.3025223126778234, 2.302306444216997, 2.301351848626748, 2.3010121045968472, 2.3005937044437115, 2.3002605150907467, 2.300015389613616, 2.2996405772673776, 2.298843177770957, 2.298866941378667, 2.298439109019744, 2.2980455288520227, 2.29783493861174, 2.2972374408673017, 2.2970420592870466, 2.29657929004767, 2.296215676038693, 2.2960026203057704, 2.2954946206166196, 2.295008376928476, 2.2944024984653177, 2.2943072239557902, 2.2935432629707533, 2.2932950570033146, 2.292708387130346, 2.2920750086124126, 2.2915273751967993, 2.2911926654668955, 2.2903637806574504, 2.289765396484962, 2.28886440656124, 2.2881336896847455, 2.2874480791580982, 2.2865253686904907, 2.2853964194273337, 2.2841775472347554, 2.283113390360123, 2.2812164624532065, 2.280199509400588, 2.2786091290987454, 2.276783454723847, 2.2747746773255177, 2.27268208418137, 2.2704149472407806, 2.2678255344048526, 2.2650568943757277, 2.262668741055024, 2.2594245782265294, 2.2438933134078978, 2.237606936234694, 2.2351279998436953, 2.2325484147438637, 2.231061994112455, 2.2296143440099865, 2.22729647954305, 2.225894701175201, 2.224784997182015, 2.223560235439203, 2.2226469094936663, 2.220937872544313, 2.219878405179733, 2.2183363089194663, 2.2179075406147883, 2.2157306463290483, 2.2150852667979706, 2.2137972202056493, 2.2122889634890432, 2.2119471800632966, 2.2105001993668387, 2.2090969917101737, 2.2083471255424696, 2.2073073356579513, 2.2057403032596294, 2.204764078213618, 2.2040222198535235, 2.2025435264293964, 2.2010072622543726, 2.2002961818988505, 2.1988838073534844, 2.19797020203028, 2.1976136158674193, 2.196134698085296, 2.1951114379442656, 2.1934542344166683, 2.1932444639694997, 2.1914010665355583, 2.1909697783298983, 2.1898540753584643, 2.1888051809408724, 2.1879709378266945, 2.186779637825795, 2.1854825380520944, 2.184706008128631, 2.1834235264704778, 2.182838042577108, 2.1820178508758543, 2.181169318541502, 2.179658242372366], "test_loss": [2.2055641021728514, 2.2077260040283204, 2.19827428894043, 2.1757778717041014, 2.1455586151123045, 2.157544174194336, 2.123245266723633, 2.143345852661133, 2.113518603515625, 2.1229389678955077, 2.1298400787353517, 2.083367370605469, 2.096997787475586, 2.1024665924072266, 2.0718525604248046, 2.075820181274414, 2.053437710571289, 2.0769893829345705, 2.0579651458740233, 2.0575909606933593, 2.053442108154297, 2.0510457061767577, 2.0590785064697266, 2.026343943786621, 2.03428857421875, 2.0178740356445313, 2.0182844329833984, 2.006404866027832, 2.0134678131103514, 1.9994666702270507, 1.9719206832885743, 1.983277618408203, 1.9966472579956054, 1.965308854675293, 1.9841685302734375, 1.9853781784057618, 1.993127975463867, 1.9873605987548828, 1.9992952331542968, 2.0378543563842775, 1.9978245391845704, 1.9986464950561524, 2.010461703491211, 1.987139015197754, 1.9904137908935546, 2.0216753128051757, 1.9809046875, 1.9863954238891601, 1.972989193725586, 2.0002981170654297, 2.0233459411621095, 2.044788055419922, 2.038506364440918, 2.040115512084961, 2.0598881546020507, 2.06879656829834, 2.0788307373046875, 2.0707219619750976, 2.072135708618164, 2.0614671325683593, 2.0671356216430663, 2.088711396789551, 2.075657864379883, 2.0824815139770507, 2.0870451950073243, 2.0905824188232423, 2.087026593017578, 2.0944015090942383, 2.099443421936035, 2.0978920700073243, 2.1086625183105467, 2.0806768844604493, 2.1064148315429687, 2.109408026123047, 2.10083095703125, 2.1069820220947264, 2.1086792068481444, 2.1049175964355467, 2.1068926010131834, 2.1069142272949217, 2.1253682052612306, 2.112486163330078, 2.107106300354004, 2.1083658950805666, 2.108784326171875, 2.1337192733764647, 2.1292407669067384, 2.114714587402344, 2.1186079208374022, 2.127375032043457, 2.1304792022705077, 2.1309349227905274, 2.1302565063476564, 2.131905891418457, 2.1215165267944336, 2.1248319061279295, 2.1236586334228518, 2.1256368408203126, 2.1233798248291014, 2.1249408203125], "test_acc": [33.2, 37.48, 38.75, 32.88, 39.64, 39.14, 46.85, 44.29, 48.65, 50.73, 51.15, 56.13, 53.14, 56.78, 59.54, 58.38, 57.1, 55.48, 59.53, 60.55, 62.36, 62.49, 64.22, 62.24, 65.46, 66.14, 67.03, 64.81, 62.73, 64.01, 65.02, 66.33, 66.24, 65.99, 63.89, 62.86, 60.86, 61.95, 62.29, 55.75, 56.08, 56.85, 56.6, 55.53, 52.88, 51.45, 53.5, 50.98, 50.57, 47.9, 43.59, 40.95, 41.35, 40.71, 39.42, 37.9, 37.46, 37.34, 37.5, 37.82, 37.43, 35.48, 36.42, 35.91, 35.67, 34.77, 34.9, 34.26, 33.82, 33.97, 33.19, 35.46, 32.92, 33.05, 33.42, 33.35, 32.64, 32.94, 32.66, 32.86, 31.2, 32.23, 32.67, 32.52, 32.32, 30.61, 30.9, 32.13, 31.47, 30.72, 30.35, 30.37, 30.28, 30.43, 30.85, 31.0, 30.76, 30.84, 31.02, 30.82]}