{"train_loss": [2.1926804817639862, 2.117210557216253, 2.073704976607592, 2.041097345107641, 2.0177798928358617, 1.9979887598600143, 1.9793804792257457, 1.969408319546626, 1.9546810547510782, 1.9454687769596393, 1.9362804397558555, 1.9272494478103441, 1.9195463024652921, 1.912370112309089, 1.9043659201035132, 1.8954336658502235, 1.889397430419922, 1.8805713684130938, 1.8738284749862475, 1.8654104899137447, 1.861462664604187, 1.854744890408638, 1.845365998072502, 1.8374128240805405, 1.8297654952758398, 1.8203501829734214, 1.8118144197341723, 1.803543097850604, 1.7910644415097359, 1.784455909790137, 1.7721165366661855, 1.7597301779649197, 1.7483649272185104, 1.7372869088099554, 1.7225368664814875, 1.7104752231866887, 1.6977647384007772, 1.6819263846446306, 1.6714516364611112, 1.655518710001921, 1.6364656292475186, 1.6259008224193867, 1.6082941189790383, 1.5911376448778005, 1.5742967908199017, 1.5586353042186836, 1.5437004129091898, 1.525774878110641, 1.5129202815202567, 1.4940724675471966, 1.401860558680999, 1.3630196433800918, 1.3460557479124802, 1.336091600320278, 1.3288480951235844, 1.3172691947374588, 1.310021787423354, 1.3040262411802244, 1.3022290330666761, 1.2926933973263472, 1.2870232077745292, 1.2796395127589886, 1.2754676286990827, 1.2732145743492322, 1.2634954620630314, 1.2589091994823554, 1.2546544307317489, 1.2496613988509544, 1.2450009324611762, 1.2409059127171835, 1.2360524272307372, 1.2325863156563197, 1.2256119657785465, 1.221720374853183, 1.2161338411844693, 1.2143146267304055, 1.2080510487923255, 1.2027363917766474, 1.2004183708093106, 1.196221547249036, 1.1910063477662893, 1.1887327848336635, 1.1848947891822228, 1.1823120471758721, 1.1776924662100963, 1.1737958263128232, 1.1702740751779996, 1.166488329263834, 1.1624640761277614, 1.1580295018660716, 1.158025113130227, 1.1528803917077872, 1.1477499353579985, 1.1462048949339452, 1.144128244351118, 1.1388170541861118, 1.1373713288551721, 1.1334104596040189, 1.129245851895748, 1.125459546614916], "test_loss": [1.6419479217529296, 1.5354328506469725, 1.42933565826416, 1.3347263824462892, 1.2523903106689454, 1.202471614074707, 1.2439919784545899, 1.2500162490844726, 1.1758514099121093, 1.166019204711914, 1.1356669647216797, 1.148221176147461, 1.1207725738525391, 1.0725177146911622, 1.0941339469909668, 1.0903420440673828, 1.0435393005371094, 1.0686646728515625, 1.0453731803894042, 1.0709900314331056, 1.0511735176086425, 0.9954345062255859, 0.9808600479125976, 1.0103638084411621, 1.0742188781738282, 0.997267951965332, 1.0297740158081055, 1.0290645042419433, 1.0122525115966796, 1.0147451866149901, 0.9877694549560547, 1.0081047096252442, 1.026655239868164, 1.0664549201965332, 1.0245884315490723, 1.014317896270752, 1.036967177581787, 1.0748642387390137, 1.0767461006164551, 1.0668186767578125, 1.1271094841003417, 1.090794970703125, 1.102912336730957, 1.1062814979553222, 1.1591399551391601, 1.2371373489379882, 1.168351035308838, 1.2429353942871093, 1.1719434921264649, 1.155433422088623, 1.1810838890075683, 1.2225579582214356, 1.2445017631530761, 1.2562108741760254, 1.2544972114562989, 1.2542039726257324, 1.2569284675598145, 1.2679176612854004, 1.259581297302246, 1.307691975402832, 1.3101305053710937, 1.2950503700256348, 1.2886064994812012, 1.306916326904297, 1.314594310760498, 1.307743312072754, 1.3072613677978515, 1.3297285087585449, 1.3148282981872559, 1.345746880340576, 1.3430630767822265, 1.3270858108520507, 1.335901700592041, 1.3541442840576172, 1.3388326881408692, 1.3776860122680663, 1.3397130477905272, 1.3639106307983397, 1.3355174728393555, 1.34789497756958, 1.3884245491027831, 1.3623838897705078, 1.3945382919311524, 1.3840027282714844, 1.395853810119629, 1.4111656097412109, 1.3818383689880371, 1.3746886154174804, 1.3873818016052246, 1.399666593170166, 1.3933153617858887, 1.3964958755493164, 1.4200462707519532, 1.379471880340576, 1.3950773315429688, 1.4170224060058594, 1.376423046875, 1.417915626525879, 1.393199055480957, 1.3990741241455078], "test_acc": [49.8, 55.21, 63.89, 67.69, 71.6, 74.92, 71.18, 72.7, 75.82, 77.77, 78.02, 81.78, 79.02, 80.74, 81.38, 80.7, 82.28, 82.66, 81.51, 80.63, 81.86, 83.67, 83.14, 83.25, 80.86, 84.53, 82.88, 82.71, 82.03, 81.99, 82.7, 82.13, 81.15, 80.8, 79.08, 79.56, 79.67, 78.64, 77.73, 77.59, 76.19, 76.76, 75.32, 74.89, 74.51, 71.38, 72.87, 70.05, 71.43, 72.52, 70.65, 68.76, 67.81, 67.29, 66.87, 67.01, 66.56, 66.04, 66.64, 64.79, 64.32, 65.27, 65.5, 64.53, 64.3, 64.35, 64.57, 63.59, 64.47, 63.18, 63.35, 63.22, 63.01, 62.95, 63.33, 61.99, 63.35, 62.37, 63.18, 62.81, 61.32, 62.41, 61.29, 61.59, 61.1, 60.66, 61.47, 61.76, 61.65, 60.9, 61.14, 60.9, 60.38, 61.54, 60.82, 59.9, 61.61, 59.83, 60.47, 60.62]}