{"train_loss": [2.3134088131097648, 2.3086571228809847, 2.3076799514966133, 2.30639685850877, 2.306877952355605, 2.306663403755579, 2.3063528036459897, 2.306290478584094, 2.3054446782821265, 2.306203226554088, 2.3055883175287493, 2.305080258540618, 2.304518496684539, 2.304401644682273, 2.304600584812653, 2.3044249614079795, 2.303999578035795, 2.3041241566340127, 2.303921635945638, 2.3035163952754094, 2.3036857788379375, 2.3035900391065156, 2.303378607676579, 2.303103143129593, 2.303460780779521, 2.302968799762237, 2.302686165540646, 2.3028521513327576, 2.302402757986998, 2.302497091048803, 2.301905732277112, 2.3019896171031853, 2.302036144794562, 2.3015230087133554, 2.3013252900196957, 2.3009320662571833, 2.3008400892600034, 2.3005339090640726, 2.3001929056950106, 2.2998180004266593, 2.299370402556199, 2.298937126306387, 2.298326376156929, 2.298042414738582, 2.297589898109436, 2.2967308301192064, 2.2960479522362736, 2.295423110937461, 2.294028973579407, 2.2930045500779763, 2.2866478229180363, 2.284057494921562, 2.2828223020602496, 2.2815721261195647, 2.2811571543033304, 2.2802867100788995, 2.2788446738169745, 2.278438436679351, 2.277644881224021, 2.2772044426355604, 2.276339903855935, 2.2758725386399488, 2.274907043652657, 2.273871003664457, 2.2730902891892653, 2.2721019671513485, 2.2719207109549107, 2.2715709649599516, 2.2696190363321547, 2.2693125516940387, 2.2679565680332674, 2.2676238604080985, 2.266774167158665, 2.2658763677645952, 2.2644741822511723, 2.2636004227858324, 2.2627178112665813, 2.2617861368717294, 2.260716310525552, 2.259761426999019, 2.2595442411227102, 2.258023537733616, 2.256077141639514, 2.2552898657627596, 2.2545255593764475, 2.2532110470991866, 2.2523436931463388, 2.249970275927813, 2.2495767189906193, 2.2482681017655595, 2.246418083631075, 2.2453360728728464, 2.2442558588125765, 2.242365642082997, 2.241506786835499, 2.2394255234644964, 2.2385782070648976, 2.2372942270376743, 2.2354704037690776, 2.2343822558720907], "test_loss": [2.298676223754883, 2.2727942687988283, 2.285739337158203, 2.270159991455078, 2.283070556640625, 2.282496405029297, 2.2739456512451173, 2.2743714508056643, 2.2703310791015623, 2.273387893676758, 2.267147164916992, 2.2609314117431643, 2.277173937988281, 2.2558366729736328, 2.269874200439453, 2.272975567626953, 2.2608716979980468, 2.267582080078125, 2.2602465240478518, 2.2676514556884766, 2.258584271240234, 2.2602508605957032, 2.2568378845214845, 2.250516455078125, 2.247771044921875, 2.2607830444335937, 2.2539369110107423, 2.258283297729492, 2.2451764739990234, 2.2496509399414064, 2.244173449707031, 2.2436812896728515, 2.2479160461425782, 2.245377749633789, 2.2347964416503907, 2.237102728271484, 2.2366219482421874, 2.2379838470458986, 2.223067849731445, 2.2276189666748047, 2.232342340087891, 2.2225910583496096, 2.224576681518555, 2.2215905212402345, 2.21681337890625, 2.2150663940429687, 2.2189798767089846, 2.2208107666015624, 2.2199890716552733, 2.2187196716308595, 2.203849838256836, 2.202636895751953, 2.210566131591797, 2.2104308013916016, 2.2113629608154297, 2.202861575317383, 2.2116126831054688, 2.21024931640625, 2.21083681640625, 2.2137481689453127, 2.2158575897216797, 2.212220394897461, 2.219477719116211, 2.22067170715332, 2.218254116821289, 2.222368502807617, 2.2238229400634766, 2.218889288330078, 2.2216276611328123, 2.221828970336914, 2.2235423248291015, 2.227331588745117, 2.227457376098633, 2.228486685180664, 2.2318561126708985, 2.226216375732422, 2.2357136505126953, 2.2308759857177733, 2.237780603027344, 2.2398746673583982, 2.2353943969726564, 2.2278775390625, 2.2439846008300783, 2.245002017211914, 2.2445044708251953, 2.2456785766601564, 2.2406054138183595, 2.251626434326172, 2.240811618041992, 2.2443191040039063, 2.251879803466797, 2.2550705963134767, 2.250097198486328, 2.2592176635742187, 2.253457629394531, 2.2643510833740232, 2.2563211975097657, 2.2634505432128904, 2.263328381347656, 2.2665235992431643], "test_acc": [9.99, 10.23, 11.83, 18.57, 9.97, 10.44, 20.67, 14.27, 21.75, 17.22, 17.42, 22.24, 17.94, 16.46, 11.64, 16.94, 11.43, 23.38, 25.21, 22.99, 26.0, 18.88, 21.42, 22.79, 26.22, 20.66, 23.26, 28.36, 23.5, 32.47, 32.21, 27.07, 28.79, 30.35, 30.52, 29.14, 29.48, 29.47, 30.04, 31.76, 28.08, 31.17, 27.94, 29.95, 31.46, 29.31, 27.55, 28.95, 27.28, 26.61, 25.56, 25.06, 23.54, 23.31, 22.93, 23.84, 22.67, 22.67, 22.39, 22.03, 21.91, 22.25, 21.08, 21.13, 21.53, 21.05, 20.62, 21.17, 20.93, 20.64, 20.71, 20.3, 19.9, 20.08, 20.03, 20.37, 19.48, 19.93, 19.22, 19.51, 19.67, 20.36, 19.06, 18.79, 18.77, 18.49, 19.09, 18.51, 19.11, 19.03, 18.52, 17.96, 18.34, 17.78, 18.2, 17.49, 17.88, 17.45, 17.41, 17.83]}