{"train_loss": [2.0906036089628173, 1.9572767126254547, 1.8861837555200627, 1.8327599351222699, 1.7941837738721798, 1.7659966939534897, 1.741594855601971, 1.7202482293813657, 1.7045289678451343, 1.688959483611278, 1.673706780641507, 1.6621920493932871, 1.649658899123852, 1.6384502044090858, 1.6253220869944647, 1.613385979945843, 1.6034971814889174, 1.5920718776874052, 1.5850049021916512, 1.5718185406464797, 1.5618488852794354, 1.5495133919593616, 1.5401076943446428, 1.5269035183466397, 1.5148792917911822, 1.5054170186703022, 1.4908758175678742, 1.4741349602356935, 1.462396386342171, 1.4493832264191064, 1.433162094079531, 1.414048237678332, 1.3982808482952607, 1.381110198986836, 1.3625128587086996, 1.3417600304652484, 1.3207477334218147, 1.3029664907699976, 1.280328003718303, 1.2537744846099461, 1.2295391041498918, 1.2120247779748379, 1.1863338572856708, 1.1640512516865364, 1.1395071760202065, 1.111646081545414, 1.0918202079259431, 1.0668717899383642, 1.0431095117177718, 1.018812964207087, 0.8826390867049877, 0.8273305232708271, 0.8037564882865319, 0.7900849534915044, 0.778506842484841, 0.762780369245089, 0.752606395421884, 0.7413553341841086, 0.7354769469835819, 0.7281250129907559, 0.7178629080454508, 0.7099477630395156, 0.704133842083124, 0.6950678900266305, 0.692480206489563, 0.6795134464899699, 0.6751343662922199, 0.668583431152197, 0.6596696101702176, 0.6569558969674967, 0.6473572570544023, 0.6448298344245323, 0.6371913112891026, 0.6311308788183408, 0.6237637463288429, 0.6185794689716437, 0.6129310855498681, 0.6074279921177106, 0.601124027524239, 0.5973074760192479, 0.5910673713072753, 0.5882154653469721, 0.5824456493059794, 0.5764169990252226, 0.571965672266789, 0.5647503413451024, 0.5610490682033392, 0.5549474156055695, 0.5535999648846113, 0.5507968930861888, 0.5423693234339738, 0.5386375893384983, 0.535947599242895, 0.5301473108621744, 0.527406434294505, 0.5236047419217916, 0.5183186229987022, 0.5148926472816712, 0.5128018743716753, 0.5069187654134555], "test_loss": [1.558259637451172, 1.2904626876831056, 1.3258610488891602, 1.1679678565979004, 1.1473279182434082, 1.161085612487793, 0.9827899101257325, 1.017721696472168, 0.9271518127441406, 0.9998256523132324, 0.8624811378479004, 0.8782140609741211, 0.8883359657287597, 0.8459675262451172, 0.7985041870117188, 0.8429073867797852, 0.8702858489990234, 0.7738348457336426, 0.8953905906677246, 0.8222013137817383, 0.8487604347229004, 0.8455932876586915, 0.8387613883972168, 0.793644921875, 0.8063591049194336, 0.7919629081726074, 0.7565598083496093, 0.8444993240356445, 0.869364404296875, 0.8302584548950195, 0.7985605377197266, 0.8262381637573242, 0.8416166938781738, 0.8440203666687012, 0.8724916427612305, 0.8755769302368164, 0.8762545372009277, 0.8405744743347168, 0.8802846046447754, 0.9850451156616211, 0.9434417991638183, 0.9221459655761719, 0.983706396484375, 0.9785518417358399, 1.0150611465454102, 0.9926985862731934, 1.0134481407165528, 1.0641370979309082, 1.1129572006225585, 1.0571944206237793, 1.046583709716797, 1.0951775871276856, 1.1238161094665526, 1.1495677314758301, 1.1719626358032227, 1.2081197479248047, 1.19487889251709, 1.2041248413085937, 1.224082960510254, 1.2306091697692871, 1.2286624938964843, 1.2534427581787109, 1.2239947227478027, 1.248647625732422, 1.2439933616638184, 1.234591291809082, 1.2749069465637206, 1.2810754249572753, 1.2711116348266602, 1.2759552070617677, 1.263755618286133, 1.2871842109680176, 1.2869324928283692, 1.2871129135131836, 1.302578377532959, 1.317869324493408, 1.317553395843506, 1.3060800247192383, 1.3330755477905274, 1.2895175987243652, 1.3359629959106445, 1.3258519180297852, 1.31207279586792, 1.3025550086975097, 1.3114254386901856, 1.3591140243530273, 1.2979576080322266, 1.3063365646362304, 1.3327162567138673, 1.3262358703613282, 1.3466472549438477, 1.3301270973205566, 1.3341797721862794, 1.3288541664123534, 1.34770551071167, 1.2942278297424317, 1.3476957473754883, 1.3229401649475097, 1.3087538597106934, 1.3244038291931153], "test_acc": [52.38, 60.6, 59.0, 66.63, 67.09, 69.42, 77.22, 76.71, 78.45, 77.18, 80.65, 81.94, 81.11, 82.95, 83.16, 82.82, 79.51, 84.18, 82.08, 83.59, 82.88, 84.47, 82.99, 84.35, 83.67, 84.63, 84.4, 82.87, 81.11, 83.19, 82.68, 83.17, 82.25, 81.97, 81.26, 81.18, 79.95, 80.74, 79.77, 77.58, 77.96, 78.37, 75.68, 76.54, 75.32, 76.07, 74.48, 73.88, 71.8, 73.0, 73.26, 71.81, 71.13, 70.21, 69.75, 68.54, 68.72, 68.62, 68.02, 67.87, 67.81, 66.83, 67.63, 66.97, 67.1, 67.47, 66.03, 66.02, 66.21, 66.0, 66.42, 65.45, 65.64, 65.57, 64.79, 64.79, 65.03, 64.94, 64.45, 65.46, 64.24, 64.58, 64.61, 65.35, 64.92, 63.64, 65.16, 64.95, 64.65, 64.41, 64.07, 64.5, 64.48, 64.32, 64.02, 65.59, 64.07, 64.61, 65.12, 64.5]}