{"train_loss": [2.3081849831801193, 2.302863223736103, 2.3019277419799415, 2.3011936254990406, 2.3001612467643544, 2.299880065673437, 2.2989102962689523, 2.2984022923004934, 2.298012770139254, 2.2974982414490137, 2.296572292768038, 2.2965213249891234, 2.2956667832839184, 2.2952560363671717, 2.294984249579601, 2.294332539729583, 2.293729145710285, 2.2932407666475343, 2.2926451340699807, 2.2923704153452165, 2.291631454687852, 2.2912205561613423, 2.290415052878551, 2.289935852931096, 2.2890581143208037, 2.288672744922149, 2.2879966907012155, 2.287164752911299, 2.286517623143318, 2.285877516330817, 2.284879329265692, 2.283899257121942, 2.2827892853663516, 2.2820043582182663, 2.280731225013733, 2.279541773062486, 2.2782334994047115, 2.2764244672579643, 2.2749137584979717, 2.272872914412083, 2.271028557801858, 2.268874182456579, 2.266499481445704, 2.2636982722160144, 2.261245706753853, 2.25853596834036, 2.2552184832401765, 2.2516724097423064, 2.248292966378041, 2.244321807836875, 2.2241731179066195, 2.2165304923668887, 2.2123073920225487, 2.2098390487524178, 2.206968059906593, 2.2050764603492543, 2.203476672906142, 2.202085183216975, 2.2004482654424815, 2.199007728160956, 2.1971978664398195, 2.195353915752509, 2.193582471823081, 2.1918246464851574, 2.190957694175916, 2.1890570010894383, 2.1874560307233764, 2.1857684642840653, 2.184813500673343, 2.1832687102831327, 2.1817229888378047, 2.179802837738624, 2.1790317963331174, 2.177367312480242, 2.1755484244762324, 2.1743332624435423, 2.172835166637714, 2.171263372592437, 2.169235406166468, 2.1681171643428314, 2.167011529360062, 2.1653972980303644, 2.1641471581581313, 2.1625063706666996, 2.1615434041390054, 2.1595112494933297, 2.158703254430722, 2.156870574217576, 2.155324938969734, 2.154522216014373, 2.1523841680624547, 2.1514850983252893, 2.1501786666038707, 2.1493798090861396, 2.147545329729716, 2.145989765876379, 2.144542330961961, 2.1430311037943914, 2.142114546360114, 2.1408609818189572], "test_loss": [2.1963717712402344, 2.185844467163086, 2.172407196044922, 2.151748663330078, 2.1180436981201174, 2.120977038574219, 2.0890441741943357, 2.1082565338134764, 2.0822886108398437, 2.0830933349609375, 2.09469033203125, 2.039765478515625, 2.0506828857421877, 2.074047708129883, 2.0338844299316405, 2.0363139526367187, 2.017452784729004, 2.041977224731445, 2.0142429336547854, 2.016507260131836, 2.0103567291259767, 1.9942492279052735, 2.000754344177246, 1.9643868286132813, 1.9739142303466797, 1.9680400344848632, 1.9750856567382813, 1.9515125747680664, 1.9622299407958985, 1.9452792663574219, 1.9192232376098632, 1.9360509872436524, 1.9498002380371093, 1.9260041473388672, 1.9520988525390626, 1.932019499206543, 1.9519167831420898, 1.965748358154297, 1.9406714508056642, 1.963813735961914, 1.934129946899414, 1.9365592391967774, 1.938900325012207, 1.9265406707763673, 1.944049429321289, 1.9568529815673827, 1.950561325073242, 1.941163833618164, 1.9621645278930664, 1.9744952697753906, 1.9943471054077149, 2.017260777282715, 2.002828317260742, 2.0083744827270507, 2.030432830810547, 2.0229296752929686, 2.035338688659668, 2.0397165161132813, 2.039118035888672, 2.042740824890137, 2.038773895263672, 2.049898571777344, 2.041069697570801, 2.0500927993774414, 2.054326139831543, 2.0503165344238283, 2.0534240982055665, 2.0566984603881835, 2.0729159317016603, 2.070756269836426, 2.06878211517334, 2.063512683105469, 2.0767978164672853, 2.079619593811035, 2.0761793762207033, 2.087344953918457, 2.082478271484375, 2.074561625671387, 2.0776166412353514, 2.0956152923583984, 2.079966465759277, 2.0972568435668943, 2.0802102783203127, 2.0775987197875976, 2.086402233886719, 2.11390313873291, 2.11832548828125, 2.0812884002685546, 2.112788244628906, 2.1059370025634765, 2.1187013427734374, 2.1055023971557616, 2.1114537460327147, 2.1036268493652344, 2.1001347305297853, 2.104249742126465, 2.102672557067871, 2.1099591934204103, 2.1022861007690428, 2.115345877075195], "test_acc": [31.25, 32.69, 39.88, 40.92, 43.19, 38.51, 45.5, 49.53, 50.01, 54.12, 49.98, 56.45, 56.17, 56.37, 61.66, 61.47, 55.88, 60.72, 60.6, 64.77, 63.84, 65.37, 65.4, 64.85, 67.89, 66.87, 65.98, 65.61, 65.25, 63.5, 66.45, 65.79, 66.41, 66.21, 62.49, 63.7, 63.13, 60.41, 64.26, 60.33, 57.98, 60.91, 58.88, 58.94, 54.33, 54.33, 53.8, 52.61, 50.01, 47.63, 44.97, 42.78, 43.01, 42.54, 40.67, 41.76, 40.31, 39.8, 39.6, 39.25, 39.44, 38.2, 38.53, 38.01, 37.66, 37.81, 37.24, 37.09, 35.59, 35.38, 36.01, 36.19, 34.97, 34.82, 34.75, 34.28, 34.23, 34.61, 34.67, 33.48, 33.96, 33.18, 34.02, 34.33, 33.72, 31.93, 31.82, 33.77, 31.7, 31.78, 31.1, 31.92, 31.58, 32.21, 32.04, 31.98, 32.08, 31.64, 32.41, 31.1]}