{"train_loss": [2.3087812020228458, 2.296663354604672, 2.292254857527904, 2.289296436921144, 2.2857874644108307, 2.283378582122998, 2.2798818197005835, 2.27848643828661, 2.275543080843412, 2.2731157694107447, 2.2700552420738416, 2.268839858739804, 2.2663038834547384, 2.2646471518736617, 2.2628311805236034, 2.26080789627173, 2.258794083350744, 2.2572806492829933, 2.2549571929833827, 2.252654110468351, 2.2504629428570087, 2.2483896108774037, 2.2465140079840635, 2.243657760742383, 2.240810605807182, 2.2386567225823035, 2.2372507651646933, 2.2325022789148186, 2.2302147009433844, 2.2284788957008947, 2.223729379971822, 2.219443008227226, 2.215714633770478, 2.210442797342936, 2.2071620201453186, 2.1998811593422523, 2.1949144626275086, 2.1873110227095776, 2.1815112352371218, 2.172533475435697, 2.1632324726153644, 2.1547590139584663, 2.143041611329103, 2.131280790842496, 2.1190561086703568, 2.107462724355551, 2.0933230390915503, 2.076321696623778, 2.0572800633234856, 2.040616405927218, 1.9523786761821844, 1.9173615134679354, 1.9037332644829383, 1.895189638932546, 1.884076355970823, 1.8757423101327357, 1.8657382503533975, 1.8595622933827913, 1.8529714834995759, 1.845448854030707, 1.839102341578557, 1.834384335921361, 1.824614906922365, 1.8212082963723404, 1.8160167752168117, 1.8084208344801878, 1.8041860069984044, 1.7977424945586766, 1.7910609395076067, 1.782687006546901, 1.7770914245874454, 1.7730360272603156, 1.7655224161270338, 1.758785834067907, 1.7546138002322271, 1.749152273703844, 1.743262663254371, 1.7327767656399653, 1.7295525205441011, 1.7222602673065968, 1.718723379342984, 1.7137515850556202, 1.7089394395168012, 1.7031566625986343, 1.6963381210962931, 1.6883539661383018, 1.6845974185527899, 1.6767199039459229, 1.6742176945392901, 1.6693571695914635, 1.6601505964230268, 1.6588434286606617, 1.6490883032480876, 1.6451410269125915, 1.6411590435566046, 1.6346358546843895, 1.6271547714869181, 1.6238612642655006, 1.6179423735691951, 1.6109938487028463], "test_loss": [2.10533551940918, 2.083727624511719, 2.073300601196289, 2.0373840667724608, 1.9921826263427735, 1.9625277801513672, 1.9261044128417968, 1.9508013565063476, 1.9061409301757812, 1.8970197555541992, 1.9183325729370118, 1.844563035583496, 1.8659558807373047, 1.8769573806762696, 1.8149153305053711, 1.8239788543701172, 1.7913918701171876, 1.8247148056030273, 1.7673987533569335, 1.7760303695678712, 1.7716973785400392, 1.7668486099243164, 1.7832127822875976, 1.7145559463500977, 1.7347053451538086, 1.7360790603637695, 1.751485498046875, 1.705296031188965, 1.7180472702026368, 1.6967726181030274, 1.6611623962402344, 1.6589048828125, 1.7174269180297852, 1.6826605087280273, 1.7009670516967774, 1.686239682006836, 1.6892270950317383, 1.7388201736450195, 1.7243412673950196, 1.7189116455078124, 1.7244338607788086, 1.7395481307983398, 1.752139065551758, 1.6956963790893556, 1.795509376525879, 1.8064550659179688, 1.7765799865722656, 1.74501474609375, 1.7754129867553712, 1.8019342376708984, 1.8750901931762696, 1.9145856018066407, 1.915855029296875, 1.9266049453735352, 1.9619727767944335, 1.9771979537963866, 1.9919532775878905, 1.975984829711914, 1.9840000961303712, 1.986559246826172, 1.9936273056030274, 2.0166185623168946, 2.004749954223633, 2.0145644561767577, 2.0337633483886717, 2.0206163146972655, 2.045849577331543, 2.046615367126465, 2.048329885864258, 2.0679174667358398, 2.0793660125732423, 2.0559532104492186, 2.077433023071289, 2.0898395584106444, 2.060742851257324, 2.0903456436157226, 2.0967106689453123, 2.0922305480957033, 2.093830456542969, 2.109346092224121, 2.115724304199219, 2.1150212448120116, 2.121347868347168, 2.1090100158691407, 2.136000958251953, 2.1759406021118166, 2.1530942657470704, 2.149203497314453, 2.1683791427612307, 2.1702434280395506, 2.1816816101074217, 2.149892987060547, 2.1821586883544923, 2.1566010787963865, 2.171732162475586, 2.185420002746582, 2.195920606994629, 2.157348486328125, 2.2061620513916016, 2.2121023376464843], "test_acc": [34.72, 34.36, 37.69, 35.77, 40.65, 46.99, 45.71, 49.99, 54.98, 51.12, 55.68, 56.43, 56.76, 57.24, 60.96, 61.29, 57.78, 62.71, 63.55, 65.21, 64.47, 64.3, 64.19, 65.44, 66.39, 65.14, 63.38, 65.48, 64.19, 65.61, 65.79, 66.99, 64.83, 63.99, 62.95, 61.64, 62.07, 59.07, 60.64, 58.59, 55.85, 56.55, 55.14, 55.93, 49.36, 48.79, 48.67, 51.51, 47.35, 45.74, 41.48, 39.69, 39.66, 39.26, 37.78, 36.91, 36.14, 36.66, 36.55, 36.89, 36.19, 35.01, 35.56, 35.74, 34.68, 35.49, 34.1, 34.43, 34.63, 33.17, 33.04, 34.53, 33.34, 33.31, 34.29, 33.39, 32.98, 33.15, 33.21, 32.91, 32.71, 32.48, 32.37, 33.1, 32.06, 30.76, 31.94, 31.91, 31.42, 31.1, 30.88, 31.97, 31.41, 32.09, 31.48, 31.25, 31.14, 32.04, 30.93, 30.41]}