{"train_loss": [1.8977239636274486, 1.6768982713039104, 1.583611944088569, 1.5244662887010818, 1.4907547073486525, 1.4596955232131175, 1.4387716764058822, 1.4184090024385696, 1.4038274074212098, 1.3927513886720706, 1.3792719969382652, 1.3689981729556353, 1.3583658065551367, 1.3498320081295112, 1.3444389062050062, 1.3350937840266106, 1.3267041563987731, 1.320343893002241, 1.3134316948743967, 1.3097908823918074, 1.3025610887087309, 1.2980653264583686, 1.293218992306636, 1.2889831906709917, 1.284459987359169, 1.278437821681683, 1.276075680133624, 1.2721154912924155, 1.2701345318403, 1.2671446240865267, 1.2630719135969113, 1.2595316792145754, 1.2546981658691014, 1.253747982245225, 1.2520164880997096, 1.2489353170761694, 1.2459412892659505, 1.243004359343113, 1.2444660905079963, 1.2402024736771218, 1.238081119916378, 1.2364113988020482, 1.235202808257861, 1.231940567187774, 1.2290618642782554, 1.2292420980257865, 1.2283050848887518, 1.2251116987986443, 1.224696912520971, 1.2210962491157726, 1.2038770785698525, 1.1967694352834652, 1.1936064600944518, 1.1922666409076788, 1.1909720815145053, 1.1889068193924732, 1.1878378984255669, 1.1870215981434553, 1.1862299179419493, 1.1853717473837047, 1.1836803072538131, 1.1827019825959817, 1.1812327339099005, 1.1808867879402942, 1.1802148311566083, 1.1790141344070435, 1.1780312675696152, 1.1770984285917037, 1.1759172357045686, 1.1752908688325148, 1.1744621717012846, 1.173505011582986, 1.1723772874245277, 1.1715125432381264, 1.1708759613526174, 1.1699274115073375, 1.1688548946991946, 1.168609479146126, 1.1670389325190813, 1.1665100485850604, 1.1655451936599537, 1.164930888934013, 1.1633305895022856, 1.1635169368523819, 1.162835865143018, 1.1611108520092108, 1.160954463787568, 1.1596170569077515, 1.1592720887599848, 1.1584218251399505, 1.157490685964242, 1.156572001408308, 1.155871767264146, 1.1549081056545942, 1.1544950635005267, 1.153389766277411, 1.1519521043850824, 1.1522034055147417, 1.1512529944762206, 1.150315089103503], "test_loss": [1.3421511978149414, 1.0242207244873047, 0.9633344940185546, 0.8761148719787598, 0.7966323677062989, 0.7161674842834472, 0.7621958297729492, 0.7261459548950195, 0.7363744117736817, 0.6783484237670898, 0.656186083984375, 0.6714178333282471, 0.5983699295043945, 0.6323080627441406, 0.643520325088501, 0.6155058128356934, 0.5976320709228515, 0.5604541126251221, 0.5916039516448974, 0.6504335289001465, 0.5823910205841064, 0.5606049591064454, 0.5562481700897217, 0.5733528865814209, 0.5855211376190186, 0.5778455093383789, 0.5834071399688721, 0.5772535739898682, 0.5442514846801758, 0.5443422744750976, 0.579272106552124, 0.582181432723999, 0.5919549194335938, 0.5615575263977051, 0.582991625213623, 0.5676093513488769, 0.5665431457519531, 0.5609163604736328, 0.5431687957763672, 0.5705809875488281, 0.5466324710845947, 0.5643342700958252, 0.5598446701049805, 0.5480023567199707, 0.5736051403045654, 0.5682779888153077, 0.5431084651947021, 0.5690595058441162, 0.5423030464172364, 0.5490077323913575, 0.5286551769256592, 0.5306685340881347, 0.5313132148742675, 0.5355760448455811, 0.5355221546173096, 0.5453443771362305, 0.5398337539672852, 0.5351016143798828, 0.537876653289795, 0.542780553817749, 0.5526495018005371, 0.5480310768127441, 0.5449843605041504, 0.5480104469299316, 0.5514722591400146, 0.5596846481323242, 0.5631282543182373, 0.5588329307556152, 0.5564947940826416, 0.5493817108154296, 0.5515456588745117, 0.5649147537231445, 0.5621909481048584, 0.5563033706665039, 0.5560449752807617, 0.5543454902648925, 0.5567746154785156, 0.5621427726745606, 0.5579632015228272, 0.5561346603393554, 0.5709652282714843, 0.5538634143829345, 0.5692294250488281, 0.5562778263092041, 0.5613853981018067, 0.558954347229004, 0.5653801322937012, 0.5553057243347168, 0.5652008350372314, 0.5530106811523438, 0.5652192150115967, 0.5656317420959472, 0.5650134990692138, 0.5622835712432861, 0.563771241760254, 0.5567753799438476, 0.5697897514343262, 0.565821125793457, 0.562549962234497, 0.563070813369751], "test_acc": [54.99, 71.66, 75.34, 78.86, 81.04, 84.09, 82.4, 82.67, 83.26, 85.45, 86.33, 85.76, 88.39, 87.68, 87.47, 87.87, 88.74, 89.68, 88.06, 87.17, 89.19, 89.84, 89.48, 89.8, 89.36, 89.73, 89.12, 89.51, 90.55, 90.87, 90.13, 89.75, 89.31, 90.12, 89.61, 90.4, 90.88, 90.23, 90.77, 90.0, 90.98, 89.77, 90.62, 90.57, 90.11, 90.54, 90.81, 90.42, 90.84, 90.42, 92.02, 92.01, 92.17, 92.15, 92.01, 91.9, 92.11, 92.06, 91.96, 91.94, 91.62, 91.69, 91.71, 91.79, 91.55, 91.46, 91.63, 91.63, 91.69, 91.56, 91.52, 91.3, 91.31, 91.43, 91.33, 91.15, 91.32, 91.14, 91.26, 91.41, 91.06, 91.06, 91.06, 91.26, 91.1, 91.08, 91.07, 91.22, 90.86, 91.28, 90.93, 90.94, 90.94, 90.93, 90.87, 91.01, 90.82, 91.16, 90.98, 90.97]}