{"train_loss": [2.2096599664443577, 2.146764241732084, 2.110013288106674, 2.0835000068713456, 2.0651062748371025, 2.051471134638175, 2.039207029342651, 2.0311538885801266, 2.0222679822872847, 2.0145672474152003, 2.0084858927971276, 2.00263498379634, 1.9964243378394688, 1.9917815370437426, 1.9864928019352448, 1.981414138353788, 1.9786010415126116, 1.973888493501223, 1.969961397158794, 1.9639444079154578, 1.9613650954686679, 1.9574010534164232, 1.9528259864220252, 1.949808598176027, 1.9450971166292825, 1.9399381814858851, 1.937428593635559, 1.9320609404490545, 1.9276094161547148, 1.923650212165637, 1.919244893391927, 1.9130498620179983, 1.9098549992610248, 1.9049137800167768, 1.9007501577719663, 1.8959324937600357, 1.891090983610887, 1.8862057422980285, 1.8815658291180928, 1.8758485791010735, 1.8704893711285713, 1.8659915789579733, 1.8629058694228149, 1.8565433025360107, 1.8517394695526515, 1.8464731681041229, 1.8405987867942224, 1.8357739225412026, 1.8301410173758483, 1.8244213501612345, 1.7882262297165699, 1.7726796648441216, 1.7651863816456916, 1.7627276659011841, 1.7564538665306875, 1.754209787112016, 1.7506643218871876, 1.7474341151041863, 1.7449205325200008, 1.741338584667597, 1.7392679156401218, 1.7369090309509865, 1.7347222325129388, 1.7311439893184564, 1.7299915729424893, 1.7270776699750852, 1.7245331516632667, 1.7225757990127954, 1.7191630073082753, 1.7183307873897062, 1.7162768247799995, 1.7138936204788013, 1.7116404246061276, 1.7092797896800898, 1.7074223142403824, 1.70621819068224, 1.7027655531198551, 1.701392171321771, 1.6994517552546966, 1.6971020542658293, 1.6965365458757449, 1.6938107132911682, 1.6914199725175516, 1.6895059044544514, 1.6886166924085373, 1.6865216068732434, 1.6848789957853465, 1.683028420729515, 1.6812917495385193, 1.680059836155329, 1.6783785994236287, 1.6758714571977273, 1.674375731517107, 1.6725732286771138, 1.6727628643696124, 1.6708036615298345, 1.6676465722230764, 1.6660900763976267, 1.6651357458187983, 1.663101317332341], "test_loss": [1.6551081680297852, 1.593639241027832, 1.65157294921875, 1.314426513671875, 1.310193507385254, 1.2857640487670898, 1.243353744506836, 1.269145735168457, 1.2479728607177734, 1.1854291427612305, 1.157298143005371, 1.1655737442016603, 1.127682861328125, 1.138223973083496, 1.153721029663086, 1.137526676940918, 1.0860745834350587, 1.0604093772888183, 1.0830860542297363, 1.0833968688964843, 1.0893173416137696, 1.0340424850463867, 1.0633368293762206, 1.0908551834106446, 1.1403904724121094, 1.0673629913330078, 1.0513060806274415, 1.0564270011901855, 1.0760377143859863, 1.116509324645996, 1.062807056427002, 1.052047235107422, 1.0423583000183105, 1.0835001487731934, 1.0897608383178712, 1.0605793685913085, 1.0872012893676757, 1.105665699005127, 1.150749057006836, 1.0665374938964844, 1.0834406349182129, 1.0784091583251953, 1.0689883659362793, 1.095900400543213, 1.1333629821777345, 1.0923233879089356, 1.149036898803711, 1.1456081985473632, 1.1669996292114257, 1.2130029357910157, 1.1336600387573241, 1.1625932373046874, 1.1400002990722655, 1.1814977172851562, 1.18744189453125, 1.1746405700683593, 1.181790411376953, 1.1774973037719727, 1.197643408203125, 1.2052214385986328, 1.191336280822754, 1.208478826904297, 1.201067820739746, 1.2274509857177733, 1.2083257369995117, 1.2155201644897462, 1.199709846496582, 1.2245869598388672, 1.229227149963379, 1.2159375305175781, 1.2324923080444337, 1.2158754470825195, 1.2297873138427735, 1.2475121520996093, 1.2306435943603515, 1.2642354049682618, 1.2325093719482423, 1.2414916778564453, 1.2236689880371094, 1.239004983520508, 1.264876692199707, 1.2533646575927735, 1.2551123245239257, 1.2611388122558593, 1.248210107421875, 1.2586356857299805, 1.277969548034668, 1.2900691940307618, 1.267972427368164, 1.2386383575439452, 1.2878287734985352, 1.2867520690917968, 1.2650772277832032, 1.2778603469848633, 1.2580254379272462, 1.2740791320800782, 1.2695165466308593, 1.2735363311767578, 1.273167236328125, 1.2848742584228516], "test_acc": [50.52, 59.68, 57.86, 72.27, 75.68, 77.45, 76.73, 77.51, 77.37, 82.25, 81.38, 80.91, 81.7, 83.07, 82.72, 82.6, 84.36, 85.59, 84.47, 86.06, 84.01, 85.27, 85.89, 85.41, 84.12, 85.6, 85.84, 85.72, 85.18, 84.38, 84.62, 84.85, 85.79, 83.85, 83.79, 83.9, 85.02, 83.49, 82.8, 83.62, 83.29, 83.54, 82.84, 81.19, 81.46, 82.11, 80.43, 80.86, 78.57, 77.51, 79.42, 78.56, 78.44, 77.41, 76.65, 77.01, 76.41, 76.89, 75.85, 75.6, 76.03, 74.93, 75.21, 73.99, 74.84, 74.04, 74.43, 73.41, 73.59, 73.73, 72.85, 73.99, 73.16, 72.4, 72.87, 71.57, 72.54, 72.12, 72.55, 72.43, 71.42, 71.75, 71.85, 71.56, 71.94, 71.46, 70.51, 70.14, 70.97, 71.99, 69.91, 69.96, 70.97, 70.04, 70.86, 70.53, 70.45, 70.44, 70.82, 70.02]}