{"train_loss": [1.977947497062194, 1.7914470620644398, 1.7019250029172652, 1.6404218930464525, 1.6041527280440697, 1.575909668360001, 1.54879235182053, 1.5305169117756379, 1.5150768099687038, 1.4979466172365041, 1.4835115389946179, 1.4740791812921181, 1.4604243877606513, 1.4496383138192006, 1.4411774919583247, 1.4287662836221549, 1.4208296751364684, 1.4141207915086014, 1.4056137088017586, 1.3943317798467783, 1.3881339427752373, 1.3785691750355256, 1.3748185680462763, 1.363906632631253, 1.3538774034915826, 1.3501475269977863, 1.3388097799741305, 1.3292567729949951, 1.321808322882041, 1.3135088679118034, 1.3068879876381312, 1.2957682667634427, 1.2849098627383893, 1.281417015576974, 1.2717704837138837, 1.2607214588385363, 1.251492394392307, 1.2403047204017639, 1.2338598443911626, 1.2241258427118644, 1.2132848629584678, 1.20636388644194, 1.1964031101801456, 1.18124584876574, 1.1770272530042207, 1.165991098452837, 1.1548226118087768, 1.1433094333379696, 1.1334283009553567, 1.123010947306951, 1.0577829460302988, 1.0326793036399744, 1.0255429128805795, 1.0165600773615715, 1.008714458728448, 1.001679631532767, 0.9971211616809551, 0.9925386846065521, 0.9883937973242539, 0.9846421388479379, 0.9802938251923292, 0.9759841847114074, 0.9732280494310916, 0.9673478190715497, 0.9639323460750091, 0.9599445656324044, 0.9561254295019003, 0.9510090169234153, 0.9476949488505338, 0.9457799312395927, 0.9428575202440604, 0.9384232985667693, 0.9340785439197834, 0.9329471311508081, 0.9273279249668122, 0.9235039151631869, 0.9219720158821497, 0.9195821832387875, 0.9144060208247258, 0.912272220544326, 0.9111750064752041, 0.9075750367763715, 0.9051831066608429, 0.9017680872709323, 0.8994938067900828, 0.8970685483553471, 0.8940160133899786, 0.8915297893377451, 0.8884069590996473, 0.8860850166051816, 0.8817647070456773, 0.8800477787470207, 0.8750690570244423, 0.8757279643645653, 0.8739658178427281, 0.8703759664144272, 0.8673728161897415, 0.8662520326100863, 0.8636013929660503, 0.8614377108904031], "test_loss": [1.356006266784668, 1.2031293258666993, 1.0250469627380372, 1.035797023010254, 0.9776443611145019, 0.8953642967224121, 0.7944162246704102, 0.8980404655456543, 0.7347624351501465, 0.7417032455444336, 0.7585564582824708, 0.7164458549499512, 0.7419260200500488, 0.7190368530273438, 0.6812572219848633, 0.6938089202880859, 0.6649066596984863, 0.6827499740600586, 0.6723803909301758, 0.6515877044677735, 0.6596681793212891, 0.6306412948608399, 0.6875225082397461, 0.6213929168701172, 0.6424966995239257, 0.6191893859863281, 0.655575015258789, 0.6421664733886718, 0.6633704513549805, 0.6815820358276368, 0.6889469619750976, 0.6726421508789062, 0.6414353260040283, 0.6712579490661621, 0.6684787841796875, 0.6803141494750976, 0.69238701171875, 0.6504824981689453, 0.6782812690734863, 0.7083337844848633, 0.6874795692443848, 0.7028122200012207, 0.7292113693237304, 0.717164892578125, 0.6474719787597656, 0.7325985527038574, 0.684637056350708, 0.7695887451171874, 0.7187039482116699, 0.723610620880127, 0.7039315383911133, 0.7073579635620117, 0.7053320678710937, 0.7085101119995117, 0.7167877777099609, 0.7105140701293945, 0.7200148109436035, 0.7246662857055665, 0.7392535720825195, 0.7284248802185058, 0.7320212371826171, 0.7183665740966797, 0.7361375419616699, 0.7435433280944824, 0.7506092132568359, 0.7470915298461914, 0.7611902755737304, 0.7545147308349609, 0.7545225410461426, 0.7549620246887208, 0.7391523040771485, 0.7509637092590332, 0.771070915222168, 0.7677778518676758, 0.7765886672973633, 0.7791830459594726, 0.7644401130676269, 0.7667995109558106, 0.7600064895629883, 0.7601772270202637, 0.7752197830200195, 0.7819532577514648, 0.7764232315063476, 0.7674071151733398, 0.7725092475891113, 0.7608287475585938, 0.786709188079834, 0.7577273277282714, 0.7585079452514648, 0.7722653579711914, 0.768474959564209, 0.7593494277954101, 0.782157437133789, 0.7662904525756836, 0.780004948425293, 0.7744648178100586, 0.7759876190185547, 0.7880538101196289, 0.7654337493896485, 0.7583875076293946], "test_acc": [56.33, 62.86, 71.48, 71.42, 74.86, 77.66, 81.84, 77.73, 82.91, 84.42, 82.75, 84.35, 84.76, 84.55, 86.59, 85.53, 86.98, 87.0, 85.83, 87.2, 87.26, 87.84, 85.76, 87.79, 87.02, 87.84, 87.34, 87.62, 86.8, 86.47, 86.61, 87.63, 86.91, 87.43, 86.65, 86.21, 86.55, 87.29, 86.51, 85.36, 86.07, 85.64, 85.04, 85.36, 86.82, 83.94, 85.72, 84.06, 84.75, 84.15, 85.0, 84.77, 84.44, 84.36, 84.11, 83.99, 83.61, 83.6, 83.23, 83.46, 83.3, 83.38, 83.04, 82.79, 82.26, 82.63, 82.22, 82.15, 82.16, 81.69, 82.4, 82.03, 81.56, 81.74, 81.11, 81.51, 81.11, 81.52, 81.6, 81.59, 80.93, 80.72, 81.02, 80.89, 80.73, 81.33, 80.55, 81.24, 81.04, 80.74, 81.03, 81.04, 80.34, 80.85, 80.23, 80.38, 80.64, 80.21, 80.85, 80.82]}