{"train_loss": [2.1428800478959693, 2.0453543461286103, 1.990489040276943, 1.951218804029318, 1.9236833706880228, 1.9020009410686982, 1.8843236116262583, 1.8735361842008738, 1.8586899424210572, 1.8474402886170607, 1.8371876407892276, 1.8297248235115637, 1.8193940758705138, 1.8136187391403393, 1.8043172613168375, 1.7965858560342056, 1.7914889094157096, 1.7841536992635483, 1.7770052167085502, 1.7712772846221925, 1.7636100879082313, 1.7579587786625592, 1.7512469973319615, 1.7455022961665423, 1.7390153909340882, 1.7313861788847507, 1.7250060252654247, 1.7152458469072978, 1.7082688028995807, 1.701402441966228, 1.6951565785285754, 1.686403968395331, 1.678087830543518, 1.6705540797649285, 1.662667553852766, 1.6544779618581136, 1.6456144855572628, 1.6367564155505254, 1.6297087837488224, 1.6185675535446558, 1.6092205973771903, 1.6002727279296287, 1.5925281121180608, 1.5827881614367167, 1.571493888206971, 1.56047016229385, 1.5527210862208636, 1.5431098326658592, 1.5335440378922682, 1.5229162809176322, 1.4633178726220741, 1.437307574504461, 1.4265909787936089, 1.4174839762540965, 1.410119877411769, 1.4070361226032941, 1.4006690330994436, 1.3954155139434032, 1.3903158750289526, 1.3858401206823496, 1.382818299684769, 1.3765438761466589, 1.3728007836219591, 1.3702279671644553, 1.367786896534455, 1.3618218049024924, 1.3575884745671198, 1.354170828904861, 1.3514482149711022, 1.3487063560730372, 1.34284968712391, 1.3405724931985905, 1.3371290051020108, 1.3348200941697146, 1.3308227572685634, 1.3274503154632373, 1.3235358369656098, 1.3224823792775473, 1.3195060729980468, 1.3142823439378004, 1.3125853975613913, 1.3098468288397178, 1.3051095076096364, 1.3035475675876325, 1.3002551133816058, 1.2970602787457979, 1.2952155266052638, 1.2905530853149219, 1.2882347284219204, 1.2885481916941128, 1.2837824962077997, 1.2806294239484346, 1.2787990576181656, 1.2762702776835515, 1.2730902775740012, 1.270407180602734, 1.2676294137270023, 1.2645955639007764, 1.263248813457978, 1.26090464530847], "test_loss": [1.4911510162353516, 1.4008073959350587, 1.4641273971557618, 1.2214545349121093, 1.1524466857910156, 1.137177880859375, 1.1019705154418946, 1.0688228713989258, 1.1384328369140626, 1.085474966430664, 0.98247105178833, 0.9957342750549316, 0.9654653152465821, 0.9589456405639648, 0.9531143058776855, 0.978721216583252, 0.9066383308410645, 0.9022284156799316, 0.9150629196166992, 0.9347665641784668, 0.9183770179748535, 0.880671630859375, 0.9089259582519531, 0.9126742439270019, 0.934960708618164, 0.8748079528808593, 0.897591911315918, 0.8958376319885254, 0.9205423713684082, 0.9051638488769531, 0.9083208969116211, 0.9101410804748535, 0.9034240898132324, 0.920119873046875, 0.9572358497619629, 0.9182527465820313, 0.9637201126098632, 0.9464999305725098, 0.9712392875671386, 0.8864118141174316, 0.8993531158447265, 0.9437393829345703, 0.9804704040527343, 0.9561584655761719, 0.9853989334106446, 0.9615838500976562, 0.9956192665100098, 0.9980652893066406, 0.9521836944580078, 0.9979107627868652, 0.9805873672485351, 1.0231643844604492, 0.998114446258545, 1.012630520629883, 1.0379460540771484, 1.0334713233947754, 1.032568935394287, 1.0404643180847168, 1.062184368133545, 1.0603814849853515, 1.0511356735229491, 1.0617642303466797, 1.062050072479248, 1.0574397415161132, 1.0763786750793456, 1.0810627685546874, 1.060750304412842, 1.0518610862731934, 1.085841859436035, 1.0923472129821776, 1.107989463043213, 1.1050701835632324, 1.119772859954834, 1.1161564224243163, 1.089796810913086, 1.121061840057373, 1.111907837677002, 1.0942837715148925, 1.0696935089111328, 1.1193319442749023, 1.1158731491088867, 1.1245295166015625, 1.1023114837646484, 1.1137825202941896, 1.120248289489746, 1.122703635406494, 1.1344856224060058, 1.1287381797790528, 1.120927244567871, 1.1225436660766601, 1.1410465866088868, 1.1314223411560058, 1.1233936767578125, 1.1254732246398926, 1.105738320159912, 1.149090333557129, 1.1477857902526856, 1.1053308151245118, 1.1546247886657715, 1.158575576019287], "test_acc": [56.11, 62.55, 61.49, 69.22, 75.47, 76.75, 76.25, 79.85, 74.61, 78.87, 81.88, 81.98, 81.71, 83.94, 82.75, 81.98, 84.29, 85.02, 84.65, 84.23, 84.46, 85.31, 85.01, 85.38, 85.38, 85.57, 85.24, 85.12, 84.42, 85.12, 84.37, 84.0, 84.29, 84.49, 83.07, 83.61, 83.59, 83.18, 83.04, 83.35, 83.48, 82.75, 80.53, 80.96, 81.44, 81.49, 80.11, 79.69, 80.64, 79.81, 79.52, 78.05, 78.38, 78.04, 76.72, 76.88, 76.74, 76.07, 75.58, 75.44, 75.56, 75.38, 75.38, 75.41, 74.54, 74.56, 74.81, 74.79, 74.08, 73.44, 72.76, 72.74, 72.41, 72.33, 73.01, 72.03, 72.67, 73.04, 73.41, 71.99, 72.14, 71.62, 72.26, 71.81, 71.53, 71.53, 70.63, 71.42, 71.22, 71.35, 70.57, 71.14, 71.19, 71.33, 71.58, 70.46, 70.2, 71.51, 70.01, 69.73]}