{"train_loss": [2.248017615538377, 2.203288322228652, 2.1798852510941336, 2.163677733983749, 2.1532080662556186, 2.143740642987765, 2.1365790960116264, 2.1308377443215787, 2.126577952580574, 2.1220719331350084, 2.1177506018907595, 2.1144418374086036, 2.1111582413697856, 2.1088639785081913, 2.105455218217312, 2.102715893280812, 2.100394168878213, 2.0978526635047716, 2.095624528787075, 2.0939609729326687, 2.091460901651627, 2.0890141303722674, 2.0876975206228403, 2.0858374094351744, 2.082536731622158, 2.0809105738615377, 2.079182722018315, 2.0768677735940004, 2.0748951704074177, 2.073230096621391, 2.0709677580075385, 2.069041907481658, 2.066765271089016, 2.064978997523968, 2.0626169852721383, 2.0617352192218488, 2.0587301602730386, 2.0573280869386137, 2.0555131734945835, 2.053637156731043, 2.0506558198195237, 2.0502140243848164, 2.0465006831364754, 2.0454198082288104, 2.043073487893129, 2.040801219451122, 2.0397220043035653, 2.037079122433296, 2.0343722664392914, 2.032278964152703, 2.0166152746249466, 2.0094396215218766, 2.0064186178720913, 2.004311230243781, 2.0028059415328197, 2.0009010369961078, 1.999097326779977, 1.997631833797846, 1.9969675235259228, 1.9951707005500794, 1.9936131798304044, 1.9923502374918034, 1.9909381258182037, 1.9903287728627523, 1.9889021573922574, 1.987680879006019, 1.987387036665892, 1.985768155256907, 1.9846912573545408, 1.9834189766492598, 1.9824388754673494, 1.9804929870825547, 1.980178790826064, 1.979187887142866, 1.9778069890462435, 1.977333516952319, 1.9766637802124023, 1.976191355326237, 1.9745703770564154, 1.973610966327863, 1.9725617989515647, 1.9717212420243484, 1.9702749148393288, 1.9697874487974705, 1.9692011802624434, 1.9681036172769009, 1.967144181789496, 1.9663467327753703, 1.965668773956788, 1.9646049236639953, 1.9639528742203345, 1.9625977760706192, 1.9617878189453712, 1.961002473342113, 1.960202514513945, 1.958493747160985, 1.9590016826605186, 1.958032573797764, 1.9573307297168634, 1.9560560746070665], "test_loss": [1.7843764862060547, 1.6220813201904296, 1.5058151565551758, 1.4406383758544923, 1.4052287353515625, 1.3505059478759767, 1.3814640045166016, 1.378316259765625, 1.3392083984375, 1.3676710830688477, 1.292735319519043, 1.3064816299438478, 1.2702848922729493, 1.273583055114746, 1.254941111755371, 1.299676187133789, 1.2416953338623047, 1.2228162322998046, 1.2428670700073243, 1.2665086730957031, 1.2414567474365235, 1.238235806274414, 1.2331975830078126, 1.268395115661621, 1.2430956619262696, 1.2139957794189453, 1.2157154220581055, 1.2264526794433595, 1.2099318908691405, 1.2260790786743163, 1.248856527709961, 1.2370011169433595, 1.2393826995849608, 1.2009788360595703, 1.2181317474365234, 1.238691780090332, 1.2171267547607423, 1.2501997131347655, 1.2720515197753905, 1.2257360122680665, 1.2121999450683594, 1.2504241912841796, 1.2111064285278321, 1.2230561447143555, 1.2570503112792968, 1.2819208618164062, 1.2696757369995118, 1.2515246139526368, 1.3008796081542968, 1.2642616027832032, 1.2725123275756836, 1.268583642578125, 1.2705544006347655, 1.2807211380004884, 1.2972159515380859, 1.2772578491210937, 1.2803568557739258, 1.2778028549194336, 1.2900602981567382, 1.3076380096435547, 1.2930570785522462, 1.2954988677978516, 1.2835401870727539, 1.2985509674072266, 1.303660350036621, 1.300724774169922, 1.3077029388427734, 1.3070813018798828, 1.3077132827758788, 1.3247734634399415, 1.3096882034301758, 1.3102731674194337, 1.2974269165039063, 1.324270460510254, 1.3230251770019532, 1.3225425888061524, 1.3050420639038085, 1.323037483215332, 1.329059440612793, 1.3372580184936524, 1.3172552322387696, 1.3166862991333008, 1.319078382873535, 1.3342577713012695, 1.3147675857543946, 1.3252899505615234, 1.337667477416992, 1.3178552017211913, 1.3346444915771485, 1.3230344589233398, 1.3337932174682616, 1.3301853073120118, 1.3449754318237304, 1.3414272537231446, 1.3534377380371094, 1.3279442108154298, 1.337190985107422, 1.3445412246704103, 1.330193359375, 1.3500202438354492], "test_acc": [49.54, 61.96, 68.76, 74.11, 77.27, 79.66, 80.05, 79.2, 80.45, 80.3, 83.29, 83.12, 84.8, 84.88, 85.14, 83.43, 85.7, 85.98, 86.15, 85.19, 85.74, 86.76, 86.41, 85.96, 86.83, 87.32, 86.7, 87.14, 86.8, 86.13, 85.55, 86.73, 87.03, 87.18, 86.9, 86.13, 86.36, 84.69, 84.96, 86.45, 86.3, 84.74, 85.48, 85.39, 85.51, 84.53, 84.2, 83.57, 82.1, 83.63, 82.96, 82.52, 82.71, 81.99, 81.27, 81.64, 81.31, 81.07, 80.48, 79.6, 80.31, 80.2, 80.25, 79.44, 79.05, 79.13, 79.18, 78.9, 78.73, 77.96, 78.34, 78.01, 79.01, 77.62, 77.59, 77.79, 77.94, 77.52, 77.15, 76.97, 77.34, 77.72, 77.27, 76.59, 77.21, 76.93, 75.91, 76.85, 75.75, 76.09, 75.78, 75.89, 75.32, 75.41, 74.64, 75.56, 75.05, 75.49, 75.78, 74.88]}