{"train_loss": [2.2240348571386095, 2.1659687616886236, 2.131561927917676, 2.1048975586891174, 2.08283384793844, 2.066444058601673, 2.0506000307890084, 2.0400094411312004, 2.0291703031613277, 2.0186706646894796, 2.0097232464032295, 2.0027508772336517, 1.993904680166489, 1.9876334920907632, 1.9806758526044015, 1.974078538784614, 1.9684019883473713, 1.9626415084569881, 1.9543303978748812, 1.9473827961163643, 1.942100388270158, 1.936900624556419, 1.9285872022310893, 1.9213735721050165, 1.914039610593747, 1.9064583760041458, 1.8986826218091524, 1.88919619566355, 1.8807386233256413, 1.8686377983826858, 1.8593949269025754, 1.8487601289382347, 1.8365519817058857, 1.8243678679833046, 1.8127668817838034, 1.7979456971853207, 1.7850236428089632, 1.7720328132311503, 1.7553111278093778, 1.7361718529309982, 1.7237957761837885, 1.7082326036233169, 1.6921510754487454, 1.6733079849145351, 1.6552578635704822, 1.6364630876443325, 1.620566702194703, 1.6025046730652834, 1.5854729560705332, 1.5679738805844234, 1.468061456007835, 1.431593348735418, 1.41346333026886, 1.4011889133697901, 1.3914199569286445, 1.383411618685111, 1.3749895352583665, 1.3684841321064876, 1.3595480515406682, 1.3543528572106973, 1.3492014817702465, 1.3402969708809487, 1.333602435160906, 1.3278764021702303, 1.323613405533326, 1.3175069579711327, 1.3103107528808788, 1.3084756722817055, 1.3020939359298118, 1.2974649432377938, 1.2912642864080577, 1.2869246253600488, 1.2805144909100654, 1.2774524728457133, 1.2736118790430901, 1.2683414343075874, 1.2627186402296409, 1.2568628228627718, 1.2532729738797896, 1.2510140483195966, 1.2460296887617845, 1.2403492169502455, 1.236960638486422, 1.232089469371698, 1.227629029445159, 1.2242178492057019, 1.2209137118779696, 1.215210159925314, 1.2134475796650617, 1.2083485997640169, 1.205519976065709, 1.2017915037962106, 1.1974867570094574, 1.1955585919893705, 1.1875051122445326, 1.1859785666832556, 1.1834478525015024, 1.179671977727841, 1.1755869397750267, 1.169953857629727], "test_loss": [1.7440165237426757, 1.6302867584228515, 1.5352506286621095, 1.4126100463867188, 1.3860455886840821, 1.3423847091674805, 1.3121512390136718, 1.2500922241210937, 1.311130712890625, 1.234380043029785, 1.2217711059570313, 1.2125298828125, 1.1342273742675781, 1.2322445419311523, 1.16327578125, 1.1575291763305664, 1.1001373840332032, 1.1617007553100587, 1.1189614166259765, 1.0867256088256836, 1.1212849411010741, 1.0932283958435058, 1.1473445526123047, 1.1249536407470704, 1.0765938415527343, 1.1348509750366211, 1.0436181396484374, 1.0776403045654297, 1.0889988723754882, 1.1457626480102538, 1.0851382530212403, 1.1130347839355468, 1.1219426048278809, 1.112868318939209, 1.1236277351379393, 1.0949572181701661, 1.1704884384155274, 1.1605384117126465, 1.1379024673461915, 1.2116944717407228, 1.1988628128051757, 1.1429494689941406, 1.1806406661987305, 1.2505388931274415, 1.2765705337524413, 1.2076846786499023, 1.2638856903076172, 1.254896809387207, 1.300975552368164, 1.330035871887207, 1.365108430480957, 1.364239991760254, 1.349637858581543, 1.3653923141479491, 1.386074577331543, 1.3736514587402344, 1.3895008026123048, 1.3825546752929687, 1.4146573577880859, 1.409927931213379, 1.423114027404785, 1.437073097229004, 1.445923468017578, 1.4309538757324218, 1.4345667404174804, 1.4608481399536133, 1.462992593383789, 1.4842491317749023, 1.495681657409668, 1.4974257369995116, 1.4855436264038087, 1.4734659912109376, 1.4815374725341797, 1.4979905715942383, 1.5129257080078125, 1.4990341018676758, 1.5131464401245118, 1.5421383193969727, 1.538687727355957, 1.5009217971801758, 1.478464552307129, 1.524520050048828, 1.5412897232055665, 1.5541945358276368, 1.5386547134399413, 1.5751003356933593, 1.540702572631836, 1.5311850006103516, 1.5361108444213867, 1.532762530517578, 1.5332357620239259, 1.5830788528442383, 1.5869421936035155, 1.5398736938476563, 1.5525307250976563, 1.5858636779785156, 1.5592653884887695, 1.6005384567260743, 1.5879668395996094, 1.5828148132324218], "test_acc": [43.24, 51.34, 57.69, 63.58, 68.58, 70.95, 72.04, 73.6, 72.91, 75.79, 75.42, 74.54, 78.49, 76.14, 77.58, 79.56, 80.6, 74.78, 80.12, 81.37, 81.56, 82.04, 80.38, 80.69, 82.11, 79.51, 82.17, 81.17, 79.64, 77.44, 80.09, 78.53, 78.25, 79.65, 78.43, 77.95, 76.9, 76.26, 76.11, 73.36, 74.34, 74.85, 73.3, 71.35, 69.82, 71.25, 68.94, 70.14, 67.65, 65.66, 63.52, 63.31, 63.85, 62.91, 62.59, 62.81, 62.22, 62.31, 61.0, 61.58, 60.66, 59.94, 59.76, 60.2, 60.26, 59.36, 59.41, 58.75, 58.12, 58.33, 58.43, 59.11, 58.94, 58.18, 57.62, 57.82, 57.7, 56.72, 56.76, 57.77, 58.8, 57.06, 56.96, 56.54, 57.0, 55.82, 56.94, 56.86, 56.99, 56.83, 56.48, 55.11, 55.4, 56.59, 56.07, 55.0, 55.87, 54.8, 55.25, 55.53]}