{"train_loss": [2.2447798245992416, 2.200247378838368, 2.1737694770861893, 2.1526552340923213, 2.1360068859198154, 2.1225904831519493, 2.110544206545903, 2.102293914709336, 2.0934748762693163, 2.0858091491919297, 2.078509980898637, 2.0734027254275786, 2.067102526090084, 2.062613346026494, 2.056874556113512, 2.0511774426851517, 2.04679815922028, 2.042602260907491, 2.036435229961689, 2.031369794637729, 2.0271064370106426, 2.0243677637515924, 2.017427873917115, 2.0122953867300963, 2.0070066922750227, 2.001434949728159, 1.9956352777970143, 1.989218592338073, 1.9818809662109766, 1.9745798765084683, 1.968904194770715, 1.9604429789078541, 1.952297436274015, 1.9436966327520517, 1.9343295247126848, 1.9236014280563747, 1.9150974405117525, 1.9036850143701602, 1.8952646634517571, 1.8836066869588999, 1.8730700774070543, 1.8623565609638508, 1.8494053516632472, 1.8389518098953443, 1.823079023605738, 1.81521318539595, 1.8016167102715908, 1.790240752696991, 1.7771135700054659, 1.764217399022518, 1.6910544670545138, 1.6608874849784068, 1.6492139700131538, 1.639822722092653, 1.6326416590274908, 1.6282763637029207, 1.6222381921914908, 1.6161604159917586, 1.6104103134228633, 1.6041895835827558, 1.6008438892853565, 1.5957266709743403, 1.589384455864246, 1.5887792339691749, 1.5815785842064098, 1.5775058394823318, 1.5728951875980084, 1.569145391537593, 1.5664182354242373, 1.5638273939108238, 1.5575301045026535, 1.5544819697355612, 1.5504031269978253, 1.546038901194548, 1.5438716414647224, 1.5408910060540224, 1.5355358456953978, 1.5314393896322984, 1.5288414722833878, 1.5258351564407349, 1.5237501771022113, 1.519704877718901, 1.516465157423264, 1.5137894884133951, 1.5093597210370577, 1.5053883564777863, 1.5021649770247631, 1.5018257838029128, 1.4992754260698955, 1.4940774037287785, 1.4920461407074561, 1.4889810479604282, 1.4846900184949239, 1.483903818558424, 1.4794954614761548, 1.4777737180391948, 1.4756208655161736, 1.4713542363582512, 1.469146917722164, 1.4678161064783732], "test_loss": [1.8034140930175782, 1.6891039672851562, 1.5910806076049804, 1.5181773178100586, 1.4710607192993164, 1.4051521347045899, 1.376762210083008, 1.3612430786132812, 1.3506048370361328, 1.3330350936889648, 1.3202930770874024, 1.2821420776367187, 1.2490693572998046, 1.3597079315185547, 1.2627244979858399, 1.2396270080566407, 1.191288850402832, 1.2369262268066405, 1.2219329345703125, 1.1630496231079102, 1.207099855041504, 1.1886072204589844, 1.2330645584106446, 1.1784296676635742, 1.2054680053710938, 1.1766384521484374, 1.133908868408203, 1.174874250793457, 1.1642104049682618, 1.2168318634033204, 1.1486938095092774, 1.1606890930175782, 1.1781820541381836, 1.171393179321289, 1.1749405609130859, 1.190328402709961, 1.254113296508789, 1.2322080200195313, 1.2434204025268554, 1.2547468994140625, 1.2453731063842775, 1.2486850860595704, 1.224280108642578, 1.314711735534668, 1.2969662490844727, 1.2845633377075196, 1.3173642532348633, 1.3143218627929687, 1.3392651489257812, 1.280564825439453, 1.335143325805664, 1.3624513580322266, 1.3637730895996094, 1.3698710494995117, 1.4047133544921875, 1.3842498046875, 1.409456134033203, 1.3855798309326173, 1.4280853805541993, 1.4172421951293945, 1.4146347244262696, 1.438526919555664, 1.4404059860229492, 1.4595839782714843, 1.428205680847168, 1.4688202423095704, 1.4377309036254884, 1.4662570434570312, 1.4953437713623048, 1.4585512344360352, 1.4525370407104492, 1.453194694519043, 1.4541055450439453, 1.4637333908081054, 1.4598753540039062, 1.4768520233154296, 1.4898452713012695, 1.4755195938110353, 1.488888723754883, 1.4879773559570313, 1.4779547912597657, 1.5042638763427734, 1.5246047424316407, 1.528361882019043, 1.515605046081543, 1.5145011016845704, 1.4870157775878907, 1.4881763153076173, 1.536562532043457, 1.5034486923217774, 1.5131811447143555, 1.5137165420532226, 1.5324841537475586, 1.511197152709961, 1.5363575942993164, 1.5221383026123048, 1.516028858947754, 1.514637026977539, 1.5423530029296875, 1.5253958404541015], "test_acc": [43.18, 48.28, 56.72, 62.71, 67.18, 71.57, 73.3, 70.28, 74.87, 76.67, 75.05, 76.51, 76.13, 73.81, 77.33, 79.79, 80.22, 75.7, 79.71, 82.95, 81.35, 81.23, 79.87, 82.38, 80.37, 81.51, 81.79, 81.83, 80.67, 78.62, 80.94, 80.21, 79.67, 80.09, 79.79, 77.99, 78.91, 76.46, 76.68, 76.28, 76.54, 75.05, 75.29, 72.71, 71.26, 71.37, 70.36, 70.05, 70.01, 70.99, 67.47, 66.39, 66.21, 65.49, 64.11, 64.63, 63.62, 64.28, 62.65, 63.09, 62.88, 62.18, 62.09, 61.18, 61.67, 60.07, 61.58, 60.31, 59.21, 60.5, 60.5, 60.74, 60.51, 60.23, 60.69, 59.72, 59.06, 59.25, 58.93, 58.87, 59.34, 58.29, 57.82, 57.81, 58.0, 58.19, 58.83, 58.65, 57.01, 58.13, 57.73, 57.99, 57.16, 58.21, 56.98, 57.44, 57.57, 57.45, 56.28, 57.15]}