{"train_loss": [1.9669239579102933, 1.7748030855105474, 1.6829350327834105, 1.6122392535209655, 1.5684582817248809, 1.5317645280789107, 1.5055781899354397, 1.4796879820334605, 1.4590813795725504, 1.4425403179266514, 1.4236532715650705, 1.4084150516069853, 1.3952000315372761, 1.383296300814702, 1.3685685714085898, 1.3570007788829315, 1.3446202207834292, 1.3342005815261448, 1.3195948402086894, 1.3114520775966154, 1.3022590808379344, 1.2851928075154622, 1.279498373850798, 1.2660639290626232, 1.2524724544622958, 1.2366988075085175, 1.228131090524869, 1.215993972466542, 1.1974878740616335, 1.1882041819584674, 1.170633656092179, 1.1538283456594516, 1.1426886031260857, 1.1254721636955554, 1.1083352553538788, 1.0926804386652433, 1.073321856596531, 1.0612946172555289, 1.0403610872916687, 1.019140935708315, 0.998933485073921, 0.9884523779917986, 0.9644607513378828, 0.9430103444136106, 0.9248379378746717, 0.8993841502911005, 0.8886782430685484, 0.8668343213888315, 0.8460400099937733, 0.8276827220733349, 0.7181903921640836, 0.6726068051961752, 0.6560870658128689, 0.6427445504909907, 0.6341928351383943, 0.6250348396790333, 0.6152629765180441, 0.6059101471534142, 0.6006820804797686, 0.5949134265765166, 0.5867578495007295, 0.579713412355154, 0.5744401110288424, 0.5703763028750053, 0.5646343713387465, 0.5566258046107414, 0.5514940282473197, 0.5484115126805428, 0.5417304606773914, 0.538003533008771, 0.5339247979414768, 0.5280367522667616, 0.5218233369099788, 0.5228815745848876, 0.5149498438987976, 0.5118520016853626, 0.5081274733329431, 0.5027529235069569, 0.4983699641166589, 0.4952403792204001, 0.48886590026892146, 0.48324125569600324, 0.4826529752749663, 0.48015390726236196, 0.4740887750417758, 0.47172790116224533, 0.46918017329313816, 0.4654217195816529, 0.4635972315684343, 0.4578389979325808, 0.45693065485893153, 0.45129025884163687, 0.45036340890786586, 0.44597192933926216, 0.4423428734143575, 0.44063724340536653, 0.436599563788145, 0.4363637490914418, 0.43472041770433767, 0.429766413416618], "test_loss": [1.3841469177246093, 1.237404295349121, 1.0341549423217773, 0.9917322631835938, 0.8853232109069824, 0.8744334281921387, 0.8317531837463379, 0.9923266983032226, 0.8534410842895508, 0.7360389472961426, 0.757160726928711, 0.7902601860046387, 0.7709040618896484, 0.7339314041137696, 0.6571410041809082, 0.7720439529418945, 0.6877322780609131, 0.6988893669128418, 0.7046442443847656, 0.6876017265319824, 0.6767856292724609, 0.6638530742645263, 0.7046430374145508, 0.6972758293151855, 0.6887519241333008, 0.6621052833557128, 0.6926614730834961, 0.653433797454834, 0.6455668350219727, 0.6686265110015869, 0.6934688034057617, 0.6833851860046387, 0.7073528984069825, 0.6664618583679199, 0.7505025772094727, 0.7259116508483887, 0.7217093307495117, 0.7177416889190674, 0.8069362586975097, 0.7611159992218017, 0.7482128982543945, 0.7400962814331055, 0.72387770652771, 0.790176205444336, 0.825549016571045, 0.8701145835876465, 0.8434710662841797, 0.8465858879089355, 0.8971906021118164, 0.876074974822998, 0.8399501243591309, 0.8602620460510254, 0.8571409881591797, 0.8662488670349121, 0.9117012557983398, 0.8806099990844727, 0.8858612602233886, 0.8811516174316406, 0.9043963027954102, 0.9039558380126953, 0.8999966384887695, 0.9084329345703125, 0.8984027740478515, 0.895401700592041, 0.9159039337158204, 0.9220410163879394, 0.9270003181457519, 0.9186965942382812, 0.9576592224121093, 0.9314490966796874, 0.9229896148681641, 0.9482154930114746, 0.9154470886230469, 0.9732007102966309, 0.9853458648681641, 0.955051929473877, 0.9558430717468261, 0.9361528678894043, 0.9435502082824707, 0.9603608131408692, 0.9476371688842773, 0.9303737113952637, 0.9506596138000488, 0.9818413955688476, 0.938748095703125, 0.938149430847168, 0.9543868286132813, 0.9506575645446778, 0.9807288688659668, 0.9438711868286133, 0.9653262275695801, 0.9526791198730469, 0.9772998107910156, 0.9597628318786621, 0.9936963699340821, 0.964376123046875, 0.956998518371582, 0.9638506874084473, 0.9755251518249511, 0.9827946250915527], "test_acc": [55.75, 60.71, 69.93, 72.09, 75.89, 78.07, 79.77, 73.34, 78.79, 82.88, 82.03, 81.21, 80.84, 83.35, 85.8, 81.97, 84.31, 84.46, 84.54, 85.0, 85.02, 86.15, 84.43, 85.2, 84.85, 85.92, 85.01, 86.05, 85.43, 85.27, 84.63, 85.07, 84.21, 85.26, 83.27, 83.51, 84.14, 83.42, 80.84, 81.95, 82.05, 82.57, 82.78, 81.37, 80.45, 79.48, 79.58, 79.08, 77.91, 77.92, 79.15, 78.18, 78.23, 78.09, 76.36, 77.43, 77.07, 77.41, 76.65, 76.29, 76.22, 76.01, 76.4, 76.46, 75.94, 75.71, 75.39, 75.82, 74.28, 75.24, 75.53, 75.01, 75.1, 73.97, 73.55, 74.39, 74.17, 74.97, 74.67, 74.0, 74.41, 75.1, 74.59, 73.33, 74.88, 74.82, 74.21, 74.47, 73.58, 74.61, 74.15, 74.49, 73.52, 74.24, 73.42, 74.21, 74.18, 74.2, 73.95, 73.59]}