{"train_loss": [2.315158137297019, 2.3046212789339897, 2.302731803747324, 2.3020454694063237, 2.2990840043777077, 2.2999191895509377, 2.2979045825126843, 2.296654657828502, 2.296401518430465, 2.295868000617394, 2.2939185069157526, 2.292800779831715, 2.2925747950871784, 2.2914152768942024, 2.2899760246276855, 2.2888468540631806, 2.287890845690018, 2.286317404111226, 2.2860080981865907, 2.2846226160342877, 2.283229329647162, 2.2815005846512624, 2.280839632718991, 2.279604629981212, 2.2785935041231986, 2.27728614562597, 2.2758128239558295, 2.2754606552613086, 2.2734967494622254, 2.271839059316195, 2.2699549742234058, 2.268199820396228, 2.2659419444891125, 2.264340573702103, 2.2613916867818586, 2.258936097071721, 2.2563778871145006, 2.2517575221183974, 2.248974198561448, 2.2452480982511474, 2.2415050983428957, 2.2359009846662863, 2.2307818883504624, 2.2253086952062753, 2.2197478716190044, 2.211605484669025, 2.203882222909194, 2.195977388895475, 2.186575270921756, 2.17600626089634, 2.123678882305439, 2.1020429828228093, 2.094119182611123, 2.084486379990211, 2.07953344308413, 2.0743120312690735, 2.0680614532568518, 2.0640929280183253, 2.05894151253578, 2.0537027707466713, 2.04879555671643, 2.0446401599125985, 2.0399025785617337, 2.0358916744207725, 2.028793955154908, 2.0256225533974477, 2.02141397243891, 2.0197716761858033, 2.0136017218614235, 2.007846038769453, 2.003945095722492, 1.9993658013832876, 1.995103873962011, 1.9898140971477216, 1.9868796611443544, 1.9788503215863154, 1.9740488214370533, 1.9731912716841087, 1.9668287277221679, 1.9631607465254954, 1.957734383069552, 1.9548723358374376, 1.9479441853669974, 1.946685195274842, 1.9377223265476715, 1.9345061085163018, 1.928378955523173, 1.9232981018531017, 1.9191388396116404, 1.9164180174852028, 1.911542097421793, 1.9088137562458332, 1.8991844672423142, 1.896162507472894, 1.8914382414940076, 1.8862803566150177, 1.8823458066353431, 1.8772816334015283, 1.8723068481836564, 1.8668022641768822], "test_loss": [2.2314084533691405, 2.1777909820556642, 2.155348815917969, 2.1307518188476564, 2.115083605957031, 2.1218061767578127, 2.1287587036132813, 2.0788125, 2.066901315307617, 2.0780019256591795, 2.0874904327392576, 2.0684890563964844, 2.067795248413086, 2.0302703521728516, 2.026303804016113, 2.0119273803710938, 1.9986800384521484, 2.025482731628418, 1.9785644607543946, 1.9850064208984375, 2.0057120925903322, 1.9459665069580079, 1.9472685821533202, 1.9253207626342774, 1.9432240188598633, 1.967868409729004, 1.9078190963745116, 1.928825132751465, 1.9066398132324218, 1.9254255447387696, 1.8946895751953126, 1.904335612487793, 1.9192623489379883, 1.9132435485839843, 1.8998834716796875, 1.8816817413330078, 1.9165226989746094, 1.8856261642456054, 1.887010531616211, 1.847559701538086, 1.8938571197509766, 1.9250394836425782, 1.9271539993286133, 1.8943443115234375, 1.8787265747070312, 1.9093357986450195, 1.8952406448364258, 1.9326369049072265, 1.9340245361328126, 1.963605876159668, 1.9657413772583008, 1.9937330383300782, 2.002697610473633, 2.0044187271118163, 2.0102926483154295, 2.008443281555176, 2.024782276916504, 2.037219250488281, 2.0408979125976563, 2.045161065673828, 2.051421726989746, 2.0746799057006835, 2.0604134567260743, 2.0881528152465823, 2.0770709243774412, 2.077362519836426, 2.073373065185547, 2.104743048095703, 2.1000880752563478, 2.0875190658569336, 2.113019140625, 2.1209151611328125, 2.1302289733886717, 2.1258620346069335, 2.1402078735351564, 2.1541054473876953, 2.1379045043945313, 2.164548028564453, 2.1582009582519532, 2.169101565551758, 2.161867239379883, 2.164122784423828, 2.1785322021484377, 2.1903478759765624, 2.1979384674072264, 2.1959218505859375, 2.1913046234130857, 2.205214846801758, 2.204488119506836, 2.195682275390625, 2.221636782836914, 2.2287699310302735, 2.2345904083251953, 2.229121008300781, 2.2461948272705077, 2.225285592651367, 2.245021795654297, 2.2419341583251953, 2.2378275360107422, 2.2446380859375], "test_acc": [18.48, 17.09, 30.91, 40.37, 33.78, 34.89, 38.11, 41.39, 42.42, 39.69, 41.26, 44.54, 46.92, 50.68, 49.84, 51.29, 49.6, 44.81, 54.56, 55.41, 51.48, 55.45, 54.43, 58.56, 57.19, 55.62, 58.58, 57.32, 59.05, 56.54, 58.45, 58.9, 58.19, 56.17, 57.81, 56.27, 55.28, 56.13, 55.57, 54.96, 53.67, 49.56, 47.95, 49.14, 49.48, 46.84, 46.5, 43.99, 42.56, 39.83, 37.76, 35.63, 34.62, 34.76, 34.18, 34.29, 33.25, 32.74, 32.69, 32.57, 31.93, 30.88, 31.56, 30.06, 31.12, 31.06, 31.03, 29.53, 29.78, 30.46, 29.31, 29.0, 28.92, 28.79, 27.83, 27.81, 28.5, 26.93, 27.61, 26.99, 27.74, 27.63, 27.11, 26.6, 26.35, 26.71, 26.91, 26.11, 26.25, 26.69, 25.83, 25.67, 25.46, 25.72, 25.33, 26.56, 25.37, 25.54, 25.53, 25.38]}