{"train_loss": [2.3179064897390513, 2.303778987053113, 2.301240678933951, 2.299947587037698, 2.29574187596639, 2.296014741750864, 2.2933414391982248, 2.291726543964484, 2.2910714821937757, 2.2901521144769132, 2.2874395003685586, 2.285786470388755, 2.2849689416396313, 2.2833183924357097, 2.281697331942045, 2.2799861308855887, 2.2787048981739924, 2.276283172460703, 2.276063940463922, 2.2735340497432612, 2.271830991598276, 2.2697214083793837, 2.268785591003222, 2.266935302049686, 2.2649057883482713, 2.2630707318966206, 2.261081682718717, 2.259998665100489, 2.2572197553439017, 2.254755245722257, 2.2520588679191396, 2.2496304732102614, 2.2461942917261366, 2.2435379242285705, 2.238953372759697, 2.2345257710187862, 2.230768697689741, 2.2249459847425803, 2.22016321451236, 2.2158516419239533, 2.208428383484865, 2.1998317394501123, 2.1911350794327564, 2.182798178379352, 2.173116604487101, 2.1612661172182133, 2.1481333231314634, 2.134054091343513, 2.12024012590066, 2.104436755180359, 2.0201135543676525, 1.9840651509089349, 1.9713801124157049, 1.9566593983234504, 1.949506881298163, 1.9386600118417006, 1.9298759020291842, 1.9206356681310213, 1.914207759881631, 1.9062420692199316, 1.90114600169353, 1.8916727133286304, 1.8848263263702392, 1.8779713279161698, 1.8691913311298076, 1.861824095249176, 1.855746392103342, 1.8478490080588903, 1.8360133125231817, 1.8314907364356212, 1.826928272919777, 1.818333598283621, 1.8138535698254903, 1.8037850600022536, 1.7970628790366343, 1.788760043718876, 1.777997421912658, 1.7746989687283834, 1.768631929006332, 1.758902005965893, 1.7518383441827237, 1.7454066634178163, 1.7380836153641726, 1.7281601725480495, 1.7200096775323916, 1.714880544711382, 1.7086112859921578, 1.695973024612818, 1.6881125832215333, 1.6824567519701443, 1.6753751644721397, 1.6673314632513585, 1.6611350346834233, 1.6525993255468516, 1.6413015738511696, 1.6364117931096982, 1.6301706980436277, 1.623640383206881, 1.6128892733500555, 1.602699069182078], "test_loss": [2.2075173095703127, 2.1561849578857424, 2.131942938232422, 2.0951451416015625, 2.0945787841796877, 2.0871340454101563, 2.083038946533203, 2.032695399475098, 2.0233674026489257, 2.0491356384277344, 2.02450986328125, 2.0180872833251953, 2.021949612426758, 1.9706238311767579, 1.9757458923339843, 1.961157032775879, 1.9400968872070312, 1.9725115219116212, 1.9302828704833985, 1.9457256332397461, 1.9582831649780272, 1.899941012573242, 1.8870673080444336, 1.869849967956543, 1.9054006286621095, 1.918182339477539, 1.83495359954834, 1.8739607391357422, 1.8438598617553712, 1.890364744567871, 1.8289101577758788, 1.8582716506958008, 1.8645439575195313, 1.8386864059448242, 1.8517533767700196, 1.8374493347167968, 1.8656650741577148, 1.8282262130737306, 1.8601298568725586, 1.802661848449707, 1.850999691772461, 1.8730706726074218, 1.8630012298583984, 1.8791094284057617, 1.8178157562255859, 1.8603953247070313, 1.844614289855957, 1.9108145782470702, 1.893847427368164, 1.9199252197265626, 1.9665814453125, 1.992400112915039, 2.010446369934082, 2.027978648376465, 2.019834800720215, 2.032748356628418, 2.0524445922851564, 2.0584084869384767, 2.071210581970215, 2.081422102355957, 2.0876875778198243, 2.1024161682128906, 2.101392250061035, 2.1174669616699218, 2.1100662612915038, 2.1328122268676757, 2.1382202758789064, 2.1609233459472654, 2.167409489440918, 2.159860673522949, 2.171958934020996, 2.1865097183227538, 2.1859061141967775, 2.1995090560913084, 2.221595816040039, 2.2256546752929687, 2.221939952087402, 2.2349601455688477, 2.24592979888916, 2.2661241027832033, 2.2519786422729493, 2.2831800918579104, 2.26470373840332, 2.271987596130371, 2.301544027709961, 2.3114670166015623, 2.310621423339844, 2.298996173095703, 2.3607133087158205, 2.3213224548339846, 2.3580024841308593, 2.3641771392822264, 2.3744827270507813, 2.3651005615234375, 2.3948027984619142, 2.376402947998047, 2.39028720703125, 2.4076909484863283, 2.3827904724121094, 2.407577313232422], "test_acc": [25.2, 21.8, 35.1, 41.72, 31.25, 34.26, 39.57, 44.2, 42.8, 40.18, 44.07, 47.0, 47.35, 51.44, 50.11, 51.76, 49.88, 45.83, 54.22, 53.71, 53.52, 53.87, 54.51, 56.08, 55.17, 55.67, 59.87, 55.26, 57.63, 53.94, 57.29, 57.52, 57.61, 56.41, 56.44, 53.43, 52.91, 56.08, 52.41, 53.89, 51.56, 49.42, 48.38, 46.52, 49.97, 46.74, 46.18, 41.64, 40.62, 40.08, 36.15, 34.48, 33.52, 32.86, 33.34, 32.83, 32.0, 31.58, 31.45, 31.11, 30.75, 30.12, 30.16, 29.82, 29.93, 29.44, 29.46, 28.92, 28.96, 29.26, 28.65, 28.17, 28.32, 28.55, 27.7, 27.61, 27.48, 27.11, 27.01, 26.76, 26.91, 26.31, 26.91, 26.78, 26.42, 25.62, 26.04, 26.64, 25.11, 26.4, 25.01, 25.07, 24.98, 25.52, 24.47, 25.67, 25.13, 24.84, 25.33, 25.17]}