{"train_loss": [2.25004088083903, 2.2062794031241, 2.1806699104798146, 2.1618160443428236, 2.1479846336902715, 2.1369234604713245, 2.1260802403474464, 2.1198207152195465, 2.1115275389108903, 2.1069671588066297, 2.1019214801299264, 2.096387809362167, 2.092006015166258, 2.0875659707265024, 2.082920320217426, 2.079099608078981, 2.0749524388557825, 2.070242132590367, 2.0666312523377246, 2.062894891775571, 2.0598167792344704, 2.0558323493370643, 2.051504420317136, 2.0473305081709836, 2.0426607850270395, 2.0384242452107943, 2.0350930742728406, 2.0307504712006983, 2.0249167861082613, 2.0204699977850304, 2.015214421504583, 2.009365717264322, 2.003267851853982, 1.9973915185683813, 1.9918290266623864, 1.9860071732447697, 1.9801512916882833, 1.9734420736630758, 1.9669434095040346, 1.9597180721087333, 1.953314648530422, 1.9463220880581782, 1.9389561735666716, 1.931720686264527, 1.9240733874149811, 1.9162376957061964, 1.9084507929973114, 1.8997952977816264, 1.8946988778236584, 1.886553939489218, 1.8383388721025906, 1.8179374722334054, 1.8100133651342147, 1.8038246588829236, 1.799114602040022, 1.7941004047027, 1.7891957050714737, 1.7868393308077104, 1.7836953783646607, 1.7781736612319947, 1.7759365821496034, 1.775073889279977, 1.7693151278373522, 1.7670983277834378, 1.7645397112919734, 1.7611182157809917, 1.7574730744728675, 1.7566893534782606, 1.7533348810978424, 1.7510886076169137, 1.746932947024321, 1.744175185301365, 1.7415526136373862, 1.7406976779301961, 1.7381539625999256, 1.7348862907825373, 1.7320903099500216, 1.7308244060247373, 1.7288842152326536, 1.72597960906151, 1.7247028421132993, 1.721881215694623, 1.7185773983979837, 1.71823480006976, 1.7143313912244944, 1.7129326273233463, 1.7095827261606853, 1.7086466294068556, 1.7068659333082346, 1.7054856933080234, 1.7039375522197822, 1.7009338467549056, 1.6990906107120025, 1.6972568408036843, 1.697076029655261, 1.6930195683088058, 1.6923069617687128, 1.6895718421691504, 1.6887460888960422, 1.686117203419025], "test_loss": [1.788089778137207, 1.6688737167358398, 1.5902730377197265, 1.5150622344970703, 1.4408358444213867, 1.3932381088256836, 1.467597804260254, 1.4039212036132813, 1.3692570739746093, 1.3643382751464843, 1.3376698471069335, 1.331037564086914, 1.3383367370605468, 1.2780684158325195, 1.2878135391235352, 1.2375553039550782, 1.2569358947753906, 1.2838960968017579, 1.2617930313110353, 1.2428253677368164, 1.2535948348999024, 1.193050991821289, 1.2347460525512695, 1.185702716064453, 1.2494860229492188, 1.2453301681518554, 1.2419857894897461, 1.230201382446289, 1.2163031646728515, 1.2043365997314452, 1.240186898803711, 1.2109167617797851, 1.2467911026000977, 1.2429932189941406, 1.2322030166625977, 1.188572622680664, 1.2698579040527345, 1.2671725723266603, 1.269540203857422, 1.2393580169677734, 1.256860874938965, 1.2385147918701171, 1.2110023162841796, 1.2581228408813476, 1.2667136978149414, 1.2956819259643555, 1.3233980514526367, 1.265818508911133, 1.2594421478271485, 1.2663490203857422, 1.3170411666870117, 1.3409082748413086, 1.3684049774169922, 1.3548030487060547, 1.3829962768554687, 1.3612388412475587, 1.3739154067993165, 1.3826443069458008, 1.391982571411133, 1.3891554077148438, 1.429346632385254, 1.3962694580078125, 1.3904726257324218, 1.3968466094970704, 1.4209962219238281, 1.4354964950561524, 1.4074961486816406, 1.4214897720336914, 1.4210847900390624, 1.420117921447754, 1.4380616256713867, 1.4290602478027343, 1.4004420425415038, 1.4182323959350587, 1.409399855041504, 1.434582847595215, 1.4543903076171876, 1.4181191818237304, 1.4343079498291016, 1.4235181182861327, 1.4746492080688476, 1.414142999267578, 1.43376785736084, 1.4650667434692384, 1.4587048706054688, 1.4520800140380858, 1.4440839599609374, 1.418823274230957, 1.4628406555175781, 1.4426628585815429, 1.4496682678222657, 1.4635402374267579, 1.4741936904907227, 1.4590116897583008, 1.4585741394042968, 1.4867223861694336, 1.4503791870117186, 1.4850329376220703, 1.4809301300048827, 1.4634430862426757], "test_acc": [50.32, 55.17, 62.66, 66.67, 70.97, 74.82, 68.03, 73.95, 77.18, 79.1, 78.68, 80.63, 78.95, 81.18, 82.24, 83.19, 82.46, 81.92, 81.82, 82.71, 82.33, 84.63, 82.31, 85.57, 82.66, 83.81, 83.11, 83.24, 82.17, 83.73, 82.41, 82.8, 81.41, 80.79, 79.97, 82.13, 80.5, 79.34, 79.78, 79.24, 79.13, 79.72, 79.06, 76.73, 76.45, 74.95, 73.93, 75.55, 74.62, 74.99, 72.15, 70.8, 69.15, 69.5, 67.94, 68.53, 68.07, 67.43, 67.33, 67.16, 65.55, 66.68, 66.96, 66.6, 65.48, 64.7, 65.84, 65.34, 65.23, 65.11, 64.19, 64.43, 65.31, 64.93, 65.27, 64.11, 63.07, 64.53, 63.68, 64.21, 61.93, 64.81, 63.58, 62.1, 62.45, 62.66, 62.9, 63.89, 62.15, 62.43, 62.51, 61.7, 61.43, 62.0, 61.74, 60.81, 61.86, 60.72, 60.76, 61.38]}