{"train_loss": [2.296562147140503, 2.2849831929573647, 2.2782984886413966, 2.273028009977096, 2.2685862223307294, 2.2653510986230314, 2.262917178716415, 2.260320409750327, 2.2577244067803406, 2.255702963242164, 2.2539467279727643, 2.252085838562403, 2.250344551526583, 2.2491957077613245, 2.247437073634221, 2.245733029414446, 2.2445789667276235, 2.2432423738332896, 2.2417885242364344, 2.240004312075101, 2.238662008138803, 2.2374627211155036, 2.2359982863450663, 2.234773708612491, 2.233037245579255, 2.231591864121266, 2.229543745212066, 2.2278007654043344, 2.2259502044090858, 2.2238083264766595, 2.2217147136345887, 2.2190019057347223, 2.2175625367042344, 2.2146318943072587, 2.212663140663734, 2.209925259076632, 2.2066531046842917, 2.203808130362095, 2.2014331597548265, 2.198842660586039, 2.195469304231497, 2.1925055540524996, 2.1893092717879856, 2.18575246272943, 2.1826196646079037, 2.1790220474585507, 2.1761722100086702, 2.173105480120732, 2.1698132845071645, 2.165775097333468, 2.1445757939265326, 2.1358944703371097, 2.1322394346579525, 2.1293698005187207, 2.127133771089407, 2.1251017747781216, 2.123821319066561, 2.121664695862012, 2.120256955195696, 2.1184494318106237, 2.116595825782189, 2.115431887064225, 2.1139727965379373, 2.112457030858749, 2.111236258653494, 2.1098118366339267, 2.108774597216875, 2.1078061806849946, 2.1060233562420576, 2.105409762186882, 2.1038159407102146, 2.1030526931469256, 2.101496735597268, 2.100590777397156, 2.0993253133235834, 2.098070221680861, 2.0968356444285465, 2.095618626398918, 2.0946044732362794, 2.093559043224041, 2.0920634563152607, 2.0913565672360934, 2.090425079296797, 2.0902664135663938, 2.0889403514372997, 2.087810005285801, 2.086726527947646, 2.0851350869887915, 2.0840796776306934, 2.0830243416321585, 2.0825013393010847, 2.0815482524725106, 2.0811194395407653, 2.0797190342193996, 2.0786846289267906, 2.0775633298433744, 2.076948183010786, 2.076004105959183, 2.0755442283092402, 2.0750304931249373], "test_loss": [2.0332601303100586, 1.9435257049560546, 1.8800360931396485, 1.8546285430908203, 1.8707476654052735, 1.839417581176758, 1.802011375427246, 1.7637205978393555, 1.801240155029297, 1.7341639038085936, 1.7047964660644532, 1.7465638916015624, 1.7124950286865235, 1.7408209915161132, 1.6831455307006835, 1.71016025390625, 1.6604807800292969, 1.6574745208740234, 1.6640279708862304, 1.65461005859375, 1.63855760345459, 1.6410433227539063, 1.6152568420410156, 1.62000509185791, 1.6269623428344726, 1.6522277069091797, 1.5989053756713867, 1.603412516784668, 1.5958857070922852, 1.638553155517578, 1.665059278869629, 1.6507548263549805, 1.6146063613891601, 1.6443987838745118, 1.6406951583862304, 1.6293315979003906, 1.628620002746582, 1.6772117370605468, 1.6218602600097656, 1.6656250076293946, 1.6413013961791991, 1.6882104705810548, 1.6455172271728515, 1.6924624450683594, 1.6633372360229493, 1.6663446365356445, 1.7228850860595704, 1.720737892150879, 1.6339995498657227, 1.676128160095215, 1.6913157333374023, 1.7245067932128906, 1.7182476425170898, 1.7348619354248047, 1.738790249633789, 1.7394521102905274, 1.7419831665039063, 1.7582142318725587, 1.749534487915039, 1.7419849990844727, 1.7751546005249024, 1.7706673767089844, 1.7557034866333008, 1.767723257446289, 1.7555308273315429, 1.78219891204834, 1.7804239959716797, 1.7692432510375977, 1.7840969512939453, 1.7779117935180664, 1.7792495880126953, 1.7884385559082032, 1.7856276107788085, 1.790041975402832, 1.7970393630981445, 1.7779832153320312, 1.791382438659668, 1.7864733444213867, 1.8137101135253906, 1.7835993728637696, 1.8073885131835938, 1.7951414566040038, 1.810418701171875, 1.8109146591186522, 1.7954388977050781, 1.8168353164672852, 1.7934010498046875, 1.7929837341308594, 1.793012434387207, 1.8221788330078126, 1.7972702713012696, 1.806717788696289, 1.7958126846313476, 1.8212542877197266, 1.814613623046875, 1.829708642578125, 1.8093421401977539, 1.8290375030517578, 1.8123631439208985, 1.8225251419067383], "test_acc": [42.89, 50.51, 57.21, 60.73, 63.09, 62.52, 61.54, 70.27, 69.49, 72.8, 74.14, 71.41, 73.94, 76.0, 74.84, 76.73, 78.96, 80.57, 78.78, 78.41, 79.31, 77.72, 80.93, 80.71, 79.82, 80.47, 81.72, 81.5, 80.28, 78.82, 78.56, 78.3, 79.1, 77.66, 75.96, 78.1, 77.63, 75.75, 76.61, 73.95, 74.08, 73.56, 73.07, 70.45, 72.4, 70.71, 67.39, 67.26, 69.43, 66.68, 64.33, 61.89, 61.73, 60.17, 59.62, 59.43, 58.66, 57.69, 58.31, 58.34, 56.31, 56.5, 57.38, 56.3, 57.09, 54.96, 55.03, 55.64, 54.6, 55.09, 54.7, 54.41, 53.94, 53.79, 53.59, 54.62, 53.29, 53.85, 52.36, 53.67, 52.01, 52.99, 51.78, 52.18, 52.75, 51.44, 52.63, 52.51, 52.54, 50.95, 52.19, 52.06, 52.45, 50.91, 51.37, 50.52, 51.29, 50.3, 51.17, 50.67]}