{"train_loss": [2.179171367180653, 2.096826030046512, 2.0516915721771043, 2.016078740511185, 1.9917690857862815, 1.9706417811222565, 1.9537438692190707, 1.9402917492084013, 1.9294198659750132, 1.9193230228546339, 1.9094173309130547, 1.9020480507459396, 1.8930769009467883, 1.8859968879284004, 1.8787303239871294, 1.8718753337860108, 1.865842417264596, 1.8577944080034892, 1.852500899327107, 1.8455839239634, 1.8402519167997897, 1.8325079398277477, 1.8255266119272282, 1.8188882693266257, 1.8130547074171213, 1.8047714532949986, 1.7987680276234945, 1.7902185675425408, 1.7822985915037302, 1.7749958814718785, 1.7679366371570489, 1.7580210159986447, 1.7496895487491901, 1.7401415228843689, 1.7312326082816492, 1.720547697482965, 1.7116206276111114, 1.7002134041908459, 1.6913020632205866, 1.680235845920367, 1.66656706119195, 1.6604975095162025, 1.6465749010061606, 1.634207012103154, 1.6214702367782592, 1.6122928503232123, 1.599911997257135, 1.587648472419152, 1.5782261686447339, 1.561186602482429, 1.490405857257354, 1.4627990184686124, 1.4502599496107835, 1.4422627718020709, 1.4343893372095549, 1.4266975827706165, 1.4220873575944166, 1.4160565205109426, 1.4110079737809988, 1.4074402353702447, 1.402317026333931, 1.3977777423002782, 1.392960224701808, 1.3894780036730645, 1.3856364589471084, 1.379999895279224, 1.377049828798343, 1.3725259389632787, 1.3693528792796992, 1.3665454305135287, 1.3602353664544913, 1.3591816975520208, 1.3528750957586826, 1.3499939652589652, 1.347744704515506, 1.3468623503660544, 1.3395306492463137, 1.3378390758465497, 1.3337006364113246, 1.3299188821743697, 1.327419607150249, 1.3248572380114825, 1.322042405910981, 1.3194773026001758, 1.3149524178260412, 1.3116228387906002, 1.3078637428772755, 1.3072407386241816, 1.3040803832885546, 1.3002305064445887, 1.2986298558039544, 1.2947243436788902, 1.2913679037338648, 1.2895275103740202, 1.286411566917713, 1.2843859635866606, 1.2815854139817067, 1.2792139120590993, 1.278205956862523, 1.2758789016650274], "test_loss": [1.693322592163086, 1.4536228622436524, 1.484406869506836, 1.2981462326049804, 1.2838368377685547, 1.361585905456543, 1.1531335525512696, 1.1842555267333985, 1.107331308746338, 1.1134845176696777, 1.021801304626465, 1.0686904922485352, 1.0487736030578614, 1.0144075386047364, 0.965791194152832, 1.0335377555847167, 1.0293286079406738, 0.9611234855651856, 1.0452840797424316, 0.973252545928955, 1.0055652572631837, 1.002631851196289, 1.0066025367736817, 0.9674980964660644, 0.9470155448913574, 0.9841170478820801, 0.9182434783935547, 1.0015522903442382, 1.0101832611083985, 0.9867110427856445, 0.9342230026245117, 1.006483390045166, 1.009076198577881, 0.9928115470886231, 1.0564642250061036, 1.0135471832275391, 0.9859921417236328, 0.9928676475524902, 1.0375873031616212, 1.0559404052734376, 1.004539353942871, 1.0320244697570802, 1.0324024940490724, 1.0704671112060546, 1.0727216331481935, 1.088155355834961, 1.0365546760559081, 1.0899491035461426, 1.1127703437805176, 1.119547435760498, 1.0998006614685059, 1.1382795463562012, 1.1414265808105468, 1.150742237854004, 1.1672776054382323, 1.1613609962463378, 1.1801584365844726, 1.1785306030273437, 1.1994498481750488, 1.2028425941467284, 1.2009350959777831, 1.1796556808471679, 1.171187809753418, 1.2171954200744628, 1.2100111701965333, 1.1890420288085937, 1.237269149017334, 1.2168440452575684, 1.2367216186523438, 1.2290944099426269, 1.241348829650879, 1.250694204711914, 1.2449001274108886, 1.2231759216308593, 1.2629012649536133, 1.2306895233154296, 1.2659581466674805, 1.2412636291503907, 1.2761549774169922, 1.231545051574707, 1.248407260131836, 1.2400680717468262, 1.2628401321411133, 1.2437119445800782, 1.2254454902648926, 1.2712160606384277, 1.2345935997009276, 1.263387483215332, 1.2599356307983398, 1.2689604095458984, 1.2682878051757813, 1.2803577011108398, 1.246704069519043, 1.3009745422363281, 1.298420216369629, 1.2662288246154785, 1.2947107849121093, 1.2708453300476075, 1.2930389877319335, 1.286633487701416], "test_acc": [48.85, 59.21, 58.05, 66.88, 66.72, 65.81, 76.95, 76.52, 77.59, 78.94, 81.78, 81.54, 81.82, 82.76, 84.32, 82.82, 79.76, 84.46, 83.06, 85.15, 83.56, 84.09, 83.55, 84.88, 85.44, 83.96, 84.54, 82.67, 82.85, 84.26, 83.69, 83.3, 82.97, 82.67, 80.89, 82.34, 82.21, 81.64, 80.35, 80.12, 80.83, 79.99, 79.65, 78.72, 78.45, 76.88, 77.65, 76.55, 76.22, 74.56, 74.85, 73.2, 72.76, 72.27, 71.34, 71.9, 70.51, 70.7, 69.74, 69.87, 69.38, 70.17, 70.4, 68.68, 69.1, 69.57, 68.23, 68.51, 68.19, 68.29, 67.6, 67.37, 67.67, 68.04, 66.59, 67.96, 66.69, 67.55, 66.13, 67.66, 67.26, 67.26, 66.35, 67.25, 67.56, 65.75, 67.05, 66.22, 66.13, 66.19, 65.98, 65.75, 66.64, 65.04, 64.65, 65.84, 65.04, 65.67, 65.1, 65.14]}