{"train_loss": [2.12653723802322, 2.017556957403819, 1.9626682996749878, 1.9251887825819163, 1.9020384629567464, 1.8841641147931416, 1.867935755313971, 1.8562213864081945, 1.8474304770812011, 1.8372303968820816, 1.8288311946086395, 1.8226894543721126, 1.8148584304711757, 1.8085185112097324, 1.803702212908329, 1.7972532629966735, 1.7922206970361563, 1.787480873022324, 1.7824552734692891, 1.777080742823772, 1.7731275662397727, 1.7693844923606286, 1.7645657646350372, 1.7601478240428827, 1.7550548813281914, 1.7509809585718008, 1.747527676056593, 1.742631867298713, 1.7392411748568217, 1.734482313425113, 1.731370591200315, 1.7260198125472435, 1.722468855442145, 1.7201851273194337, 1.7153483140162933, 1.7105096126214052, 1.707643246039366, 1.70303447277118, 1.7001659601162642, 1.6957555156487685, 1.691500728863936, 1.6877481374985133, 1.682365186092181, 1.6786585700817598, 1.6751247665820979, 1.6720874905586243, 1.6655250032742819, 1.6638086438179016, 1.6587709280160756, 1.6548552834070647, 1.624929216886178, 1.610849694105295, 1.6063326456607916, 1.601986486483843, 1.5983755524341876, 1.5959692395650424, 1.593218144086691, 1.5892203437976349, 1.5876803581531231, 1.5843676539567801, 1.583344978858263, 1.5805995754706554, 1.5778373883320735, 1.5767785668373109, 1.5733766943980485, 1.5716134514564122, 1.5698734164237975, 1.5679241247666187, 1.5644008113787724, 1.5635829176658238, 1.5605551829704871, 1.560406953554887, 1.5565736749233343, 1.5560815991499486, 1.553116289163247, 1.5517221652544462, 1.5498265495667092, 1.547716918358436, 1.546116750056927, 1.544419511464926, 1.5435118311490768, 1.5402271105692937, 1.5388453480524895, 1.5366303113790658, 1.5361062789574647, 1.533722452322642, 1.5317017029493283, 1.53013337239241, 1.529222852144486, 1.527470486592024, 1.5249852434182778, 1.5234605404046866, 1.521999523578546, 1.5200242577454983, 1.520448942673512, 1.518129602762369, 1.515854426836356, 1.5157095954968378, 1.5136466607069359, 1.5116342993882985], "test_loss": [1.5284869689941407, 1.3503751739501952, 1.2123516998291015, 1.218402848815918, 1.1066057975769044, 1.0792536895751954, 1.0260523567199706, 1.0959431213378907, 0.9650356918334961, 0.9501711944580078, 0.9840207901000977, 0.8825481582641601, 0.9693908126831055, 0.9431253486633301, 0.9007907363891602, 0.9255702888488769, 0.8835280502319336, 0.9123932052612305, 0.8806648040771484, 0.9216683654785156, 0.8901366081237793, 0.8541221969604492, 0.858128443145752, 0.8731021095275879, 0.8633116340637207, 0.8238904922485352, 0.8399208168029785, 0.8663359161376953, 0.8643315826416016, 0.8677917961120606, 0.8838920425415039, 0.8590378448486328, 0.8669149925231934, 0.8829753105163575, 0.8534155723571777, 0.8304112754821777, 0.8863596084594727, 0.8599414863586425, 0.8723782279968262, 0.8644190246582031, 0.8823589317321777, 0.8860247619628906, 0.8964367248535157, 0.8775288276672363, 0.8853958702087402, 0.8822225540161133, 0.8953300529479981, 0.914604109954834, 0.9003731292724609, 0.8987130645751953, 0.8972254577636719, 0.9011461738586426, 0.9020191871643066, 0.9021533538818359, 0.906118921661377, 0.9071472068786621, 0.9167985061645508, 0.9046322715759277, 0.9304380981445313, 0.9148577598571778, 0.9122563720703125, 0.9219062599182128, 0.9178020545959472, 0.9295251647949219, 0.9406409225463868, 0.9448951644897461, 0.9312917358398437, 0.9293773918151855, 0.9491286758422851, 0.9210330360412597, 0.9210610214233399, 0.932600511932373, 0.9540609481811524, 0.9630115768432618, 0.9605710342407227, 0.9707500411987304, 0.9484511672973632, 0.9538262161254882, 0.9517198738098145, 0.9458068672180175, 0.9628159622192383, 0.9582954879760742, 0.9672208023071289, 0.9539276313781738, 0.9693864723205566, 0.9614849792480469, 0.9751161293029785, 0.958750424194336, 0.962224006652832, 0.9590045928955078, 0.9614337448120117, 0.9465341682434082, 0.979762971496582, 0.9752342529296875, 0.97150179977417, 0.965374984741211, 0.9759060035705567, 0.9819374839782715, 0.9924526313781739, 0.9577242210388184], "test_acc": [53.73, 64.18, 72.08, 71.65, 78.38, 78.0, 81.38, 78.41, 82.38, 84.16, 80.86, 86.33, 84.74, 84.36, 86.35, 85.3, 87.03, 87.31, 87.05, 85.19, 86.72, 87.79, 87.08, 87.22, 87.17, 88.62, 88.53, 88.03, 88.27, 87.23, 87.84, 87.8, 87.54, 87.8, 87.87, 88.28, 86.96, 87.99, 86.84, 87.36, 86.79, 86.79, 87.04, 86.47, 86.27, 86.52, 85.83, 86.87, 86.25, 85.91, 86.44, 86.25, 85.93, 85.63, 85.91, 85.6, 85.31, 85.32, 84.52, 84.92, 84.89, 84.41, 84.77, 84.19, 83.81, 83.64, 84.3, 84.06, 83.26, 84.01, 83.62, 83.66, 82.84, 82.47, 82.29, 82.43, 82.6, 82.44, 82.47, 82.77, 81.94, 82.32, 81.65, 81.9, 81.53, 82.17, 81.11, 81.83, 81.75, 81.81, 82.06, 81.68, 80.69, 81.04, 80.82, 80.89, 80.85, 80.74, 79.99, 81.16]}