{"train_loss": [2.2997267704743605, 2.291332254042992, 2.286439342987843, 2.2821454628919944, 2.279146083807334, 2.276737780448718, 2.2748097780423286, 2.2731313570951803, 2.2710362409934017, 2.2696399236336733, 2.268186932343703, 2.2668448545993902, 2.2656433337774033, 2.264762773269262, 2.263407972531441, 2.2622141764714168, 2.2614093444286247, 2.260350578259199, 2.259421332065876, 2.2581198184918136, 2.257117385130662, 2.256450601113148, 2.2552203172292464, 2.2542245822075087, 2.2530816805668366, 2.2518138744892218, 2.250734230799553, 2.2488383941161327, 2.247821618960454, 2.2461132746476395, 2.244452882424379, 2.242591615212269, 2.24120533649738, 2.2394776918949226, 2.237387129588005, 2.235482561893952, 2.2333696762720745, 2.231320692331363, 2.229210713582161, 2.2269595947021092, 2.2244200724821823, 2.222907902032901, 2.2202706746565988, 2.2179307411878537, 2.2152557195761267, 2.2127924882448635, 2.2105601561375154, 2.2074797159586197, 2.205414111797626, 2.2029640338359733, 2.1869039449936305, 2.181007756331028, 2.1782002711907413, 2.176479545617715, 2.174314556366358, 2.173049487823095, 2.1712614273413635, 2.170311779853625, 2.1695219761286024, 2.1682007459493784, 2.166672061039851, 2.1655948944580863, 2.164487072137686, 2.1641710470884274, 2.162685633317018, 2.1619589518278075, 2.1612829061654897, 2.1603348976526506, 2.159447160133949, 2.1583534852052346, 2.1571595950004383, 2.156825531446017, 2.1554507414499917, 2.155337243813735, 2.1543248904057037, 2.1537129347140973, 2.152368655571571, 2.1513787012833814, 2.1507540250435855, 2.150129585999709, 2.1496307036815545, 2.148996252280015, 2.1477819002591647, 2.1470781717544947, 2.146152663230896, 2.1454578589170406, 2.144811353316674, 2.143625702613439, 2.143470139381213, 2.143002541248615, 2.1418443337464943, 2.1415598906003512, 2.1403181595680043, 2.139947298245552, 2.1392482714775283, 2.1387840521641266, 2.138395660962814, 2.1374799728393556, 2.136760772802891, 2.1363088338803022], "test_loss": [2.0860328186035155, 2.013091035461426, 1.94160145111084, 1.9190253982543946, 1.9510789779663087, 1.871803289794922, 1.866398600769043, 1.8274474380493164, 1.861917903137207, 1.8022933395385743, 1.7864748916625977, 1.7941094863891602, 1.7599392761230468, 1.786613363647461, 1.7535403671264649, 1.8031173400878906, 1.7402297866821288, 1.7419619918823241, 1.733668943786621, 1.7316056060791016, 1.7185961044311524, 1.7260723922729493, 1.7207852935791015, 1.7186307479858398, 1.7120015426635742, 1.7340376571655274, 1.6862272415161133, 1.688558253479004, 1.7046977752685546, 1.7247068572998048, 1.7351591537475586, 1.710526820373535, 1.6986337509155274, 1.7338835281372071, 1.7141666931152344, 1.7153524368286133, 1.714329246520996, 1.736386259460449, 1.715145004272461, 1.7429531860351561, 1.6969654830932617, 1.770771353149414, 1.704617010498047, 1.7523588684082032, 1.765608058166504, 1.7196578567504883, 1.7515041427612306, 1.8077257263183595, 1.7637215225219727, 1.7897509368896485, 1.7775175079345704, 1.7956336929321288, 1.7988085693359375, 1.811160235595703, 1.8251899871826172, 1.8054773376464843, 1.8129880111694336, 1.8280636962890624, 1.8331297760009766, 1.8076100479125976, 1.83329024810791, 1.8431868591308593, 1.834485792541504, 1.8360900253295898, 1.8163501495361327, 1.8472041275024413, 1.8544229202270508, 1.8405033096313477, 1.8549906341552735, 1.8451800888061523, 1.8376934371948241, 1.825631202697754, 1.8419183944702149, 1.8505683975219727, 1.8531802322387696, 1.8422808074951171, 1.8475991928100586, 1.8662334930419922, 1.861831916809082, 1.8495037979125977, 1.8625360260009765, 1.8579948776245117, 1.8713609558105468, 1.8530719512939453, 1.8658869537353515, 1.8828617065429687, 1.860704769897461, 1.8624938751220703, 1.8709832946777343, 1.8571870086669922, 1.8798842315673827, 1.8622232147216797, 1.874211541748047, 1.8716585159301757, 1.863032484436035, 1.859467756652832, 1.88168761138916, 1.8730240020751954, 1.8779174926757813, 1.8708843933105468], "test_acc": [41.91, 45.64, 54.46, 59.98, 59.8, 64.47, 64.89, 70.98, 69.88, 73.25, 74.57, 73.84, 76.58, 78.32, 76.11, 74.22, 79.33, 80.16, 79.27, 78.36, 80.1, 78.28, 79.56, 80.41, 80.83, 79.69, 80.63, 79.51, 79.42, 77.76, 78.22, 77.12, 78.41, 77.91, 77.07, 77.37, 75.81, 75.93, 74.93, 73.93, 73.64, 72.15, 71.83, 69.88, 70.58, 69.9, 69.37, 65.06, 64.68, 63.07, 62.27, 60.32, 60.18, 59.12, 57.51, 58.57, 57.46, 56.5, 55.96, 57.21, 55.89, 55.19, 55.3, 55.43, 55.83, 53.54, 53.36, 54.13, 53.0, 53.31, 53.89, 54.41, 53.48, 52.9, 53.05, 53.46, 53.04, 51.58, 51.21, 52.5, 51.64, 51.62, 50.69, 51.81, 50.93, 50.13, 51.04, 50.86, 50.3, 51.02, 49.28, 50.73, 49.82, 49.72, 50.14, 50.6, 49.23, 49.35, 49.28, 49.77]}