{"train_loss": [2.2559924626961734, 2.213690893466656, 2.186660992182218, 2.1656712220265315, 2.151384328573178, 2.1404431630403566, 2.1298739396608792, 2.121491865011362, 2.1138721704483032, 2.1064254290018325, 2.100157464467562, 2.093379450761355, 2.087000978910006, 2.0827913305698296, 2.0758559388992115, 2.07054716470914, 2.0655501319811895, 2.0602346735122876, 2.055007110803555, 2.050077823186532, 2.0453442487961206, 2.039860893212832, 2.0338248540193606, 2.0290094173871553, 2.0225114513666202, 2.0166553478974563, 2.009699841340383, 2.0032717952361474, 1.9953471040114379, 1.9873001581583267, 1.9777861170279674, 1.9696496679232671, 1.959355557270539, 1.9496798509206528, 1.9419366971040384, 1.9281427713540884, 1.916734347282312, 1.9031916224039518, 1.8926668017338484, 1.8778190890947977, 1.8632998766043247, 1.850511717184996, 1.835350692577851, 1.8178008443269975, 1.8027374836114736, 1.7876101273756762, 1.7705549065883344, 1.755283108735696, 1.7386708473547912, 1.7204811038115086, 1.6288079023361206, 1.5914272176913726, 1.578107322485019, 1.5662956821612823, 1.5568283319473266, 1.5479127180881989, 1.541894334096175, 1.5333252873176184, 1.5279808392891516, 1.5209716109129099, 1.5141509441229013, 1.5121844184704316, 1.5024949180774199, 1.4994939324183343, 1.4930260505431738, 1.4888608535130818, 1.4835770313556378, 1.4791465322176616, 1.4734473931483734, 1.4688035365862724, 1.4642685376680815, 1.4583489897923592, 1.454486040274302, 1.4519863351797446, 1.4452560256689022, 1.4404421989734357, 1.4375098616648943, 1.4322139345682585, 1.4283915862058982, 1.4240039697060218, 1.4209527018742683, 1.415449492747967, 1.412816576162974, 1.4073167761166891, 1.404941798479129, 1.4009085435133715, 1.3972677915524214, 1.3921601151808713, 1.3884428831247182, 1.3852754779351064, 1.3808023486381922, 1.3774367155172886, 1.3717010464423742, 1.370857515090551, 1.3663161384753693, 1.3636763853904528, 1.3605298653627054, 1.35608062010545, 1.3546432849688408, 1.3523130734761557], "test_loss": [1.8117842041015626, 1.765255471801758, 1.5995668701171875, 1.5274663040161134, 1.6058617874145509, 1.5048328567504883, 1.5231000625610351, 1.4725321426391602, 1.4776690856933594, 1.4051886016845703, 1.3191961761474609, 1.3414616119384766, 1.2970395553588867, 1.356451057434082, 1.3439869140625, 1.3850729553222656, 1.2786572982788087, 1.2986811294555665, 1.279493899536133, 1.3455822708129883, 1.2925347595214844, 1.216539421081543, 1.3012454818725585, 1.2285005691528321, 1.2248862869262696, 1.2463288009643554, 1.238984765625, 1.2053067657470704, 1.2296433135986329, 1.2344690185546876, 1.2926784118652344, 1.237905192565918, 1.198958856201172, 1.295204621887207, 1.2860407272338867, 1.2628366973876952, 1.2915220428466796, 1.2706319229125977, 1.236965510559082, 1.36134109954834, 1.2682267166137695, 1.3778283905029296, 1.2861249969482422, 1.402685430908203, 1.4004178466796875, 1.3629940048217772, 1.439598175048828, 1.484278402709961, 1.3301889083862304, 1.379207029724121, 1.456973989868164, 1.4983620223999023, 1.4994071975708008, 1.5123888031005859, 1.5300024200439453, 1.527469871520996, 1.5204413238525392, 1.5533490234375, 1.5488676849365235, 1.543339665222168, 1.5662793823242187, 1.5910820419311524, 1.5753736114501953, 1.5923252319335937, 1.5567405517578126, 1.6023447723388673, 1.6286074630737304, 1.610349234008789, 1.6170564514160157, 1.6245182342529296, 1.5957589614868164, 1.598619432067871, 1.6210571304321288, 1.611239567565918, 1.6317682205200195, 1.6315754470825194, 1.6269605895996093, 1.657634098815918, 1.6728502319335938, 1.6461220764160156, 1.6749717681884766, 1.6443421020507814, 1.6561700759887696, 1.6811212387084962, 1.683424626159668, 1.7084097534179687, 1.6700744277954103, 1.647200765991211, 1.671725308227539, 1.676571842956543, 1.7054755462646485, 1.6863089782714844, 1.6829711700439454, 1.690376155090332, 1.7168841705322266, 1.7161661483764648, 1.7295008102416993, 1.694683821105957, 1.7030317504882813, 1.7111121871948243], "test_acc": [43.63, 46.58, 58.63, 61.21, 62.25, 63.66, 61.05, 64.96, 68.85, 70.64, 75.0, 76.1, 78.1, 77.34, 74.9, 74.52, 78.89, 79.11, 78.5, 72.66, 77.25, 79.99, 75.23, 78.49, 80.21, 80.3, 77.48, 79.33, 78.65, 77.68, 76.2, 77.77, 78.2, 76.01, 73.56, 75.89, 73.42, 74.27, 74.87, 71.65, 72.65, 70.83, 71.14, 67.93, 68.0, 68.05, 64.44, 62.46, 66.86, 64.99, 61.11, 59.38, 59.19, 58.81, 57.33, 57.71, 58.02, 56.45, 56.97, 56.58, 56.05, 55.27, 55.74, 55.11, 55.97, 54.71, 53.61, 54.1, 54.25, 53.58, 54.67, 54.88, 53.74, 54.46, 53.59, 53.42, 53.69, 52.19, 51.82, 52.6, 51.57, 52.81, 52.61, 51.79, 51.41, 50.47, 52.0, 52.83, 52.07, 51.98, 51.03, 51.57, 51.74, 51.25, 50.4, 50.43, 49.95, 51.15, 50.51, 50.66]}