{"train_loss": [2.3092060761573987, 2.304766725271176, 2.3042703756919276, 2.304132872361403, 2.3034845364399446, 2.3035838946318017, 2.3033145042566154, 2.303537321702028, 2.302962202903552, 2.3025338619183273, 2.3024410645167035, 2.3024975807238848, 2.302273749693846, 2.3020563412935307, 2.3015676871324198, 2.3013528298109005, 2.3012572526931763, 2.3009968837102255, 2.3008360722126104, 2.3002751912826147, 2.3000973084034064, 2.299761654780461, 2.2993456999460857, 2.2992654953247462, 2.299066747151888, 2.2987153438421397, 2.298414803773929, 2.298287361096113, 2.2980591859572974, 2.297476078302432, 2.297087782468551, 2.2969847165621244, 2.296302054478572, 2.2959786891937255, 2.295379474835518, 2.2948257476855547, 2.294388636564597, 2.2935959106836563, 2.292939246006501, 2.2921327315844024, 2.2911593987391545, 2.2901416949736766, 2.2890487573085685, 2.2880368318313207, 2.2866856159308018, 2.285238573490045, 2.283685485521952, 2.282110871412815, 2.2801799058914183, 2.277798090836941, 2.2659895872458433, 2.261839757210169, 2.2599257249098557, 2.257972368215903, 2.256826420930716, 2.2555817597951644, 2.254025299732502, 2.2527991050328966, 2.2516423634993723, 2.2503269929152268, 2.2493391428238305, 2.2481299424782777, 2.2472901723323724, 2.2460429864052016, 2.2450965251678077, 2.243597398048792, 2.2426987959788396, 2.241531065182808, 2.2410079326385106, 2.239225141207377, 2.2377992391586305, 2.237134184592809, 2.2361240130204423, 2.235160297002548, 2.2338426779478024, 2.232672290312938, 2.2318203394229594, 2.230432854554592, 2.2292770905372423, 2.227917394271264, 2.2275073785048263, 2.22628990320059, 2.224832547016633, 2.2241766642301513, 2.2229133123006575, 2.222212744370485, 2.2207904626161623, 2.2189644893010456, 2.218715157264318, 2.21750521782117, 2.216680817726331, 2.215062285080934, 2.213734745979309, 2.212792999927814, 2.2114461813217554, 2.2107836668307965, 2.209699411269946, 2.208251983080155, 2.2078291379488433, 2.2062548398971558], "test_loss": [2.2652907684326173, 2.240885775756836, 2.231476208496094, 2.22932619934082, 2.220911703491211, 2.215502099609375, 2.2198909637451174, 2.2045218719482422, 2.198383462524414, 2.197406640625, 2.1895734283447266, 2.191989221191406, 2.1980368774414063, 2.1807166534423827, 2.176606042480469, 2.1728237060546873, 2.1609507568359376, 2.1711709228515623, 2.156692074584961, 2.1582537048339843, 2.1638196075439455, 2.146040914916992, 2.1365649169921874, 2.117472134399414, 2.1358117279052733, 2.1443227325439453, 2.1092560455322267, 2.1212784057617187, 2.1094046478271484, 2.1258046112060547, 2.093806298828125, 2.1182465270996094, 2.112475424194336, 2.113580252075195, 2.106193878173828, 2.086802404785156, 2.1118764251708986, 2.096006790161133, 2.0782549407958983, 2.072995602416992, 2.0969333099365235, 2.0941782135009768, 2.088578756713867, 2.085830764770508, 2.0612248229980468, 2.0733332611083983, 2.0975376159667967, 2.0827604431152342, 2.069963848876953, 2.1025797912597657, 2.0894738861083986, 2.0925152282714845, 2.1058394989013673, 2.1051926361083986, 2.1027087310791015, 2.1056378326416016, 2.1124068145751953, 2.1198679260253908, 2.12383837890625, 2.125704898071289, 2.1267033966064455, 2.1326509979248045, 2.133818682861328, 2.1393307678222655, 2.141117462158203, 2.138110513305664, 2.1383206634521486, 2.145228305053711, 2.140679556274414, 2.139267004394531, 2.144640463256836, 2.150926303100586, 2.145508984375, 2.1524695404052734, 2.1578422821044922, 2.1647345306396484, 2.158704040527344, 2.1743263885498045, 2.170750799560547, 2.1717588745117187, 2.162075424194336, 2.1760422485351563, 2.169693844604492, 2.1792568603515625, 2.1795347412109374, 2.1807396942138673, 2.174045245361328, 2.170871890258789, 2.179527899169922, 2.173475289916992, 2.1807800079345703, 2.186970300292969, 2.1865312561035157, 2.185678591918945, 2.1897478546142577, 2.184488717651367, 2.1962605377197266, 2.1875482818603516, 2.189376708984375, 2.1902057556152346], "test_acc": [12.78, 26.1, 27.75, 24.45, 26.76, 31.08, 35.56, 34.33, 39.94, 39.45, 32.46, 20.27, 32.87, 47.61, 44.95, 43.98, 43.67, 38.53, 53.21, 48.67, 50.23, 51.06, 45.59, 54.65, 55.84, 54.79, 56.18, 55.37, 56.84, 52.15, 56.09, 55.94, 55.72, 54.68, 56.65, 56.81, 52.48, 56.2, 54.58, 55.85, 50.97, 51.34, 49.65, 50.61, 50.25, 49.2, 44.63, 44.71, 44.59, 40.14, 38.47, 37.18, 35.52, 34.98, 35.47, 34.65, 33.55, 32.85, 32.27, 32.02, 31.52, 31.2, 30.48, 30.32, 30.08, 29.99, 30.17, 29.54, 29.48, 29.32, 28.81, 28.3, 28.94, 28.32, 27.85, 27.16, 27.64, 26.47, 27.01, 26.43, 27.35, 26.23, 26.44, 25.93, 25.83, 25.75, 26.16, 26.64, 25.94, 26.36, 25.52, 25.28, 25.47, 25.35, 25.09, 25.69, 24.66, 25.47, 24.94, 25.15]}