{"train_loss": [2.0586658297440943, 1.9108227439415761, 1.8380720376968385, 1.7898599728559836, 1.760431219675602, 1.7375129195360037, 1.717191203435262, 1.702359672387441, 1.6907426066887685, 1.6781301639018915, 1.6657121328207163, 1.6579044308417883, 1.6477227730628772, 1.6400482568985377, 1.6326736716123729, 1.6228092768253424, 1.6173786172500024, 1.6126370494182294, 1.6044370342523624, 1.5964120672299311, 1.592344461954557, 1.584293721883725, 1.5802675617046846, 1.5733388060178513, 1.5666994391343532, 1.5609114481852604, 1.555980895115779, 1.5476838564261413, 1.5439437832587803, 1.537290358237731, 1.5334401457737654, 1.5257020134192247, 1.5225422061406648, 1.5139411308826545, 1.509072370101244, 1.5022202693499052, 1.49568491318287, 1.4915559282669655, 1.4838916998643141, 1.4778985139651177, 1.4718608162341973, 1.465252050375327, 1.4596013188362122, 1.4534335625477326, 1.446659195728791, 1.4400959595655785, 1.4345334361761044, 1.4264783749213585, 1.4201045824931218, 1.4120345494686029, 1.3698782902497513, 1.3499392857918373, 1.3428728125034235, 1.3363756155356383, 1.3315605762677314, 1.327108387152354, 1.3230455643091446, 1.3199100048114092, 1.3161199933443315, 1.3123753156417455, 1.3096492690917774, 1.3066261652188422, 1.3026874395517203, 1.2992723657534673, 1.2991438208482204, 1.2947934713119116, 1.2936821424044096, 1.2901865619879502, 1.2871327525530105, 1.2841280989157848, 1.280593603085249, 1.2791275290342479, 1.276436331944588, 1.2735367991985418, 1.271091544933808, 1.2687653144200643, 1.264952098711943, 1.2634556935383723, 1.2604182955546257, 1.258898673607753, 1.257400141006861, 1.2554319702661954, 1.2539095640182496, 1.249542825955611, 1.248184991799868, 1.245382289397411, 1.2427348378377083, 1.2404278709338261, 1.2390701996974456, 1.2377985761715815, 1.2352799131320074, 1.2325061318201898, 1.2306188815679306, 1.2278229095996955, 1.2272340789819376, 1.2241536748714936, 1.2228688646585513, 1.2210972886819107, 1.2191444537578484, 1.217010728823833], "test_loss": [1.4312429000854492, 1.2298255493164063, 1.0864334655761718, 1.0840742469787599, 1.0427414627075196, 1.004644199371338, 0.8977603218078614, 0.94620179977417, 0.8705738220214844, 0.8456998756408691, 0.876259920501709, 0.8054027946472168, 0.8569100341796875, 0.791352702331543, 0.7867988967895507, 0.8187453125, 0.7639742347717285, 0.7722119529724121, 0.7480178108215332, 0.7495900161743164, 0.7751439071655274, 0.7108215873718262, 0.7642997695922852, 0.7272651268005371, 0.756157674407959, 0.7213013031005859, 0.7252851486206054, 0.7464189308166503, 0.7582469581604004, 0.7544817375183106, 0.7620228347778321, 0.7581743377685547, 0.7567741249084473, 0.7552064140319824, 0.7404491333007812, 0.7406798362731933, 0.7914040916442872, 0.7420773368835449, 0.7624608947753906, 0.7716661140441895, 0.7540098831176758, 0.7579367782592773, 0.7840781532287597, 0.7588449676513672, 0.7961349945068359, 0.8084933067321778, 0.7676929557800293, 0.8653702354431152, 0.8004300659179687, 0.8049984466552734, 0.7950437065124512, 0.7909950889587403, 0.7961717224121094, 0.7933859718322754, 0.7970824829101563, 0.8049776077270507, 0.8123344436645508, 0.810605143737793, 0.8212148056030274, 0.8271446174621582, 0.816771329498291, 0.8002212661743164, 0.8204508567810058, 0.8399530471801758, 0.8269003913879395, 0.8426983917236328, 0.8502420463562012, 0.8403357894897461, 0.8509834442138672, 0.8331500816345215, 0.8168411293029785, 0.8430685623168945, 0.8655247222900391, 0.8652770866394043, 0.8506926155090332, 0.8851328239440918, 0.8560218338012695, 0.8631052429199219, 0.8556444236755371, 0.8663535186767578, 0.8805803901672363, 0.8819760948181152, 0.8741765235900879, 0.857117797088623, 0.8681274871826172, 0.8820509979248047, 0.8773340896606445, 0.8629272071838379, 0.8630463127136231, 0.8678687881469727, 0.8744629234313965, 0.8681597190856933, 0.8751163124084472, 0.8769738487243652, 0.8634276268005371, 0.8661018180847168, 0.9046151016235352, 0.8651182167053223, 0.8768161727905274, 0.873027124786377], "test_acc": [55.12, 65.16, 72.52, 72.98, 76.04, 76.38, 81.35, 80.22, 81.4, 84.46, 81.16, 85.28, 84.07, 84.88, 86.38, 84.7, 87.28, 88.2, 87.62, 87.39, 86.68, 88.39, 86.43, 88.27, 86.59, 87.8, 87.87, 87.98, 87.38, 87.65, 87.39, 87.8, 87.21, 88.08, 86.98, 87.52, 86.67, 87.54, 86.64, 86.37, 86.64, 86.62, 86.28, 86.87, 85.62, 85.44, 86.31, 84.72, 85.1, 84.3, 85.75, 85.5, 85.15, 85.06, 85.16, 84.56, 84.17, 84.32, 84.0, 83.66, 83.88, 84.15, 83.58, 83.0, 83.12, 82.58, 82.27, 82.43, 82.1, 82.27, 82.95, 82.35, 81.65, 81.59, 81.99, 81.13, 81.48, 81.52, 81.47, 81.04, 80.93, 80.53, 81.03, 81.34, 81.01, 80.34, 80.16, 81.01, 81.23, 80.73, 80.41, 80.65, 80.45, 80.28, 80.85, 80.55, 79.49, 80.58, 80.11, 80.18]}