{"train_loss": [2.3189415937814957, 2.3034681558609007, 2.3007904431758783, 2.2987616777420046, 2.29418130899087, 2.2941499832348944, 2.2910005453305367, 2.2894587681843683, 2.288991579031333, 2.287707561101669, 2.284632082474537, 2.283010565317594, 2.282331670858921, 2.2799962288294084, 2.2779932926862667, 2.2763854460838515, 2.274878720136789, 2.2725750855910474, 2.2720990480520786, 2.2688813441838973, 2.2675763545892176, 2.2651729724346064, 2.2634979517031937, 2.261461209639525, 2.25959301056006, 2.256745903308575, 2.2541120113470616, 2.2529109264031435, 2.2502300574229315, 2.2468376850470517, 2.243928557787186, 2.2404155077078403, 2.2363107424515944, 2.233266903803899, 2.2278690717159173, 2.2221647219780163, 2.217586293587318, 2.211040985889924, 2.2057481796313554, 2.1979356343929584, 2.1904411028593014, 2.1786167175341875, 2.1697880372022973, 2.159059574053838, 2.1463934935056246, 2.1328644526310456, 2.1167737444241843, 2.100219880923247, 2.082314184690133, 2.062514496460939, 1.9594184627899758, 1.9151316609138098, 1.9015837742732122, 1.8826086964362707, 1.8722219647505345, 1.8585524586530833, 1.8494066706070533, 1.8408370656844897, 1.8328629854397895, 1.8197718336031987, 1.8163116672100166, 1.8059915133011646, 1.7955547500879336, 1.7853330887280978, 1.7772688456070729, 1.7699907538218376, 1.759290658816313, 1.7530207875447394, 1.7453837205202152, 1.7373061085358643, 1.7223455630815947, 1.7202642874839977, 1.7092790872622758, 1.6972371654632763, 1.6954609812834325, 1.6818624215248303, 1.6744184631567736, 1.6660226812729468, 1.6569695157882496, 1.646292866498996, 1.6362416242941833, 1.6318409773019644, 1.6183633868510907, 1.612922860414554, 1.6030176025170546, 1.5963872246253186, 1.5838950340564435, 1.5756699754641605, 1.5646141666632432, 1.5608821419569163, 1.5496075156407478, 1.5424100252298207, 1.5320995450019836, 1.524799548356961, 1.5132857851493053, 1.5047209773308192, 1.4939517421600146, 1.487589456484868, 1.4786534547805785, 1.465152716025328], "test_loss": [2.1954893310546875, 2.1478090270996093, 2.1164602752685546, 2.092203073120117, 2.078294039916992, 2.0805863006591796, 2.0757205352783203, 2.0176965072631834, 2.017358041381836, 2.0393797485351564, 2.024589793395996, 1.9992625289916992, 1.995199055480957, 1.9715802047729492, 1.955395506286621, 1.947265155029297, 1.9217573471069336, 1.9542717483520509, 1.9151065490722656, 1.92335948638916, 1.9328098587036133, 1.890879689025879, 1.8595064590454102, 1.825678936767578, 1.8638549621582032, 1.8927093627929688, 1.829679440307617, 1.8434696243286133, 1.8350108276367187, 1.852435595703125, 1.797485418701172, 1.8463962463378907, 1.8444580505371093, 1.8499920684814453, 1.819415087890625, 1.8126157012939452, 1.8463725143432617, 1.8177642028808594, 1.8242226593017579, 1.769609928894043, 1.8492456008911133, 1.8653714126586913, 1.8359751342773438, 1.8549785552978515, 1.7902658248901366, 1.8488178588867188, 1.8552661590576172, 1.9040856201171874, 1.8792835540771484, 1.8955548431396485, 1.9689265731811523, 2.0233473678588867, 2.032607456970215, 2.079537648010254, 2.0621798110961915, 2.077274397277832, 2.087938961791992, 2.0967477233886718, 2.124092137145996, 2.1283977935791016, 2.1421680053710936, 2.158252517700195, 2.1547057662963867, 2.2002899765014647, 2.1960863952636718, 2.175253842163086, 2.18907410736084, 2.2306668716430664, 2.2150232879638674, 2.2118470703125, 2.270754571533203, 2.2419709396362304, 2.2555986419677736, 2.2893632110595705, 2.2881869506835937, 2.311217825317383, 2.28959345703125, 2.3259736236572266, 2.330110107421875, 2.3550792877197266, 2.3571240478515625, 2.370247848510742, 2.3673315704345703, 2.3944080291748047, 2.3734134735107424, 2.4201198333740233, 2.4201952728271485, 2.421724652099609, 2.433024560546875, 2.4073173065185545, 2.443125695800781, 2.490755517578125, 2.4776128997802735, 2.4809169891357423, 2.492583157348633, 2.480434255981445, 2.528759408569336, 2.553413052368164, 2.526581887817383, 2.528164096069336], "test_acc": [21.96, 21.12, 34.04, 39.23, 31.65, 33.97, 36.71, 42.23, 41.6, 37.46, 43.83, 45.04, 47.91, 49.81, 51.45, 50.17, 49.88, 45.74, 53.2, 52.87, 53.71, 54.57, 54.24, 56.78, 56.17, 55.93, 58.8, 56.59, 57.6, 56.2, 57.81, 55.68, 56.34, 53.58, 57.19, 54.79, 53.08, 55.57, 51.58, 54.64, 49.99, 46.96, 46.55, 46.24, 47.93, 44.86, 43.85, 40.13, 39.89, 39.9, 35.71, 33.03, 33.11, 31.44, 32.17, 31.44, 31.41, 31.16, 30.39, 30.57, 29.94, 29.14, 29.69, 28.84, 29.05, 29.38, 29.05, 28.18, 28.79, 28.73, 27.3, 28.21, 28.2, 27.65, 27.29, 27.23, 27.71, 27.34, 26.91, 26.42, 27.05, 25.8, 26.08, 26.14, 26.81, 25.08, 25.87, 25.8, 25.36, 26.14, 25.72, 24.68, 24.7, 25.28, 25.1, 25.78, 24.64, 24.45, 24.72, 25.29]}