{"train_loss": [2.3271070254154695, 2.3151301634617343, 2.3134526136593943, 2.311117101938297, 2.3107391632520233, 2.3090797167557935, 2.3099243286328437, 2.30987176161546, 2.307821328212053, 2.308465499755664, 2.3075139357493475, 2.3060731869477493, 2.3064113213465762, 2.3051454831392335, 2.3050621326153093, 2.304733723249191, 2.3043065664095757, 2.303961928685506, 2.3024921484482594, 2.3024095724790525, 2.30211664774479, 2.3016241098061587, 2.300791684175149, 2.300659150343675, 2.300653172761966, 2.2994397560755413, 2.2980794105774316, 2.298512568840614, 2.2976598201653897, 2.2968422785783424, 2.2957639639194194, 2.2951309259121233, 2.2947537819544475, 2.2940398338513495, 2.2923942608711045, 2.291557448949569, 2.290424329806597, 2.2896091057704044, 2.288151309429071, 2.287165557421171, 2.2849323786222016, 2.283061123505617, 2.280333222487034, 2.2789528651115223, 2.276100616577344, 2.272557835701184, 2.269734526903201, 2.2664671555543556, 2.260817348651397, 2.256392528460576, 2.2296409961504815, 2.2171993371767877, 2.2129588982997794, 2.206800770148253, 2.2025150500811064, 2.199826384202028, 2.1962529805990365, 2.19243390865815, 2.188540060703571, 2.1874586527164164, 2.1833528133539053, 2.17965521751306, 2.1758984266183314, 2.172523436179528, 2.168366500047537, 2.166053672325917, 2.160837672918271, 2.158074136880728, 2.154305274058611, 2.150070082224332, 2.1474900649144097, 2.144624047401624, 2.140508292271541, 2.1358612555723924, 2.131062640899267, 2.126902332672706, 2.122537155640431, 2.1175494680037867, 2.1140497118998796, 2.10962677185352, 2.106304645843995, 2.101919150658143, 2.0963917973713997, 2.0948264724169023, 2.085896810507163, 2.082093343979273, 2.076207693417867, 2.068039884628394, 2.0645514738865387, 2.0573602379896703, 2.054705822162139, 2.0507125096443373, 2.0467879763016334, 2.039174350408407, 2.0332306996369973, 2.0294840461168535, 2.0197669732264982, 2.016408628378159, 2.0072862313343927, 2.0044451169478585], "test_loss": [2.314057565307617, 2.2475459564208986, 2.2714119201660155, 2.2405447998046877, 2.2688525604248047, 2.265486248779297, 2.252942337036133, 2.242381509399414, 2.2451739227294922, 2.2451878509521483, 2.238843817138672, 2.220618713378906, 2.2555970550537108, 2.209127197265625, 2.2290662322998047, 2.2321672241210937, 2.2124115234375, 2.225311605834961, 2.2189682006835936, 2.2270527954101564, 2.2063177978515625, 2.2159590728759766, 2.218902630615234, 2.1987710998535155, 2.195408752441406, 2.222162609863281, 2.1984998260498045, 2.2059467559814454, 2.1861138580322264, 2.1873195373535155, 2.187915512084961, 2.188461376953125, 2.1868220520019532, 2.1867451934814452, 2.1779420776367187, 2.1678332916259766, 2.163983776855469, 2.1797277404785156, 2.144058218383789, 2.160161605834961, 2.178563751220703, 2.1586374359130858, 2.157958822631836, 2.143700634765625, 2.132850817871094, 2.1673499572753907, 2.1401622375488283, 2.1696453155517577, 2.175461505126953, 2.1571327789306642, 2.1599949645996093, 2.165132415771484, 2.18099075012207, 2.18353642578125, 2.185032388305664, 2.1796657623291016, 2.185866262817383, 2.1993123474121092, 2.1988291900634764, 2.206008575439453, 2.2078735290527343, 2.21502900390625, 2.221669955444336, 2.2259223052978516, 2.2335958892822267, 2.237070199584961, 2.239888363647461, 2.228791540527344, 2.2495636505126955, 2.251083190917969, 2.2569075561523437, 2.275689010620117, 2.2820086242675783, 2.273624951171875, 2.2806501342773435, 2.281079153442383, 2.3001660552978516, 2.298047720336914, 2.319028143310547, 2.318332287597656, 2.323881558227539, 2.312211389160156, 2.3475283081054688, 2.331020895385742, 2.340434017944336, 2.3452446533203126, 2.3390022094726564, 2.3606043914794923, 2.3572992736816407, 2.37346357421875, 2.377291033935547, 2.395399761962891, 2.388897625732422, 2.3997867401123045, 2.4081914428710935, 2.416190704345703, 2.417705978393555, 2.4364991485595704, 2.4310223052978515, 2.4581571716308592], "test_acc": [10.0, 18.72, 12.76, 11.77, 12.77, 16.21, 19.88, 20.81, 16.96, 16.4, 21.95, 26.86, 18.34, 25.84, 19.96, 16.66, 24.12, 25.23, 29.11, 26.86, 31.48, 27.98, 23.32, 29.14, 31.81, 31.12, 31.75, 29.17, 31.0, 32.94, 34.65, 27.73, 29.64, 33.38, 33.4, 32.1, 32.95, 29.62, 31.77, 33.24, 29.28, 32.19, 29.52, 30.8, 32.05, 26.16, 29.19, 26.88, 25.69, 26.2, 25.05, 24.4, 23.03, 22.88, 22.98, 22.8, 22.59, 22.24, 22.02, 21.91, 21.64, 21.52, 21.26, 20.98, 21.09, 20.59, 20.63, 21.01, 20.21, 20.16, 19.9, 19.4, 19.24, 19.33, 19.51, 19.4, 19.21, 19.05, 18.35, 18.69, 18.47, 19.3, 18.08, 18.51, 18.2, 18.22, 18.46, 18.21, 18.68, 18.04, 17.79, 17.94, 18.11, 17.96, 17.7, 17.61, 17.71, 17.59, 17.9, 17.29]}