{"train_loss": [2.3155327937541865, 2.308524456390968, 2.3070385676163894, 2.3065470927800886, 2.306486557691525, 2.3051841338475545, 2.3056534632658345, 2.3036718814800947, 2.3036428469877976, 2.3031288538223658, 2.302934721799997, 2.302409066298069, 2.301915255571023, 2.301977771367782, 2.301103274638836, 2.301027896465399, 2.300227194565993, 2.300352755571023, 2.2992237518995235, 2.299057335119981, 2.298465132713318, 2.2974729073353304, 2.297181311020484, 2.2969307031386936, 2.2961958548961543, 2.295886051349151, 2.294736447701087, 2.2939890317427807, 2.292878342897464, 2.2921563466389974, 2.2917095538897394, 2.2903033446042964, 2.2896907745263517, 2.2885414141875047, 2.2874750284048226, 2.286209371762398, 2.284651240324363, 2.2827177964724026, 2.2811362382693168, 2.279226363622225, 2.2777276075803314, 2.2752919404934615, 2.2724849364696404, 2.269450578322777, 2.266234655869313, 2.262976490534269, 2.258973504946782, 2.254645546888694, 2.249334178826748, 2.243661911670978, 2.2143007920338555, 2.200561559505952, 2.1947443026762743, 2.188980001058334, 2.1858375983360485, 2.181105476159316, 2.178857922554016, 2.1736567417780557, 2.170679572301033, 2.168184839762174, 2.1651528804730145, 2.160375609764686, 2.1569627847426975, 2.1533135004532644, 2.150612110358018, 2.1489092784050183, 2.1453628827364017, 2.1425002984511545, 2.138240947478857, 2.135110837373978, 2.132662326250321, 2.1280944219002356, 2.124864245072389, 2.1209096945249115, 2.1193968595602573, 2.112827091339307, 2.10949123333662, 2.105462633035122, 2.102646600894439, 2.099620789136642, 2.096449128175393, 2.093914939195682, 2.086987103560032, 2.085621114266224, 2.080090369322361, 2.077494764022338, 2.072381002780719, 2.0676600939188248, 2.0650318677608785, 2.0612194351660897, 2.057143038358444, 2.0538536790089728, 2.049499406875708, 2.045115260588817, 2.0402754682760973, 2.0365528601866503, 2.0309172501930823, 2.026436793192839, 2.023750502329606, 2.020243089015667], "test_loss": [2.243105404663086, 2.2453667663574217, 2.2091040313720702, 2.222336636352539, 2.2223564422607422, 2.2064991943359376, 2.1982761962890627, 2.2012495758056643, 2.2044491271972655, 2.1932414825439452, 2.1780436767578126, 2.1903159576416016, 2.1860641693115235, 2.1769659057617186, 2.1301577850341795, 2.1748811279296874, 2.155187951660156, 2.147460693359375, 2.144522897338867, 2.1278585144042967, 2.1497383056640627, 2.128962521362305, 2.128852551269531, 2.132285021972656, 2.1232170928955076, 2.1038846099853514, 2.1244397338867187, 2.1061414306640627, 2.120174868774414, 2.1077846649169922, 2.1202091522216797, 2.0807224304199217, 2.083284912109375, 2.076203204345703, 2.087792102050781, 2.0749755279541016, 2.0692201843261717, 2.047680535888672, 2.054036102294922, 2.048351312255859, 2.0542020141601562, 2.044792092895508, 2.0361064849853516, 2.080110858154297, 2.0348273513793944, 2.0389693954467774, 2.0546503768920896, 2.0726227966308595, 2.0684449432373047, 2.0454275909423827, 2.062381887817383, 2.0866661712646484, 2.1023848724365233, 2.0972491394042967, 2.104982176208496, 2.0997135787963868, 2.1127062591552734, 2.1135152267456054, 2.1197287353515626, 2.121110998535156, 2.135453225708008, 2.132494009399414, 2.1274303817749023, 2.1438787261962893, 2.1459568908691407, 2.1491871002197267, 2.152299008178711, 2.143980258178711, 2.1663911590576173, 2.1680198944091797, 2.1695688537597655, 2.1771295471191405, 2.189453857421875, 2.1727069610595704, 2.18267077331543, 2.1965592895507813, 2.195869284057617, 2.202427136230469, 2.2096388275146484, 2.2027799102783203, 2.215980029296875, 2.20964677734375, 2.2206596130371095, 2.214052096557617, 2.2275561614990234, 2.2362308502197266, 2.2420907653808593, 2.242793115234375, 2.2350689544677733, 2.256535070800781, 2.277216064453125, 2.2559005340576173, 2.276461682128906, 2.265389538574219, 2.268999749755859, 2.27396171875, 2.28414345703125, 2.285189144897461, 2.2809257080078127, 2.2920015075683593], "test_acc": [19.91, 13.53, 22.06, 19.38, 17.51, 24.1, 30.25, 27.71, 27.5, 28.74, 35.12, 31.78, 30.53, 25.54, 39.03, 41.21, 42.54, 34.42, 39.91, 43.28, 38.42, 45.31, 44.47, 43.37, 41.81, 44.08, 41.75, 46.88, 47.1, 46.33, 43.78, 45.97, 46.96, 44.49, 43.85, 45.09, 45.55, 44.92, 46.14, 44.25, 44.19, 43.87, 43.55, 39.2, 43.07, 42.38, 38.61, 34.88, 35.67, 35.7, 31.59, 29.74, 28.46, 28.6, 28.27, 28.21, 27.4, 27.28, 26.98, 26.55, 25.96, 26.37, 26.53, 25.59, 25.44, 25.19, 24.64, 25.54, 24.3, 24.13, 24.15, 23.86, 22.98, 24.15, 23.68, 22.95, 23.19, 23.19, 22.42, 23.09, 22.41, 22.75, 22.24, 22.68, 21.98, 21.64, 21.56, 21.52, 21.71, 21.06, 20.42, 21.05, 20.58, 21.14, 21.02, 20.99, 20.82, 20.67, 21.14, 20.54]}