{"train_loss": [2.307181240350772, 2.2919922241797814, 2.285144466620225, 2.2803984531989463, 2.2751019025460266, 2.2718316469437037, 2.2666466688498472, 2.2644113614008976, 2.260228556241745, 2.2572744546792447, 2.2524759971178496, 2.2503579763265757, 2.246566534653688, 2.2448020360408685, 2.24156423104115, 2.238031703997881, 2.235356506934533, 2.233445031826313, 2.2304048727720214, 2.226829880934495, 2.22362094108875, 2.220260058916532, 2.2172573933234583, 2.213299112442212, 2.210207081452394, 2.2065333299147776, 2.20421276703859, 2.1982587062395536, 2.1940457741419475, 2.1907933265734942, 2.184688549164014, 2.178534924066984, 2.171986109782488, 2.166062423510429, 2.159151479525444, 2.1497905547802265, 2.1420024511141653, 2.1300565689038007, 2.1197459208659635, 2.106445022729727, 2.0944074221146414, 2.0800362657278013, 2.0643337729649667, 2.0468060255050657, 2.028164678047865, 2.0074969805203953, 1.9865888690337157, 1.9625374904045692, 1.9334317308205824, 1.9107318765077836, 1.7759184883191035, 1.724037729165493, 1.7021578152974446, 1.6896588044288832, 1.6689551753875538, 1.6552630653748146, 1.648192958648388, 1.6357334806368902, 1.627817120613196, 1.6181047274516178, 1.6090593163783733, 1.5956900373483316, 1.585017693042755, 1.5764885859611706, 1.5692088255515466, 1.560397653701978, 1.5552632989027562, 1.542922049913651, 1.534518869412251, 1.526899707928682, 1.513686663676531, 1.5064140066122398, 1.4976438277806992, 1.4881277240239656, 1.4794166445732118, 1.473348266650469, 1.4624981329991267, 1.4522499998410543, 1.4434336949617435, 1.436656651741419, 1.426451569948441, 1.4176499054982112, 1.4099682055986844, 1.4067462260906514, 1.396121482971387, 1.3856603041673319, 1.3826241536018176, 1.3688428664818788, 1.3610954131835546, 1.3525242646535238, 1.3417023823811458, 1.3357420575924408, 1.3263208034711007, 1.3193987736335167, 1.3102316388717064, 1.3036610053135798, 1.291623874505361, 1.2858599439645424, 1.276658428937961, 1.2693467238010505], "test_loss": [2.054859605407715, 2.056062634277344, 2.0361256881713867, 1.9856165649414061, 1.9028284988403321, 1.890504475402832, 1.8596708877563477, 1.883765069580078, 1.839041845703125, 1.8175803359985352, 1.8462785522460938, 1.7434619720458984, 1.7831166610717772, 1.7695439025878905, 1.735742333984375, 1.7369143966674805, 1.7018619171142577, 1.7385236190795899, 1.683622169494629, 1.7096363098144531, 1.681540170288086, 1.680775389099121, 1.6876971115112305, 1.6345957489013672, 1.639646746826172, 1.6461364303588868, 1.6556713607788085, 1.6121104461669922, 1.6176109024047851, 1.6244552124023437, 1.5724409576416016, 1.5725125366210937, 1.6094330337524414, 1.5702876907348633, 1.5933585296630859, 1.5913239562988282, 1.63005048828125, 1.6433886962890625, 1.619200244140625, 1.699505094909668, 1.6177381607055663, 1.655234230041504, 1.6718769119262695, 1.6225561706542968, 1.7187923416137696, 1.7759285247802734, 1.7000633743286133, 1.7246380615234376, 1.7690301406860351, 1.6949754684448242, 1.8926778869628906, 1.9216586318969726, 1.9445230041503907, 1.9418386764526367, 2.0057030654907226, 2.0218284301757814, 2.06316912689209, 2.0397002624511718, 2.0372471145629882, 2.0597510314941405, 2.0819015899658204, 2.111331767272949, 2.0923256149291993, 2.114336781311035, 2.148027851867676, 2.110474118041992, 2.13374542388916, 2.164699136352539, 2.169671058654785, 2.1813678482055665, 2.2116536895751953, 2.1937508224487305, 2.205093035888672, 2.198565118408203, 2.253067532348633, 2.2370223220825194, 2.2556221618652343, 2.27099070892334, 2.2364302963256835, 2.274409910583496, 2.286500016784668, 2.3201237213134767, 2.2879425643920897, 2.293546257019043, 2.3033305725097657, 2.364429248046875, 2.3778662231445313, 2.340848713684082, 2.361449754333496, 2.4101069412231446, 2.393924119567871, 2.3751910736083985, 2.422744760131836, 2.3748084487915038, 2.39188786315918, 2.3951936264038087, 2.4195133819580077, 2.430778948974609, 2.4180831008911134, 2.461952801513672], "test_acc": [36.83, 37.24, 38.4, 34.69, 44.15, 48.66, 46.54, 52.1, 54.3, 53.06, 57.67, 58.37, 57.16, 59.96, 61.57, 61.0, 58.81, 63.44, 63.73, 63.69, 65.09, 64.77, 65.48, 65.5, 66.41, 66.86, 65.14, 66.14, 66.38, 66.31, 66.7, 66.43, 66.33, 67.09, 63.36, 63.07, 61.39, 58.12, 62.38, 56.71, 57.7, 56.86, 55.11, 54.95, 49.21, 47.94, 50.53, 48.87, 45.95, 48.67, 41.11, 39.98, 39.47, 39.95, 37.37, 37.12, 35.21, 36.8, 36.57, 36.77, 35.53, 34.62, 35.69, 35.11, 34.34, 35.49, 34.86, 34.21, 33.66, 33.45, 33.36, 34.15, 33.45, 34.0, 32.95, 33.48, 32.68, 32.45, 33.71, 32.25, 32.27, 31.52, 32.49, 31.92, 32.37, 30.13, 30.57, 31.53, 31.46, 30.1, 30.55, 31.09, 30.02, 31.63, 31.06, 31.32, 30.68, 30.5, 30.87, 30.41]}