{"train_loss": [2.2493067875886577, 2.2018922438988318, 2.1725810576707887, 2.14696744955503, 2.1300942145861113, 2.117289348749014, 2.1054879310803534, 2.096116096851153, 2.0871393701969048, 2.078101717508756, 2.071807084633754, 2.063722009842212, 2.05500590801239, 2.0507489727093624, 2.0433390531784448, 2.037162114412357, 2.0317821676914507, 2.025848803153405, 2.0200174472270866, 2.012119779219994, 2.007777296579801, 2.0023499415471004, 1.9953966226333226, 1.9891160576771467, 1.981492825043507, 1.97362762597891, 1.965512088017586, 1.9569434832303951, 1.9487870613733926, 1.938778774249248, 1.9274769728000347, 1.9174224523397592, 1.9066449250930395, 1.8929456933950766, 1.8834040250533666, 1.8672797169440831, 1.8520567163442954, 1.8350402899277516, 1.8206768812277379, 1.8048779524289644, 1.7904580822357765, 1.7698329408963522, 1.754165746921148, 1.735307419605744, 1.7144297468356597, 1.6953913493034167, 1.6768044337248191, 1.656162774257171, 1.6359256515136131, 1.617355245198959, 1.5017074340429062, 1.4622507511041103, 1.4470901599297157, 1.4351480798843579, 1.4218231115585718, 1.414710993338854, 1.405099334472265, 1.396866527887491, 1.3897886279301765, 1.384089815005278, 1.3763862163592608, 1.3696953822404911, 1.3632867648051334, 1.3537833748719632, 1.3490822923489105, 1.3439079471123525, 1.3388826981568949, 1.3346544788433956, 1.3273614755043617, 1.3227723063566745, 1.3160651891659467, 1.312168694459475, 1.307357929303096, 1.300828987207168, 1.2969488067504686, 1.290554648790604, 1.287169560102316, 1.279714209299821, 1.2741149278787467, 1.2723353141393416, 1.2661980671760364, 1.2620250173104115, 1.2590552201637855, 1.255035159526727, 1.247480106048095, 1.2442678943658487, 1.239244796985235, 1.2338562280703813, 1.2314651819375846, 1.2276544583149445, 1.2218878428141275, 1.2175222286811243, 1.2131115849201495, 1.208910850683848, 1.2067118430748964, 1.2031451809100615, 1.197597354497665, 1.192952129474053, 1.1922689217787523, 1.1863545744847028], "test_loss": [1.8340919570922851, 1.7370495223999023, 1.5880641342163087, 1.495447802734375, 1.5580615646362306, 1.4902741943359374, 1.4585570251464843, 1.3754182510375976, 1.4371032897949219, 1.359412107849121, 1.262516944885254, 1.339752491760254, 1.2690481704711913, 1.3037159103393554, 1.2574466232299806, 1.310818634033203, 1.261824363708496, 1.2499752105712891, 1.2485879653930665, 1.2482099060058593, 1.2426490005493165, 1.1682565383911132, 1.22408533782959, 1.1930638870239259, 1.1960814651489258, 1.2120657455444337, 1.1794284255981444, 1.1767065536499024, 1.197605583190918, 1.2085789093017578, 1.2402339767456054, 1.1994719024658202, 1.1850254684448243, 1.2157603134155273, 1.227041653442383, 1.2319277297973632, 1.249089956665039, 1.2725179031372071, 1.234353094482422, 1.3782700317382812, 1.2427171768188476, 1.3749543273925782, 1.2855089553833008, 1.3735288146972657, 1.364142057800293, 1.323251304626465, 1.4628403289794922, 1.4936431747436523, 1.371377931213379, 1.4603701431274414, 1.4718838806152343, 1.4907052490234376, 1.4881292404174804, 1.5163688049316406, 1.5406279037475585, 1.5413635620117188, 1.525622036743164, 1.565502017211914, 1.5569845458984375, 1.541862141418457, 1.5670189727783204, 1.580913363647461, 1.5731856979370118, 1.6261663787841796, 1.5665448608398438, 1.6102678512573243, 1.599883706665039, 1.6416612960815429, 1.6205060806274414, 1.6051257751464845, 1.6348372970581055, 1.6148509994506837, 1.6238698150634765, 1.635566714477539, 1.6297122619628905, 1.6311178802490234, 1.6256090377807617, 1.6871143844604493, 1.6755333770751952, 1.631727848815918, 1.6789109100341797, 1.665003059387207, 1.69559571685791, 1.6880558197021485, 1.6886943099975587, 1.7124011459350585, 1.686442706298828, 1.6917098358154297, 1.6711115005493165, 1.7039078918457031, 1.7093952713012694, 1.7012372940063476, 1.7214154235839845, 1.7551979202270507, 1.7254987319946289, 1.6907637283325194, 1.717374270629883, 1.7054002334594727, 1.7373614959716797, 1.6969379837036134], "test_acc": [40.86, 47.93, 58.17, 62.76, 62.55, 64.02, 63.78, 71.95, 69.26, 71.37, 74.95, 74.36, 76.38, 77.71, 77.18, 76.26, 77.53, 78.06, 77.32, 76.82, 77.98, 79.95, 76.44, 78.6, 79.41, 78.75, 78.22, 79.25, 77.58, 78.75, 76.91, 76.82, 77.18, 76.23, 75.25, 75.26, 73.99, 72.57, 72.91, 69.49, 72.16, 68.37, 69.53, 66.54, 67.42, 67.53, 62.66, 61.1, 64.42, 61.29, 59.91, 59.43, 59.0, 58.05, 56.75, 57.1, 57.57, 56.73, 56.32, 57.08, 55.83, 55.56, 55.95, 54.65, 56.11, 55.02, 55.08, 53.47, 54.24, 54.09, 53.37, 54.26, 53.85, 53.94, 53.95, 53.81, 53.73, 51.86, 52.32, 53.61, 52.5, 52.52, 51.37, 51.89, 51.95, 51.39, 51.74, 51.85, 52.88, 51.58, 51.69, 51.39, 51.19, 49.73, 50.91, 51.79, 51.3, 51.07, 50.37, 51.4]}