{"train_loss": [1.8329276873515203, 1.5836509230809335, 1.4778059195249509, 1.4092851323959155, 1.3714234633323474, 1.3383417994548112, 1.3130353600550921, 1.2913368723331353, 1.2728825957347185, 1.260919508872888, 1.2440663197101691, 1.2313685346872378, 1.219742985872122, 1.2116607742431835, 1.2029896329610776, 1.1916572607480562, 1.1856026945969997, 1.1763534341102992, 1.1709033672626201, 1.1632229832502512, 1.158213910078391, 1.1522539582007971, 1.1481820901234945, 1.14013885809825, 1.1357175674193944, 1.1303254020519746, 1.125796914100647, 1.1216519095958808, 1.1187013586362202, 1.113260951408973, 1.1107098886599907, 1.1049921035766601, 1.1021898521826818, 1.0998188847150558, 1.0968899936248095, 1.0968678917640295, 1.0928355877216045, 1.0877634895153534, 1.0871407615832793, 1.0843490675473824, 1.0789311396769987, 1.079850813975701, 1.0739767957956363, 1.0760306986478658, 1.0713320071880634, 1.06838762989411, 1.0666508997097994, 1.0647153389759554, 1.0643057986711844, 1.058109105244661, 1.0383944723850642, 1.030575818129075, 1.0266727858628981, 1.0246696253617604, 1.022983059974817, 1.0214637200037637, 1.019949561968828, 1.0190219266292377, 1.0170956388497965, 1.0161569630488372, 1.015364365088634, 1.0133510713393872, 1.0120581966180069, 1.0109984665344922, 1.0105938381109483, 1.0088793924221626, 1.0072731121992453, 1.0062170488712114, 1.0060453379765535, 1.0041169728988255, 1.004380651620718, 1.002005318647776, 1.001562357101685, 1.0005191405614218, 0.9990177186635825, 0.997788611589334, 0.9970906872015733, 0.9958671777676313, 0.9942399176267477, 0.99356697339278, 0.9926277215664203, 0.9920840348952856, 0.9909116654823988, 0.9903872256095593, 0.9896245557528276, 0.9884000675800519, 0.987395975070122, 0.985850316286087, 0.9854613340817965, 0.9842654744784037, 0.9833562121941493, 0.9823748970643068, 0.9815005727303334, 0.9803492902181088, 0.9801624377568563, 0.9787802240787409, 0.9781633514624376, 0.9774965086044409, 0.9768239320852817, 0.976127675252083], "test_loss": [1.3178268997192384, 0.9594374008178711, 0.855476123046875, 0.7995557266235351, 0.7302331199645996, 0.7090705039978027, 0.6608367225646973, 0.6608715465545655, 0.6385669830322266, 0.6502823043823243, 0.579618872833252, 0.5976097423553467, 0.5780462516784668, 0.5565500831604004, 0.5742143207550049, 0.5714215003967286, 0.5598071033477783, 0.5247602153778076, 0.5253346225738525, 0.5297108562469482, 0.5343050857543945, 0.5183087928771972, 0.4899589054107666, 0.5228391883850098, 0.5288001724243164, 0.5005386047363282, 0.5516755191802979, 0.49330073280334474, 0.5190956977844239, 0.5079100673675537, 0.5041328365325928, 0.5275431190490723, 0.5107448764801026, 0.5264260162353516, 0.507558597946167, 0.5161731121063232, 0.5172248805999756, 0.502251456451416, 0.49425438537597655, 0.5092930717468261, 0.5078388214111328, 0.511657767868042, 0.507903706741333, 0.5202335437774658, 0.5069246849060058, 0.5065645053863526, 0.5063760627746582, 0.5306607154846191, 0.49556508445739744, 0.4815451095581055, 0.4833177131652832, 0.48307294120788574, 0.4866778175354004, 0.49166838912963867, 0.4937066352844238, 0.49965952072143555, 0.5020173885345459, 0.49469575691223144, 0.4996128978729248, 0.49959809188842774, 0.5007603694915771, 0.4943404041290283, 0.5002932964324951, 0.5033927280426025, 0.4981672855377197, 0.5110609062194824, 0.511712279510498, 0.5059689529418945, 0.50667214012146, 0.5009789344787597, 0.5039827129364014, 0.5140918533325195, 0.5102377449035644, 0.514467102432251, 0.5001152435302735, 0.504743017578125, 0.5063006290435791, 0.503013667678833, 0.5016662925720214, 0.5095379901885986, 0.5132002731323242, 0.49331396484375, 0.5050286853790283, 0.5052753559112548, 0.5100108852386475, 0.5134227806091308, 0.523374641418457, 0.5035847064971923, 0.5087056777954102, 0.5048717742919921, 0.5069252014160156, 0.509707304763794, 0.5152840869903564, 0.5187696983337402, 0.5091162452697754, 0.5031020950317383, 0.5004004634857178, 0.5180917881011963, 0.5064741748809815, 0.5122066310882568], "test_acc": [55.47, 72.02, 77.99, 79.46, 81.51, 81.98, 83.78, 83.74, 85.94, 84.44, 87.45, 86.72, 87.38, 87.84, 87.78, 87.38, 88.74, 89.37, 88.79, 89.14, 89.1, 89.23, 90.14, 89.17, 89.42, 90.07, 87.93, 90.71, 89.93, 90.21, 90.18, 89.55, 90.35, 89.19, 90.39, 90.32, 90.12, 90.46, 90.89, 90.37, 90.06, 89.9, 90.4, 90.07, 90.51, 90.44, 90.23, 89.93, 90.59, 90.78, 91.67, 91.83, 91.81, 91.74, 91.75, 91.66, 91.59, 91.47, 91.39, 91.65, 91.59, 91.6, 91.45, 91.59, 91.53, 91.43, 91.21, 91.28, 91.29, 91.23, 91.31, 91.15, 91.14, 91.04, 91.27, 91.01, 91.04, 91.01, 91.17, 91.33, 90.91, 91.2, 91.04, 90.9, 91.13, 90.89, 90.7, 91.0, 90.93, 90.98, 91.1, 90.91, 90.71, 90.76, 90.68, 90.87, 90.92, 90.7, 90.93, 90.76]}