{"train_loss": [2.3173907518386843, 2.3089276008116895, 2.3071802554986416, 2.30704625753256, 2.3065819868674646, 2.3043285577725143, 2.3056443300002663, 2.3028872673328107, 2.3025835550748384, 2.3016746747188077, 2.301580037214817, 2.3007365581316828, 2.3006208444252993, 2.300285173685123, 2.299212898352207, 2.2990466790321546, 2.298035497543139, 2.297905404139788, 2.296538323011154, 2.296247608233721, 2.2956623162978733, 2.2944955275608945, 2.2940322888203157, 2.293475604057312, 2.292098538692181, 2.291971033658737, 2.2902084014354607, 2.289066434517885, 2.2875579986816796, 2.2865401854881875, 2.2859580969199156, 2.2839768678714067, 2.2827805537443893, 2.2806614759640818, 2.279137596105918, 2.2770297423387187, 2.275263443359962, 2.2720494117492285, 2.269891960804279, 2.266725766353118, 2.2638540585835774, 2.2602091184029214, 2.2561868545336603, 2.250084624534998, 2.245643742267902, 2.240202187269162, 2.23367367768899, 2.22594926846333, 2.218869508229769, 2.2078037243623, 2.1605234188911244, 2.1405411744729066, 2.1305117576550217, 2.123383491161542, 2.1173907194382107, 2.111042338151198, 2.1063200012231484, 2.099725069143833, 2.098045378159254, 2.0916511370585513, 2.087919235229492, 2.081200775427696, 2.0773058457252307, 2.0705775144772653, 2.067219689564827, 2.063212288954319, 2.057582528774555, 2.053138259740976, 2.047637495322105, 2.0429371069639157, 2.038924927283556, 2.0335017011715815, 2.028779797676282, 2.0247287245897145, 2.0184599369000167, 2.0134418597588173, 2.0076668586486424, 2.002866526444753, 1.9972302433771965, 1.9898614186507004, 1.9861651380856833, 1.9804737289746603, 1.9748572789705716, 1.9719314902256697, 1.963831477287488, 1.9596993593069223, 1.9542801095889164, 1.9484911209497697, 1.9423262348541848, 1.9374643087387085, 1.9309600429657179, 1.926406995149759, 1.9225901496716036, 1.913974075133984, 1.911287859464303, 1.9005597135959527, 1.8974856187135745, 1.892565825046637, 1.8858159704086108, 1.8808698907876626], "test_loss": [2.2421432342529295, 2.2292329864501954, 2.205233056640625, 2.205970431518555, 2.197603225708008, 2.195445492553711, 2.1800983184814453, 2.1835966247558596, 2.1821529327392577, 2.1783309143066405, 2.1450886596679686, 2.1749916900634765, 2.1655970764160157, 2.1532754791259765, 2.098961456298828, 2.142297360229492, 2.129723519897461, 2.1221647583007814, 2.1067413604736327, 2.1012124084472656, 2.1195697326660157, 2.106986785888672, 2.104168444824219, 2.101512384033203, 2.0876151641845704, 2.0762900421142576, 2.084864859008789, 2.0716134216308593, 2.090473190307617, 2.0780795104980467, 2.089767068481445, 2.043910513305664, 2.047371765136719, 2.0382982345581055, 2.0566453140258787, 2.0416522888183595, 2.0548359802246092, 2.0052626388549806, 2.013302798461914, 2.012540531921387, 2.0258912841796874, 2.0108148666381838, 2.0070127334594727, 2.0436068298339842, 2.018269064331055, 2.0335467330932615, 2.027064366149902, 2.0498944946289064, 2.029590190124512, 2.052209550476074, 2.0696104080200195, 2.0910558303833007, 2.114401692199707, 2.1012564392089845, 2.1170490814208986, 2.1249192794799803, 2.1355880310058595, 2.142485430908203, 2.1422178955078124, 2.157802490234375, 2.1594738403320313, 2.160330432128906, 2.161409783935547, 2.169892483520508, 2.173746194458008, 2.187375210571289, 2.1900584594726564, 2.191898509216309, 2.211010159301758, 2.2148291015625, 2.2196726318359374, 2.225255603027344, 2.242360647583008, 2.2297716247558594, 2.2506779418945313, 2.2659168212890624, 2.257175747680664, 2.2551784454345705, 2.280239828491211, 2.2674068908691405, 2.287441323852539, 2.278717526245117, 2.2835816040039063, 2.281292883300781, 2.3105381408691406, 2.3075028900146486, 2.31729453125, 2.3126020416259765, 2.2996652740478516, 2.3357397277832033, 2.354040270996094, 2.3523804473876955, 2.3435212707519533, 2.321132766723633, 2.3598956970214844, 2.371458953857422, 2.3713439178466795, 2.363381066894531, 2.382864520263672, 2.3797555908203125], "test_acc": [19.43, 15.33, 21.98, 23.01, 21.62, 22.3, 30.66, 32.75, 27.76, 22.05, 39.66, 30.25, 35.26, 33.43, 40.78, 42.26, 41.63, 39.98, 40.62, 44.2, 38.49, 45.72, 45.69, 44.26, 41.09, 44.25, 43.37, 45.05, 45.76, 43.58, 44.25, 46.72, 45.38, 44.35, 42.91, 44.56, 42.25, 45.21, 44.94, 43.37, 42.1, 41.69, 42.38, 37.36, 39.22, 37.36, 36.56, 32.8, 34.83, 31.19, 29.23, 27.53, 26.26, 26.78, 26.42, 25.59, 25.1, 24.92, 24.99, 24.53, 24.11, 24.44, 24.28, 24.31, 24.01, 23.45, 23.58, 23.65, 22.99, 22.48, 22.13, 22.29, 21.82, 22.74, 21.61, 21.22, 21.75, 21.89, 21.16, 21.96, 21.03, 21.72, 21.29, 21.9, 20.74, 20.88, 21.02, 20.89, 21.43, 20.53, 19.93, 19.94, 20.66, 21.2, 20.19, 20.0, 20.14, 20.03, 19.85, 20.26]}