{"train_loss": [2.2623556821774216, 2.2282308529584838, 2.210734678537418, 2.197995841808808, 2.189529062540103, 2.182210251612541, 2.176978694475614, 2.1719726709219125, 2.169265189537635, 2.1654668166087223, 2.1621379785048656, 2.1600335787504146, 2.157084540831737, 2.1552002619474364, 2.1533374364559466, 2.1510639533018456, 2.149022843898871, 2.1472762034489556, 2.1452534449406158, 2.1441697566937177, 2.1420575557610926, 2.140647630813794, 2.1393826649739194, 2.138002612040593, 2.135795688017821, 2.1341387504186384, 2.132969822639074, 2.1315321451578386, 2.129808463805761, 2.1288992527203683, 2.1265745664254214, 2.12506476182204, 2.1241238691867927, 2.1226457968736305, 2.1208532033822474, 2.1203124455916575, 2.118053846481519, 2.1167010826942247, 2.1158666353959306, 2.113987847474905, 2.1125183056562373, 2.111169705635462, 2.1093245628552557, 2.107895461106912, 2.1064261613748014, 2.10479625921983, 2.1031328182954057, 2.1022746721903482, 2.100040007860233, 2.0986197068141057, 2.087193792905563, 2.081494442621867, 2.079553145017379, 2.077238491865305, 2.0758739098524437, 2.0748100005663357, 2.0736147868327603, 2.072306884863438, 2.071854665951851, 2.0702307022534883, 2.0689888183887186, 2.068258549616887, 2.0671440381270187, 2.0664857234710303, 2.065847560075613, 2.0649020415086015, 2.063789003323286, 2.0625847052305173, 2.0620560908928898, 2.061471312473982, 2.0607100841326593, 2.0594666462678175, 2.0590394154573097, 2.0577958351526506, 2.05714712815407, 2.056566405907655, 2.0556678417401435, 2.0549590593729263, 2.054410851918734, 2.0538464368918, 2.0527672241895627, 2.0520835540233513, 2.0514503185565656, 2.050819342564314, 2.049823335500864, 2.049338564505944, 2.0486348879642975, 2.048253225057553, 2.047370552405333, 2.046591447561215, 2.0462735909682053, 2.0452823486083593, 2.044750118866945, 2.0437518841181044, 2.043646012208401, 2.042456066302764, 2.0422353402162208, 2.0413704004043187, 2.04067392654908, 2.0404267500608397], "test_loss": [1.8199251556396485, 1.6824852279663085, 1.5806932403564453, 1.5281078796386718, 1.4883145111083984, 1.4759797912597656, 1.476405209350586, 1.4688708084106445, 1.4317802307128906, 1.436055110168457, 1.3891938720703125, 1.437810647583008, 1.4180319396972656, 1.3685257446289063, 1.3621161407470703, 1.3779158126831055, 1.321600161743164, 1.331365673828125, 1.3705429214477538, 1.3517800247192382, 1.3235102066040039, 1.3304707565307616, 1.3386545639038085, 1.3408578155517579, 1.3319949584960937, 1.3071597946166993, 1.2976631057739259, 1.336761083984375, 1.3207847045898438, 1.2998242889404297, 1.3233451446533202, 1.3174293655395508, 1.3442555938720704, 1.296704913330078, 1.3235462951660155, 1.3310959350585938, 1.32208076171875, 1.3160943481445313, 1.3636878219604491, 1.2964933258056641, 1.3024556884765626, 1.3309590316772462, 1.285321209716797, 1.307576268005371, 1.3488618438720703, 1.3478926025390625, 1.359747525024414, 1.3342245178222656, 1.3525738403320313, 1.3502881866455079, 1.3405481521606446, 1.343025700378418, 1.3399787872314453, 1.3474963073730468, 1.3678173416137696, 1.3478962036132813, 1.357071714782715, 1.34200369720459, 1.3603327819824218, 1.3724500045776367, 1.3734426696777344, 1.38474061126709, 1.3658248703002929, 1.3710283905029297, 1.375493003845215, 1.3824049102783202, 1.394271240234375, 1.3704161956787109, 1.3828147048950195, 1.3984461227416993, 1.380063410949707, 1.3742212615966798, 1.3967174713134765, 1.414038232421875, 1.4109451461791993, 1.4020079803466796, 1.3915490020751953, 1.3981852661132812, 1.4044347351074218, 1.406423306274414, 1.4021275650024414, 1.3919551071166991, 1.3846794540405274, 1.4126282470703124, 1.3902437377929688, 1.408242398071289, 1.412628694152832, 1.4071163726806641, 1.4169472869873048, 1.4163104537963866, 1.4129409286499024, 1.4163964859008789, 1.4079635040283203, 1.4131340209960936, 1.415299919128418, 1.4049940673828125, 1.4082622283935546, 1.4324601440429687, 1.4274830749511718, 1.4144580139160157], "test_acc": [52.22, 60.61, 67.85, 73.88, 77.1, 76.93, 78.82, 78.29, 81.38, 80.96, 82.83, 81.43, 81.97, 84.1, 83.81, 84.69, 85.47, 85.64, 84.1, 85.17, 85.93, 86.21, 85.71, 87.06, 87.62, 87.77, 87.22, 86.46, 85.44, 87.39, 86.78, 87.78, 86.92, 87.94, 85.77, 86.42, 86.48, 86.87, 84.77, 86.94, 86.66, 86.49, 85.89, 86.37, 84.9, 84.65, 84.29, 84.57, 83.92, 84.01, 83.94, 83.3, 83.17, 82.6, 81.8, 82.33, 81.28, 82.19, 80.83, 80.5, 80.28, 79.57, 80.56, 80.06, 79.77, 79.16, 78.77, 79.39, 78.87, 78.02, 78.68, 78.78, 77.9, 76.86, 76.81, 77.31, 77.49, 77.47, 76.89, 76.91, 76.64, 77.41, 77.68, 76.54, 76.56, 75.81, 75.69, 76.18, 75.66, 75.51, 75.24, 75.28, 75.76, 75.7, 75.19, 75.92, 75.41, 74.51, 74.39, 75.38]}