{"train_loss": [2.177100033637805, 2.091543199465825, 2.0441119346863186, 2.0099434739504103, 1.984415600850032, 1.9615727711946536, 1.9398549183821068, 1.9280302283091424, 1.9114457252698067, 1.9012075408911093, 1.8911659775636136, 1.8805638340803292, 1.8724139485603724, 1.862113658281473, 1.8554307748109866, 1.8454849292070439, 1.8377546096459414, 1.8282467460020995, 1.8194339244793623, 1.8136250000733596, 1.8062661323791895, 1.8003933182129492, 1.7895797836474883, 1.780378319361271, 1.7712474080232474, 1.7621726378416405, 1.7526179610154569, 1.742275818800315, 1.7309724019123958, 1.721374322206546, 1.7079844392262973, 1.6946719881815788, 1.6813650629459282, 1.6685600137099241, 1.6518329235223623, 1.6374643989098379, 1.6246700271581993, 1.6036652341867104, 1.591482458053491, 1.5730351334963089, 1.5542103437276986, 1.538303002027365, 1.5168321811235868, 1.5014788737663856, 1.4794407095664586, 1.4613090288944734, 1.442162539714422, 1.4217105889931703, 1.4032179010220063, 1.3816176313620347, 1.2746168582867354, 1.233318494222103, 1.2175024329087674, 1.2045942300405257, 1.1915023336043724, 1.179741678176782, 1.1742352610979325, 1.164515838256249, 1.1563526202470829, 1.1485187897315392, 1.1461110307620122, 1.1389482296430147, 1.133242733661945, 1.1276713022818932, 1.1189369117602324, 1.1142654013939393, 1.1076092584010881, 1.1019092173148424, 1.0968225737412771, 1.0898572304309944, 1.086554666665884, 1.082525243056126, 1.0762921050573007, 1.071423485645881, 1.0673442946030542, 1.059283842643102, 1.054785807010455, 1.0489528828706496, 1.0454054977649296, 1.0416571302291675, 1.0361498649303729, 1.0312356661527584, 1.0270089131135207, 1.0266587289480062, 1.0225544296778166, 1.0128718635974787, 1.0116432165488218, 1.0051108488669762, 1.004804228972166, 1.0008480822428678, 0.9938147332423772, 0.9877949664225945, 0.9834985994375669, 0.9843105410918211, 0.9808779968665197, 0.9762215446203183, 0.9731932496413206, 0.969649487733841, 0.9673141343471331, 0.9625130532643734], "test_loss": [1.613284425354004, 1.5098960021972656, 1.423396322631836, 1.3178125289916993, 1.218211622619629, 1.1938139022827148, 1.2068966079711914, 1.1589845626831055, 1.147755778503418, 1.1517056976318358, 1.095483381652832, 1.108765615081787, 1.0761668647766114, 1.0082537490844727, 1.0547324249267578, 1.0582462120056153, 0.9862983596801758, 1.0242983795166016, 1.023889309692383, 1.0227696647644042, 1.000044204711914, 0.9726275611877442, 0.9902877006530761, 0.9521641426086426, 1.0404123672485353, 1.0034129356384278, 0.9923697639465332, 0.9890193222045899, 1.0316976371765136, 1.0060749778747557, 0.9686834716796875, 0.9960819770812989, 1.0425592796325684, 1.0273300811767578, 0.9786572570800781, 0.9966341117858887, 1.0259616722106935, 1.1122028900146483, 1.0582937759399413, 1.0524369842529298, 1.0733859085083008, 1.0817361167907715, 1.0835116310119628, 1.0978835983276367, 1.1999091506958008, 1.1446243011474608, 1.2131078483581543, 1.1607723030090331, 1.1398962158203125, 1.1548541007995605, 1.198868952178955, 1.2203375038146973, 1.2369983848571777, 1.2376047256469727, 1.2367603218078613, 1.2349252655029297, 1.2838213973999024, 1.2705398544311524, 1.3039675628662108, 1.2700893783569336, 1.339512060546875, 1.2920011001586913, 1.2929431259155273, 1.296094351196289, 1.3196526550292969, 1.338008837890625, 1.333120443725586, 1.3351869522094726, 1.3453273529052734, 1.3487024612426757, 1.3243376831054687, 1.3279767349243163, 1.3139702178955077, 1.3624384506225586, 1.345157293701172, 1.3697259841918945, 1.3807777633666993, 1.3832571212768554, 1.3543591217041016, 1.371729183959961, 1.395494773864746, 1.3589872482299805, 1.408977491760254, 1.4359329513549806, 1.3905514556884766, 1.4399324645996094, 1.3802000289916991, 1.375588653564453, 1.4049665588378906, 1.3815830368041992, 1.4113066711425781, 1.4128181915283202, 1.4302829147338867, 1.4461047729492187, 1.3849868743896485, 1.4024203048706054, 1.3904555725097656, 1.433153355407715, 1.4443735794067383, 1.3944897628784179], "test_acc": [48.08, 54.28, 61.76, 66.79, 71.79, 72.87, 71.74, 75.5, 75.97, 77.65, 77.81, 81.29, 79.97, 81.96, 80.19, 79.8, 83.02, 83.1, 80.42, 82.38, 82.58, 83.52, 81.37, 83.17, 79.69, 83.12, 83.08, 82.63, 80.06, 81.07, 82.03, 80.8, 79.28, 80.33, 79.51, 78.99, 79.3, 76.89, 78.0, 77.1, 76.87, 76.41, 75.8, 74.3, 71.64, 73.33, 70.03, 71.02, 72.42, 71.3, 68.77, 67.86, 67.3, 66.99, 67.34, 66.87, 65.41, 65.83, 64.51, 66.06, 63.41, 65.1, 65.18, 64.42, 64.14, 63.41, 63.39, 63.06, 63.07, 62.85, 63.81, 63.71, 63.95, 62.36, 63.12, 61.94, 61.79, 61.48, 62.62, 61.69, 61.52, 62.38, 60.71, 59.84, 61.35, 59.51, 61.92, 61.73, 60.69, 61.41, 60.64, 60.55, 60.06, 59.26, 61.43, 60.33, 60.95, 59.75, 59.5, 61.12]}