{"train_loss": [2.319391603958912, 2.3094718982011844, 2.3073166749416254, 2.3071315948779767, 2.306437990604303, 2.303317832946777, 2.304982848656483, 2.3019412187429573, 2.3014639334800915, 2.3004814019569984, 2.299845710167518, 2.299254034115718, 2.298278015087812, 2.298709259277735, 2.2966435450773974, 2.2967923457805925, 2.2956276007187673, 2.295069078910045, 2.2935566682081956, 2.292877372105916, 2.292502857477237, 2.2914653099500217, 2.290636428197225, 2.2903080506202502, 2.288955734326289, 2.2884447036645352, 2.2869555809558966, 2.2853234401116005, 2.2834701764277923, 2.2822822748086393, 2.28174648468311, 2.2792269291021885, 2.2780145541215555, 2.275658542681963, 2.274301919570336, 2.2711829595076733, 2.2684365144142737, 2.2650209646958572, 2.2629434909576025, 2.258444058589446, 2.2550543956267526, 2.250872295942062, 2.244646802926675, 2.2387806360538187, 2.2328333714069464, 2.225986339495732, 2.2180962758186538, 2.207625996760833, 2.1982006629308066, 2.186079713014456, 2.124749579796424, 2.1005444541955605, 2.0860428143770267, 2.0773167692697965, 2.0691042138979987, 2.0594802997051143, 2.0549304680946547, 2.04876790871987, 2.04333361020455, 2.0370376993448307, 2.0313138442161756, 2.024223188864879, 2.0168537830695126, 2.0083886950443954, 2.0042889983226093, 1.9983013645196572, 1.992676645058852, 1.986592887609433, 1.9815126354877766, 1.9721240382928116, 1.9644738359329028, 1.9597873400419186, 1.9536522953938216, 1.9481172170394505, 1.9397321425951444, 1.932393512970362, 1.9248404236940237, 1.9162310352692238, 1.911273782681196, 1.9057253339351752, 1.8975192186159966, 1.8904857733310798, 1.8849566123424433, 1.877306914023864, 1.8704070182947012, 1.860760720876547, 1.856200150343088, 1.8471915462078192, 1.840682321634048, 1.8362769178855114, 1.8273034899662703, 1.8151512836798644, 1.8095404524069565, 1.8004493010349762, 1.7936507173073597, 1.7872155773334013, 1.7797548385766837, 1.769220836345966, 1.7638387924585588, 1.7575400804861998], "test_loss": [2.2244932556152346, 2.216119512939453, 2.1897102172851564, 2.19335559387207, 2.1902541442871093, 2.1720763519287107, 2.171593753051758, 2.168472454833984, 2.165001385498047, 2.1620565002441405, 2.125415582275391, 2.154375994873047, 2.150725146484375, 2.1369136199951173, 2.0945006256103516, 2.1311598083496093, 2.1131809600830076, 2.0989333862304687, 2.082810256958008, 2.07423896484375, 2.1035998901367186, 2.0851829010009766, 2.0801498657226563, 2.089783590698242, 2.0615433013916014, 2.0515921432495117, 2.0573684020996095, 2.0358107192993162, 2.0589921813964844, 2.051559130859375, 2.0581941467285154, 2.0013675079345705, 2.019795393371582, 2.020585989379883, 2.004255392456055, 2.0147926651000976, 2.006504765319824, 1.9753685821533202, 1.983483059692383, 1.985454263305664, 1.9985584609985352, 1.9727983306884767, 1.9757151901245118, 1.9990052734375, 1.975820411682129, 1.9914873962402344, 1.9907049209594727, 2.0253682708740235, 2.0194566696166993, 2.0175416381835936, 2.047583143615723, 2.083306117248535, 2.1136432220458983, 2.102097541809082, 2.1259109466552735, 2.125513285827637, 2.1519173278808594, 2.1550820999145506, 2.1583783279418944, 2.171254963684082, 2.1791887451171874, 2.1740834350585936, 2.1839563385009764, 2.2059201934814454, 2.203193798828125, 2.2128482543945314, 2.230340237426758, 2.2083412124633788, 2.239579803466797, 2.254057974243164, 2.2588557739257813, 2.2665888946533204, 2.280876416015625, 2.2687793731689454, 2.298972085571289, 2.3102540283203123, 2.31470950012207, 2.318339602661133, 2.338504623413086, 2.323580276489258, 2.350937225341797, 2.346916357421875, 2.3622176696777344, 2.368863195800781, 2.360730975341797, 2.3764708984375, 2.408465240478516, 2.40440458984375, 2.392287869262695, 2.4213311004638673, 2.460705322265625, 2.4349642211914064, 2.4531109954833985, 2.439661846923828, 2.4526616943359376, 2.461798941040039, 2.47041142578125, 2.467529342651367, 2.4843230224609374, 2.492058444213867], "test_acc": [22.52, 15.84, 21.98, 24.56, 27.23, 22.85, 31.45, 28.05, 34.93, 22.15, 40.01, 33.75, 33.1, 35.35, 38.1, 42.56, 40.78, 43.55, 43.64, 44.55, 38.45, 46.1, 46.63, 42.08, 44.44, 43.14, 46.02, 45.63, 46.35, 46.41, 45.79, 46.83, 47.15, 45.85, 46.62, 45.04, 44.81, 45.92, 45.44, 42.61, 42.09, 44.5, 41.91, 39.98, 41.03, 38.44, 37.82, 34.0, 34.79, 32.53, 30.78, 28.19, 26.94, 28.15, 26.82, 26.76, 25.39, 26.11, 25.96, 25.0, 25.14, 25.24, 24.7, 24.39, 24.24, 23.89, 23.4, 24.82, 23.49, 22.86, 23.42, 22.8, 22.42, 23.07, 22.32, 22.06, 21.72, 21.76, 21.73, 22.31, 21.39, 21.82, 21.4, 21.51, 21.39, 21.48, 20.25, 20.88, 21.31, 20.45, 19.33, 20.4, 19.7, 20.63, 19.94, 20.32, 20.19, 20.05, 19.84, 19.71]}