{"train_loss": [2.234978258304107, 2.1838559058996347, 2.154273868829776, 2.1305723887223462, 2.111872391211681, 2.096688703390268, 2.0823143155146866, 2.072950482979799, 2.0638658829224417, 2.053297294714512, 2.0461748007016305, 2.039425399058904, 2.0320097379195383, 2.026348734818972, 2.020489978790283, 2.0142782599498066, 2.008552035307273, 2.004666243761014, 1.9964547374309638, 1.9917964394275958, 1.987802002674494, 1.9827296532117404, 1.9749915294158154, 1.9690384461329533, 1.9636775756493592, 1.95667283871235, 1.950192153453827, 1.9418981487934406, 1.9338814726242652, 1.9258558459770985, 1.9186341759486076, 1.9083554035578019, 1.8992810952357757, 1.889982586640578, 1.8790204879565118, 1.8678134673681015, 1.8569400509198506, 1.845933700219179, 1.8328662508573288, 1.8190896914555477, 1.8077858191270095, 1.7927927918923208, 1.7786912673558943, 1.7676727475264133, 1.751406005712656, 1.7356579303741455, 1.7217238093033815, 1.707025091159038, 1.693561917390579, 1.674685695538154, 1.5929727572661179, 1.5584153456565661, 1.5447018568332378, 1.5353175478103833, 1.525599870314965, 1.5185634350165342, 1.510492677260668, 1.5048636784920326, 1.4990848559599657, 1.4922482132911683, 1.4876755497394465, 1.48052477592077, 1.4751926963145916, 1.4707158220119965, 1.4679923638319359, 1.4618335347909195, 1.4578063460496755, 1.451547135756566, 1.4466668092287505, 1.4452116024799837, 1.4390341263550979, 1.4362659613291422, 1.4293229579925537, 1.4266146112711002, 1.4219380641594912, 1.4196568684700208, 1.412843408340063, 1.411198207659599, 1.403635257635361, 1.4007847584210908, 1.3971677767924773, 1.3943113284233288, 1.3896194491630947, 1.385993948349586, 1.3838090202747246, 1.3790821854884807, 1.375249259899824, 1.3722149479083525, 1.370231424845182, 1.3654751664552933, 1.3626644015312195, 1.3599582934990908, 1.357618396404462, 1.3518726199101179, 1.3503110745014288, 1.344628823414827, 1.3420381075296646, 1.3394693753658198, 1.334929976402185, 1.3351137674771822], "test_loss": [1.7511243682861328, 1.6874736923217772, 1.6085419036865234, 1.492629850769043, 1.464722053527832, 1.402294270324707, 1.3255520050048828, 1.3132684661865235, 1.3413984893798827, 1.273693881225586, 1.270898760986328, 1.2421857177734374, 1.1874173141479492, 1.2604152267456055, 1.2040590042114259, 1.192832325744629, 1.1367880661010743, 1.2142915252685547, 1.1765521286010743, 1.129167692565918, 1.1320459091186523, 1.132463932800293, 1.1584640075683594, 1.1348942184448243, 1.1128682235717773, 1.1324199584960937, 1.0866787628173828, 1.1196490768432616, 1.1307655685424804, 1.16311044921875, 1.1123442108154298, 1.1210799606323243, 1.174625659942627, 1.1453110778808593, 1.1644386642456055, 1.1335577529907226, 1.1683189254760742, 1.1926824615478515, 1.2035592834472657, 1.1837858047485352, 1.1779931655883789, 1.21635302734375, 1.2080862869262696, 1.2255385513305663, 1.2789215454101563, 1.3096729354858399, 1.2672011779785157, 1.2674828903198243, 1.3070839080810548, 1.3416055419921875, 1.3579735290527344, 1.3711074188232422, 1.353504444885254, 1.3667433166503906, 1.4239708862304687, 1.405976171875, 1.405019595336914, 1.3735698822021485, 1.4049712310791016, 1.4210178771972657, 1.4339828186035157, 1.4415139694213868, 1.4435780380249024, 1.4449123764038085, 1.432702786254883, 1.479489892578125, 1.4367365661621094, 1.476945684814453, 1.4855560470581055, 1.4753066848754883, 1.4437789367675782, 1.4646691635131837, 1.4589257446289063, 1.4941256637573241, 1.4991803161621093, 1.4840361083984375, 1.4997913314819336, 1.504454039001465, 1.5238922805786133, 1.4983742935180664, 1.496609231567383, 1.51163671875, 1.511295362854004, 1.5554358932495118, 1.5554387145996094, 1.5474792358398437, 1.5131508544921874, 1.4993428848266601, 1.5306902709960937, 1.4922873916625976, 1.5203559463500977, 1.5434582870483398, 1.5441705322265624, 1.5247040466308595, 1.5244685668945313, 1.5510479705810547, 1.5424551483154296, 1.553353317260742, 1.574400863647461, 1.5691455673217773], "test_acc": [43.39, 47.31, 53.26, 60.74, 65.91, 70.74, 73.05, 71.06, 73.83, 75.46, 75.34, 76.77, 78.18, 77.45, 78.1, 80.26, 81.03, 75.36, 80.82, 82.12, 82.2, 81.94, 82.59, 81.89, 81.94, 81.16, 82.72, 81.23, 80.07, 79.84, 80.93, 79.89, 79.65, 79.81, 77.91, 78.58, 77.9, 78.28, 76.3, 75.72, 76.68, 75.1, 74.1, 74.13, 71.49, 69.7, 70.34, 70.88, 69.22, 67.24, 66.04, 65.1, 65.34, 64.84, 62.78, 63.15, 62.94, 63.81, 62.69, 62.24, 61.68, 60.96, 61.16, 61.03, 61.32, 59.55, 61.04, 59.69, 58.78, 59.42, 60.66, 59.7, 60.13, 58.76, 58.59, 58.77, 58.42, 58.34, 57.32, 58.04, 58.67, 57.83, 57.62, 56.02, 56.19, 56.2, 57.55, 57.57, 56.89, 58.27, 57.04, 56.73, 56.41, 57.02, 56.86, 56.02, 56.46, 56.0, 55.22, 55.68]}