{"train_loss": [1.779930246181977, 1.5007570514312156, 1.377658090224633, 1.3005873044331868, 1.2549472643778874, 1.21605754616933, 1.18819071772771, 1.163066501953663, 1.141243038727687, 1.1235829680393903, 1.0999423072888301, 1.0877801730082586, 1.073948396780552, 1.0604989822094257, 1.0485474739319238, 1.0358367948960034, 1.0261221303389623, 1.012714300247339, 1.005526605172035, 0.9941582676691887, 0.9858128006641681, 0.9794696943882184, 0.9670863811786358, 0.9600803861251244, 0.9513169932059753, 0.9417412391075721, 0.9358270530517284, 0.9284599985831823, 0.918991817572178, 0.9144041104194446, 0.9082744997281295, 0.8962061010874235, 0.890368296397038, 0.8837822990539747, 0.8771077425051959, 0.8715184447092887, 0.8635135737749247, 0.8546267280211816, 0.8490819929501949, 0.8423610161512326, 0.8333948120092735, 0.8281638712455065, 0.820591603181301, 0.8144180108339358, 0.806237618586956, 0.7999993272316761, 0.7927091882779048, 0.7830235299391625, 0.7780924474581694, 0.7700677367357107, 0.7237125457861484, 0.7032288534519, 0.6948696055473426, 0.6920743943789066, 0.6868160625298818, 0.6814189606752151, 0.6772903657876528, 0.6744366665681203, 0.6735851809000357, 0.66959659411357, 0.6649641425181658, 0.6625276516645383, 0.6581940256632292, 0.6563681519948519, 0.6540891661093785, 0.650298876181627, 0.6488714085175441, 0.6455964219875825, 0.6429826196951743, 0.6404841971703065, 0.6379696627457937, 0.6367039588781503, 0.6335195743120634, 0.6319235055874556, 0.62839022171803, 0.6274303625791501, 0.6262145835619707, 0.6236911111917252, 0.6208813390670679, 0.6205610327231579, 0.6186813988746741, 0.6156084569600913, 0.613929635591996, 0.6116505301915682, 0.6109948083376273, 0.6082331506105569, 0.6070548581771361, 0.6048281003267337, 0.6042610579576247, 0.6026103412493681, 0.6018139762756152, 0.5997924884160359, 0.5987788894237616, 0.5968889225751925, 0.5954448255208823, 0.5943525942472311, 0.5933591671479054, 0.5915493298799563, 0.5907379576793084, 0.5903545161088307], "test_loss": [1.2100980575561524, 0.9587084571838379, 0.8395247673034668, 0.8056240203857422, 0.842105982208252, 0.6934721115112304, 0.7078324291229248, 0.7390387710571289, 0.6648025577545166, 0.5976201217651367, 0.5746760913848877, 0.562584712600708, 0.5569428371429443, 0.5349962966918945, 0.5517466102600098, 0.5129735977172851, 0.5185655776977539, 0.48540856246948244, 0.5083274608612061, 0.4798920970916748, 0.5506471069335938, 0.4620231105804443, 0.5063919414520264, 0.49609498863220214, 0.5092338088989258, 0.4751029567718506, 0.4842550483703613, 0.5024946125030517, 0.4916251014709473, 0.47494535484313966, 0.4884707099914551, 0.4782922691345215, 0.500185697555542, 0.4833011402130127, 0.5122164428710938, 0.46602563018798826, 0.49771795654296874, 0.47291909103393553, 0.5090983108520508, 0.5224459449768066, 0.51322679977417, 0.5731208545684815, 0.5143503715515136, 0.5615639266967773, 0.5118352725982666, 0.5246789581298829, 0.5454259502410889, 0.5569272827148437, 0.5281251224517822, 0.5590847160339355, 0.49965877456665037, 0.49948211517333985, 0.5000076965332031, 0.4907188404083252, 0.48900124588012694, 0.4913543930053711, 0.4911984176635742, 0.49342866554260256, 0.49403449172973635, 0.5014382610321045, 0.5010616157531739, 0.5019653610229492, 0.49351744995117186, 0.4982907238006592, 0.4955916648864746, 0.4989725036621094, 0.5195682083129883, 0.5085665012359619, 0.5064508472442627, 0.5061113712310791, 0.508835888671875, 0.4976753177642822, 0.5094500274658204, 0.5159970142364502, 0.49928583793640136, 0.5161348426818848, 0.5106838912963867, 0.5101057159423829, 0.50489560546875, 0.5056596897125244, 0.49965349197387693, 0.5006353065490723, 0.5112609283447266, 0.4996503890991211, 0.5099410102844238, 0.5022808681488037, 0.49935797843933105, 0.4914295024871826, 0.5096399318695068, 0.48842855072021485, 0.4952458515167236, 0.5079566619873047, 0.5065356472015381, 0.48727474899291995, 0.5050233047485352, 0.4897816558837891, 0.5100067630767823, 0.5153762069702148, 0.49867976150512694, 0.5048931922912597], "test_acc": [59.22, 70.07, 74.51, 76.58, 75.22, 80.65, 79.15, 79.83, 81.81, 85.0, 86.16, 86.23, 86.06, 86.88, 86.43, 86.92, 87.21, 88.47, 88.08, 88.39, 86.36, 88.8, 87.44, 88.78, 87.89, 89.24, 89.22, 88.99, 88.8, 89.09, 88.75, 89.3, 88.47, 89.02, 87.92, 89.21, 88.97, 89.13, 88.3, 88.0, 88.65, 86.83, 88.15, 86.92, 87.98, 87.95, 87.2, 87.57, 87.98, 86.81, 88.87, 88.61, 88.62, 88.67, 88.66, 88.63, 88.8, 88.67, 88.67, 88.37, 88.45, 88.31, 88.37, 88.28, 88.35, 88.3, 87.94, 87.97, 88.15, 88.01, 88.09, 88.22, 87.8, 87.65, 87.78, 87.61, 87.92, 87.88, 87.88, 87.88, 88.07, 87.84, 87.72, 88.12, 87.67, 87.78, 88.1, 87.92, 87.63, 88.04, 88.04, 87.76, 87.98, 88.15, 87.74, 88.22, 87.68, 87.4, 87.72, 87.78]}