{"train_loss": [2.286192966118837, 2.2596184137539987, 2.2463431413357076, 2.236200155967321, 2.2263123738460053, 2.2170357539103582, 2.2095238948479676, 2.2032633206783196, 2.196778589639908, 2.1908949943689198, 2.18701706299415, 2.1818506876627604, 2.1768899446878676, 2.1711750629620674, 2.1683767795562745, 2.163660265849187, 2.1589232420309994, 2.15550777667608, 2.150215313373468, 2.1470612104122457, 2.1423465857139, 2.1371573857772046, 2.1332828344442905, 2.129078704271561, 2.1235366478944435, 2.117492598753709, 2.1124374985694887, 2.1070050102013806, 2.098161741097768, 2.094597401985755, 2.085814116856991, 2.0770400997919913, 2.0679760654767354, 2.0583360311312555, 2.050185331931481, 2.0388679204842983, 2.026809541690044, 2.0133157815688696, 2.0001431171710675, 1.985096445144751, 1.9709267393136636, 1.9537474100406353, 1.9344620796350331, 1.9172223729965014, 1.8964576785381024, 1.8798858700654446, 1.8583147302652017, 1.8353220334419837, 1.8145448382084186, 1.7910199388479575, 1.6813967866775317, 1.6361018153337332, 1.614717293702639, 1.6051684208405324, 1.5947253169157567, 1.5837515393892925, 1.5731375987713154, 1.562522387198913, 1.558594112824171, 1.5466502828475757, 1.5412892702298286, 1.5331141080611792, 1.5263821980892083, 1.5211474968836858, 1.5150670705697475, 1.5045173522753594, 1.4998998822310032, 1.492961719708565, 1.489274562933506, 1.4800641622298802, 1.476237313869672, 1.4691816819019807, 1.4623067116126036, 1.4562973636847276, 1.4557726667477535, 1.4477520395547916, 1.4412379952577443, 1.4336180207056877, 1.428884973281469, 1.4186749797600966, 1.417587961600377, 1.4126723751043662, 1.402366304091918, 1.4037857477481548, 1.3914992824578896, 1.389990606980446, 1.3850427905718485, 1.3802054753670325, 1.372735185806568, 1.3701615770657858, 1.3611119988637093, 1.3563890588589205, 1.3524756342936786, 1.3476962752831287, 1.343409398580209, 1.336640968078222, 1.3335259183859214, 1.3297707316202996, 1.3244015586681854, 1.3192945627065806], "test_loss": [1.9989731872558594, 1.9136349411010742, 1.7882064224243164, 1.7241268157958984, 1.7745062805175782, 1.6734149658203126, 1.6672305465698243, 1.7013807144165038, 1.6155541076660156, 1.5995427612304687, 1.5969169906616212, 1.55125997467041, 1.5317180130004884, 1.4722856018066406, 1.4625777389526367, 1.4741107192993164, 1.4370046279907227, 1.4772739364624023, 1.401425762939453, 1.4445554794311524, 1.4625765533447266, 1.4600527145385742, 1.4188737838745118, 1.4336890213012696, 1.3737629440307617, 1.3370423034667969, 1.4037796539306642, 1.4264410217285157, 1.3605130508422851, 1.419676417541504, 1.3791858688354492, 1.4380064437866211, 1.3936970001220703, 1.3666551696777345, 1.4693411636352538, 1.3785757797241212, 1.3588147872924805, 1.4146319763183595, 1.423573988342285, 1.4172487899780273, 1.5205818405151368, 1.412333935546875, 1.4645905517578126, 1.5342937103271483, 1.524628694152832, 1.5248754669189453, 1.4989595260620117, 1.6481880584716797, 1.5545060836791993, 1.7091121124267579, 1.6507503280639648, 1.6605646209716798, 1.7016436569213866, 1.7097413864135742, 1.7215762145996094, 1.7027083892822266, 1.7359811264038085, 1.7679390823364258, 1.7606916442871094, 1.7856103439331055, 1.7502399963378907, 1.7942995635986327, 1.7706006622314454, 1.816533952331543, 1.8028331771850585, 1.780314926147461, 1.8328243240356445, 1.876490803527832, 1.8372829208374024, 1.8860385192871094, 1.8328889770507812, 1.8392215148925781, 1.8693914428710938, 1.8577655014038086, 1.8962689392089844, 1.865933026123047, 1.8904764739990234, 1.8747456008911132, 1.9021306762695311, 1.9010557723999024, 1.9147684188842773, 1.8974410934448243, 1.9042130844116212, 1.942279933166504, 1.9334159286499024, 1.9317538864135742, 1.9255676834106445, 1.9205682327270508, 1.988259280395508, 1.964157063293457, 1.9284223342895508, 1.9433128570556641, 1.9427839599609376, 1.9420727401733398, 1.9607184097290038, 1.9636089752197265, 1.9572206436157227, 1.9928829788208007, 1.986138604736328, 1.984208952331543], "test_acc": [37.47, 39.83, 51.49, 52.87, 54.84, 61.22, 59.92, 56.67, 64.87, 66.46, 66.38, 68.33, 70.93, 71.47, 73.51, 74.28, 73.67, 73.82, 72.03, 75.21, 74.24, 72.38, 74.99, 75.0, 75.44, 76.03, 75.1, 74.75, 75.83, 72.22, 72.93, 71.59, 72.88, 72.53, 69.32, 71.25, 70.8, 70.19, 69.77, 67.24, 64.57, 65.51, 64.25, 61.75, 60.6, 59.82, 60.07, 54.06, 57.43, 49.9, 52.35, 51.74, 49.65, 49.68, 48.66, 49.76, 48.21, 47.23, 47.59, 46.97, 47.97, 46.78, 47.6, 45.69, 46.07, 47.6, 45.29, 43.89, 45.52, 43.54, 45.4, 45.07, 44.37, 44.59, 43.74, 44.57, 43.89, 44.36, 43.74, 43.83, 43.51, 43.83, 43.44, 42.21, 42.85, 42.92, 43.19, 43.75, 41.86, 42.48, 43.41, 42.97, 42.93, 43.16, 42.38, 42.44, 42.92, 41.83, 41.93, 42.05]}