{"train_loss": [2.229611640710097, 2.168750353348561, 2.133659465190692, 2.1022959379049446, 2.0811794549990923, 2.065462392721421, 2.051527989522005, 2.0407209017337897, 2.0290747092320367, 2.0175518011435485, 2.009963124837631, 2.0000700938395966, 1.9906097995929228, 1.9841440971081072, 1.9755680148418133, 1.9674426693182725, 1.9604535870063, 1.9533507998173054, 1.9446198176114986, 1.9360493696652925, 1.9308194334690387, 1.9219677845637004, 1.9140899028533545, 1.9056614802433893, 1.896239230265984, 1.8870392450919518, 1.8768745850294064, 1.8647507667541503, 1.8528422493201036, 1.8415303963881273, 1.8274950302564181, 1.8115130167741043, 1.7991227782689607, 1.7805981043057564, 1.7665593535472186, 1.7436574095334763, 1.7279135459508652, 1.7059729915398818, 1.68504475966478, 1.6629981141823988, 1.6404574522605309, 1.6185279678075741, 1.5930162218900827, 1.5644043598419581, 1.5399020723807506, 1.5162396492102208, 1.4863812614709904, 1.459210650431804, 1.43222171098758, 1.4048412014276555, 1.2564877002667159, 1.1987634793306008, 1.1726644091117076, 1.1590654151561932, 1.1463749489723107, 1.1352193107971777, 1.1194318905854836, 1.1102234698258913, 1.1033624399931004, 1.091657154682355, 1.0805865651521926, 1.0748697569737067, 1.064934482024266, 1.0578147692558093, 1.0489740376289074, 1.0391827259308253, 1.0341079714970711, 1.0271141481705202, 1.0192917145215548, 1.0113875353947663, 1.0042715621300233, 0.997672018638024, 0.992763315867155, 0.9855201423168183, 0.9775971895609147, 0.9718530187240013, 0.9600064014777159, 0.959293542152796, 0.9513352293234605, 0.9447691651491018, 0.938464712485289, 0.9331491829493107, 0.9300554209794754, 0.9256459092482542, 0.9163654902042486, 0.9085558743048937, 0.9030881841977437, 0.8964637368153303, 0.8922020711959937, 0.8853946551298484, 0.8824290987772819, 0.8783487069301116, 0.8743146266692724, 0.8658996282479702, 0.863716602172607, 0.8590001847499457, 0.8512572823426663, 0.849915509040539, 0.8444765106225625, 0.8358518409423339], "test_loss": [1.787679214477539, 1.6814236129760742, 1.53118204498291, 1.427132162475586, 1.501056689453125, 1.4478092834472656, 1.3807963104248047, 1.3221037536621094, 1.3752873306274414, 1.2682512649536133, 1.1879211044311524, 1.2894933074951171, 1.2093834259033203, 1.2316502212524414, 1.1969193878173827, 1.272627003479004, 1.170400228881836, 1.1661891357421874, 1.145127911376953, 1.1753432189941406, 1.1909439880371093, 1.0799724807739257, 1.1699810165405273, 1.148054514312744, 1.114634853363037, 1.1317586975097655, 1.10765869140625, 1.1010116661071778, 1.1238819938659668, 1.1415677673339844, 1.1521030075073242, 1.1122050659179687, 1.1256946495056153, 1.1917718276977538, 1.1939085868835448, 1.2283703002929687, 1.1848477058410645, 1.2001634048461913, 1.1321985717773437, 1.2964724807739259, 1.206090071105957, 1.308671842956543, 1.244998764038086, 1.355530320739746, 1.3758349044799805, 1.3263129425048827, 1.448471418762207, 1.5067643829345703, 1.3255448471069335, 1.4233207427978516, 1.4875145477294922, 1.524299789428711, 1.5530847442626954, 1.553819985961914, 1.5874626953125, 1.6017069427490234, 1.5863842376708985, 1.6307500534057617, 1.6188640350341796, 1.6015477325439453, 1.6363529556274414, 1.6523427780151367, 1.6383915222167968, 1.6944156967163087, 1.641839338684082, 1.669340492248535, 1.6863057525634766, 1.7076878341674804, 1.7008455841064454, 1.6631309066772462, 1.6868532608032227, 1.7129268844604493, 1.714993502807617, 1.6980624114990235, 1.7419390701293946, 1.7320985397338866, 1.7461162643432617, 1.7367119338989259, 1.7660319839477538, 1.7503462951660156, 1.7486526809692382, 1.7606590576171874, 1.7976194061279296, 1.8024161193847656, 1.7985728546142579, 1.8504174407958984, 1.7991756072998046, 1.7869945709228516, 1.7712809066772461, 1.8028873840332031, 1.8159039505004884, 1.7817276947021485, 1.8275134765625, 1.8308317825317382, 1.8178519073486328, 1.8497778518676757, 1.8268038009643555, 1.8531419662475586, 1.8172074905395508, 1.8470623825073242], "test_acc": [43.77, 47.52, 57.05, 63.69, 61.01, 62.56, 65.86, 68.32, 68.04, 72.61, 75.13, 73.35, 75.85, 77.53, 75.59, 74.64, 77.44, 78.23, 78.22, 76.36, 76.52, 79.87, 76.21, 76.8, 78.91, 79.32, 77.99, 78.9, 77.11, 78.03, 77.67, 77.28, 76.37, 74.77, 73.28, 73.24, 73.77, 72.1, 73.79, 68.52, 71.04, 68.32, 68.49, 65.53, 64.45, 65.71, 61.03, 58.68, 64.48, 60.17, 58.35, 57.24, 56.12, 55.9, 55.12, 54.59, 55.21, 53.92, 54.06, 54.96, 53.91, 53.53, 53.77, 52.31, 53.81, 53.27, 52.48, 51.65, 52.28, 53.39, 52.8, 52.07, 51.93, 52.66, 51.42, 51.69, 51.38, 51.66, 50.82, 51.24, 51.71, 51.57, 50.53, 50.54, 50.55, 49.07, 50.65, 51.22, 51.31, 50.68, 50.31, 50.99, 49.83, 49.78, 50.6, 49.61, 50.08, 49.5, 50.58, 50.03]}