{"train_loss": [2.2709085024320164, 2.2431967900349545, 2.228496995339027, 2.217300136272724, 2.209045909001277, 2.2029841019557073, 2.1979975474186433, 2.194665565246191, 2.1907628340598864, 2.187674633661906, 2.1844559064278237, 2.181895087315486, 2.1793450612288257, 2.17764904376788, 2.175349884155469, 2.173022829569303, 2.171817420079158, 2.169778226583432, 2.1677429168652265, 2.166155223357372, 2.164075520099738, 2.1628107003676584, 2.1608530105688635, 2.1591098259656856, 2.157627959129138, 2.155503185590108, 2.1548200784585414, 2.152309544881185, 2.1508036289459618, 2.1486101492857324, 2.1474084248909584, 2.1457402559427114, 2.1437307180502474, 2.1416631075052113, 2.140246071570959, 2.138871121406555, 2.1366206163015122, 2.1348407806494296, 2.133559563832405, 2.1312705718553984, 2.1295894323251185, 2.127826918088473, 2.126331831858708, 2.124628834846692, 2.1228048856441792, 2.1201609324186275, 2.1181320862892346, 2.1166493464738894, 2.1147934638536894, 2.113152966132531, 2.0985588202109704, 2.0924480212040435, 2.0904679616292317, 2.088477039337158, 2.0866291461846767, 2.084911847114563, 2.083547496795654, 2.0821873823801678, 2.0810263040738226, 2.07985731393863, 2.078934954985594, 2.0774898027762387, 2.075855804101015, 2.0755307118097943, 2.0744737985806587, 2.073391290200062, 2.0725649051177197, 2.071731653580299, 2.070564357439677, 2.06974050448491, 2.068524323976957, 2.067738040899619, 2.067562687091338, 2.06635225491646, 2.0653536558151244, 2.0647878726323445, 2.0634004446176384, 2.0619052110574185, 2.0619728742501673, 2.061170711884132, 2.0602412229929215, 2.0596139168127987, 2.059015791232769, 2.0581649743593657, 2.0572691513941836, 2.056529993888659, 2.0557724304688283, 2.054913511643043, 2.054115607799628, 2.0537000509408805, 2.0530622500639697, 2.0525615093035574, 2.051630644920545, 2.050465131417299, 2.0501093460963324, 2.0498222124882233, 2.048602025936811, 2.047815457979838, 2.047353180249532, 2.046516434962933], "test_loss": [1.85831036529541, 1.7847685806274414, 1.7333990631103515, 1.5976788818359375, 1.6236839599609374, 1.5386491470336914, 1.5323555236816406, 1.4889884552001953, 1.4937421508789062, 1.4940779891967773, 1.4656825256347656, 1.4659708557128905, 1.4340805206298828, 1.4290407791137696, 1.4325080062866211, 1.4233866394042969, 1.4157313751220704, 1.3760717529296875, 1.4022261367797852, 1.4079336929321289, 1.4065941024780273, 1.3396487838745117, 1.362907748413086, 1.3762701873779297, 1.4325884384155274, 1.4000864318847657, 1.3861562698364258, 1.3884202499389648, 1.3767115600585937, 1.386988688659668, 1.3865757202148437, 1.3806589508056641, 1.369741275024414, 1.3529609985351563, 1.3929903793334961, 1.360249201965332, 1.4056780380249023, 1.3936528778076172, 1.4076987777709962, 1.350950486755371, 1.3898517486572266, 1.4151447647094726, 1.3904603057861329, 1.3781043914794922, 1.437564990234375, 1.4163342895507813, 1.4236281646728515, 1.4151400360107422, 1.3886308975219726, 1.4428152267456054, 1.4183811309814454, 1.4406921875, 1.4173238830566406, 1.4459513885498048, 1.4597531341552734, 1.4390233627319335, 1.4433328826904297, 1.4426435302734375, 1.4624934005737305, 1.4523932861328126, 1.4621994720458984, 1.4700192733764648, 1.4675188980102538, 1.4572857971191406, 1.4744098663330079, 1.469581478881836, 1.436875862121582, 1.4627804016113282, 1.481940786743164, 1.451192901611328, 1.4792070571899414, 1.4651861526489258, 1.492059341430664, 1.4844400100708008, 1.4911651672363282, 1.4872687362670898, 1.4812819137573243, 1.467075259399414, 1.4517741744995116, 1.4873811782836914, 1.4988956314086914, 1.4877459075927735, 1.4944220932006835, 1.477061734008789, 1.4835574584960938, 1.4815780471801758, 1.4957315765380859, 1.5045617782592773, 1.5241386978149414, 1.4775416305541993, 1.4984866714477538, 1.5060117599487304, 1.5003742080688476, 1.4898578521728516, 1.474010661315918, 1.4940304565429687, 1.4913074279785157, 1.508006510925293, 1.4904639297485351, 1.5071100204467773], "test_acc": [50.06, 59.15, 65.02, 69.66, 69.57, 76.58, 75.83, 80.18, 79.88, 81.55, 81.39, 80.76, 82.46, 84.56, 83.18, 83.68, 83.94, 85.79, 83.87, 85.81, 84.11, 86.7, 86.83, 85.76, 86.0, 84.1, 85.93, 84.97, 86.23, 85.39, 84.66, 84.62, 85.28, 85.66, 85.11, 85.73, 84.64, 85.14, 84.23, 85.03, 84.18, 83.07, 83.52, 83.53, 81.62, 81.57, 81.74, 81.44, 82.83, 80.4, 80.55, 79.1, 79.46, 78.5, 77.22, 77.81, 77.47, 77.27, 76.26, 76.69, 76.2, 75.39, 75.17, 75.5, 74.59, 74.65, 75.68, 74.35, 73.47, 74.7, 73.6, 73.82, 72.69, 72.81, 72.79, 72.66, 73.01, 73.3, 73.72, 72.4, 71.24, 71.93, 71.31, 72.46, 72.04, 72.32, 71.26, 70.87, 69.46, 71.84, 71.11, 70.55, 70.5, 70.96, 71.68, 70.71, 70.85, 69.78, 70.51, 69.68]}