{"train_loss": [1.7600716095704299, 1.474973383316627, 1.3569018085797628, 1.285073536175948, 1.2407924163035857, 1.202753284649971, 1.1773476677063184, 1.1523632663946886, 1.1325916398794222, 1.1165284291291848, 1.0999335249265034, 1.0869273790946374, 1.072487703194985, 1.0619799450421945, 1.053008218606313, 1.0428274712501429, 1.0353639922080895, 1.0248286641561068, 1.0155077656110127, 1.0095182583882258, 1.0031384192980253, 0.9962057888507843, 0.9916170685719221, 0.9829266509948633, 0.9760445749148344, 0.9690093486736983, 0.9675214039973724, 0.9593482015988766, 0.9553625143491304, 0.9522898635803125, 0.945387837672845, 0.9420705795288086, 0.939179426125991, 0.934914029103059, 0.9318237737203255, 0.9266027857095768, 0.925654820448313, 0.9209114734943097, 0.9194238350941585, 0.9136663316152035, 0.9094377520756843, 0.9092516562877557, 0.9028380447473281, 0.9028059575802241, 0.8969693948061038, 0.8943373605226859, 0.8948481156275823, 0.8902820911162939, 0.8854963409595, 0.8844625763404064, 0.86147461441847, 0.8502586308198098, 0.8451178705080962, 0.8424249675029364, 0.8405839623549045, 0.8379962855424636, 0.8370763978896997, 0.8347046803205441, 0.8332429902675824, 0.8319593912515885, 0.8297945568194756, 0.8286258851870513, 0.8273042088899857, 0.8257666363165929, 0.8249001405177973, 0.8231679334090306, 0.8220618055416987, 0.8201091372049771, 0.8193706112030225, 0.8179068119097979, 0.8167323489983876, 0.8152513250326499, 0.8136457324028015, 0.8128581239626957, 0.8117510575514574, 0.810279309291106, 0.8087631517495865, 0.8070353275690323, 0.806504317277517, 0.8059377677929707, 0.8042766416684175, 0.8029623953195718, 0.8018195561873607, 0.8010771726950621, 0.79966221619875, 0.7989060647976705, 0.7973327103333595, 0.7963691437855746, 0.7956233382225036, 0.7942988679959224, 0.793734951202686, 0.7919789172135867, 0.792080649962792, 0.7903749846495115, 0.7900813995263516, 0.7883185972005893, 0.7876536415173457, 0.7863290531513019, 0.7858382095129062, 0.7849561057029626], "test_loss": [1.4043537994384765, 0.892067049407959, 0.794917561340332, 0.8096035331726075, 0.6654810531616211, 0.6442255432128906, 0.6348452198028565, 0.5846867687225342, 0.6401692306518555, 0.6555609611511231, 0.5287576393127441, 0.5176813774108887, 0.5055111061096191, 0.5350825515747071, 0.5078776889801025, 0.544273104095459, 0.49896448516845704, 0.44936575355529784, 0.4573059551239014, 0.47830964622497557, 0.4607850559234619, 0.44841789741516114, 0.45965992851257326, 0.4609982021331787, 0.48479137420654295, 0.4637331523895264, 0.4830744327545166, 0.4466843479156494, 0.45124239959716794, 0.4477803440093994, 0.44961223831176755, 0.45267935218811034, 0.4668252109527588, 0.4564399299621582, 0.45720866050720216, 0.4559350227355957, 0.46378398323059083, 0.46360832176208494, 0.45226180419921874, 0.46038870391845704, 0.4474391014099121, 0.434724499130249, 0.43960915298461917, 0.470450887298584, 0.4525630142211914, 0.4695609889984131, 0.45677682456970214, 0.4640364719390869, 0.4579291305541992, 0.44031265716552737, 0.42925629920959474, 0.4274070140838623, 0.4309053318023682, 0.43485574913024905, 0.4329757514953613, 0.4402043792724609, 0.4406350440979004, 0.43443104553222656, 0.43843190574645996, 0.4389944728851318, 0.44211914443969724, 0.44159739837646483, 0.4396642364501953, 0.4439662582397461, 0.44578990898132326, 0.4511019569396973, 0.45154954147338866, 0.45652106513977053, 0.44699421577453613, 0.44099886932373045, 0.44195793228149416, 0.4515063362121582, 0.4547615161895752, 0.45260000228881836, 0.44786266860961915, 0.4477504577636719, 0.44751117134094237, 0.4506680061340332, 0.4498257205963135, 0.45065506019592283, 0.45162079162597657, 0.4367388614654541, 0.45046658363342285, 0.44879422721862794, 0.44594706573486326, 0.4496645622253418, 0.44890277099609377, 0.45250947189331053, 0.4569620594024658, 0.44783507385253907, 0.4497023693084717, 0.4527067165374756, 0.4518566795349121, 0.4496111930847168, 0.45064488563537597, 0.4451310764312744, 0.4458352447509766, 0.4519095226287842, 0.4436339515686035, 0.4492983470916748], "test_acc": [52.25, 73.13, 78.28, 76.1, 81.79, 82.87, 83.03, 84.81, 83.29, 82.05, 87.07, 87.83, 87.95, 87.11, 88.54, 86.97, 88.85, 89.91, 89.99, 88.99, 89.6, 89.8, 89.47, 89.33, 88.93, 89.76, 89.06, 90.41, 90.3, 90.74, 90.38, 90.69, 90.04, 90.1, 90.3, 90.73, 89.93, 90.47, 90.47, 90.21, 90.61, 90.52, 91.26, 89.93, 90.46, 89.99, 90.38, 90.82, 90.18, 90.46, 91.65, 91.78, 91.56, 91.69, 91.71, 91.67, 91.48, 91.72, 91.71, 91.61, 91.43, 91.43, 91.65, 91.35, 91.35, 91.34, 91.69, 91.21, 91.28, 91.3, 91.37, 91.36, 91.19, 91.2, 91.27, 91.17, 91.3, 91.05, 91.17, 91.11, 91.06, 91.28, 91.03, 91.02, 91.19, 90.93, 90.91, 91.02, 90.76, 91.01, 90.92, 90.8, 90.98, 91.0, 90.8, 90.95, 90.97, 90.81, 90.91, 90.84]}