{"train_loss": [2.2085820179719193, 2.1428398768107098, 2.1102357833813397, 2.089034008979797, 2.075476167140863, 2.0646705960616085, 2.0548242844068088, 2.048087881772946, 2.042646248524006, 2.0363497455914814, 2.0315619642917926, 2.0277132284946933, 2.023089796457535, 2.019888604298616, 2.016821856682117, 2.01260216266681, 2.0099110358800645, 2.0073791372470366, 2.003794914025527, 2.001484199670645, 1.9986928997895657, 1.9959752914233087, 1.9947152067453433, 1.991837523228083, 1.9891385808969155, 1.9868022292088239, 1.9851736936813746, 1.982676899738801, 1.9798967245297554, 1.977794280113318, 1.976405824147738, 1.9744605541229248, 1.9722106297810873, 1.9702993933971111, 1.9690257304754013, 1.9662889070999927, 1.9644273669291765, 1.9617475041976342, 1.9607512574929458, 1.9583578180044126, 1.9565925512558375, 1.9542160309278047, 1.9525585296826484, 1.9511711713595268, 1.9487984003164829, 1.9465532516821837, 1.944593720864027, 1.9430504811115754, 1.9411103147726791, 1.9387492650594467, 1.92349986632665, 1.9168743949670057, 1.9143472430033561, 1.912127594764416, 1.9103494726694548, 1.9083460199527251, 1.9068502646226149, 1.9058833501277825, 1.904144243399302, 1.9031260793025677, 1.9015924881666135, 1.9007448092485086, 1.8991320503063691, 1.8979230492542951, 1.8967771747173408, 1.8959891248971987, 1.894688209509238, 1.89432285290498, 1.8928792070119809, 1.8910906810026902, 1.8901818944857671, 1.889105800481943, 1.8880148484156682, 1.8870171699768459, 1.8859811593324711, 1.8844753115605086, 1.8836306516940777, 1.8829998548214253, 1.882001404578869, 1.8813719492692214, 1.8796108887745784, 1.8790193832837618, 1.8782763212155074, 1.8770132721998753, 1.876487619143266, 1.8748030433287988, 1.8743155644490168, 1.8729117796971249, 1.8721479061322335, 1.8717028504762894, 1.869997438100668, 1.8692666588685452, 1.8684983354348403, 1.8677500400787745, 1.8671971284426176, 1.8653341488960462, 1.8644722687892425, 1.8643937514378475, 1.8627926190694173, 1.8625213506894234], "test_loss": [1.6319242446899414, 1.5124279113769532, 1.4042653427124023, 1.4186443969726563, 1.2881038986206055, 1.2518179244995118, 1.215670394897461, 1.2754384323120118, 1.1679910919189453, 1.1717809783935547, 1.132364338684082, 1.0945865341186523, 1.1671161056518555, 1.1367140655517578, 1.1117178817749023, 1.1333682998657226, 1.1096628387451173, 1.1356655532836915, 1.111411508178711, 1.0988125717163086, 1.1033966659545897, 1.0430599647521972, 1.0998584381103516, 1.0762860557556153, 1.0985430519104005, 1.0663532279968262, 1.0583777481079102, 1.0832392135620117, 1.0816218101501465, 1.0740196075439452, 1.0932226760864259, 1.0660172805786132, 1.0833846069335937, 1.0679974327087403, 1.0528294609069824, 1.0519077102661132, 1.0813743919372558, 1.0787354019165039, 1.0776754318237305, 1.0858934310913086, 1.093879079437256, 1.081786164855957, 1.1202205039978028, 1.0755657348632812, 1.1077832397460938, 1.077354074859619, 1.0934804992675782, 1.1158623947143556, 1.077577166748047, 1.0759110298156738, 1.0928746406555176, 1.100268194580078, 1.098264249420166, 1.1139423179626464, 1.1173320510864257, 1.1079086585998534, 1.1141832824707032, 1.1063346633911133, 1.1253693923950194, 1.1225791496276856, 1.1222505874633788, 1.1166989067077637, 1.1314311416625977, 1.1396936965942384, 1.1382340911865234, 1.1312623321533204, 1.1420795150756835, 1.1307639518737793, 1.1457444747924805, 1.138292610168457, 1.1245609840393067, 1.139423146057129, 1.1578462371826173, 1.1615336364746094, 1.1400925369262696, 1.1652866821289063, 1.1645770263671875, 1.1493682571411132, 1.1748369262695313, 1.146756770324707, 1.1769282363891602, 1.1675317199707032, 1.165736019897461, 1.1656765640258788, 1.1636469451904297, 1.1882953948974608, 1.1668369567871093, 1.1593342727661133, 1.1557828491210937, 1.1574772521972656, 1.1681132354736328, 1.1596584701538086, 1.1793509048461914, 1.1626682037353515, 1.166324855041504, 1.1816663345336913, 1.1945297088623046, 1.177466165161133, 1.1685726593017578, 1.161639405822754], "test_acc": [55.17, 64.82, 69.0, 71.21, 79.45, 80.0, 82.47, 79.08, 82.27, 83.86, 84.9, 86.25, 84.75, 85.35, 86.14, 85.68, 86.04, 86.54, 86.66, 87.41, 87.36, 88.17, 86.63, 88.0, 87.0, 88.65, 88.69, 88.27, 88.37, 87.26, 88.56, 87.85, 87.33, 88.01, 88.2, 87.58, 88.47, 87.96, 87.85, 87.53, 86.83, 87.5, 86.93, 87.59, 86.98, 87.9, 86.77, 86.9, 86.5, 87.27, 87.3, 87.03, 87.01, 86.13, 85.98, 86.0, 85.58, 85.79, 85.27, 85.15, 85.18, 85.24, 84.63, 84.67, 84.33, 84.35, 83.9, 84.01, 83.7, 83.71, 84.0, 83.57, 83.31, 82.92, 83.45, 82.59, 82.21, 82.73, 81.7, 82.8, 81.49, 81.82, 81.79, 81.63, 81.84, 81.24, 81.32, 81.58, 82.0, 81.59, 81.17, 81.6, 80.94, 81.15, 81.3, 80.34, 79.97, 80.63, 80.86, 81.14]}