{"train_loss": [2.040934916031666, 1.887271237373352, 1.810096035248194, 1.7527083782049326, 1.717352901972257, 1.686031588835594, 1.6653871447612079, 1.6452786778792357, 1.6295947200212724, 1.6131867919212732, 1.5994874434593396, 1.588288964675023, 1.5766760593805558, 1.5695872756151052, 1.554949907767467, 1.5463594069847695, 1.5371017795342665, 1.529751510803516, 1.5177427655611282, 1.5118954328390268, 1.503000867061126, 1.4932390668453315, 1.4864499339690576, 1.4764184679740515, 1.4665558772209364, 1.4556913039623163, 1.4508275508880615, 1.440664831491617, 1.4280901933327699, 1.4212201479153754, 1.4090773481589096, 1.398788264164558, 1.3907505701749752, 1.3793146289311922, 1.3694270665828998, 1.360193342428941, 1.345160241616078, 1.3371889685973144, 1.3288842546634185, 1.3114686431028904, 1.2978179356990716, 1.2896240301621267, 1.2768213412700555, 1.261643159083831, 1.2499781467975715, 1.2369075445028452, 1.2247359547859584, 1.214004125350561, 1.1957742006350787, 1.1867529364732596, 1.1064455287578778, 1.0755021575169685, 1.0652270130622081, 1.055440008487457, 1.0467470309673212, 1.0387460671938382, 1.0309541171942003, 1.0261149890911885, 1.0222894193270267, 1.0155038046531188, 1.0101146665903238, 1.0066970599003326, 1.0022085718619518, 0.9953163703282674, 0.9914177044844016, 0.9873288279924637, 0.9846198288293985, 0.9796663207885546, 0.9736790845027337, 0.9704788264555809, 0.9667445745223607, 0.9614876141914954, 0.9582282410218166, 0.9548364686660278, 0.9513295587820885, 0.9464054200893793, 0.9459017878923661, 0.9415884329722478, 0.9371377457410861, 0.9312095139271174, 0.9291690158538329, 0.9272420363548475, 0.9242151741798107, 0.9188668767611186, 0.917218482035857, 0.9130697696636885, 0.9097371391760998, 0.9062119176754585, 0.9047742050427657, 0.902430028334642, 0.9003280457777855, 0.8972647695969312, 0.8934440288788233, 0.8910765192447565, 0.8862027836151612, 0.8866344694907848, 0.8825211537189973, 0.8812215924263, 0.8786790971572582, 0.8749962525490003], "test_loss": [1.4591627212524414, 1.2727337631225586, 1.1190888359069824, 1.0642932662963867, 0.9480380401611328, 0.9804289993286133, 0.9378800559997559, 1.003668327331543, 0.9144029098510742, 0.8417883850097656, 0.8218620849609375, 0.8297734359741211, 0.8190289779663086, 0.8042264495849609, 0.7484688270568848, 0.8134939712524414, 0.7653782012939453, 0.7585118225097657, 0.7883720558166504, 0.7845839248657227, 0.7705434562683106, 0.7361572845458985, 0.7620106643676757, 0.7443497177124023, 0.7712170654296875, 0.7401048088073731, 0.7424581268310547, 0.7315559181213379, 0.7247719688415527, 0.7230418876647949, 0.7505279479980469, 0.7458398948669434, 0.8030563606262207, 0.7543099563598633, 0.8399257339477539, 0.7936051040649414, 0.790807176208496, 0.780902759552002, 0.8082352897644043, 0.8034481491088867, 0.7623708473205566, 0.8109381523132324, 0.7368871528625488, 0.8094092384338379, 0.8463827919006348, 0.852143724822998, 0.8805157371520996, 0.8783737480163574, 0.8544872787475586, 0.8579793235778809, 0.8559143478393555, 0.860276439666748, 0.8583257171630859, 0.8659181762695313, 0.9006215354919433, 0.8843019599914551, 0.8789624244689941, 0.8787958587646484, 0.8839138916015625, 0.8908313507080078, 0.9114585006713867, 0.8932561027526855, 0.8809374076843262, 0.8862959571838379, 0.9064411254882813, 0.8886209259033203, 0.9237956298828125, 0.9056286560058594, 0.9356011390686035, 0.9384741836547852, 0.9221376518249512, 0.9272380180358887, 0.9310956802368164, 0.9558995765686035, 0.9470510650634766, 0.9406288093566895, 0.9337112838745117, 0.9291977104187011, 0.9479729042053223, 0.9538180427551269, 0.9292658409118653, 0.9397827445983886, 0.9558193878173828, 0.9368274406433106, 0.9238831466674805, 0.9316475944519043, 0.9652974983215332, 0.9400675369262695, 0.9756945091247559, 0.9374016456604004, 0.9408329307556152, 0.9461689010620117, 0.9468033981323242, 0.9653293769836426, 0.9799532722473144, 0.9669955223083496, 0.9528204093933106, 0.9674525917053223, 0.9794300117492676, 0.947183683013916], "test_acc": [54.84, 62.04, 69.98, 72.87, 76.94, 76.73, 78.62, 75.77, 79.15, 81.58, 82.34, 83.36, 82.32, 83.61, 85.4, 84.21, 84.51, 85.37, 84.37, 84.29, 84.63, 86.1, 85.07, 86.55, 84.83, 86.14, 85.52, 86.15, 85.54, 85.99, 84.95, 86.03, 84.41, 85.24, 82.51, 84.13, 84.72, 83.86, 83.62, 83.57, 84.36, 82.59, 84.17, 82.57, 81.77, 82.27, 80.52, 80.21, 80.71, 80.77, 80.29, 79.85, 79.81, 79.56, 78.34, 78.67, 78.93, 78.6, 78.28, 78.43, 77.65, 78.17, 78.5, 78.08, 77.54, 78.0, 76.79, 77.38, 76.47, 76.16, 76.39, 76.29, 76.11, 75.48, 75.69, 75.53, 75.7, 76.06, 75.37, 75.11, 75.8, 75.56, 74.72, 75.27, 76.26, 75.72, 74.6, 75.2, 74.25, 75.14, 75.47, 75.02, 75.24, 74.55, 74.22, 74.55, 74.73, 74.35, 74.3, 75.14]}