{"train_loss": [2.168095817932716, 2.0799885300489573, 2.0316202447964593, 1.9964451961028271, 1.9728139883432634, 1.9537999568841395, 1.9386303583780924, 1.928087116816105, 1.9165880985749073, 1.9060789796022268, 1.8984047504571768, 1.8906220408586356, 1.8817046730946272, 1.8767357043730908, 1.8693877339363099, 1.862603061627119, 1.8578465250822214, 1.8522064710274722, 1.8455452436055892, 1.8393358401763134, 1.8345175437438181, 1.8289843871043279, 1.8226986677218706, 1.8165505128029065, 1.8128001714364077, 1.8044185442802234, 1.8000445567644558, 1.7915613590142665, 1.7867435082411154, 1.7801288803418478, 1.7745705381417887, 1.7673674815740341, 1.7606142203013102, 1.7545889826921317, 1.7481436365689986, 1.7403749585151673, 1.7354496121406555, 1.7246376755910042, 1.7192609826723735, 1.7107866345307765, 1.703003170551398, 1.6960808057051437, 1.6899171939262978, 1.681633549470168, 1.672926955956679, 1.6627963842489781, 1.6536726676500761, 1.6469833319003766, 1.639615316880055, 1.6294333852254428, 1.5772866502786294, 1.556563811730116, 1.546362190368848, 1.5412424925046089, 1.5347459343763499, 1.5293639161647894, 1.525051512168004, 1.5202802355472858, 1.5158550213544797, 1.5135601575558002, 1.5089897559239314, 1.5065697654699668, 1.501846515521025, 1.4977186108246827, 1.4963393611785694, 1.492349433593261, 1.4894075029935592, 1.4856345992821913, 1.4826012880374224, 1.4810228136869577, 1.4773460776377947, 1.4748577619210268, 1.4706042632078513, 1.4673844799017295, 1.4647296569286248, 1.4628969647945502, 1.4612167554023938, 1.4553049099751008, 1.4548505761684516, 1.4513018439977596, 1.4500512566321935, 1.4473922167068873, 1.4439311302625215, 1.4422969518563686, 1.4387708792319664, 1.4358096758524577, 1.4346291597072895, 1.4317488086529266, 1.428914771018884, 1.4280202275667435, 1.4254377851119409, 1.4225540485137549, 1.4201912996096488, 1.4181323305154458, 1.4162296353242336, 1.4143883763215481, 1.411853147775699, 1.4097153324347276, 1.4086117609953268, 1.4056600148861225], "test_loss": [1.5607789688110352, 1.4359438766479493, 1.4192580825805665, 1.2267554794311524, 1.2178407104492188, 1.1703672180175781, 1.1494924362182617, 1.1280265487670897, 1.130104930114746, 1.0909522758483887, 1.0251609298706055, 1.0624194969177245, 1.0380821304321288, 1.0005783630371095, 1.0095754287719727, 0.9797358985900879, 0.9701422164916992, 0.9392643928527832, 0.9740874359130859, 0.9830372688293457, 0.9800136672973633, 0.9060618896484375, 0.9583214668273926, 0.969334334564209, 1.0144917579650878, 0.9414383056640625, 0.9280587921142578, 0.9384810264587402, 0.9662827758789062, 0.9870504989624024, 0.9599626304626465, 0.9851629760742188, 0.960656997680664, 0.9701468864440917, 0.9849244445800781, 0.9338715347290039, 1.0116615699768066, 0.9834113891601562, 1.0236441680908204, 0.9612279815673828, 1.005291561126709, 1.0336425506591798, 0.9842242210388183, 0.9577307754516602, 0.9914156379699707, 1.007907406616211, 1.0395673736572266, 1.0190046798706054, 1.0190271453857422, 1.0807990257263183, 1.0463249076843262, 1.0710709335327149, 1.0569815628051757, 1.0900001213073731, 1.0991377044677735, 1.0727916595458984, 1.0763366912841796, 1.0917713813781738, 1.098413697052002, 1.1217712188720703, 1.1147416206359864, 1.1199357147216797, 1.106369371032715, 1.1153746452331543, 1.0988982711791992, 1.1198096534729003, 1.095461254119873, 1.1138099494934082, 1.131580404663086, 1.1413352035522462, 1.135426126098633, 1.1503014724731446, 1.1473502334594727, 1.1470470848083496, 1.1453093727111816, 1.1641298110961915, 1.1624234619140625, 1.1413642929077148, 1.1302779899597168, 1.1801510711669922, 1.1750447158813477, 1.1594479385375978, 1.178013986968994, 1.162719967651367, 1.1462861061096192, 1.1706806655883788, 1.1813149948120116, 1.1827745109558105, 1.154178350830078, 1.1496327545166016, 1.199445743560791, 1.1983981704711915, 1.1916897659301757, 1.174634898376465, 1.1778677520751952, 1.1646156715393066, 1.18065714263916, 1.1716926780700683, 1.1675509643554687, 1.2157741813659668], "test_acc": [54.34, 62.53, 65.6, 71.86, 74.71, 76.33, 75.57, 79.47, 78.68, 80.43, 81.84, 80.79, 80.45, 85.04, 83.55, 84.22, 84.84, 85.94, 84.93, 84.49, 84.24, 86.37, 85.26, 84.91, 85.01, 85.45, 86.11, 85.8, 84.97, 83.77, 85.04, 83.51, 84.85, 84.69, 84.6, 84.46, 83.79, 84.06, 83.17, 83.33, 82.29, 82.61, 81.92, 82.2, 82.23, 81.51, 80.65, 80.44, 80.08, 78.41, 78.81, 77.96, 77.66, 76.65, 76.15, 76.98, 76.33, 75.6, 75.55, 74.67, 74.72, 74.79, 74.98, 74.87, 75.13, 74.34, 74.94, 73.84, 73.73, 73.32, 73.22, 72.7, 72.99, 73.02, 72.7, 72.05, 72.05, 72.99, 72.88, 71.25, 71.4, 71.9, 71.18, 71.73, 72.36, 71.34, 70.9, 70.54, 71.49, 71.88, 70.22, 70.13, 70.11, 70.91, 70.44, 71.29, 70.72, 70.58, 71.18, 69.36]}