{"train_loss": [2.3208848311350896, 2.3096717149783403, 2.3072704639190285, 2.307393560042748, 2.3065676676921356, 2.302896736829709, 2.3047232114351712, 2.30152437992585, 2.301345374034001, 2.2999260663986205, 2.2995722819597293, 2.298880352729406, 2.2981675954965444, 2.2980916854662774, 2.2960641805942243, 2.2962336809207233, 2.2949519346921874, 2.294322070097312, 2.2924144830459205, 2.2919944775410186, 2.29122635890276, 2.2899831178860786, 2.289175130159427, 2.288553514236059, 2.287066011551099, 2.2865088358903543, 2.2847513382251448, 2.283019976126842, 2.2811061969170203, 2.2793502777050705, 2.2785178765272485, 2.276407543206826, 2.2750818338149634, 2.272657991066957, 2.2710077120707584, 2.2689294882309743, 2.265980889247014, 2.26176933325254, 2.259926196245047, 2.2553194932448557, 2.2525915420972384, 2.248326482528295, 2.2429129692224357, 2.236535434233837, 2.229816859196394, 2.2229921420415244, 2.21673256678459, 2.2065732411849193, 2.196937421040657, 2.1857424791042623, 2.1291548484410994, 2.102398852507273, 2.0911700612459425, 2.0806017291851533, 2.0722048765573744, 2.065952958510472, 2.0593688084529, 2.0518619858301603, 2.047271673495953, 2.0365583872183777, 2.034638106211638, 2.0244931013156204, 2.01885408560435, 2.0121892598959117, 2.0078372597694396, 2.0033682893484066, 1.9928528684836166, 1.9905858501409872, 1.9838889112839333, 1.9734647231224256, 1.9666306342834081, 1.9646111057354854, 1.9540011503757575, 1.9494887954149491, 1.945900730903332, 1.936696883959648, 1.9285452017417322, 1.9199136214378552, 1.9122554562030694, 1.9081023552478888, 1.9009733594380893, 1.8908893071688138, 1.8839746887867268, 1.8791564284226834, 1.8731476181592697, 1.8623606440348504, 1.8545680376199576, 1.8490889882430053, 1.842487463278648, 1.8375428166144934, 1.8259476154278487, 1.8173322585912852, 1.8103284160296123, 1.802735098814353, 1.7967974833953075, 1.7867500739219861, 1.7769439987647229, 1.772050203421177, 1.7616705475709378, 1.755018598605425], "test_loss": [2.213593649291992, 2.2090875091552733, 2.1809370544433593, 2.179690219116211, 2.1692190338134765, 2.173101205444336, 2.16086943359375, 2.1596765991210938, 2.144904342651367, 2.1501622283935546, 2.1163895263671875, 2.1561353210449217, 2.133932098388672, 2.1237989715576173, 2.0755712005615234, 2.1262429931640625, 2.0954593688964844, 2.085182537841797, 2.0657828674316407, 2.0628676055908204, 2.066429867553711, 2.0612126678466796, 2.0574414154052736, 2.06216960144043, 2.0457020523071288, 2.0120485763549807, 2.0239378067016602, 2.013590803527832, 2.0437766067504883, 2.0287699111938475, 2.036225665283203, 1.998532583618164, 1.9933484466552733, 1.985972525024414, 1.9836953140258788, 1.985238444519043, 1.9842481262207032, 1.958564387512207, 1.9687537506103516, 1.9655388305664063, 1.9694072296142577, 1.9581689300537108, 1.959327310180664, 1.9867475143432618, 1.9474189971923828, 1.9715427932739258, 1.979556883239746, 2.022693501281738, 1.9728077346801758, 2.003301982116699, 2.013974639892578, 2.043235998535156, 2.0719498657226563, 2.055696229553223, 2.0770215606689453, 2.0844867080688476, 2.0955386611938476, 2.104144869995117, 2.104178596496582, 2.12681633605957, 2.1246761428833008, 2.1287538146972658, 2.116000874328613, 2.1483669204711915, 2.1457694305419923, 2.1571916885375977, 2.177497970581055, 2.157172801208496, 2.1791695693969726, 2.198754220581055, 2.2010847930908204, 2.219026806640625, 2.229710580444336, 2.2008242614746094, 2.2411216522216795, 2.2449167419433596, 2.264556900024414, 2.2624969787597657, 2.2699433197021484, 2.2586458587646483, 2.305182583618164, 2.2987873962402343, 2.291103857421875, 2.2935355560302733, 2.316948532104492, 2.3331264221191406, 2.341452038574219, 2.3449905792236327, 2.3310589385986327, 2.3641983642578124, 2.410052993774414, 2.3728391845703123, 2.408778521728516, 2.4006339752197268, 2.4129337585449218, 2.423622540283203, 2.4313080017089845, 2.4400042297363282, 2.437937283325195, 2.4582188568115235], "test_acc": [24.85, 19.86, 24.74, 25.5, 26.56, 20.39, 34.94, 27.0, 37.32, 23.71, 38.31, 28.46, 34.96, 35.28, 40.24, 42.13, 43.56, 42.73, 42.76, 44.73, 41.13, 47.97, 48.7, 44.7, 43.64, 46.07, 47.1, 47.41, 47.71, 46.99, 46.78, 48.02, 48.39, 46.09, 47.54, 47.44, 48.1, 46.2, 46.87, 45.54, 44.23, 46.49, 44.22, 41.05, 43.92, 40.14, 38.74, 34.07, 37.9, 34.27, 31.86, 30.43, 28.56, 29.29, 28.58, 27.71, 27.13, 26.82, 27.13, 26.25, 25.74, 26.2, 26.74, 25.25, 25.89, 25.11, 24.52, 25.89, 24.67, 23.44, 24.13, 23.65, 22.92, 24.38, 22.84, 22.81, 22.49, 22.58, 22.37, 22.97, 21.94, 21.73, 22.58, 22.74, 22.11, 21.24, 21.41, 21.14, 21.75, 20.95, 19.84, 20.95, 20.2, 20.65, 20.21, 20.54, 20.46, 20.12, 20.66, 20.31]}