{"train_loss": [2.1599996637075374, 2.064991050805801, 2.0121993547830828, 1.9720691790947547, 1.9451045008806083, 1.9238754712618313, 1.904752051218962, 1.8897183818694874, 1.8784226512297606, 1.8659042358398437, 1.8551713827328804, 1.8461111151255094, 1.83699819063529, 1.8280228244952665, 1.8202917413833815, 1.8113097982528883, 1.8054689538784516, 1.7964055846898983, 1.7911257263941642, 1.7828333909694964, 1.7763058503468832, 1.7671785256801507, 1.7592907743576245, 1.751528742374518, 1.743764656323653, 1.73588291314932, 1.7288923718990423, 1.7178824412517057, 1.7094868598840176, 1.7004095835563464, 1.6893283406893411, 1.679495445581583, 1.6692385401481238, 1.6600591378334242, 1.647301936760927, 1.6361444234848022, 1.6241056219125405, 1.610204697572268, 1.5991934155806518, 1.5867296179135641, 1.5730107879027342, 1.5613221012628995, 1.5461784277206811, 1.5312119282208956, 1.5174028451626118, 1.5041186433572036, 1.4911389528176724, 1.4789618232311346, 1.4641098716320136, 1.4492471153919513, 1.3689188049389767, 1.3342304269472758, 1.3190296191435593, 1.3087712498811575, 1.3004485863905686, 1.291385407325549, 1.2857016218014252, 1.279383699099223, 1.2730638925845807, 1.2664629272925547, 1.2610649787462676, 1.25533260901769, 1.2516369443673354, 1.2460989071772648, 1.2430926970946483, 1.2359479693266062, 1.231520985945677, 1.2280390629401574, 1.2232328867300963, 1.2169933921251541, 1.2148618468871484, 1.2103689160102453, 1.2062383929888407, 1.2026956408451766, 1.1969337007938288, 1.192576186473553, 1.1898002902666727, 1.1880118642097866, 1.182342444322048, 1.1782238660714566, 1.174524320394565, 1.1719082749806917, 1.1689763897504561, 1.1633507545177753, 1.1603408364149241, 1.1583311713658846, 1.1515967298776675, 1.148195503308223, 1.1489450922379127, 1.144385893528278, 1.1407028812628526, 1.1360504670020861, 1.1353220630914738, 1.1323531049948472, 1.129262592853644, 1.1225528368583093, 1.1234173145049657, 1.1195365878251882, 1.1173305376982077, 1.1127528896698584], "test_loss": [1.665666552734375, 1.3881761932373047, 1.4149444168090821, 1.2560347259521485, 1.1810968856811523, 1.2718167892456054, 1.11032515335083, 1.171196630859375, 1.0473875038146974, 1.0753492820739745, 0.981932275390625, 1.0105933708190917, 1.0178723068237305, 0.9603738815307618, 0.9272396591186524, 0.981840185546875, 0.9753156227111817, 0.9123217964172363, 0.9964305099487305, 0.933412646484375, 0.9660493850708007, 0.9402304801940918, 0.9855993797302246, 0.9223519561767578, 0.9046687454223633, 0.9197164451599121, 0.8880480499267578, 0.9450914474487304, 0.9686350311279297, 0.9468504776000977, 0.9471598152160644, 0.9400660133361817, 0.9508467170715332, 0.9601471321105957, 0.9597047340393067, 0.964249535369873, 0.9718672927856445, 0.9455853698730469, 1.0100641105651855, 0.9868998481750488, 0.9411282646179199, 1.0181793113708497, 0.989055778503418, 1.0244640029907226, 1.0686359390258788, 1.0184191131591798, 0.986455435180664, 1.0987364234924317, 1.110987915802002, 1.0832037887573243, 1.0679302604675294, 1.0794482788085937, 1.094035131072998, 1.1218993392944336, 1.1124996223449708, 1.116178256225586, 1.1242361656188964, 1.1388923614501953, 1.1394807876586914, 1.1406071952819825, 1.1569712142944335, 1.1558601333618164, 1.1217126678466798, 1.1678913551330565, 1.1725725891113281, 1.159155352783203, 1.1994669830322267, 1.1818777381896972, 1.2104856811523437, 1.2044103401184083, 1.175948812866211, 1.1917441734313965, 1.207293891143799, 1.2012812942504882, 1.2248778945922851, 1.2078753005981446, 1.2169409988403321, 1.2081561080932617, 1.2060155563354493, 1.1975125213623048, 1.2323458221435546, 1.223051692199707, 1.2339036270141601, 1.2181199890136718, 1.2201963485717773, 1.241162030029297, 1.2496056594848632, 1.2499516220092775, 1.2551433013916016, 1.2364663940429688, 1.2336132369995116, 1.2581216003417968, 1.2600555587768554, 1.2971221771240233, 1.2564597473144532, 1.2757049896240233, 1.2652313507080077, 1.214030828857422, 1.272911912536621, 1.2355802429199219], "test_acc": [50.69, 59.64, 59.51, 67.86, 69.85, 68.2, 76.49, 75.91, 77.93, 78.38, 80.74, 82.19, 80.61, 83.52, 83.57, 82.0, 80.88, 84.43, 83.41, 84.6, 83.07, 84.79, 82.28, 84.75, 84.42, 84.28, 84.13, 83.13, 82.75, 84.2, 82.07, 83.31, 83.03, 81.82, 82.07, 82.17, 81.52, 81.44, 79.22, 81.01, 80.97, 78.78, 79.68, 78.21, 76.57, 77.41, 77.99, 74.45, 74.45, 74.72, 74.4, 73.68, 73.21, 72.38, 72.49, 72.15, 71.79, 71.23, 71.08, 70.69, 70.35, 69.83, 71.12, 69.6, 69.48, 69.61, 68.4, 68.83, 67.82, 68.1, 68.8, 68.21, 67.74, 68.24, 67.33, 67.75, 67.3, 67.67, 67.57, 67.85, 66.38, 66.94, 66.82, 67.0, 66.86, 66.21, 66.02, 65.9, 66.02, 66.5, 66.48, 65.72, 65.24, 63.96, 65.59, 64.92, 65.43, 66.81, 65.14, 65.85]}