{"train_loss": [2.1676651783478564, 2.081038092955565, 2.0409039576848347, 2.0148660513070915, 1.9997082930344803, 1.9871073566950284, 1.9777835677831601, 1.9699334780375162, 1.9634421308835348, 1.9575091655437762, 1.9507180134455362, 1.946772571404775, 1.941711749174656, 1.9386433625832582, 1.9353601446518531, 1.931638950873644, 1.9290773076888843, 1.9257252115469712, 1.9231986314822467, 1.9197853861710965, 1.917214079697927, 1.915162570659931, 1.9124805355683352, 1.9113032035338573, 1.9089550647980127, 1.9067613965425736, 1.9044770176594075, 1.9036665182847243, 1.9014016450979772, 1.900516008413755, 1.899757648125673, 1.8964020295020863, 1.895578051530398, 1.89462042649587, 1.8927561414547456, 1.8918964761954087, 1.8895022969979507, 1.889883826329158, 1.8881867503508543, 1.8866385887830686, 1.8866004665692648, 1.8855698637473277, 1.8848404875168434, 1.8828694456662887, 1.8820938859230434, 1.8807287686910386, 1.8810526086733892, 1.879591991351201, 1.878922615907131, 1.8781101058690977, 1.868341227983817, 1.8640273812489632, 1.862725885709127, 1.8616246736966646, 1.8606535914616706, 1.8598205123192224, 1.8586926298263746, 1.8580843350826166, 1.857535991913233, 1.856784433279282, 1.8559420365553636, 1.8556242887790386, 1.854802912626511, 1.8541927114511148, 1.8531452985910268, 1.8530176009887305, 1.8522649040588965, 1.8520257631937662, 1.8512076472624754, 1.850449055280441, 1.8500417305872991, 1.8492864342836233, 1.848642745996133, 1.8483199287683536, 1.8476264336170294, 1.8469646038153233, 1.846500707283998, 1.8460860940126271, 1.8450436121378189, 1.8448482299462343, 1.8441785797094687, 1.8438387198325916, 1.8429944185110239, 1.842422703290597, 1.84225150285623, 1.8413494122334015, 1.840913458665212, 1.8402630304678893, 1.839716925070836, 1.838923231149331, 1.838099749883016, 1.8380822230608036, 1.8372687449822058, 1.8369186584766095, 1.8361075893426553, 1.8360798878547473, 1.8353657288429064, 1.8347269201890015, 1.8343877578393006, 1.833691420004918], "test_loss": [1.5476619277954102, 1.3407963806152343, 1.2654938720703126, 1.282383949279785, 1.2280631256103516, 1.1265813110351564, 1.06763676071167, 1.172651985168457, 1.0610429824829102, 1.1077474472045898, 1.0801084434509278, 1.0532800872802734, 1.032422540283203, 1.0209953964233398, 1.0096420997619628, 1.0018421661376953, 0.9604193778991699, 0.9807117973327637, 1.0070856834411621, 0.993225936126709, 0.9814908050537109, 0.97966279296875, 0.983724723815918, 1.0156901573181152, 0.982579948425293, 0.9735456642150879, 0.9672217109680176, 0.9899102081298828, 0.9769803184509277, 0.9813535972595215, 0.9436530815124512, 0.9589894874572754, 0.9566345146179199, 0.9499505714416504, 0.9535777603149415, 0.9484273834228516, 0.9605794570922852, 0.9549656219482422, 0.9671685264587402, 0.9403803153991699, 0.9769333946228027, 0.973097299194336, 0.9419231399536133, 0.9624287567138672, 0.9504714347839356, 0.9658397651672364, 0.9758451538085937, 0.9538244316101074, 0.9619771301269531, 0.9840204216003418, 0.9516212089538574, 0.9549266578674317, 0.9546595153808594, 0.9541207710266113, 0.9471683471679687, 0.9605450546264649, 0.963634033203125, 0.9669163429260254, 0.9641980125427246, 0.9673179244995117, 0.9703039611816406, 0.9704065132141113, 0.9681506774902344, 0.9811387420654297, 0.9770407600402832, 0.9821826644897461, 0.994923316192627, 0.9913493469238281, 0.9860456352233886, 0.9840623023986816, 0.986292977142334, 0.9794940635681152, 0.9947607460021972, 0.989135203552246, 0.9883308364868164, 1.0008288024902343, 0.9908220863342285, 0.9928611785888671, 0.9888489883422852, 0.9899897415161133, 0.9990445365905761, 0.9919005828857422, 1.0050996299743653, 1.0092210540771485, 0.9883194229125977, 0.993840608215332, 0.995239338684082, 0.9856687438964844, 1.0058253807067872, 0.9967063232421876, 1.0021327667236328, 1.012771166229248, 0.9894618934631347, 1.0008192527770996, 0.9932560546875, 0.9972127174377441, 1.0115295936584472, 1.0230658874511718, 0.9972205558776855, 1.0114711769104003], "test_acc": [57.05, 70.87, 74.29, 75.13, 79.83, 81.25, 82.92, 80.85, 83.83, 83.14, 84.84, 86.38, 87.0, 87.31, 87.24, 87.3, 88.32, 88.47, 86.24, 87.51, 88.55, 89.52, 88.81, 88.32, 89.62, 89.14, 88.54, 89.24, 89.45, 88.97, 89.79, 90.01, 89.49, 88.69, 89.55, 89.71, 89.53, 89.81, 89.5, 90.12, 90.13, 89.68, 89.52, 89.95, 90.44, 88.96, 89.33, 89.83, 89.91, 88.8, 90.86, 91.12, 90.99, 90.89, 90.92, 90.75, 90.65, 90.46, 90.41, 90.43, 90.34, 90.46, 90.18, 90.01, 89.98, 89.74, 89.71, 89.48, 89.57, 89.5, 89.73, 89.58, 89.15, 89.38, 89.07, 89.15, 88.95, 88.94, 89.1, 88.93, 88.69, 88.88, 88.56, 88.44, 88.9, 88.86, 88.2, 88.54, 88.34, 88.42, 88.12, 88.02, 88.44, 88.41, 88.55, 88.31, 88.07, 87.77, 87.84, 87.78]}