{"train_loss": [2.3227948891810883, 2.3132933732790826, 2.311726647768265, 2.3097335742070126, 2.309156322479248, 2.308170126034663, 2.308774256094908, 2.308858880629906, 2.30712435123248, 2.3073484072318444, 2.3063853966884125, 2.3051355661490023, 2.305271223263863, 2.3045496751100587, 2.3044650083933123, 2.3045585442812015, 2.3039990993646473, 2.3040768794524364, 2.303145286975763, 2.3030582415751923, 2.302868843689943, 2.302584346135457, 2.3018271311735496, 2.3017201527571065, 2.301921845705081, 2.301078515786391, 2.299844795006972, 2.300642529512063, 2.2997490351016703, 2.299338341370607, 2.298166989057492, 2.2983342592532816, 2.297884335884681, 2.296973788432586, 2.296282301804958, 2.2951617143093013, 2.294573744138082, 2.2939567492558406, 2.2927452918810722, 2.2917994676492155, 2.2905975097265, 2.28924379165356, 2.287296201632573, 2.2864470506325745, 2.2842190846418724, 2.2824322492648395, 2.279493802633041, 2.277278030835665, 2.2730008082512096, 2.2702626729622866, 2.2524336931033013, 2.243675887890351, 2.240098818143209, 2.235590912745549, 2.233561017574408, 2.231975146440359, 2.2292515681340146, 2.2253752457789884, 2.224765279965523, 2.2226541665884163, 2.22036140698653, 2.2167673129301804, 2.216766686317248, 2.212202407152225, 2.2120246630448563, 2.208724639354608, 2.2050338023748153, 2.205205281575521, 2.2008950924262023, 2.197339683923966, 2.195657852368477, 2.1941723634035157, 2.1911318668952355, 2.189235715377025, 2.1846927801767984, 2.1822800899163273, 2.1796739645493335, 2.17599038710961, 2.174098388965313, 2.172134624994718, 2.1671141025347587, 2.163582641039139, 2.161639854235527, 2.1582180762902285, 2.1543993381353523, 2.149986858245654, 2.147093626169058, 2.143294668197632, 2.1399727081641173, 2.134578372270633, 2.133245841662089, 2.130326336469406, 2.1264152691914484, 2.121402756984417, 2.113212202756833, 2.1122573296229046, 2.109706593782474, 2.108418834820772, 2.101522429784139, 2.0966406192535008], "test_loss": [2.3171903839111327, 2.259157775878906, 2.27918840637207, 2.2478016235351563, 2.273926022338867, 2.2662539733886717, 2.268554098510742, 2.2529204315185547, 2.2469569244384764, 2.24758408203125, 2.2443356964111327, 2.2317624420166013, 2.258493051147461, 2.2405233489990235, 2.2365261474609377, 2.2521018096923826, 2.231024044799805, 2.238274725341797, 2.2228070434570313, 2.238674755859375, 2.22208583984375, 2.2316372589111326, 2.227394097900391, 2.220237448120117, 2.2104727813720704, 2.2292008850097655, 2.2131569854736326, 2.2198894287109376, 2.201649548339844, 2.207485037231445, 2.1962499725341798, 2.1979721771240235, 2.205827688598633, 2.208679373168945, 2.197052313232422, 2.18979128112793, 2.191676202392578, 2.2020462646484376, 2.1666713470458983, 2.182397589111328, 2.1831279815673827, 2.169621710205078, 2.1729591918945315, 2.1680946685791014, 2.156924984741211, 2.181605288696289, 2.1702247009277342, 2.1765482635498046, 2.1846612701416017, 2.1786721649169922, 2.165974658203125, 2.1703756530761718, 2.182209213256836, 2.1801812194824217, 2.182976040649414, 2.17761907043457, 2.1855384887695313, 2.1944106719970704, 2.191211962890625, 2.198261828613281, 2.2028836853027345, 2.204179083251953, 2.2087374938964843, 2.2157472900390625, 2.21492890625, 2.2173461822509766, 2.2245339141845704, 2.2179937072753906, 2.2237754577636717, 2.230720083618164, 2.2287418884277344, 2.2399596862792968, 2.2508572082519533, 2.245265823364258, 2.246890524291992, 2.249896502685547, 2.256497985839844, 2.256285168457031, 2.2629186798095704, 2.2677984832763673, 2.2767190338134764, 2.25958955078125, 2.2840423370361327, 2.2860658142089845, 2.283854754638672, 2.302618179321289, 2.295038446044922, 2.299900274658203, 2.2989209686279297, 2.309735623168945, 2.3187336334228514, 2.329727908325195, 2.318701416015625, 2.3392523468017576, 2.3347967803955076, 2.3525757598876953, 2.339069625854492, 2.3566895050048826, 2.348040557861328, 2.3750981964111326], "test_acc": [10.11, 15.81, 10.71, 17.76, 15.35, 10.17, 16.64, 22.12, 28.27, 11.74, 22.64, 24.63, 12.57, 23.29, 22.26, 12.78, 22.24, 23.82, 28.99, 24.06, 30.53, 24.21, 22.76, 26.86, 28.98, 32.99, 32.76, 28.3, 29.85, 31.97, 34.02, 30.14, 29.84, 30.0, 32.8, 31.33, 31.41, 29.2, 31.42, 32.13, 29.74, 31.91, 29.17, 30.79, 31.45, 26.93, 27.23, 27.45, 26.56, 26.36, 26.24, 25.18, 23.94, 24.26, 23.68, 24.17, 23.76, 22.57, 22.88, 22.55, 22.03, 21.81, 21.98, 21.63, 21.85, 21.39, 21.24, 21.41, 21.13, 20.89, 21.11, 20.46, 19.86, 20.22, 20.15, 19.83, 19.55, 19.8, 19.31, 19.16, 18.84, 19.78, 18.5, 18.83, 18.92, 18.41, 18.66, 18.31, 18.88, 18.27, 18.27, 17.39, 17.69, 17.57, 17.56, 17.29, 17.37, 16.91, 17.52, 16.66]}