{"train_loss": [2.2648395116512594, 2.2287229648003213, 2.2064951866100997, 2.1875846318709544, 2.1744753807018964, 2.164219773732699, 2.1544810619109716, 2.1467080782621335, 2.1397192722711806, 2.1332025203949367, 2.128574776649475, 2.122059030410571, 2.1167991381425124, 2.112306881562257, 2.1064561522923984, 2.102292633973635, 2.0977285379018538, 2.093241246847006, 2.0889290635402387, 2.0830600445087137, 2.079286466500698, 2.0751340138606538, 2.069381702251923, 2.066018238434425, 2.05983685591282, 2.0542057770949143, 2.049158687163622, 2.0415632898990923, 2.0366652115797383, 2.0284813217627695, 2.0212833814131907, 2.013046492980077, 2.0056996137667924, 1.9957700136380319, 1.9884929241278233, 1.9771525997381945, 1.9673318734535805, 1.955928974885207, 1.946361023034805, 1.9327619051321958, 1.9204311957726112, 1.9085904365930801, 1.8959819714228312, 1.8830548861087897, 1.869245518476535, 1.8551896214485168, 1.84172805028084, 1.8269505152335535, 1.8136441166584307, 1.7987462407503372, 1.7195601637546833, 1.6866020541924698, 1.6714368535922124, 1.6634392992044107, 1.652958828669328, 1.6487701009481381, 1.640925566966717, 1.635127575886555, 1.6316139603272461, 1.625345451098222, 1.6185994001535269, 1.6140483263211372, 1.6087221215932797, 1.6045018917474991, 1.6013144065172245, 1.595860656713828, 1.5902555762193142, 1.5858273772092966, 1.5822915187248816, 1.5760860360585727, 1.5731156685413459, 1.5710080865101936, 1.5641161307310447, 1.560668322061881, 1.5580921643819565, 1.5555386579953707, 1.5509933676475134, 1.5457176031210484, 1.5405618582016383, 1.5394321625049299, 1.5363497410065088, 1.5321188455972916, 1.52927889976746, 1.5252862453460694, 1.5212564474497086, 1.5187307024613406, 1.5138635742358673, 1.509597682647216, 1.507458697221218, 1.5039912291062183, 1.5011996755233177, 1.498686077961555, 1.4946265804461945, 1.4902962868030254, 1.4895089192268176, 1.4866175605700567, 1.4829816384193224, 1.478659044779264, 1.4796158136465611, 1.4738661833298512], "test_loss": [1.8441808197021485, 1.7283302505493163, 1.6625392318725587, 1.5525618698120116, 1.6532435913085937, 1.538572770690918, 1.4881986450195313, 1.491255210876465, 1.510379899597168, 1.4565172302246094, 1.3503345397949218, 1.366865869140625, 1.3637547119140625, 1.4088449905395508, 1.3453723922729492, 1.4112217529296875, 1.3322776885986327, 1.3235914978027343, 1.3132821578979492, 1.3269562530517578, 1.3054627212524414, 1.2830176330566405, 1.375425584411621, 1.2713406021118163, 1.286806233215332, 1.3059594573974609, 1.2863599044799805, 1.2851182540893555, 1.2437380096435546, 1.2829029678344726, 1.3068639221191407, 1.2991514877319337, 1.2628311981201172, 1.3042479797363282, 1.313264616394043, 1.3232139251708985, 1.3533057327270508, 1.341857647705078, 1.3266599685668945, 1.3967755432128905, 1.3242404296875, 1.4119420150756836, 1.3673180053710938, 1.39640400390625, 1.4300661361694336, 1.374200080871582, 1.5234149154663086, 1.499662823486328, 1.3798032470703125, 1.4379913925170897, 1.486197087097168, 1.5150620742797851, 1.513319110107422, 1.5298609741210938, 1.5594890228271485, 1.5566725555419922, 1.5518711105346679, 1.576049705505371, 1.5796801391601563, 1.569060707092285, 1.6069130325317382, 1.605671563720703, 1.6032004776000977, 1.6204594177246094, 1.5885914566040038, 1.623499870300293, 1.6225372344970703, 1.637367254638672, 1.6318872283935546, 1.629954901123047, 1.6265948028564454, 1.5951665908813477, 1.6366416473388672, 1.6447012817382813, 1.6681635162353516, 1.6578505142211915, 1.6380429656982423, 1.6875087921142577, 1.6823165451049804, 1.6600501586914063, 1.6807778442382812, 1.673140185546875, 1.7127741744995117, 1.701673112487793, 1.670245848083496, 1.7233649917602538, 1.706618296813965, 1.6561888565063476, 1.6735208297729491, 1.6832678482055663, 1.676935269165039, 1.6951035507202148, 1.7018576217651367, 1.6955370361328126, 1.7251291381835938, 1.6878891754150391, 1.720980450439453, 1.7044553344726563, 1.7216812850952148, 1.6772875137329102], "test_acc": [43.88, 50.68, 55.64, 62.69, 61.34, 65.0, 67.07, 67.36, 69.51, 70.19, 75.4, 75.53, 76.98, 77.28, 77.4, 75.47, 78.21, 79.69, 79.77, 76.53, 77.96, 78.44, 74.06, 80.88, 79.41, 78.71, 78.31, 77.85, 79.79, 78.75, 78.68, 77.77, 78.26, 77.76, 75.23, 76.44, 74.68, 73.41, 72.63, 70.25, 71.39, 69.13, 69.37, 68.93, 67.11, 68.47, 62.14, 62.32, 65.2, 63.88, 60.48, 59.24, 59.31, 58.28, 56.91, 57.11, 57.58, 56.21, 56.23, 56.7, 54.88, 55.05, 54.9, 54.15, 55.62, 54.16, 53.94, 53.44, 53.75, 53.7, 53.95, 55.34, 53.31, 53.29, 52.41, 52.89, 53.45, 51.52, 51.84, 52.36, 51.4, 51.54, 50.17, 50.47, 52.01, 49.93, 50.91, 52.44, 51.51, 51.14, 51.46, 50.74, 50.8, 51.06, 49.79, 50.99, 49.77, 50.15, 49.92, 51.56]}