{"train_loss": [2.306482875652802, 2.2986154122230333, 2.296540544583247, 2.294588293173374, 2.2925883763875716, 2.290497934512603, 2.2897365301083297, 2.2870817667398695, 2.2862235319920075, 2.2852425465217006, 2.2841475358376138, 2.2824346444545647, 2.2819087664286295, 2.28121757935255, 2.2799311570632153, 2.2791822048333974, 2.277849630209116, 2.2770873699432763, 2.2756206512451174, 2.2747117928969556, 2.2735633055369058, 2.272411322593689, 2.271355327581748, 2.270034868289263, 2.2692358762789997, 2.2681261325493836, 2.2667036930720013, 2.265207403134077, 2.2640934840226783, 2.262031115629734, 2.260589907108209, 2.2588540566273223, 2.257064604759216, 2.25502724647522, 2.2528675586749345, 2.2504940497569548, 2.248317269789867, 2.2451961046610123, 2.242135904996823, 2.2392375267468965, 2.235845095072037, 2.232554756066738, 2.228358242450616, 2.22444802125295, 2.2203393838344474, 2.2159110668378, 2.212426036443466, 2.2068785667419433, 2.202274568264301, 2.1969502363449487, 2.168831690763816, 2.157650410823333, 2.152501890598199, 2.148488075305254, 2.146111886929243, 2.1428108820548424, 2.1403910716374717, 2.1375371957436586, 2.1355040525778746, 2.1333624381285445, 2.131256657380324, 2.1295316182650055, 2.127286710494604, 2.126286934583615, 2.123853834470113, 2.1227597542298144, 2.12025736172994, 2.11786908308665, 2.115189228913723, 2.1143483962768164, 2.113400335800953, 2.1115114224262728, 2.109989185822316, 2.1081404496461915, 2.106121983283605, 2.1043638663414197, 2.1042511915549253, 2.1013113578160603, 2.099075466547257, 2.0977766012534116, 2.0962636159016537, 2.0953469899984505, 2.092928370451316, 2.0924954175949098, 2.090075212258559, 2.0879174458674896, 2.0866019420134716, 2.0855299417789164, 2.0842345708455796, 2.0827531857368276, 2.0803304048684925, 2.080146685624734, 2.077832942742568, 2.0757848354486317, 2.0747092332595436, 2.0736738779605965, 2.071889265989646, 2.070746995241214, 2.067916460526295, 2.06735053001306], "test_loss": [2.1422992279052733, 2.127033346557617, 2.094644528198242, 2.054174348449707, 2.0165487045288084, 2.0316007553100586, 1.9905306732177734, 1.96196915435791, 1.924628790283203, 1.989401986694336, 1.9111943054199219, 1.8987458221435547, 1.9109404098510743, 1.9029958190917968, 1.9011375213623047, 1.8651598892211914, 1.8585610549926759, 1.8544764450073241, 1.860206805419922, 1.8432036392211915, 1.8565672729492189, 1.8543900177001953, 1.8073729949951172, 1.8160798202514647, 1.8088049392700196, 1.8044661804199218, 1.8286322189331055, 1.8280565719604491, 1.813113165283203, 1.7701432891845703, 1.8010289108276367, 1.8166686889648438, 1.8502640625, 1.767200389099121, 1.8298134536743165, 1.8039085952758789, 1.762851235961914, 1.8363602340698242, 1.756153793334961, 1.8309174377441406, 1.8071955490112304, 1.851197398376465, 1.815884750366211, 1.8326240280151367, 1.8238054321289063, 1.8181970916748047, 1.8783418090820312, 1.8812057815551757, 1.8986713439941407, 1.8715540817260743, 1.89619903717041, 1.914356997680664, 1.9096781173706054, 1.9347292388916015, 1.9465977416992188, 1.9596330825805663, 1.9585776550292968, 1.9628894226074218, 1.9596465866088868, 1.954570848083496, 1.9533171600341797, 1.9642597381591798, 1.9790679321289062, 1.9721818161010742, 1.9738608200073242, 1.9766829696655273, 1.9807894668579102, 1.9905110046386718, 1.9780106399536133, 1.986195703125, 1.9725904495239257, 1.9880827117919921, 2.0010665023803713, 1.9929467422485352, 1.9859483016967774, 2.0105014892578126, 1.9978235595703124, 2.008460838317871, 2.018455993652344, 2.005563232421875, 2.0289064865112305, 2.0290951171875, 2.0093507568359374, 2.027028092956543, 2.053631982421875, 2.0118016555786133, 2.0321488525390623, 2.0099111892700194, 2.0279956634521485, 2.0233665725708008, 2.0339067611694337, 2.019818276977539, 2.0331062469482424, 2.0226786849975587, 2.0349426971435545, 2.028650997924805, 2.0455076080322265, 2.036593814086914, 2.049951853942871, 2.039644548034668], "test_acc": [35.04, 40.85, 44.83, 49.24, 51.01, 51.64, 55.23, 58.5, 59.18, 56.54, 59.18, 65.11, 63.35, 64.16, 68.89, 65.47, 67.42, 71.85, 69.86, 72.48, 70.81, 70.08, 70.92, 70.75, 74.01, 71.75, 72.13, 73.51, 69.78, 73.1, 70.34, 69.38, 69.68, 71.16, 66.54, 67.98, 69.05, 66.31, 68.18, 64.6, 63.78, 61.57, 63.05, 62.43, 58.79, 60.11, 55.73, 54.72, 53.3, 53.05, 49.24, 47.68, 47.37, 45.4, 44.69, 43.6, 43.46, 42.86, 42.62, 42.64, 43.27, 42.3, 41.44, 41.55, 40.87, 40.79, 40.75, 40.09, 40.57, 39.98, 40.78, 40.12, 39.38, 39.75, 40.02, 38.6, 39.16, 38.53, 38.13, 39.0, 37.48, 37.45, 38.23, 36.97, 35.83, 38.04, 36.68, 38.03, 36.66, 37.08, 36.53, 37.25, 36.67, 36.84, 36.2, 37.09, 36.01, 36.42, 35.57, 36.15]}