{"train_loss": [2.038142048089932, 1.880977842440972, 1.7912856319011785, 1.7304409210498517, 1.6902379399690872, 1.6554388156303992, 1.6271590235905768, 1.6098603251652839, 1.5886277159055073, 1.5707266569137572, 1.5552555927863487, 1.541662244919019, 1.5272404453693291, 1.5149302559021192, 1.503161201415918, 1.4916273881227542, 1.4803008085642106, 1.4700771502959422, 1.4599333934294871, 1.4455327553626818, 1.4353584845860798, 1.422783469236814, 1.4120265603065492, 1.4010594627796076, 1.3868343289081866, 1.3747116663517096, 1.3628039543445294, 1.3483452619650425, 1.3322070589432349, 1.3170466581980387, 1.3020083558865083, 1.2837334599250403, 1.268289439800458, 1.2535597494015327, 1.2361230770746867, 1.2119317455169483, 1.1970175351852026, 1.1767749717602363, 1.1613689609062978, 1.1368335752915113, 1.116294161020181, 1.095497509607902, 1.0766620422020936, 1.0532729705174764, 1.028677065555866, 1.007142307055302, 0.9875635804274143, 0.9639414767424266, 0.9385772802890875, 0.9230144603130145, 0.7983203768730164, 0.7507311730812758, 0.7294119284703181, 0.7187856770478762, 0.7068083235850701, 0.6934083489271311, 0.6858784729089492, 0.6766587055646456, 0.671141074406795, 0.6611166737018488, 0.6547586515927926, 0.6467778919598995, 0.6392316769330929, 0.6326047517550297, 0.6280259694044407, 0.617277442644804, 0.61398714024287, 0.6061769793430964, 0.6038662869960834, 0.597363389073274, 0.5896181027094524, 0.5847457194939638, 0.5779719942655319, 0.5738925957526916, 0.5706470721807235, 0.5630698061906374, 0.5588159222633411, 0.5522683720558118, 0.5491310643844115, 0.546050380055721, 0.5412410834660897, 0.5356565418915871, 0.5333774722539462, 0.5273563650174019, 0.5223394425251545, 0.5179037231665391, 0.5148165468986218, 0.5095175584157308, 0.5075089123004523, 0.5025016896235637, 0.4953789539826222, 0.49447845969444665, 0.4905931732593439, 0.48934776737139773, 0.4852454627171541, 0.479799659206317, 0.47908236735906357, 0.47352569034466374, 0.47172673222346184, 0.46827728748321534], "test_loss": [1.3943130599975586, 1.2814790451049805, 1.3418179138183595, 1.082594881439209, 0.95758505859375, 0.9434300979614257, 0.9642742164611816, 0.9185085144042969, 0.9744403274536133, 0.8539765884399414, 0.7848145843505859, 0.8206561965942383, 0.795593465423584, 0.7952759704589843, 0.7817286895751954, 0.8248100448608399, 0.7504170318603516, 0.7051034042358398, 0.7980520698547363, 0.7392755569458008, 0.731894287109375, 0.7100226013183594, 0.7388140121459961, 0.7632208641052246, 0.7643811836242675, 0.7547129943847656, 0.7066997619628906, 0.7655049163818359, 0.7442767127990723, 0.775306290435791, 0.7515049102783203, 0.7451289230346679, 0.7963990997314453, 0.7939612373352051, 0.8191507431030274, 0.7460644073486328, 0.8098804084777832, 0.794144231414795, 0.8771109397888184, 0.8358877319335938, 0.8315410972595215, 0.8645690734863282, 0.8719020202636719, 0.8873651596069336, 0.9149788101196289, 0.9129610885620117, 0.965187077331543, 0.9128755462646484, 0.9563885841369629, 1.0254254890441894, 0.9604952278137207, 0.9989745941162109, 0.9933523712158203, 1.0303595420837401, 1.0557996215820313, 1.015480103302002, 1.0474738555908203, 1.0523818580627442, 1.0556221900939942, 1.0943122314453124, 1.089417015838623, 1.0611284225463866, 1.0673995887756347, 1.0889132415771485, 1.0837068954467775, 1.1056650283813476, 1.0736412956237793, 1.098679712677002, 1.0974159133911132, 1.0948377090454102, 1.1213228172302245, 1.133885855102539, 1.1119395164489747, 1.1413164848327637, 1.1320789970397949, 1.158546145629883, 1.1247458152770997, 1.106021824645996, 1.1055498397827148, 1.1391654693603515, 1.1487982177734375, 1.1604045364379882, 1.157319972229004, 1.1375574493408203, 1.1427613540649415, 1.1298352127075195, 1.1508086288452148, 1.1425940742492675, 1.1326345924377441, 1.1223025169372558, 1.1858938446044922, 1.1733183334350585, 1.1780676681518554, 1.1480498619079589, 1.1169666305541992, 1.1912219436645508, 1.154352130126953, 1.1736167366027832, 1.1706308502197265, 1.1893897163391114], "test_acc": [57.0, 62.15, 58.87, 69.28, 75.54, 77.88, 77.09, 78.08, 75.59, 81.64, 82.68, 81.66, 82.29, 83.36, 82.48, 82.35, 83.2, 85.43, 82.29, 84.06, 84.54, 84.44, 84.82, 83.43, 84.5, 83.93, 85.13, 83.81, 84.08, 83.23, 83.76, 83.01, 82.24, 82.62, 82.65, 83.42, 82.07, 82.5, 80.06, 80.31, 80.73, 80.67, 79.47, 78.26, 78.46, 77.59, 76.61, 77.71, 75.76, 74.21, 75.91, 74.31, 74.5, 73.17, 72.23, 73.59, 72.7, 72.26, 72.28, 71.34, 71.25, 72.24, 72.14, 71.13, 70.96, 70.43, 71.54, 70.52, 70.71, 71.01, 70.08, 69.75, 70.33, 68.99, 69.57, 68.89, 69.9, 70.22, 70.19, 69.5, 69.06, 68.83, 68.96, 69.28, 69.54, 69.56, 69.08, 69.23, 69.59, 69.97, 68.09, 68.37, 68.11, 69.41, 70.17, 67.99, 68.79, 68.74, 68.84, 67.73]}