{"train_loss": [2.0045938931978666, 1.8324569689921844, 1.756860284621899, 1.709003634024889, 1.6812742435015164, 1.6571607797573775, 1.6385337881552868, 1.6234832292948014, 1.6112276205649743, 1.598892920750838, 1.585884759670649, 1.577982234954834, 1.5693633400476896, 1.5619634331800998, 1.555392648317875, 1.548787843875396, 1.5432807830663828, 1.5353685904771854, 1.5317349259669963, 1.5245469264495066, 1.520497315052228, 1.515912942091624, 1.5109814500197387, 1.5079820363949508, 1.5025330396798942, 1.4976012774002858, 1.4945926794639, 1.4920705957290454, 1.4852925670452608, 1.4841273216100839, 1.4811737323418641, 1.4751921131060675, 1.475193918056977, 1.471654214308812, 1.467793718056801, 1.464785312077938, 1.4617485844171965, 1.4596003825847919, 1.456936804147867, 1.4533730892034677, 1.451364247004191, 1.4492795033332628, 1.4465926045026534, 1.4438823024431864, 1.4395439221308781, 1.438590643650446, 1.4381949782371521, 1.4334810880514293, 1.4304251903142684, 1.4278418354499034, 1.4070313383371402, 1.3970517959350195, 1.3938732795226267, 1.391339428913899, 1.3892261621279594, 1.3874893616407344, 1.3846826259906475, 1.3830718731268858, 1.382377594556564, 1.3804437191058427, 1.3782947949874096, 1.3768014712211414, 1.374979040867243, 1.3735440767728366, 1.3723549711398588, 1.3708331273152279, 1.3695711392622727, 1.3686745267647964, 1.366773880750705, 1.3650598452641414, 1.3641201930168347, 1.361865827670464, 1.3610311966675979, 1.35972889539523, 1.3578522899211982, 1.3570226761010977, 1.3553817990498664, 1.3543426773486993, 1.3528484099950546, 1.351624308488308, 1.3508003684190604, 1.3487550417582195, 1.3470163085521796, 1.3461686647855318, 1.3452070728326455, 1.3438166859822396, 1.3420237904939896, 1.3408467372258503, 1.340021531092815, 1.3391066804910317, 1.3373087439781581, 1.3368715484937033, 1.3355851335403246, 1.3334431535158402, 1.33294014166563, 1.3315076635434078, 1.3309163857729007, 1.329036855391967, 1.3280930555783785, 1.327459468597021], "test_loss": [1.3231601654052734, 1.174125553894043, 1.0320662696838379, 1.0143234275817872, 0.9811851051330567, 0.8684096069335937, 0.8697663818359375, 0.9440185997009277, 0.8200295379638672, 0.8547307662963867, 0.7648225898742675, 0.7731555389404297, 0.7618245628356933, 0.7149190544128418, 0.7357394248962402, 0.7325246246337891, 0.7204270210266114, 0.6952689628601074, 0.7062641761779785, 0.6787191986083985, 0.7019566467285157, 0.6795379272460937, 0.6857448997497558, 0.7236637687683105, 0.7112000900268555, 0.7089374038696289, 0.6882276359558106, 0.688039818572998, 0.675949959564209, 0.6645788475036621, 0.6561383689880371, 0.6798949577331543, 0.689581918334961, 0.6679588005065918, 0.688509765625, 0.6609013854980469, 0.6850568267822266, 0.6799594253540039, 0.6868979011535644, 0.6698535346984863, 0.6924099426269531, 0.6969034225463867, 0.6766670951843262, 0.6901843132019043, 0.688996337890625, 0.6856087249755859, 0.6864400520324707, 0.7092124099731445, 0.7076211204528808, 0.6957762382507324, 0.675385343170166, 0.6805909782409668, 0.6807276390075684, 0.6760311408996582, 0.6687729568481445, 0.6849052024841309, 0.678483699798584, 0.6872115653991699, 0.6823818244934082, 0.6910935485839844, 0.6905882820129394, 0.6912469970703125, 0.6840250999450683, 0.7025382698059082, 0.7003418357849122, 0.7101271583557129, 0.7086229560852051, 0.7039577995300293, 0.7003806587219238, 0.7149946479797363, 0.7033416931152344, 0.7064289588928223, 0.7231868011474609, 0.7155720108032226, 0.7081574378967285, 0.7277859558105468, 0.7173305587768555, 0.7194813301086426, 0.7084879539489746, 0.7067402702331543, 0.7188873237609863, 0.7094828330993652, 0.7232994789123535, 0.7216584419250488, 0.7057574615478516, 0.7274872192382813, 0.7097881744384765, 0.7039367698669433, 0.7289348121643067, 0.709663380432129, 0.7145206001281739, 0.7292249183654785, 0.7051101676940918, 0.7197350875854492, 0.718807633972168, 0.7181450996398926, 0.7257623886108399, 0.7295225067138672, 0.7100805717468262, 0.7254639129638671], "test_acc": [59.21, 68.24, 73.41, 75.79, 78.09, 80.5, 79.96, 79.67, 83.07, 82.28, 86.49, 86.51, 86.79, 87.75, 87.6, 86.2, 87.17, 89.01, 88.56, 89.0, 87.56, 88.73, 89.31, 88.46, 88.98, 88.31, 89.48, 90.16, 89.67, 89.65, 89.54, 89.03, 89.49, 89.29, 88.96, 89.39, 89.29, 89.12, 89.39, 89.5, 89.8, 89.11, 89.04, 89.89, 89.59, 89.26, 89.34, 89.18, 89.03, 89.08, 90.46, 90.48, 90.28, 90.35, 90.23, 90.26, 90.31, 90.05, 90.0, 89.8, 89.83, 89.95, 89.82, 89.42, 89.62, 89.32, 89.35, 89.01, 89.2, 88.98, 89.18, 89.08, 88.7, 88.75, 88.65, 88.47, 88.48, 88.7, 88.79, 88.8, 88.51, 88.71, 88.55, 88.42, 88.55, 87.88, 88.21, 88.51, 87.89, 88.18, 88.21, 87.79, 88.39, 88.18, 88.09, 88.06, 87.9, 87.93, 88.13, 87.53]}