{"train_loss": [2.226866636520777, 2.1719256590574214, 2.146892513372959, 2.130910938825363, 2.121001357298631, 2.113047847381005, 2.1068215865355273, 2.101833330056606, 2.097944941276159, 2.09416639927106, 2.0901849783383883, 2.0874069672364457, 2.0849189947812987, 2.082970808713864, 2.0806194085341234, 2.0778257944645024, 2.076752101458036, 2.07449361544389, 2.072733556918609, 2.070961087789291, 2.070045696160732, 2.068633847970229, 2.06714926132789, 2.0653102489618154, 2.0643520819835173, 2.0629731092697536, 2.0615687896043826, 2.061146846184364, 2.060075022624089, 2.0593926918812286, 2.058289053501227, 2.0570188699624476, 2.056376911432315, 2.055660597483317, 2.054622173920656, 2.0542991045193792, 2.0533024152119954, 2.0529282013575236, 2.0512377506647352, 2.0514018254402355, 2.0501299576881604, 2.0504006025118704, 2.0493782923771784, 2.04877485984411, 2.0485254061527742, 2.047396714870746, 2.0470878442128497, 2.0472721833449143, 2.0458894478969083, 2.045719014069973, 2.040018974817716, 2.0380689608745084, 2.0368925149624166, 2.0362308887334972, 2.0356869037334735, 2.035130284382747, 2.034466185936561, 2.0341966506762383, 2.0338096551406077, 2.033494656513899, 2.0330959411767813, 2.0325710898790605, 2.032191329735976, 2.0317991562378714, 2.0312621605701935, 2.03127336930006, 2.0308484743802975, 2.030634842774807, 2.0301807953761175, 2.0298188356252815, 2.029426841246776, 2.0291831591190435, 2.0287010914240127, 2.0285828804358457, 2.0280698898511056, 2.027712193513528, 2.027420589251396, 2.027085110468742, 2.026552557333922, 2.026222587854434, 2.0261360040077796, 2.025798539014963, 2.0254111882967827, 2.0249184623742713, 2.0247360908068144, 2.0240451983916454, 2.023837005175077, 2.023560140683101, 2.02326218409416, 2.023096099266639, 2.0223629285127687, 2.022111959946461, 2.021848132671454, 2.0215174100337885, 2.0214717485965825, 2.020748162880922, 2.0203880383418156, 2.0201639322134164, 2.0197647699942958, 2.019555851740715], "test_loss": [1.6160115600585938, 1.5085764984130858, 1.4485970932006835, 1.416778694152832, 1.4443845886230469, 1.3054985244750976, 1.2867592178344727, 1.3257239547729491, 1.2421918563842773, 1.2623300567626954, 1.227955628967285, 1.244203109741211, 1.2028065887451171, 1.2171863082885743, 1.190615168762207, 1.210270506286621, 1.1593693237304687, 1.1699303665161134, 1.1817098999023437, 1.1742644577026367, 1.1835488540649415, 1.2057623718261719, 1.1723313339233399, 1.168208383178711, 1.2153568328857423, 1.1484053741455078, 1.145636685180664, 1.1684198333740234, 1.1405254943847656, 1.1382424057006837, 1.1511154479980468, 1.141345391845703, 1.1575968795776368, 1.14201856842041, 1.1545181610107422, 1.1510591857910155, 1.155984521484375, 1.1510158950805665, 1.1531878662109376, 1.1469677505493163, 1.1703008392333984, 1.1573947219848633, 1.1389497604370118, 1.1445525115966797, 1.152189094543457, 1.137556072998047, 1.1538551849365235, 1.1393869216918946, 1.1645334655761719, 1.1505716705322266, 1.141326676940918, 1.142429704284668, 1.1425064559936524, 1.1415808792114257, 1.139028872680664, 1.147253057861328, 1.1485452041625976, 1.1531943664550781, 1.1546284332275392, 1.1524566986083984, 1.1619427551269532, 1.1633235229492187, 1.1589596099853516, 1.163830157470703, 1.1577026245117188, 1.1629260604858398, 1.1721918563842773, 1.1683271072387695, 1.168189990234375, 1.1710915939331055, 1.1725283660888672, 1.169303189086914, 1.1790295059204101, 1.181093264770508, 1.1782376159667969, 1.179674185180664, 1.177866455078125, 1.1750030807495118, 1.1777221664428712, 1.175893898010254, 1.183428450012207, 1.1752389404296875, 1.1885464614868164, 1.1940792373657227, 1.18139853515625, 1.1878110961914063, 1.180384310913086, 1.184301661682129, 1.1834356719970702, 1.1877442642211915, 1.1795570877075194, 1.1914272933959962, 1.1815471893310547, 1.1938502563476563, 1.1798742218017577, 1.1908658035278321, 1.1980426559448243, 1.2195518127441407, 1.182753010559082, 1.2014143859863282], "test_acc": [60.26, 70.95, 72.3, 75.46, 74.54, 80.25, 80.22, 80.72, 83.55, 84.61, 86.76, 85.5, 86.82, 86.74, 87.85, 86.05, 88.19, 88.51, 88.7, 88.05, 87.89, 88.26, 88.88, 89.65, 87.78, 89.68, 89.65, 89.23, 90.05, 89.3, 89.25, 90.17, 89.71, 89.79, 88.55, 88.94, 89.56, 89.63, 89.91, 89.76, 90.03, 90.13, 90.24, 90.02, 90.14, 89.96, 89.56, 89.89, 89.52, 90.25, 91.37, 91.37, 91.34, 91.18, 91.3, 90.91, 90.98, 90.96, 90.83, 90.57, 90.7, 90.52, 90.47, 90.36, 90.62, 90.27, 90.27, 90.17, 89.98, 89.89, 89.92, 90.06, 89.51, 89.34, 89.21, 89.22, 89.13, 89.29, 89.23, 89.06, 88.95, 88.97, 88.8, 88.68, 88.69, 88.55, 88.45, 88.33, 88.5, 88.16, 88.28, 88.08, 88.4, 87.75, 87.97, 88.02, 87.86, 87.29, 88.09, 87.45]}