{"train_loss": [2.2701721619337034, 2.241487224896749, 2.224435835618239, 2.211703886741247, 2.2022604911755295, 2.1939446449279787, 2.186446337822156, 2.181547125791892, 2.1756581868880835, 2.1713955506300313, 2.1684816054808786, 2.164730698023087, 2.161303330690433, 2.157933408786089, 2.1548760297970895, 2.1520818789800007, 2.149606029803936, 2.1459043490581022, 2.14364847831237, 2.1405310386266465, 2.13849227978633, 2.1358091085385054, 2.133085198280139, 2.1299037780517187, 2.1269678690494636, 2.124477936060001, 2.1211977848639854, 2.1184132013565455, 2.1144537827907466, 2.1113629096593614, 2.1076048270249976, 2.104188504585853, 2.100125103730422, 2.0968992019310977, 2.0931861345584575, 2.0879269233116737, 2.0846128512651494, 2.0803340049890373, 2.0764876301472004, 2.0712639515216535, 2.067346988580166, 2.0634100718375965, 2.058658301524627, 2.05388696377094, 2.049150742017306, 2.043810800099984, 2.0394589653381936, 2.035172590231284, 2.031411261130602, 2.025791108608246, 1.9938133976398371, 1.9808699699548575, 1.9757018003708278, 1.9716201384862264, 1.9679992868350102, 1.9648066432048112, 1.9621113563195254, 1.9595336718437, 1.9557878949703313, 1.9540299088526996, 1.9517284650069016, 1.9498687426249186, 1.9485725081883944, 1.9468147274775383, 1.9433652691352061, 1.941937809724074, 1.939142981859354, 1.9374205448688604, 1.9360495836306841, 1.9351870955565036, 1.93192456196516, 1.9312829020695808, 1.9294325122466454, 1.9276184189013945, 1.925009915156242, 1.924436382146982, 1.9222817650208106, 1.9212033910629076, 1.9186426217739398, 1.9181494208482595, 1.9162170379589765, 1.9151208266233786, 1.9141268983865396, 1.9128033017500854, 1.9109102172729298, 1.9082207939563653, 1.9064185961698874, 1.9059613062785221, 1.9044588373257563, 1.9043469529885513, 1.9016802916159996, 1.9008083395468882, 1.8992460840787644, 1.897348045080136, 1.8965268183977175, 1.8941399562053192, 1.8939377839748677, 1.8922694631111927, 1.891397306857965, 1.8900690543345915], "test_loss": [1.861626414489746, 1.7542930709838866, 1.7173056228637695, 1.6261501419067383, 1.5511574829101562, 1.5184557708740234, 1.533929721069336, 1.5141893264770507, 1.5054620407104493, 1.463695606994629, 1.4311777542114257, 1.4744879119873047, 1.4485888931274413, 1.3829072494506836, 1.3961128753662109, 1.398479005432129, 1.375315412902832, 1.4285599472045898, 1.3658050872802734, 1.3498000045776368, 1.3745916931152344, 1.3556088775634765, 1.3558083862304688, 1.3424710266113282, 1.347773016357422, 1.373464828491211, 1.379020216369629, 1.361046501159668, 1.3398719619750976, 1.3281903762817382, 1.3769137817382813, 1.3436086318969727, 1.3757210708618164, 1.3537584548950194, 1.3663708389282228, 1.3352301391601562, 1.3647911727905273, 1.3957322540283204, 1.386286196899414, 1.3563288925170898, 1.41776083984375, 1.409191000366211, 1.3862666839599609, 1.3890116241455077, 1.3848376708984376, 1.4409733596801757, 1.4594708709716797, 1.4443305847167969, 1.3889731857299805, 1.433469920349121, 1.4342964889526366, 1.4579856384277343, 1.476009945678711, 1.4691918487548827, 1.4716444137573241, 1.4550657104492188, 1.4669508743286133, 1.483477391052246, 1.4778403564453124, 1.4901098434448241, 1.504831983947754, 1.4920039382934571, 1.4956695999145508, 1.497593424987793, 1.516449005126953, 1.5153193588256837, 1.518854522705078, 1.5413984985351563, 1.5277818634033202, 1.5105789764404296, 1.5337239868164063, 1.518933528137207, 1.5056202941894532, 1.5174351852416992, 1.5127035995483398, 1.535831820678711, 1.5323694946289061, 1.5361081771850587, 1.50494669342041, 1.5117981552124022, 1.5330506103515624, 1.518773893737793, 1.5610573150634766, 1.5699459243774414, 1.5377348724365234, 1.5649051406860353, 1.5374046585083008, 1.5322380798339843, 1.5480247680664063, 1.5418543075561524, 1.5616819961547852, 1.552558837890625, 1.5814891571044922, 1.5741252319335937, 1.5337436340332031, 1.5658940032958983, 1.5462895904541016, 1.5726620376586915, 1.5778348236083983, 1.5508862396240235], "test_acc": [49.65, 58.21, 61.73, 66.07, 71.88, 73.45, 71.23, 75.52, 75.88, 79.48, 79.34, 80.36, 79.06, 81.17, 82.39, 80.8, 81.29, 82.06, 82.89, 84.57, 82.11, 83.1, 81.45, 83.47, 82.8, 84.09, 82.76, 82.08, 83.28, 82.91, 82.58, 82.3, 82.17, 81.58, 80.12, 80.56, 80.78, 80.32, 79.39, 79.39, 78.22, 78.14, 78.2, 76.11, 76.3, 74.39, 74.24, 73.72, 75.05, 73.49, 71.39, 70.16, 68.67, 69.11, 68.62, 68.72, 68.33, 67.23, 67.27, 66.4, 65.51, 66.27, 66.06, 65.74, 64.74, 64.69, 64.54, 63.59, 64.0, 64.4, 63.3, 64.05, 64.47, 63.91, 63.96, 63.0, 63.14, 62.96, 63.79, 63.64, 62.36, 63.26, 61.13, 60.79, 62.08, 61.05, 62.32, 61.9, 61.37, 62.08, 60.86, 61.16, 59.76, 59.93, 61.81, 60.48, 60.85, 59.96, 59.7, 60.9]}