{"train_loss": [2.279096926175631, 2.2560450786199326, 2.2425452458552826, 2.231328640228663, 2.2231650639802982, 2.2160157521565753, 2.21037992086166, 2.206088884671529, 2.201969425494854, 2.197532933797592, 2.194421195372557, 2.1913107603024216, 2.188341423792717, 2.186302768267118, 2.1834461010419406, 2.1807495422852345, 2.1782346016321426, 2.175997490149278, 2.173206268212734, 2.1706125919635477, 2.1686485388340095, 2.1668976361934957, 2.1637514915221776, 2.1605902653474076, 2.1582760835305237, 2.155106585453718, 2.1526081311397065, 2.1488931998228415, 2.1452815538797623, 2.142029600877028, 2.1383938459249645, 2.1343913298386794, 2.1307667677219095, 2.126983236043881, 2.1226704102296097, 2.1176193347344032, 2.1144631220744206, 2.109638928144406, 2.103399276122069, 2.099114170441261, 2.0946259278517503, 2.09014592843178, 2.0845518099956024, 2.078893844286601, 2.072904127683395, 2.0692897426776398, 2.0628492028285295, 2.057678551551623, 2.0523014132793134, 2.0465004835373315, 2.0118636421668223, 1.99716461621798, 1.9916809204297188, 1.9869608408365493, 1.9838892655494886, 1.98024197327785, 1.977891888985267, 1.9748739563501798, 1.9714334500141633, 1.9699647072034003, 1.9674933647498107, 1.9645743049108064, 1.9622710139323503, 1.9607948526357992, 1.959005207893176, 1.9564132769902547, 1.9540076870184677, 1.9528304882538625, 1.9505024216113946, 1.948637381883768, 1.9471415229332754, 1.9450047242335784, 1.9430715527289952, 1.9415333414689089, 1.9387572144850707, 1.9377170859239041, 1.936208896453564, 1.9336077592311762, 1.9324518222075242, 1.9312115611174168, 1.9286431740491818, 1.9271292842351473, 1.9263502423579877, 1.925406565116002, 1.9237764303500835, 1.920869233363714, 1.9195834462459271, 1.9183268562341347, 1.9168174242361997, 1.9166798845315591, 1.9142622797917097, 1.912502183363988, 1.911347464720408, 1.9095707963674495, 1.9078004910395696, 1.9075736158933394, 1.905736829378666, 1.9036069601010053, 1.9028967139048454, 1.901955964932075], "test_loss": [1.9200175247192384, 1.8257398544311523, 1.7324364776611327, 1.6744168853759767, 1.6457780044555663, 1.622421859741211, 1.564184962463379, 1.5633207595825196, 1.6031024703979493, 1.5267617752075195, 1.5455749649047852, 1.4999149444580078, 1.4551623748779297, 1.5417532501220703, 1.468184700012207, 1.4571757476806642, 1.4101217575073242, 1.4677438674926757, 1.4435640213012695, 1.4317678817749024, 1.4155302932739258, 1.4091919784545899, 1.4592903137207032, 1.4062275283813477, 1.4110860458374024, 1.4235378952026367, 1.3712976333618163, 1.4298826293945313, 1.4233470321655273, 1.4566358245849609, 1.3647386505126953, 1.3921777770996093, 1.4276520874023437, 1.4332530715942382, 1.4217188125610352, 1.420287237548828, 1.478363719177246, 1.4457783279418945, 1.4481267211914062, 1.4466800643920898, 1.4645201599121094, 1.4509990112304687, 1.4304913360595704, 1.4733679275512694, 1.454451174926758, 1.464438459777832, 1.4730275848388672, 1.524488751220703, 1.5717588775634765, 1.4653835571289062, 1.5569068771362304, 1.5615746826171875, 1.5599671478271484, 1.565837675476074, 1.5790287246704102, 1.5693092498779297, 1.583628759765625, 1.5838895080566406, 1.605217921447754, 1.5985357360839845, 1.5913743438720702, 1.5966054214477539, 1.6106610549926759, 1.6173333267211913, 1.5868457412719728, 1.6276070999145509, 1.6126415237426759, 1.6273917236328126, 1.652771063232422, 1.6203469009399414, 1.6182505584716798, 1.6118358169555664, 1.6199669509887695, 1.6362877563476563, 1.6165086807250977, 1.6281039657592773, 1.636466163635254, 1.6223349502563476, 1.6538232467651368, 1.6382868957519532, 1.6322878280639648, 1.656799493408203, 1.6506733215332032, 1.6614651489257812, 1.6588076538085939, 1.6428268356323241, 1.6196416625976562, 1.6411812240600585, 1.673071974182129, 1.6357388412475586, 1.6260528121948241, 1.6658523483276366, 1.6645436599731445, 1.6507022567749023, 1.6800586959838868, 1.6559108810424805, 1.6370128829956054, 1.6625725158691407, 1.6582978469848633, 1.6698287109375], "test_acc": [41.92, 50.51, 58.62, 63.73, 69.31, 66.97, 73.64, 71.42, 71.45, 75.56, 75.38, 75.24, 77.45, 76.88, 77.86, 80.13, 81.72, 75.84, 79.95, 80.67, 81.36, 81.35, 80.85, 82.99, 81.73, 80.94, 82.62, 80.86, 79.37, 78.69, 81.3, 80.35, 79.65, 79.45, 79.23, 78.18, 77.13, 78.05, 76.33, 75.94, 74.83, 75.86, 74.91, 74.3, 73.41, 72.86, 71.01, 68.54, 67.12, 69.77, 64.8, 63.88, 63.76, 63.32, 62.66, 62.44, 61.91, 61.83, 60.87, 60.85, 61.02, 60.63, 59.92, 59.59, 60.77, 59.06, 59.44, 59.24, 57.17, 58.87, 58.87, 58.96, 58.68, 57.9, 58.7, 58.17, 57.6, 58.35, 56.89, 57.03, 57.22, 55.87, 56.67, 56.21, 56.07, 56.61, 57.97, 56.97, 55.29, 57.05, 57.32, 55.36, 55.61, 56.11, 54.51, 55.69, 56.7, 55.14, 55.7, 54.97]}