{"train_loss": [2.3095881553796622, 2.3008779709155744, 2.2975571607932066, 2.2953333493990775, 2.293710564955687, 2.2919954085961365, 2.2901002058616053, 2.289133354333731, 2.287732718541072, 2.285800781005468, 2.2841446387462128, 2.2835911830266316, 2.2816332823190932, 2.28113771157387, 2.279650200941624, 2.278634823896946, 2.27679821955852, 2.276215847944602, 2.2746922658039974, 2.273047833564954, 2.2718351590327726, 2.2703976802336863, 2.268870304792355, 2.2672334970572057, 2.2656715515332344, 2.26400142571865, 2.262935517384456, 2.2607065280278524, 2.258955044624133, 2.2578367355542306, 2.2543385261144393, 2.252090548246335, 2.2494798122308195, 2.2468595217435787, 2.24380212196937, 2.239810392795465, 2.2365520532314593, 2.231015272018237, 2.2273536743261877, 2.2215256336407783, 2.216166353225708, 2.2100634146959353, 2.2033074892484223, 2.1954063067069423, 2.187058213429573, 2.180001861621172, 2.1701684957895524, 2.159456335581266, 2.148630554248125, 2.1387746101770646, 2.0800779403784335, 2.0600018761096854, 2.0517610238148616, 2.0432037115097046, 2.0371617775696973, 2.0321721926713603, 2.0263041792771754, 2.0219169341600858, 2.016781885807331, 2.0118646196829966, 2.0098705689112344, 2.003585884815607, 1.9992924292882284, 1.9958980679512024, 1.9913890731640351, 1.9885659648821905, 1.9841559208356416, 1.9809251779165022, 1.976238415791438, 1.9714805205663046, 1.966519684669299, 1.9645640425193005, 1.9610394859925295, 1.9574249643545885, 1.9525608548751243, 1.9490539297079428, 1.94275441689369, 1.9398378729820251, 1.9365741524940883, 1.9331888223305727, 1.9293400128682454, 1.9276050830498719, 1.9219797605123274, 1.9199475697982005, 1.914558079609504, 1.9101210022583985, 1.9076199647707817, 1.9034234282297966, 1.9010868806105394, 1.896369971984472, 1.8933068250998473, 1.8906141394223923, 1.8875506043434143, 1.8827197670936584, 1.8790571762965276, 1.8740887434054643, 1.872385102051955, 1.8700825211329337, 1.8674856604673924, 1.8632748570197668], "test_loss": [2.1459319305419924, 2.136536846923828, 2.11209264831543, 2.096928240966797, 2.0289856231689454, 2.0250890533447268, 2.0019173736572267, 2.0074011138916017, 1.986033253479004, 1.9779286895751953, 2.0010399841308595, 1.9254679885864259, 1.9403413528442384, 1.9462853012084962, 1.9103236541748048, 1.9029398132324218, 1.8866139877319337, 1.9167644485473634, 1.8737202545166016, 1.8771705932617186, 1.8751296997070312, 1.8642095947265624, 1.8780667373657227, 1.8272010284423827, 1.8505920166015626, 1.8223514038085937, 1.8412441253662108, 1.8123828231811523, 1.8351088790893555, 1.7854232192993165, 1.7580250930786132, 1.7859778091430665, 1.8011422882080077, 1.7578984649658203, 1.8048770233154297, 1.7878555374145508, 1.7858050827026368, 1.8084516357421876, 1.7999728546142577, 1.8361809310913086, 1.7825926391601563, 1.8179379821777344, 1.8061753829956055, 1.767481039428711, 1.8106327835083007, 1.8228650772094726, 1.852721287536621, 1.8376408172607421, 1.7948813705444335, 1.845536164855957, 1.9167748596191405, 1.9500598098754882, 1.9465619583129883, 1.9532962326049805, 1.9755555862426757, 1.9749874343872071, 1.989594157409668, 1.993645445251465, 1.9893538528442383, 1.9919233520507813, 1.9958496353149413, 2.0293713790893553, 1.9976203063964844, 2.0004508392333986, 2.04462326965332, 2.0195554428100584, 2.0212598037719727, 2.0495445541381834, 2.0622054000854493, 2.0578621505737305, 2.0543754501342772, 2.0434793167114256, 2.068692761230469, 2.059206057739258, 2.0466225845336914, 2.066417855834961, 2.0843246520996095, 2.074961346435547, 2.081541630554199, 2.0863373046875, 2.072280209350586, 2.0976513626098634, 2.084510711669922, 2.076507441711426, 2.088374864196777, 2.127656509399414, 2.133059490966797, 2.1001875030517576, 2.140884362792969, 2.1179640686035155, 2.1322749267578125, 2.117131706237793, 2.113826155090332, 2.118678666687012, 2.125018939208984, 2.126674674987793, 2.1164279769897463, 2.1452394012451173, 2.1455664962768553, 2.145152407836914], "test_acc": [31.1, 33.35, 36.79, 29.87, 43.09, 48.22, 43.57, 48.31, 53.91, 50.76, 53.39, 55.02, 56.51, 57.77, 59.79, 62.35, 56.1, 59.75, 61.99, 63.65, 62.82, 63.9, 64.46, 64.62, 66.49, 65.85, 62.94, 65.28, 61.59, 65.59, 64.98, 66.04, 64.81, 65.84, 61.06, 62.28, 61.21, 60.69, 60.52, 57.74, 57.44, 57.82, 56.51, 56.9, 52.56, 51.95, 50.18, 50.09, 50.05, 46.51, 41.56, 39.61, 39.72, 38.91, 38.18, 37.95, 37.11, 36.89, 36.88, 37.07, 36.83, 35.2, 36.89, 36.75, 34.47, 35.31, 35.59, 34.24, 33.6, 34.08, 34.04, 34.49, 33.79, 33.94, 34.47, 33.56, 33.03, 33.6, 33.35, 32.87, 33.8, 32.31, 33.17, 33.68, 32.93, 30.88, 31.23, 32.29, 30.33, 31.57, 31.17, 31.84, 31.72, 31.84, 31.43, 31.72, 31.64, 30.24, 30.9, 30.66]}