{"train_loss": [2.31490622483767, 2.308092449261592, 2.3066403810794536, 2.3062397840695503, 2.3062134547111315, 2.305195957575089, 2.30543798605601, 2.3038089030828233, 2.303841197796357, 2.303353387270218, 2.3032027379060405, 2.3027225359892234, 2.3022754351298014, 2.3024134195767916, 2.3016259517425146, 2.3015743964757673, 2.300889024367699, 2.3009281268486608, 2.3000261814166336, 2.3001053388302144, 2.299668386654976, 2.2985179210320497, 2.2984264648877657, 2.2982548988782443, 2.2974719340984637, 2.297263144224118, 2.296272465510246, 2.2956236319664196, 2.2946845574256702, 2.2941364832413504, 2.2936724302096243, 2.2926411824348647, 2.2921077373700265, 2.290931515204601, 2.290326043887016, 2.288885403902103, 2.2879131072606795, 2.286234054809962, 2.28524810839922, 2.283558266590803, 2.2822628076259908, 2.280330182955815, 2.278200058448009, 2.275509250469697, 2.272942872536488, 2.270422272804456, 2.2665324131647746, 2.2630919884412717, 2.2590318099046365, 2.254165475185101, 2.2298807975573416, 2.2186901074189405, 2.21363953382541, 2.2090762920868703, 2.205800950832856, 2.203629401402596, 2.200104495806572, 2.1980539004007977, 2.1949653460429266, 2.190733509797316, 2.189044797114837, 2.185248763133318, 2.1822749021725776, 2.1812550495832395, 2.1774350533118616, 2.174993141492208, 2.1715560130583933, 2.169424060674814, 2.1666229565938315, 2.1638700314057178, 2.1604276198607226, 2.1580993462831546, 2.155452156678224, 2.152352470006698, 2.150700865036402, 2.1466824549895067, 2.1426245304254383, 2.1406028258494842, 2.1376159747441608, 2.13448306902861, 2.130069097494468, 2.1278099237344206, 2.124708906809489, 2.121794610757094, 2.1173218647638956, 2.113890343445998, 2.1112595772131897, 2.107645020729456, 2.1039976700758323, 2.1025176353943653, 2.097793475175515, 2.094487984975179, 2.091029494236677, 2.087438526520362, 2.0860243210425744, 2.0811290166316887, 2.0770716404303524, 2.073769527215224, 2.0701193341842066, 2.066057988924858], "test_loss": [2.245178201293945, 2.2473837646484376, 2.218746157836914, 2.2237243957519532, 2.2146375427246094, 2.210050067138672, 2.2149511932373045, 2.211149380493164, 2.205161618041992, 2.2076807403564453, 2.1781360809326173, 2.2016375396728516, 2.193402062988281, 2.186111734008789, 2.1373501068115233, 2.1798248962402345, 2.169937829589844, 2.1636643463134764, 2.149883560180664, 2.1497479614257813, 2.1543942626953125, 2.1457919494628905, 2.143253775024414, 2.1382409606933592, 2.136633459472656, 2.1185376007080077, 2.131242153930664, 2.116451626586914, 2.1319590515136717, 2.1185927001953124, 2.128086959838867, 2.095125064086914, 2.0922741302490233, 2.0849043518066406, 2.092933041381836, 2.092040560913086, 2.095189334106445, 2.0701550018310546, 2.0735516143798827, 2.0731631072998047, 2.071953747558594, 2.053058563232422, 2.0614791412353517, 2.0713412811279297, 2.0654274566650392, 2.0603825622558594, 2.0923941680908205, 2.087679748535156, 2.083430682373047, 2.0626719299316405, 2.082949479675293, 2.087203927612305, 2.1039150665283204, 2.095433851623535, 2.1080952926635743, 2.112778533935547, 2.115433645629883, 2.1230320404052736, 2.1207601776123046, 2.1265063171386718, 2.1323104919433593, 2.131277328491211, 2.129253079223633, 2.1333254272460938, 2.1453017974853514, 2.1440569305419923, 2.1478278594970703, 2.1462888244628906, 2.157686245727539, 2.1667221557617187, 2.1663208709716795, 2.1683116180419924, 2.1709012115478514, 2.1624534423828123, 2.17444260559082, 2.180075552368164, 2.1894800231933593, 2.191168942260742, 2.1921209686279295, 2.188216943359375, 2.194382385253906, 2.195172741699219, 2.1917431732177732, 2.2062232666015626, 2.2106013793945314, 2.2007088897705076, 2.211950180053711, 2.220002456665039, 2.209199673461914, 2.2162413787841797, 2.2475635925292967, 2.2286506896972655, 2.2349354217529296, 2.2339267028808596, 2.242244845581055, 2.248844616699219, 2.260356622314453, 2.244274798583984, 2.2563061828613282, 2.260584963989258], "test_acc": [17.57, 10.75, 20.9, 19.2, 26.08, 24.16, 28.27, 28.27, 29.3, 23.6, 34.64, 28.85, 30.76, 26.06, 39.36, 39.37, 40.4, 37.57, 35.94, 40.4, 39.95, 44.75, 45.52, 44.51, 40.58, 44.58, 41.38, 46.18, 46.74, 44.91, 42.59, 45.46, 47.32, 45.25, 44.62, 43.84, 45.14, 44.96, 45.82, 44.59, 43.85, 45.45, 42.7, 40.99, 42.72, 41.86, 36.33, 35.23, 34.85, 35.48, 31.55, 30.79, 28.91, 29.87, 28.8, 28.36, 27.59, 27.47, 27.34, 27.04, 26.84, 26.44, 27.07, 26.43, 25.61, 25.78, 25.65, 25.57, 24.87, 24.55, 24.71, 24.16, 23.97, 24.76, 23.77, 23.6, 23.05, 22.95, 22.98, 23.25, 23.1, 22.78, 23.15, 22.76, 22.22, 22.84, 22.55, 21.75, 22.31, 22.47, 20.75, 21.68, 21.79, 21.63, 21.23, 21.17, 20.56, 21.3, 21.03, 20.51]}