{"train_loss": [2.2006746952350325, 2.130831724558121, 2.09887322645921, 2.0770746995241214, 2.0644984972782625, 2.054812305401533, 2.0464515236707834, 2.0398572943149467, 2.034949834224505, 2.0297250964702704, 2.024506780428764, 2.021168397634457, 2.0177956853157433, 2.0149932146072387, 2.0116663196148017, 2.0089008670586805, 2.007502715098552, 2.0035411128631004, 2.0020705819129945, 1.9999545482488779, 1.9980401476224263, 1.9955648229672358, 1.9942291134443038, 1.9928407176946983, 1.9907194840602385, 1.9898424350298367, 1.9873734544485042, 1.9865249141668662, 1.9852231193811465, 1.984023496737847, 1.9832145428046202, 1.9813980255371486, 1.9804508958107385, 1.9795462700036857, 1.9783491415855212, 1.9783146155186189, 1.9766668652876829, 1.975573874436892, 1.9749412389901968, 1.9740251324115656, 1.973089546423692, 1.9725719234882257, 1.9716761326178527, 1.9707139706000303, 1.9703198393185934, 1.969114749553876, 1.9690913885067671, 1.9685950413728373, 1.9670828559459783, 1.9668393248166793, 1.959924920094319, 1.9563509066899618, 1.9550997987771646, 1.9543082683514326, 1.9536372835819538, 1.952877254363818, 1.9519697984059652, 1.951450256812267, 1.9513025467212384, 1.9508430872208034, 1.9499988268583248, 1.9496777613957723, 1.949096224246881, 1.948545365761488, 1.947879384419857, 1.9475575926976325, 1.9474503132013175, 1.9469877900221408, 1.9466371319232842, 1.946056525523846, 1.945361763697404, 1.9448605522131308, 1.9446288359470856, 1.9440695466139377, 1.9436741929787855, 1.9429583231608072, 1.9426706561675438, 1.9422966006474618, 1.9415720536158636, 1.9413444479306539, 1.941105221479367, 1.9404489798423572, 1.9401131691076816, 1.9397013016236133, 1.939067167807848, 1.9383466815337156, 1.9383262753486634, 1.937540961840214, 1.9374727414204524, 1.9370714679742471, 1.9364013289793944, 1.9360159213726338, 1.9355453436191266, 1.935213285837418, 1.9345519457107936, 1.9339785071519704, 1.9337391492648002, 1.933190555144579, 1.9330551248330337, 1.9324977452938372], "test_loss": [1.5891432556152343, 1.4266859329223633, 1.3894630249023439, 1.336481610107422, 1.3229241821289062, 1.2108407577514648, 1.184529458618164, 1.2864154998779296, 1.1366685668945313, 1.1896617767333983, 1.1298173370361329, 1.1251007698059081, 1.1277403945922853, 1.1120515579223633, 1.0968843017578125, 1.1275916549682616, 1.0674632385253906, 1.0719771118164063, 1.087100653076172, 1.0866433906555175, 1.064649878692627, 1.051774368286133, 1.0690342460632325, 1.0668453727722167, 1.0890789726257324, 1.0605987968444823, 1.0514297622680664, 1.0652506217956543, 1.037057999420166, 1.0486533714294433, 1.0403737503051758, 1.0681039962768555, 1.0536398178100586, 1.0416557197570802, 1.0558300178527833, 1.0371311866760253, 1.0458842491149902, 1.0631914894104004, 1.0495969573974608, 1.0408686752319336, 1.0686240524291992, 1.0724321327209472, 1.0403152969360352, 1.0609586334228516, 1.0536762275695801, 1.0387400131225586, 1.0587772537231446, 1.0610913330078124, 1.0508490928649903, 1.0610038391113281, 1.0394830726623536, 1.0422080940246583, 1.0457052047729491, 1.0369595512390137, 1.0338343185424805, 1.0476055503845214, 1.0476388778686523, 1.0527125617980957, 1.0512720817565917, 1.0496906860351563, 1.0588995651245117, 1.0588090423583985, 1.0541448913574218, 1.065648560333252, 1.0587486763000489, 1.0655134666442871, 1.0768935699462892, 1.0638403800964356, 1.0660751586914063, 1.0740165313720702, 1.0773365135192872, 1.0684271026611327, 1.0761439338684082, 1.0807356155395509, 1.0757319847106934, 1.084513705444336, 1.0833851722717285, 1.0795129753112793, 1.0849171615600586, 1.074989005279541, 1.0826582138061522, 1.0844163032531737, 1.094865827178955, 1.0869535217285156, 1.0827628204345703, 1.0928773567199708, 1.088236240386963, 1.0862562423706055, 1.0953162406921386, 1.0817421035766601, 1.0933690734863282, 1.1031220825195311, 1.0842609603881836, 1.091248053741455, 1.092847998046875, 1.0844824226379395, 1.0960841102600098, 1.1051106986999513, 1.083631886291504, 1.0994108963012694], "test_acc": [57.79, 71.02, 73.0, 75.87, 77.34, 81.34, 80.9, 77.85, 84.27, 84.05, 86.79, 86.63, 85.63, 87.24, 87.81, 85.45, 87.47, 88.42, 88.06, 88.4, 88.68, 89.99, 89.17, 89.28, 88.51, 89.26, 88.94, 90.14, 90.24, 89.51, 89.8, 88.67, 89.91, 89.16, 88.81, 89.71, 89.79, 89.62, 90.0, 90.07, 89.98, 88.79, 89.88, 89.4, 90.12, 90.17, 89.61, 89.57, 90.51, 89.48, 91.04, 91.06, 91.01, 91.07, 91.09, 90.75, 90.76, 90.69, 90.76, 90.71, 90.43, 90.56, 90.42, 90.25, 90.31, 90.23, 89.85, 89.91, 89.87, 89.59, 89.66, 89.54, 89.54, 89.15, 89.24, 88.96, 88.91, 89.03, 89.08, 89.02, 88.63, 88.71, 88.7, 88.63, 88.55, 88.25, 88.4, 88.18, 87.98, 88.33, 87.93, 87.91, 88.46, 88.01, 87.84, 88.52, 88.06, 87.54, 87.83, 87.83]}