{"train_loss": [2.3064704846113155, 2.3013549395096606, 2.300247238843869, 2.299317848376739, 2.298322798655583, 2.2974594495235343, 2.2969053873649012, 2.295700255418435, 2.2950481408681624, 2.2942882745693893, 2.2936882281914737, 2.2929140005356228, 2.2924306533275507, 2.291968696545332, 2.2912745928153013, 2.291038733873612, 2.290099533398946, 2.2895599145155687, 2.288974413504967, 2.2883861113817265, 2.2877934388625314, 2.2872588701737233, 2.2865024890655126, 2.285863269903721, 2.2852462004392575, 2.284710756326333, 2.2838284810384115, 2.2831119659619454, 2.2823151918557976, 2.2812510141959557, 2.2804757876273913, 2.2793310654469026, 2.278220261671604, 2.277200719026419, 2.275759350947845, 2.274319906723805, 2.273087412883074, 2.2713540725218944, 2.26941925623478, 2.2682267965414584, 2.2660567815487203, 2.263807172041673, 2.261482685040205, 2.2595084117009088, 2.2567163742505585, 2.2541584173838296, 2.2521684194222473, 2.248879735897749, 2.246218731464484, 2.243678739743355, 2.227262082466712, 2.2207909284493863, 2.2179288741869803, 2.2165223084963284, 2.2142206950065417, 2.2126225196398224, 2.2115243985102726, 2.210193528273167, 2.2088438052397508, 2.2081695917325144, 2.2061140335523164, 2.2054291028242843, 2.2039009778927534, 2.203324063618978, 2.201953275387104, 2.2013914737945948, 2.1998311140598394, 2.1984122581971, 2.1975908206059382, 2.1970191973906297, 2.196276840185508, 2.1950385955663827, 2.1935785470864713, 2.193168221375881, 2.19194972943037, 2.1909615009258956, 2.1899895570217036, 2.1894001490030535, 2.1885813902585936, 2.1872897539383325, 2.1857522817758412, 2.1852509254064314, 2.184768161406884, 2.183980545630822, 2.1826866015409814, 2.1820174645154906, 2.1809151942913347, 2.179963534917587, 2.1795806114490217, 2.178400361843598, 2.177614917510595, 2.1771987199783327, 2.175706717906854, 2.1753769104297342, 2.1742027215468576, 2.1737992298908724, 2.1729895267731103, 2.171921692750393, 2.171224842316065, 2.170304146791116], "test_loss": [2.1920571197509764, 2.1809446685791016, 2.149213604736328, 2.1199319580078124, 2.1015402130126954, 2.1073670318603517, 2.082294790649414, 2.0638387115478514, 2.023404083251953, 2.081845590209961, 2.0009927612304685, 2.006950340270996, 2.0194196334838868, 2.0045629699707033, 1.9960320953369142, 1.9741027709960937, 1.953531820678711, 1.9549305923461915, 1.9445217010498046, 1.9444427001953124, 1.9576344268798829, 1.963059684753418, 1.9209272384643554, 1.922820980834961, 1.921404133605957, 1.9066655502319336, 1.923704327392578, 1.9191735488891601, 1.9016326553344727, 1.8850177352905273, 1.9053224014282226, 1.8972471572875977, 1.948898583984375, 1.8785315994262695, 1.9331222473144531, 1.9157179382324219, 1.8817746643066406, 1.919746438598633, 1.8683168334960938, 1.9192261962890624, 1.9257658309936523, 1.9338974960327149, 1.8686090438842773, 1.921559228515625, 1.911922105407715, 1.9136572738647462, 1.9524768112182618, 1.911892788696289, 1.9867616455078125, 1.9625769729614257, 1.972102799987793, 1.9851498413085937, 1.9850424575805663, 1.9855487365722657, 2.0117212982177732, 2.0070151168823243, 2.015553372192383, 2.010619482421875, 2.006329962158203, 2.0163111877441406, 2.0028436248779298, 2.006847137451172, 2.0163222534179686, 2.023274607849121, 2.0324890411376955, 2.0334885482788088, 2.0316459503173827, 2.03821037902832, 2.0318608184814453, 2.0296772399902343, 2.030896421813965, 2.0253182846069335, 2.0420824523925782, 2.0341832138061524, 2.0331191467285157, 2.053104280090332, 2.0322453018188478, 2.0407889434814455, 2.0533586624145506, 2.062782214355469, 2.0600012451171876, 2.0588253845214846, 2.055535124206543, 2.0588298858642577, 2.0737293380737305, 2.051446322631836, 2.053834722900391, 2.0523490966796873, 2.063649867248535, 2.0516019470214846, 2.062215237426758, 2.0663247116088868, 2.0523175964355467, 2.055568641662598, 2.065021318054199, 2.0632850112915038, 2.0544662414550783, 2.0615519409179686, 2.06643659362793, 2.0656227798461915], "test_acc": [26.5, 39.85, 28.74, 44.7, 43.04, 48.57, 53.62, 56.74, 54.32, 50.14, 60.61, 61.71, 60.33, 59.27, 67.39, 60.89, 66.56, 69.04, 71.86, 70.86, 68.76, 69.01, 70.74, 72.1, 74.0, 70.5, 73.0, 71.68, 69.93, 70.92, 70.0, 71.29, 67.82, 71.26, 67.65, 68.93, 68.04, 67.57, 67.83, 65.8, 63.06, 62.74, 63.49, 62.11, 58.51, 59.88, 55.55, 56.48, 51.07, 51.94, 48.43, 46.37, 45.98, 46.08, 43.43, 43.42, 42.96, 43.1, 42.91, 41.94, 42.76, 42.39, 41.63, 40.69, 40.01, 40.14, 40.39, 39.67, 39.73, 40.01, 39.94, 39.71, 38.99, 39.07, 39.06, 37.54, 39.27, 38.6, 37.47, 36.81, 36.92, 36.9, 37.01, 36.91, 35.68, 36.88, 36.59, 36.61, 35.72, 37.06, 36.36, 35.92, 36.42, 36.91, 35.86, 35.84, 36.58, 35.74, 35.56, 35.36]}