{"train_loss": [2.003866722033574, 1.8388060239645152, 1.7576028123880043, 1.7077640117743076, 1.67540332537431, 1.6500352242054084, 1.628191523368542, 1.6118382649543959, 1.5971554306837228, 1.586137137351892, 1.5740073742010654, 1.563546966895079, 1.5535108621303853, 1.5471592038105695, 1.5387410081349886, 1.531701419598017, 1.5239770109836872, 1.5177471998410348, 1.5105587659738002, 1.503226341651036, 1.4986665468949538, 1.4918377543107058, 1.4864425185399177, 1.4796654786819066, 1.4753714423913222, 1.46930223489419, 1.464301115121597, 1.4595013630695832, 1.4545096076451816, 1.4508293109062391, 1.4448402132743443, 1.4400142831680103, 1.4368385672569275, 1.4290758218520727, 1.4269269292171185, 1.42240249590996, 1.41671212605941, 1.4136484662691753, 1.407748421950218, 1.4043239526259594, 1.400658310071016, 1.39548874268165, 1.390833420631213, 1.3849160854633038, 1.3815296649932862, 1.3771075768348497, 1.3698510078283457, 1.3683165843670184, 1.3603339072985527, 1.3566325151003324, 1.3211807657510806, 1.305315065689576, 1.299845343064039, 1.294992190752274, 1.2910071042867808, 1.2883379517457425, 1.283788942068051, 1.2814309661205, 1.2779566584489284, 1.2761968010511153, 1.2736153596486801, 1.269540546490596, 1.2683200276814974, 1.2650774668424558, 1.2623393942148258, 1.2610711201643332, 1.2596655876208573, 1.2568265438079833, 1.2539923081031212, 1.2514231715446864, 1.2489655482463347, 1.2473415374755858, 1.245353500965314, 1.2433670829503964, 1.2421962890869531, 1.2388262540866166, 1.2371990106044672, 1.2354639683014308, 1.233617990750533, 1.2296829015780717, 1.2294389947866782, 1.2268806582842118, 1.2253880124825698, 1.223778377740811, 1.221521897193713, 1.21907532062286, 1.2171591355250433, 1.2162883128875341, 1.2140728577589377, 1.2134722275611682, 1.2102343470622332, 1.208823118148706, 1.2075326250149654, 1.205488823621701, 1.2032540122667947, 1.20125822134507, 1.2013555597036312, 1.1982024914179092, 1.197217491039863, 1.1959440900729252], "test_loss": [1.3384160217285157, 1.1247205947875976, 1.1181497184753417, 1.0486607421875, 0.9307217041015625, 0.8618972526550293, 0.8811115303039551, 0.9829247123718262, 0.8624023246765137, 0.8091223518371582, 0.78555263671875, 0.75688178024292, 0.7325061309814453, 0.7978885078430176, 0.77081107711792, 0.7502249214172363, 0.717947868347168, 0.6823166976928711, 0.6846815322875976, 0.7611353813171386, 0.7033639862060547, 0.6550136756896973, 0.6831587066650391, 0.7074544456481934, 0.6980986053466797, 0.6844012443542481, 0.6862821174621582, 0.7088900787353516, 0.7243243057250977, 0.708171573638916, 0.7107629028320313, 0.6954336692810058, 0.6963349571228027, 0.688563842010498, 0.721890503692627, 0.6707404067993165, 0.6961999778747558, 0.7019504745483398, 0.6871378677368164, 0.7450023101806641, 0.7112037368774414, 0.6912884841918945, 0.6917046615600586, 0.7321150146484375, 0.7446799713134765, 0.7036169456481933, 0.7373718406677247, 0.7052614845275879, 0.7419062187194824, 0.7702796607971192, 0.7041498153686524, 0.7212607925415039, 0.72457426071167, 0.7170586860656738, 0.7348002174377442, 0.7269775077819824, 0.7357006141662598, 0.7322683853149414, 0.7348694747924804, 0.7417058898925781, 0.7363167144775391, 0.7388628158569336, 0.752300765991211, 0.7606503120422363, 0.7488404296875, 0.7534720687866211, 0.7654878593444824, 0.7470802742004394, 0.7500930435180664, 0.7536618476867676, 0.7520188507080078, 0.7554530815124512, 0.7675173286437988, 0.7757703552246094, 0.7685533638000488, 0.7598658500671387, 0.7513838882446289, 0.7611291870117187, 0.7533375045776367, 0.7782999153137207, 0.7747325820922851, 0.7848392471313477, 0.7773172180175781, 0.7759466186523437, 0.7871872604370117, 0.7512863655090332, 0.7730130920410156, 0.7627446617126464, 0.7827458892822265, 0.7660337409973145, 0.7749386123657227, 0.7758354347229004, 0.7979401054382325, 0.7762745628356934, 0.7643248992919922, 0.7817582809448242, 0.7570580444335937, 0.7959215972900391, 0.7916147872924805, 0.7853399871826172], "test_acc": [58.63, 69.52, 70.7, 71.89, 79.04, 81.46, 80.34, 77.3, 81.25, 84.13, 84.08, 86.36, 86.03, 85.84, 85.78, 86.1, 88.06, 88.46, 87.97, 86.08, 88.0, 89.24, 88.67, 87.96, 87.72, 88.37, 87.86, 87.98, 88.02, 88.12, 88.24, 88.27, 87.87, 88.16, 87.62, 88.84, 87.66, 87.41, 88.54, 86.37, 87.79, 88.37, 88.09, 86.78, 86.47, 87.61, 87.08, 88.06, 87.4, 85.52, 88.24, 87.78, 87.36, 87.59, 87.15, 87.2, 86.79, 86.93, 86.73, 86.51, 86.65, 86.6, 86.44, 85.92, 86.23, 85.86, 85.5, 86.01, 85.94, 85.78, 85.57, 85.53, 85.4, 85.02, 85.0, 85.26, 85.34, 85.14, 85.36, 84.63, 84.74, 84.4, 84.66, 84.34, 84.26, 84.99, 84.41, 84.83, 84.21, 84.72, 84.1, 84.29, 83.57, 84.1, 84.24, 84.37, 84.65, 83.53, 83.47, 83.91]}