{"train_loss": [1.6600490994942494, 1.3383130443401825, 1.2089555401068468, 1.1316649183248861, 1.0892659436433743, 1.052665673616605, 1.0221924340113615, 0.9999269237885109, 0.9799184854214008, 0.96200289390026, 0.9457740705746871, 0.9315230262585176, 0.9176690780199491, 0.9113310639674846, 0.8984456427586385, 0.8905888105050112, 0.8805989056061476, 0.8729857672483493, 0.865621537887133, 0.8593765436074673, 0.85305364101361, 0.8472670119542342, 0.8401504985797099, 0.8357457839525663, 0.8311309632582542, 0.826734504944239, 0.8225845645635556, 0.8206029451810397, 0.8146306311472868, 0.8118660761759832, 0.8100299737392328, 0.8055882382087218, 0.8047636825304765, 0.8023631960917742, 0.8005869199068119, 0.7990603257448246, 0.7965766934248117, 0.7949891143884414, 0.7937739659578372, 0.7939839662649693, 0.7890932272642087, 0.7874316077965956, 0.7895699993157999, 0.7847960392634074, 0.7856381292526539, 0.7850187183954777, 0.7826193441183139, 0.7820145171422225, 0.7814287064931331, 0.7811783095200856, 0.7660024043841239, 0.7612269967030256, 0.7592438288224049, 0.7586936943041973, 0.7583450873692831, 0.7572491159805885, 0.7569182803997627, 0.7565505391512162, 0.7564943445034517, 0.7563762753437727, 0.7558490296204885, 0.7553744447536958, 0.7557166684896518, 0.7553066440117665, 0.7552304017238128, 0.7549021331163553, 0.7548149078320234, 0.7549990035020389, 0.7547322474993192, 0.7548137424848018, 0.7549521583777208, 0.7546691753925421, 0.7546573632802719, 0.7543549034840021, 0.7542518469003531, 0.7541992474824954, 0.754315921282157, 0.7545457214881213, 0.7545893167838073, 0.7540733771446424, 0.7541293679139554, 0.7539621119315808, 0.7538041307375981, 0.7537229186449296, 0.7537551743861957, 0.7539511177784357, 0.7538869020266411, 0.7538811640861707, 0.7538628321427565, 0.7538272935610552, 0.7537793200749617, 0.7536735403232085, 0.7536985950592237, 0.7538133908540775, 0.7535985534007733, 0.7535811459406828, 0.7535821638046167, 0.7534945697356493, 0.7535154385444446, 0.7535238402012067], "test_loss": [1.1614476852416993, 0.8732647872924805, 0.7472461143493653, 0.7432207054138183, 0.6070219234466553, 0.5626593948364258, 0.5976412239074707, 0.6484333431243896, 0.5181787902832031, 0.5140539154052735, 0.4595092582702637, 0.4806035095214844, 0.48293471450805664, 0.44701115837097166, 0.4380621162414551, 0.4650853862762451, 0.4146042390823364, 0.42866597785949706, 0.39760298042297365, 0.4643107078552246, 0.4538494293212891, 0.3992788995742798, 0.41879076156616213, 0.41939765968322756, 0.4070132041931152, 0.3888766403198242, 0.4133693897247315, 0.40402400245666503, 0.4098954776763916, 0.397564818572998, 0.41791151695251466, 0.4016576477050781, 0.4531123634338379, 0.399156867980957, 0.4097288764953613, 0.38537769088745116, 0.40636252326965333, 0.4019338317871094, 0.39174506225585937, 0.3849749412536621, 0.3958619644165039, 0.3805232997894287, 0.40175284767150876, 0.43694251937866213, 0.3982221050262451, 0.3883293193817139, 0.3916513156890869, 0.4016360008239746, 0.37337621726989745, 0.39311259651184083, 0.34794628887176515, 0.34206205558776853, 0.34439166316986086, 0.3425816987991333, 0.3441120725631714, 0.34305774288177493, 0.3435926763534546, 0.34395802173614504, 0.34376364269256593, 0.3442239288330078, 0.3411775417327881, 0.3431424102783203, 0.34358613510131836, 0.3438805164337158, 0.34486319541931154, 0.34527129573822024, 0.3408227968215942, 0.34586308212280276, 0.3484434722900391, 0.3485846939086914, 0.3514096437454224, 0.35017562313079836, 0.3499647632598877, 0.3460940010070801, 0.34944020595550535, 0.3487012016296387, 0.3481314735412598, 0.35010759792327883, 0.34717970390319824, 0.3488193225860596, 0.35231698532104494, 0.34838589153289795, 0.3479710371017456, 0.3488859245300293, 0.3498493032455444, 0.3514791372299194, 0.3535003915786743, 0.3525060081481934, 0.3498280668258667, 0.35094405708312987, 0.3488563955307007, 0.34777366523742675, 0.3481298801422119, 0.3518687969207764, 0.35139678764343263, 0.3508374172210693, 0.34985085315704345, 0.35168339157104495, 0.35222213020324705, 0.34937634105682375], "test_acc": [59.7, 71.76, 78.05, 78.56, 83.04, 83.85, 83.51, 81.97, 86.19, 86.22, 88.21, 87.74, 87.55, 88.77, 89.03, 88.17, 89.94, 89.32, 90.6, 88.65, 88.54, 90.46, 89.89, 90.3, 90.73, 90.95, 90.3, 90.5, 90.61, 91.14, 90.13, 90.84, 89.45, 91.25, 90.53, 91.4, 91.2, 90.92, 91.55, 91.65, 91.5, 91.88, 91.03, 89.95, 91.06, 91.55, 91.42, 91.43, 92.2, 91.65, 93.04, 93.43, 93.45, 93.4, 93.35, 93.39, 93.42, 93.47, 93.51, 93.54, 93.66, 93.69, 93.55, 93.72, 93.77, 93.63, 93.76, 93.84, 93.62, 93.53, 93.37, 93.65, 93.64, 93.76, 93.59, 93.5, 93.72, 93.59, 93.78, 93.68, 93.61, 93.59, 93.69, 93.65, 93.54, 93.51, 93.44, 93.62, 93.6, 93.49, 93.61, 93.77, 93.67, 93.54, 93.63, 93.74, 93.76, 93.64, 93.61, 93.66]}