{"train_loss": [2.1196636737921297, 2.006524897233034, 1.9579193928302863, 1.9299344020012097, 1.9140224921397673, 1.8999258181987664, 1.8903833013314468, 1.8814115524291992, 1.8743272674389375, 1.868439728174454, 1.8614180140006236, 1.8570533220584575, 1.8535595600421613, 1.8487973207082504, 1.8461924699636607, 1.841679444985512, 1.8391722107544923, 1.8364580726012205, 1.8337604975089048, 1.8318789748045115, 1.8292612708531892, 1.8275182598676436, 1.8260232219329247, 1.8249709581717466, 1.821523344822419, 1.8199725230534871, 1.8184255722241525, 1.817771254747342, 1.8163340385143574, 1.815510183114272, 1.8145876297583947, 1.81353202630312, 1.8120280030446174, 1.8114163013604971, 1.8104301088895554, 1.8104813227286705, 1.8094324017182375, 1.809113223430438, 1.8083555738131205, 1.8066320452934657, 1.8071548199042295, 1.8068808821531444, 1.8049512456624937, 1.8061424081142132, 1.8043500224749247, 1.804281537960737, 1.8051950824566376, 1.8039242576330137, 1.8033997181134347, 1.8033391671302992, 1.7979724480555608, 1.795692954919277, 1.7949404603395707, 1.7944531645530308, 1.7944676307531504, 1.794224928586911, 1.7939061736449218, 1.7937304191100292, 1.7937201888133318, 1.7937045610868014, 1.7933243149366134, 1.793435953824948, 1.7932413908151479, 1.7932093119009946, 1.7932664296565912, 1.7932620439773952, 1.7930116332494295, 1.7929980024313315, 1.793050868388934, 1.7929117973034199, 1.7928201449223053, 1.7929780171467709, 1.7929232468971839, 1.7928180401141827, 1.7928290883700053, 1.7928357390257028, 1.792759457918314, 1.7927196502685547, 1.7927223881085714, 1.7926124661396712, 1.792709079155555, 1.792757303898151, 1.792616675144587, 1.792479060552059, 1.7926756840485794, 1.7926584696158385, 1.7925417038110587, 1.7925951395279323, 1.7925441057254106, 1.7926285829299535, 1.7924854587285945, 1.7923983589196817, 1.7924506364724575, 1.792498726111192, 1.79241542999561, 1.7923766946181272, 1.7924188320453351, 1.7923918528434557, 1.7924343041884594, 1.7922855633955734], "test_loss": [1.4526811401367188, 1.2479777908325196, 1.2618699798583983, 1.1953419494628905, 1.0599338729858399, 1.0045685005187988, 1.0064467430114745, 1.0924824111938476, 0.9839174324035644, 1.0010969528198241, 0.9312643112182617, 0.9179288925170899, 0.9422792137145997, 0.9044557258605957, 0.9317918548583984, 0.9321608573913575, 0.8795759643554687, 0.9037998931884765, 0.8634314529418945, 0.8810650657653809, 0.8807913520812988, 0.8733922477722168, 0.8898375534057618, 0.8889091842651368, 0.855638705444336, 0.8578898651123047, 0.8739577270507812, 0.8555172508239746, 0.8635938529968261, 0.8471315109252929, 0.8734189262390136, 0.8478125686645508, 0.8658617507934571, 0.8489948272705078, 0.8679648765563965, 0.8488343505859375, 0.8620782875061035, 0.8574097343444824, 0.862174349975586, 0.8438559753417969, 0.8567546440124512, 0.8714321258544921, 0.843460050201416, 0.8537198844909668, 0.856213444519043, 0.8829639251708984, 0.8538227462768555, 0.8449173095703125, 0.8500122329711914, 0.8441539024353027, 0.8179190849304199, 0.8166735313415527, 0.8145423347473144, 0.8147378883361817, 0.816228978729248, 0.8156094795227051, 0.8167337265014648, 0.8216121643066406, 0.8193232452392578, 0.8180513320922852, 0.8187631790161133, 0.8195391883850097, 0.8184914306640625, 0.8229484573364257, 0.8199509834289551, 0.821432640838623, 0.8206688621520996, 0.8218811218261719, 0.8192243995666504, 0.8247005592346192, 0.8195209358215332, 0.8238127159118652, 0.8197203132629395, 0.8224158241271973, 0.8214006103515625, 0.8201189834594727, 0.8242637649536133, 0.8175736831665039, 0.8233205825805664, 0.8204620269775391, 0.8242476600646973, 0.823076155090332, 0.8202025108337402, 0.8179220581054687, 0.8201903968811035, 0.8223523078918457, 0.8203094718933105, 0.824457479095459, 0.8230051177978516, 0.822990901184082, 0.8208041442871093, 0.822833186340332, 0.8236400871276855, 0.8179074104309082, 0.8168179962158203, 0.8180998321533203, 0.8220912857055664, 0.8193632514953614, 0.8212070121765137, 0.8251064643859863], "test_acc": [59.66, 74.51, 74.57, 77.31, 82.45, 83.45, 84.76, 79.57, 84.89, 84.13, 87.84, 88.52, 86.96, 89.15, 88.0, 88.04, 90.1, 89.32, 89.96, 89.37, 89.81, 89.68, 89.84, 89.72, 90.84, 91.26, 90.43, 90.65, 90.96, 91.13, 90.82, 91.18, 90.55, 91.3, 90.86, 91.51, 91.14, 91.2, 91.0, 91.24, 91.34, 91.25, 91.76, 91.98, 90.9, 89.89, 91.47, 91.83, 91.8, 91.98, 93.36, 93.6, 93.64, 93.65, 93.64, 93.77, 93.68, 93.58, 93.62, 93.66, 93.57, 93.56, 93.67, 93.62, 93.58, 93.51, 93.47, 93.45, 93.3, 93.53, 93.57, 93.59, 93.6, 93.66, 93.52, 93.6, 93.41, 93.47, 93.33, 93.49, 93.64, 93.5, 93.53, 93.71, 93.46, 93.5, 93.71, 93.31, 93.51, 93.45, 93.53, 93.57, 93.47, 93.63, 93.64, 93.62, 93.54, 93.52, 93.44, 93.35]}