{"train_loss": [2.2781783366814636, 2.2521072326562344, 2.236039719826136, 2.221944700143276, 2.2118207894838773, 2.2041819077271683, 2.1970266323823195, 2.191156447850741, 2.185456123718849, 2.180890310727633, 2.1768690292651836, 2.171807947525611, 2.168114763651139, 2.1650075680170304, 2.160170598519154, 2.1570775606693364, 2.153707122191405, 2.151035023958255, 2.147317128915053, 2.1429276490822815, 2.140180172675695, 2.137487917068677, 2.1334803513991525, 2.1299930260731625, 2.12604138362102, 2.122131754190494, 2.1178136874467897, 2.1124348756594538, 2.1083414310064073, 2.102520233545548, 2.0973767830775336, 2.091565549067962, 2.0859975958481813, 2.0795563954573413, 2.0732208533164784, 2.064524057889596, 2.0585420544330892, 2.0503679847105953, 2.042617901471945, 2.034875295406733, 2.0270819914646636, 2.019000400335361, 2.0091792192214575, 2.0004900082563744, 1.991134266058604, 1.9826518388894887, 1.9730483947656094, 1.9621781685413457, 1.9542340816595616, 1.9428729417996529, 1.8873492164489551, 1.8646047628842868, 1.8553549528121949, 1.8487977605599624, 1.842080340324304, 1.8379386914082063, 1.8328064429454314, 1.8287158052126566, 1.8251593088492368, 1.822297753431858, 1.8179921587308248, 1.814383726547926, 1.809077343879602, 1.8075637303865872, 1.804107149136372, 1.800049482859098, 1.7947953780492147, 1.793799851490901, 1.7900134557332747, 1.788194387081342, 1.7849748703149648, 1.7823884218167036, 1.7792652163750087, 1.7780313088343693, 1.7744812873693614, 1.7711784781553805, 1.767977375556261, 1.7666590867898404, 1.7627837113845042, 1.761013104976752, 1.758000166599567, 1.7551816879174649, 1.7534051723969288, 1.750679702636523, 1.7467967357390966, 1.7464901208877563, 1.7433012473277556, 1.741232963708731, 1.738527672107403, 1.7366833695998558, 1.7339692161633418, 1.7314934244522682, 1.7290154454035638, 1.726652906796871, 1.725407424951211, 1.7221663841834436, 1.720278738400875, 1.718837653673612, 1.7167901100256504, 1.7143959684249683], "test_loss": [1.919680108642578, 1.8471916931152343, 1.7410840728759767, 1.6624526550292968, 1.6973322952270509, 1.6674605255126953, 1.6092855712890626, 1.5594915664672853, 1.5654156112670898, 1.541185041809082, 1.4467370025634765, 1.4969773803710937, 1.4812021789550782, 1.4861315689086914, 1.455625860595703, 1.473912629699707, 1.4173788955688476, 1.415186506652832, 1.4160148651123048, 1.4425020767211914, 1.4068638092041015, 1.3613816802978516, 1.4082909469604492, 1.4050318405151367, 1.3614370498657227, 1.3868330184936524, 1.3525248504638672, 1.375644418334961, 1.3864246444702149, 1.396524395751953, 1.4302447082519532, 1.372182913208008, 1.3811416244506836, 1.4229083755493164, 1.3840436004638672, 1.3950998321533203, 1.4172193557739259, 1.4169861572265625, 1.4032762176513671, 1.4764283401489258, 1.3835393188476564, 1.4529170639038087, 1.430088931274414, 1.4756070571899413, 1.444259454345703, 1.5224228454589843, 1.5364463485717774, 1.5806968292236327, 1.4408773544311524, 1.5208493927001954, 1.5551049392700196, 1.572712629699707, 1.5946068359375, 1.5926184371948242, 1.6086103134155274, 1.6264707061767578, 1.6079021286010742, 1.625381298828125, 1.6336160537719726, 1.6124272842407226, 1.6593387847900392, 1.6582069442749023, 1.649533969116211, 1.6583019241333008, 1.6286018142700196, 1.6599465682983399, 1.69238074798584, 1.6644918487548828, 1.6725691177368165, 1.669278515625, 1.6627825408935546, 1.6806937774658204, 1.6713931564331055, 1.6645483612060548, 1.6787051239013673, 1.6590403305053711, 1.6819385055541993, 1.6938384872436523, 1.6980574905395507, 1.6899754791259765, 1.6902917922973633, 1.699614892578125, 1.7030560714721679, 1.7259779602050782, 1.7155762252807618, 1.7182817337036134, 1.740904475402832, 1.7066575424194337, 1.6923797653198243, 1.6941819107055665, 1.712701190185547, 1.6945076034545898, 1.7411729721069336, 1.7070941253662109, 1.6995520202636718, 1.7528220230102538, 1.740338088989258, 1.718718376159668, 1.7251608978271484, 1.7348252395629882], "test_acc": [44.46, 49.78, 57.04, 58.5, 63.75, 61.5, 61.34, 69.84, 72.43, 71.36, 75.2, 74.35, 74.24, 76.65, 77.1, 77.13, 79.47, 79.54, 78.89, 76.18, 77.92, 80.86, 77.3, 77.8, 79.87, 79.34, 78.63, 78.44, 79.26, 79.03, 78.35, 77.98, 77.68, 76.71, 76.8, 76.55, 76.01, 75.11, 73.66, 71.55, 71.92, 71.66, 70.26, 69.11, 69.53, 66.17, 65.03, 61.67, 66.97, 63.22, 60.74, 59.92, 58.32, 57.99, 57.35, 56.24, 57.0, 56.15, 55.53, 56.26, 54.1, 54.19, 54.66, 54.1, 55.3, 53.96, 52.23, 53.65, 52.99, 53.13, 53.41, 52.64, 53.03, 52.9, 52.44, 53.48, 52.24, 51.98, 51.95, 51.8, 51.86, 51.22, 51.33, 50.28, 50.74, 50.38, 49.68, 51.07, 51.44, 51.36, 50.22, 51.38, 49.39, 50.66, 50.94, 48.8, 49.23, 50.19, 50.0, 49.56]}