{"train_loss": [2.2308490221316997, 2.175767636910463, 2.14476422896752, 2.1211831722504053, 2.106354790467482, 2.092965172804319, 2.0822453260421754, 2.0744817580932224, 2.067708136790838, 2.0608405168239887, 2.0548397599122463, 2.049893361482865, 2.044315337829101, 2.0394638538360597, 2.0353939563800125, 2.0305223532212087, 2.02621417534657, 2.0225599655738242, 2.018488244521312, 2.014539361000061, 2.011082280599154, 2.0061249943879935, 2.00188765220153, 1.9970222998888065, 1.9943404906835311, 1.9901832895401197, 1.9866066037080228, 1.9807918227635897, 1.9762512598282251, 1.9723275707318233, 1.9656634174860441, 1.9614897853288895, 1.9559150503231928, 1.9513033830202542, 1.9456318243955955, 1.9400802098787748, 1.9348133845207018, 1.9283674698609572, 1.9218780954678854, 1.9177636507229927, 1.9103729737110626, 1.9046282609303793, 1.8987980225147345, 1.8919035352193392, 1.8863949564787057, 1.8801685382158329, 1.8732287296882042, 1.8663898581113572, 1.860021986411168, 1.8525909854815557, 1.8092300647344344, 1.7902197526051449, 1.7851941735316545, 1.777911641047551, 1.7748306763477815, 1.7692492876297388, 1.7651156954276257, 1.7626081463618157, 1.7585175156593322, 1.756415189229525, 1.7536120481980153, 1.7495584888335987, 1.747499173726791, 1.7464361413931235, 1.741645748492999, 1.7390633641145168, 1.7362701599414532, 1.7336650924804884, 1.7316603648356903, 1.7299364062455984, 1.727565852801005, 1.7247979977192023, 1.722861554989448, 1.7203565618930718, 1.7188457430937352, 1.7160494342828407, 1.713869258379325, 1.7110587037526643, 1.7091309116436886, 1.7070793946584066, 1.7047255161481025, 1.7035510674501078, 1.701165793186579, 1.6999580257978195, 1.696395991093073, 1.695447462033003, 1.692801316273518, 1.6913046824626434, 1.689525266488393, 1.6871417100612933, 1.6864130286070016, 1.68460762378497, 1.6825230677922567, 1.6805841183051085, 1.6783450505672357, 1.6772702113176003, 1.6755570619534224, 1.6742711776342147, 1.6717495701251885, 1.6697044623203767], "test_loss": [1.757280255126953, 1.5338387481689453, 1.5007397094726562, 1.4343748672485352, 1.396198809814453, 1.456438606262207, 1.3328569641113281, 1.3776191223144532, 1.2566694076538085, 1.2446369583129884, 1.1952800720214845, 1.2189588287353517, 1.228389192199707, 1.1724809356689454, 1.1329517608642579, 1.1709169021606445, 1.2022690551757813, 1.1264655883789063, 1.1958109756469726, 1.1531936767578126, 1.1575125778198243, 1.156623977661133, 1.1746417861938476, 1.1228478713989258, 1.1278460525512695, 1.1252853149414062, 1.101662579345703, 1.1349879287719726, 1.1649747512817383, 1.1530048751831055, 1.116285494995117, 1.1649034225463868, 1.1402977706909179, 1.1433541290283202, 1.214196809387207, 1.2044700592041016, 1.1881164596557616, 1.1662236404418946, 1.200348175048828, 1.1539587829589844, 1.1403008209228516, 1.2298585189819335, 1.155831736755371, 1.183069305419922, 1.214507308959961, 1.1980020843505859, 1.1728877044677735, 1.2133058563232422, 1.2468823532104492, 1.2729822952270509, 1.2340724517822266, 1.2593668106079101, 1.284141569519043, 1.2885378616333008, 1.2942759506225585, 1.2832282821655274, 1.3180170333862304, 1.30162979888916, 1.3112478393554687, 1.3035182571411132, 1.3022356491088867, 1.3212343841552734, 1.296284457397461, 1.3120665802001954, 1.331149075317383, 1.3103287475585939, 1.354350717163086, 1.3510357467651368, 1.345764225769043, 1.3329119400024414, 1.3375945114135743, 1.3531932556152344, 1.3548802459716798, 1.365011051940918, 1.3589598007202148, 1.3452280303955078, 1.3612517608642578, 1.3452145156860351, 1.3756516952514648, 1.364969515991211, 1.364133381652832, 1.358653695678711, 1.3799165603637695, 1.3551960052490235, 1.3429714569091797, 1.369130418395996, 1.3385246658325196, 1.3804056457519531, 1.3746992889404297, 1.4093366287231446, 1.3810477264404297, 1.3590621810913086, 1.3801158920288086, 1.4062540710449218, 1.3848778091430665, 1.3701967269897461, 1.4142015594482422, 1.387185676574707, 1.3865563446044922, 1.3857856079101563], "test_acc": [50.44, 61.04, 64.91, 64.68, 68.41, 67.65, 75.63, 74.35, 76.92, 79.98, 81.78, 82.84, 81.29, 82.81, 84.16, 84.28, 79.61, 84.01, 83.67, 85.05, 83.96, 85.49, 83.47, 84.89, 84.27, 84.61, 84.56, 84.15, 83.1, 84.68, 83.31, 82.8, 83.89, 83.33, 80.72, 80.55, 81.78, 81.45, 81.24, 81.52, 81.43, 79.48, 81.06, 79.69, 78.47, 78.05, 78.75, 78.19, 76.92, 75.09, 75.0, 74.22, 72.7, 72.63, 71.96, 72.15, 71.09, 71.41, 70.69, 71.12, 71.21, 70.23, 70.95, 69.81, 69.4, 70.0, 68.42, 68.36, 68.37, 68.87, 68.79, 67.72, 67.9, 67.51, 67.59, 67.78, 67.37, 67.79, 66.57, 66.78, 66.89, 67.15, 66.61, 66.94, 67.25, 66.92, 67.66, 66.03, 66.13, 64.56, 65.7, 66.67, 65.72, 64.77, 65.6, 65.9, 63.99, 65.31, 65.6, 65.16]}