{"train_loss": [2.3079683077641024, 2.293930732898223, 2.2883007208506267, 2.28394925288665, 2.279631035755842, 2.276226729613084, 2.272154286580208, 2.2696922027147735, 2.2665382281327857, 2.2638369095631137, 2.259801893356519, 2.25731429931445, 2.254554310823098, 2.2525042527761214, 2.2494429404918965, 2.247106446975317, 2.244684372804104, 2.2427997405712423, 2.239665052218315, 2.2365879529561754, 2.2336259108323318, 2.2313817024230955, 2.228125069691585, 2.224889417183705, 2.222103149462969, 2.2184588200006727, 2.216075547536214, 2.2112425425113775, 2.2068170816470416, 2.205023269775586, 2.1988760685309385, 2.1943676844621316, 2.188903877674005, 2.1852264722188313, 2.178163286355826, 2.1703826947089953, 2.162690350948236, 2.1534644805468046, 2.1455104626142063, 2.1342969393118834, 2.124524386723836, 2.1111591427754135, 2.0971832480186072, 2.08360235721637, 2.0679690345739705, 2.051947557620513, 2.0303875256807378, 2.012855323155721, 1.9895173543538802, 1.9662374392533915, 1.8491335936081714, 1.8035703084407708, 1.7861173840669484, 1.772274314134549, 1.7611964069879973, 1.74951384862264, 1.737048854277684, 1.7298853134497618, 1.7187366779033955, 1.7114237348238628, 1.703965382086925, 1.6939597340730521, 1.6849460840225219, 1.6769773804224455, 1.6737027400579207, 1.663560757270226, 1.6526010470512587, 1.6497071648255373, 1.6342948721005366, 1.63132601303932, 1.6197335026203057, 1.615068357418745, 1.6084464161823957, 1.599414606583424, 1.5943481035721607, 1.5857594208839612, 1.5813906208062782, 1.5702107563996925, 1.5612047262680837, 1.5518943031628927, 1.5450332439862764, 1.536483653386434, 1.5345689119436803, 1.5242709578611913, 1.518077674584511, 1.503286637709691, 1.5028138191272051, 1.4918315031589606, 1.4852928788234026, 1.4811864935434782, 1.4712816742750314, 1.4631678217496626, 1.4545570575273954, 1.4460278529387254, 1.4418939624077234, 1.4333194809082226, 1.425144859460684, 1.4225847403208414, 1.414387343480037, 1.4080994859719889], "test_loss": [2.0771800018310547, 2.066643914794922, 2.042881198120117, 2.0284163131713866, 1.935757664489746, 1.9431576934814454, 1.8973111862182617, 1.9008700958251954, 1.8715654876708985, 1.8692964920043946, 1.8740723358154296, 1.7941856079101564, 1.8118236389160156, 1.8037255630493163, 1.768257209777832, 1.765904751586914, 1.7523445205688477, 1.759407487487793, 1.707485903930664, 1.7250265396118165, 1.7196714889526368, 1.7067461380004882, 1.7245747451782227, 1.6693537246704102, 1.6784421875, 1.660289501953125, 1.675230844116211, 1.6416215438842774, 1.6539857162475586, 1.6252439697265626, 1.6275966125488281, 1.6133722702026367, 1.6491151290893555, 1.617893621826172, 1.6429293869018555, 1.6040024826049806, 1.640478872680664, 1.6600254806518555, 1.6483791244506836, 1.6865993408203126, 1.641201054382324, 1.6725647552490235, 1.6797648147583009, 1.639102767944336, 1.7276753005981444, 1.7350641860961915, 1.7030531204223633, 1.7370030059814454, 1.7176908874511718, 1.7878466445922852, 1.8775907913208008, 1.9377919723510741, 1.9264462020874022, 1.9294085678100585, 1.9808137268066406, 1.9888509353637696, 2.0207212982177736, 2.00318819732666, 2.0039421356201172, 2.0078997161865235, 2.025782582092285, 2.050702113342285, 2.065541497802734, 2.0514421768188478, 2.0926380004882814, 2.066091653442383, 2.091876010131836, 2.0906738861083984, 2.1145296875, 2.128666792297363, 2.123287326049805, 2.1103951766967772, 2.1181107223510742, 2.1482522232055663, 2.1499468856811523, 2.164611994934082, 2.161868525695801, 2.1614095275878906, 2.1629894500732423, 2.1944395126342773, 2.1823522735595704, 2.208313845825195, 2.196393179321289, 2.1936546798706056, 2.1974495101928713, 2.261096490478516, 2.24067548828125, 2.2215215087890625, 2.261795590209961, 2.2413008270263672, 2.2877383087158205, 2.270023109436035, 2.3114703125, 2.2548571533203123, 2.2813326080322267, 2.2782560638427736, 2.298829046630859, 2.305139529418945, 2.299825439453125, 2.3149992095947267], "test_acc": [36.86, 33.6, 38.22, 32.9, 41.8, 44.1, 45.56, 51.26, 53.22, 53.01, 54.07, 57.54, 56.29, 58.12, 60.65, 61.45, 56.57, 62.66, 64.53, 64.92, 64.49, 66.16, 64.66, 64.43, 66.89, 68.02, 64.86, 67.14, 65.82, 68.38, 64.76, 66.3, 64.63, 66.48, 64.21, 64.93, 62.07, 62.02, 62.43, 58.01, 57.84, 58.77, 57.01, 56.81, 51.69, 51.36, 51.48, 48.84, 49.02, 45.68, 42.15, 39.02, 40.0, 39.59, 37.84, 37.44, 36.23, 37.27, 37.02, 37.15, 36.53, 35.7, 35.15, 36.01, 34.62, 35.81, 34.86, 34.89, 34.27, 33.57, 33.75, 34.61, 34.0, 33.78, 33.82, 33.43, 33.48, 33.78, 33.54, 32.26, 32.93, 32.05, 32.97, 33.3, 32.76, 31.37, 31.99, 32.64, 31.43, 32.06, 31.08, 31.6, 30.81, 32.69, 31.53, 31.65, 31.3, 31.18, 31.52, 30.8]}