{"train_loss": [2.310447334020566, 2.3049444278081257, 2.3045371257341825, 2.3041948850338274, 2.30311642121046, 2.3034739066392946, 2.303246029218038, 2.3030209486301128, 2.302554652018425, 2.3019713053336512, 2.301796476657574, 2.301706998776167, 2.301460536321004, 2.3011267356383494, 2.3005336315203935, 2.3000701665878296, 2.2998244841893514, 2.299498223647093, 2.299380348278926, 2.2987753379039275, 2.2985914988395497, 2.298009709211496, 2.2976059210606112, 2.297370507166936, 2.2971728165944416, 2.2966556921983377, 2.2962295153202157, 2.296131826669742, 2.2957193344067304, 2.295025800435971, 2.2945301251533703, 2.2941307245156706, 2.293370075103564, 2.292916776583745, 2.2921295318848047, 2.291330363811591, 2.2907846230726974, 2.2894128518226817, 2.288840574484605, 2.2877593939120953, 2.2863940593523857, 2.2849191836821725, 2.2833487131656747, 2.2819555435425194, 2.2800452006168856, 2.2780967272244967, 2.2758108579195464, 2.273760165923681, 2.2709570658512606, 2.267808916629889, 2.2526232303717197, 2.2465496430030236, 2.2441094973148443, 2.241430576642354, 2.2399566607597547, 2.238353936488812, 2.2366602078462257, 2.235178129489605, 2.233900806842706, 2.2319522246336327, 2.2310070942609737, 2.229095750588637, 2.228329606545277, 2.2268221207154104, 2.225122467065469, 2.2231431991626054, 2.222327078305758, 2.2208369970321655, 2.2194846446697527, 2.2175042659808426, 2.216346226594387, 2.2154329642271384, 2.2135805625181932, 2.212557989511734, 2.2113242668983264, 2.2087787334735576, 2.2075692305198085, 2.2066203001217963, 2.205112771498851, 2.2036958089241616, 2.20251936178941, 2.2009675099299506, 2.1999965441532625, 2.198477110495934, 2.1963665124697562, 2.1950140519019885, 2.1942341981790006, 2.1915153802969516, 2.190691580527868, 2.1898776445633326, 2.187776624239408, 2.1867536324721115, 2.1839929250570442, 2.1833678245544434, 2.1816706474010763, 2.180584551126529, 2.180176420089526, 2.178289147523733, 2.1764577199251223, 2.1749320073005483], "test_loss": [2.2641903137207033, 2.2345091369628904, 2.225051058959961, 2.216415353393555, 2.2065009216308593, 2.2072371948242187, 2.206442724609375, 2.1832087860107423, 2.181940673828125, 2.178295315551758, 2.1754058715820315, 2.1696567901611328, 2.175579821777344, 2.1586415618896484, 2.1497564453125, 2.147238751220703, 2.138237582397461, 2.1449467376708986, 2.125218960571289, 2.126242321777344, 2.132684030151367, 2.1153734130859374, 2.1092628967285156, 2.093778466796875, 2.105721853637695, 2.1107591247558593, 2.079387548828125, 2.0856701934814454, 2.080188064575195, 2.094504818725586, 2.0568990600585937, 2.0856257202148436, 2.0754676818847657, 2.076704229736328, 2.059360189819336, 2.051010778808594, 2.0728813537597657, 2.056615026855469, 2.039535771179199, 2.018649137878418, 2.041996537780762, 2.0576374542236326, 2.060415591430664, 2.056068193054199, 2.039431071472168, 2.057257678222656, 2.0533470794677733, 2.056752322387695, 2.0673454284667967, 2.0841671661376955, 2.0706705154418947, 2.0805106521606445, 2.077168391418457, 2.088785382080078, 2.0809007492065428, 2.080973306274414, 2.089197561645508, 2.093885939025879, 2.1052838287353515, 2.103182278442383, 2.10570451965332, 2.1129272888183595, 2.105684004211426, 2.119417102050781, 2.1217398590087893, 2.119257818603516, 2.1191219345092773, 2.128161721801758, 2.1227869262695314, 2.1136081008911134, 2.128230709838867, 2.1385493927001953, 2.1328141815185546, 2.141739321899414, 2.1430447509765624, 2.141653695678711, 2.144622235107422, 2.150390298461914, 2.1470022064208982, 2.157033679199219, 2.1425589538574217, 2.15388323059082, 2.1548910705566406, 2.16249733581543, 2.156671743774414, 2.163672686767578, 2.164744763183594, 2.1539683715820312, 2.175118328857422, 2.1633359344482423, 2.1769115020751952, 2.176037631225586, 2.1714440826416017, 2.1773289306640624, 2.1798441467285157, 2.169429006958008, 2.1796382904052733, 2.182414923095703, 2.1739827239990235, 2.1894486389160157], "test_acc": [10.32, 21.67, 25.78, 27.53, 26.73, 23.28, 36.94, 32.9, 38.08, 39.64, 34.75, 35.9, 39.69, 44.29, 47.51, 49.68, 44.54, 44.93, 50.86, 51.27, 50.77, 51.74, 45.56, 55.68, 56.18, 55.8, 57.94, 57.62, 56.87, 52.42, 56.88, 57.26, 59.52, 57.46, 58.71, 57.81, 54.37, 55.84, 56.03, 56.89, 54.44, 52.19, 50.93, 50.4, 51.08, 48.65, 46.42, 46.21, 43.59, 39.48, 38.44, 37.04, 37.19, 35.63, 36.0, 35.63, 34.44, 34.34, 33.28, 33.1, 33.1, 32.37, 32.87, 31.44, 31.18, 31.12, 31.27, 30.51, 31.02, 31.51, 30.41, 29.8, 29.77, 29.34, 28.71, 29.07, 28.64, 28.48, 28.67, 27.73, 29.02, 28.12, 28.18, 27.16, 28.17, 27.44, 27.23, 27.78, 26.43, 27.22, 26.14, 26.25, 26.85, 26.39, 26.19, 27.2, 26.23, 26.36, 26.6, 25.72]}