{"train_loss": [2.3014232427645953, 2.289125955410493, 2.2849443411215757, 2.2807482481002808, 2.2773075892375068, 2.2738119803942167, 2.271728434318151, 2.2686317547773704, 2.2660927583009767, 2.2639052898455887, 2.2623498702660587, 2.2603505201828784, 2.25883895556132, 2.2559365131916143, 2.2552354549750304, 2.253361678734804, 2.251620594049111, 2.249613686096974, 2.247618891642644, 2.2467143737352813, 2.244968897257096, 2.2431179541807906, 2.2414985577265423, 2.2398767789204914, 2.23767949678959, 2.236024240347055, 2.2337302953769, 2.2322642179635857, 2.228575585438655, 2.2268411110609008, 2.2244917777868416, 2.220714036012307, 2.217925431789496, 2.2141913426228057, 2.2115194235092552, 2.2071210524974725, 2.2032836357752483, 2.1989451634578216, 2.1939870216907598, 2.188739831631, 2.1842070542849026, 2.1782683127965683, 2.171814854328449, 2.1662147576992328, 2.158891110542493, 2.152752336477622, 2.145686252300556, 2.138403850335341, 2.132587522115463, 2.124579736513969, 2.0862180777085135, 2.069941627062284, 2.0628918011983237, 2.0583175231248902, 2.053048456020844, 2.049978624551724, 2.0458222716282575, 2.042878554111872, 2.0406820266674726, 2.037070332735013, 2.0346966040440093, 2.0327486298023127, 2.028934941230676, 2.027266354744251, 2.0244714425160333, 2.0222934991885455, 2.020490945302523, 2.0173376135337047, 2.0154234568277993, 2.013580726660215, 2.010763595960079, 2.0076738498149775, 2.0060048687152374, 2.0044507286487483, 2.0017281043223845, 1.999960856254284, 1.9979189481490698, 1.996372861128587, 1.9936438435163253, 1.990678799458039, 1.9896904190381368, 1.9876863063910069, 1.9853819171587626, 1.9832119461817619, 1.9807925783670866, 1.9791777039185547, 1.977803395038996, 1.9751230796178183, 1.9741201015619132, 1.970813694367042, 1.97055698572061, 1.9683668598150597, 1.9660709521709345, 1.964452529259217, 1.9643738670226856, 1.9607481663043682, 1.9597264158420074, 1.9578232914973528, 1.9558418383965126, 1.9543133888489161], "test_loss": [2.099898129272461, 2.026257647705078, 1.9423151657104492, 1.9081595169067382, 1.9530386825561523, 1.8853388275146485, 1.8744767196655274, 1.8881304183959962, 1.8317947463989257, 1.830514877319336, 1.8243602981567384, 1.803704180908203, 1.778210466003418, 1.7427230575561523, 1.7198898132324218, 1.7315631896972656, 1.7074351577758788, 1.7251771377563476, 1.6550987030029296, 1.6946024307250978, 1.706522802734375, 1.7038869552612306, 1.659042610168457, 1.6973750244140624, 1.672024365234375, 1.6289067184448243, 1.6631492492675781, 1.7084780014038086, 1.6306625778198243, 1.6827737777709961, 1.6461088577270508, 1.6614463806152344, 1.6648990005493165, 1.6756231521606446, 1.6610306686401368, 1.6312076293945312, 1.6228087142944336, 1.6803899032592773, 1.6628083694458007, 1.6413610061645507, 1.7290793914794922, 1.690158853149414, 1.7139425308227538, 1.7331460083007812, 1.751517156982422, 1.7119838180541993, 1.7555942153930664, 1.7768641036987305, 1.7265859451293946, 1.7569455856323242, 1.7879928955078126, 1.8085710891723632, 1.8424939376831055, 1.8125165115356445, 1.816952262878418, 1.82898553314209, 1.8474897277832032, 1.8411221008300782, 1.8370524139404296, 1.8518276489257812, 1.8319722747802734, 1.861321354675293, 1.835991749572754, 1.8501383499145507, 1.8744632019042968, 1.8638367263793945, 1.8669242706298828, 1.9053867034912109, 1.869836376953125, 1.888264337158203, 1.8797230987548827, 1.8950489791870118, 1.8812776916503906, 1.897946859741211, 1.88306103515625, 1.9097591354370118, 1.9026535873413086, 1.892664584350586, 1.907291082763672, 1.9100144958496095, 1.9075137969970704, 1.906467399597168, 1.9011458572387696, 1.9148419723510741, 1.916955487060547, 1.9150455673217774, 1.925086636352539, 1.9041099212646484, 1.933344985961914, 1.9186934844970702, 1.927755743408203, 1.9231738052368164, 1.929022055053711, 1.917810595703125, 1.9141945388793946, 1.9210311798095703, 1.9272849838256836, 1.9170358520507813, 1.9436169708251954, 1.9153289627075196], "test_acc": [36.36, 40.23, 50.71, 52.81, 52.09, 59.98, 56.88, 60.82, 63.9, 65.55, 65.36, 64.84, 67.15, 71.76, 72.34, 74.32, 74.54, 73.65, 74.17, 76.41, 74.43, 73.97, 76.29, 74.57, 75.24, 75.3, 74.79, 74.75, 75.78, 73.9, 75.39, 74.76, 73.03, 72.89, 70.52, 72.57, 71.44, 71.22, 69.87, 69.1, 67.47, 67.15, 63.68, 63.82, 59.77, 61.51, 58.72, 57.01, 59.6, 54.9, 51.82, 50.73, 48.46, 49.91, 49.52, 48.88, 47.61, 47.5, 47.84, 46.78, 47.63, 46.22, 47.23, 46.38, 45.28, 45.75, 45.51, 43.34, 45.14, 43.88, 44.57, 43.6, 44.22, 43.07, 44.02, 42.6, 43.04, 43.03, 42.64, 42.48, 42.77, 42.79, 42.78, 41.84, 41.65, 41.76, 41.39, 42.6, 41.19, 41.74, 41.65, 41.2, 41.11, 41.75, 42.0, 41.27, 40.84, 41.39, 40.35, 41.67]}