{"train_loss": [2.309432074962518, 2.2991941103568445, 2.2954789540706537, 2.2932094384462407, 2.291152897859231, 2.2890251923830083, 2.2863163165557077, 2.285117426285377, 2.2831910866957443, 2.280936979024838, 2.278704293568929, 2.2780917907372498, 2.2760220827200475, 2.2750896056493124, 2.2732892855619773, 2.2722733821624366, 2.270446455784333, 2.2696182954005706, 2.2676726408493826, 2.265970112115909, 2.264371574230683, 2.26297577772385, 2.2610706463838235, 2.2593903676057474, 2.2573775346462543, 2.255739245047936, 2.254299302590199, 2.251261100402245, 2.249098391410632, 2.2480563102624354, 2.24425449126806, 2.2415999106871776, 2.238042426720644, 2.234864967297285, 2.2321994891533485, 2.227510046347594, 2.2238746704199377, 2.218389792320056, 2.2124522630984966, 2.206756566732358, 2.2003171058801505, 2.195553961778298, 2.185723713116768, 2.1775804782525086, 2.168004312270727, 2.1609434115581023, 2.1481612694569123, 2.1385989195261246, 2.1242449833796573, 2.112821723253299, 2.0459291849380885, 2.0234404790095795, 2.0134149224330216, 2.0055830041567484, 1.9979264561946575, 1.9923776320922069, 1.9850387671054939, 1.9819060099430574, 1.9752924274175594, 1.969022362660139, 1.9659549700908172, 1.9597901738606966, 1.9553964517055413, 1.9521965842980604, 1.9481526741614708, 1.9404874981978, 1.9366062824542707, 1.933255526652703, 1.9301779713386145, 1.9254907953433502, 1.9169148833323748, 1.9162339106584207, 1.9102781161283835, 1.906414008140564, 1.9020878104063181, 1.898016838844006, 1.8935078969368568, 1.8882094150934463, 1.884647603524037, 1.87961776806758, 1.8744824430881402, 1.8735693601461558, 1.868914805008815, 1.862846324994014, 1.8589838489508017, 1.8539300622084203, 1.849854239133688, 1.8465807410386892, 1.844616851134178, 1.8385265662119938, 1.8338898230821659, 1.8297890993265005, 1.8251312729639886, 1.8210085028257126, 1.8189638177553813, 1.8144664477079342, 1.8126543610523909, 1.8078981017455076, 1.8039093943742606, 1.797832291554182], "test_loss": [2.116972772216797, 2.1205468872070314, 2.090724676513672, 2.0800583251953126, 1.9870485977172851, 1.9910832321166991, 1.9812637756347655, 1.978179524230957, 1.9413788299560546, 1.9418977554321288, 1.9355519317626952, 1.877377946472168, 1.8918398361206055, 1.9011129974365235, 1.8631501037597655, 1.8674820449829101, 1.8344451553344727, 1.8586802688598634, 1.8166402648925781, 1.824092021179199, 1.8289374893188477, 1.809779234313965, 1.8386803085327148, 1.7731323944091797, 1.8099605041503906, 1.779173048400879, 1.7806284545898436, 1.7526521423339845, 1.7666204498291016, 1.7389136657714843, 1.7245595703125, 1.7136481109619142, 1.7785594390869142, 1.688749853515625, 1.7319320556640625, 1.7310661529541016, 1.7444628112792968, 1.760056134033203, 1.7470238159179687, 1.7664400253295898, 1.7443628555297852, 1.7696149673461914, 1.7884509765625, 1.7226197952270508, 1.8157297973632813, 1.8102953826904298, 1.8017485595703124, 1.7944462951660156, 1.8040620864868164, 1.8369869384765625, 1.8759200119018555, 1.9169187973022461, 1.9147072311401367, 1.9142840728759765, 1.9619077514648438, 1.9403858474731446, 1.9739970092773438, 1.9665885711669921, 1.9686691543579102, 1.9615899826049805, 1.9805037139892578, 2.0171288299560546, 1.9941825225830079, 1.996424935913086, 2.0202315368652344, 2.0012446640014647, 2.0148109237670897, 2.0246566619873048, 2.022761506652832, 2.0401059997558595, 2.0469633041381834, 2.0088294799804687, 2.0667401153564455, 2.043519696044922, 2.0361978103637695, 2.0425980895996094, 2.071296646118164, 2.0568041122436522, 2.061179919433594, 2.0909830780029295, 2.0680029998779297, 2.076141047668457, 2.0714064682006836, 2.0876034072875975, 2.07577091217041, 2.135085363769531, 2.1263309417724607, 2.107756694030762, 2.133296209716797, 2.117787747192383, 2.119011543273926, 2.1170551651000977, 2.136071612548828, 2.118207781982422, 2.119607504272461, 2.118308100891113, 2.121892822265625, 2.129211405944824, 2.1362818054199217, 2.1440974411010743], "test_acc": [36.3, 36.63, 38.56, 33.06, 45.06, 50.93, 43.14, 49.17, 55.21, 53.22, 55.77, 56.86, 57.96, 59.29, 62.19, 61.97, 57.64, 64.13, 63.16, 66.16, 65.08, 66.43, 65.66, 64.56, 65.91, 68.2, 65.47, 67.12, 64.9, 67.03, 66.97, 67.33, 65.37, 67.44, 63.7, 64.56, 64.5, 62.49, 62.81, 61.67, 58.11, 59.25, 57.64, 58.79, 50.37, 51.31, 50.15, 51.62, 48.78, 46.47, 43.02, 41.1, 40.75, 40.74, 38.35, 39.44, 38.03, 38.16, 38.07, 38.5, 37.44, 35.72, 36.66, 36.63, 35.58, 36.88, 35.9, 35.42, 35.68, 34.78, 34.56, 36.21, 33.54, 34.97, 35.48, 34.94, 33.45, 34.44, 34.53, 33.15, 34.14, 33.75, 33.71, 33.74, 33.8, 31.41, 31.93, 32.78, 31.59, 32.33, 32.24, 32.56, 31.63, 32.58, 32.71, 32.59, 32.23, 31.77, 31.81, 31.81]}