{"train_loss": [2.279040738252493, 2.255815490698203, 2.2418525628554513, 2.2315924069820308, 2.2240721403024137, 2.217366079183725, 2.2113572236819143, 2.2073603544479763, 2.202986143796872, 2.199853621996366, 2.197449051416837, 2.194450705479353, 2.1915970765627346, 2.188940908969977, 2.186418630526616, 2.183969020843506, 2.182097362860655, 2.1796692163516314, 2.1774965157875648, 2.1749055196077394, 2.172994913199009, 2.1711966942518184, 2.1687120767740105, 2.1668727349012324, 2.1640747021406126, 2.1620580159700835, 2.1595018154535537, 2.157324776894007, 2.154055575835399, 2.152196182960119, 2.1490505206279265, 2.146060181886722, 2.143021125059861, 2.1404130104260566, 2.13734566676311, 2.133683350758675, 2.1308131413582045, 2.12698201582982, 2.124760726170662, 2.120831661957961, 2.116540206395663, 2.1139749478071166, 2.1106805972563913, 2.107287693635011, 2.102880640518971, 2.0987018725810906, 2.0961706754488825, 2.0918589109029524, 2.0885486125946047, 2.0855084541516424, 2.060496778977223, 2.050291227071713, 2.04642792512209, 2.0433086902667315, 2.040171776673733, 2.0365725511159654, 2.034791709520878, 2.033244350628975, 2.0307070860495933, 2.0294205674758325, 2.027860345901587, 2.026100807617872, 2.024768291069911, 2.0231682939407154, 2.0212633557808704, 2.020399374839587, 2.0178911371108814, 2.0168227318005685, 2.014866302563594, 2.0132998704910277, 2.0123518384419956, 2.0111109253687736, 2.0100115824968388, 2.0081754446029665, 2.0057224463193846, 2.0054959951302944, 2.004413417975108, 2.003128116253095, 2.001785259980422, 2.0013992003905465, 1.998461008988894, 1.99788220784603, 1.996994558053139, 1.9958348252834417, 1.9943886004961453, 1.9926987012227377, 1.9914766736519642, 1.9905999956986844, 1.9898778732006366, 1.9887157913966056, 1.9871842271242386, 1.9864181029490935, 1.9849303679588512, 1.9846346460855924, 1.9834630810297453, 1.9817322602638832, 1.9806742215767885, 1.9794066389401754, 1.9786697170673273, 1.9768250939173577], "test_loss": [1.896759341430664, 1.805743782043457, 1.762966862487793, 1.661903598022461, 1.6257929794311523, 1.5759377960205079, 1.5802296096801758, 1.615144287109375, 1.5670592956542968, 1.5537943450927734, 1.5037276733398437, 1.556345475769043, 1.5271867080688477, 1.4782059295654297, 1.4767744125366211, 1.4799662338256836, 1.4943052215576171, 1.4913622344970703, 1.4552592163085938, 1.4304416107177735, 1.4507849838256837, 1.4083994766235353, 1.3856462341308593, 1.435238458251953, 1.439009928894043, 1.441287794494629, 1.448450328063965, 1.4296508499145508, 1.4278177978515625, 1.413037629699707, 1.4366399291992187, 1.420982585144043, 1.4515410522460936, 1.4177659561157228, 1.4216144332885743, 1.4165702041625976, 1.452622329711914, 1.4203286987304689, 1.4521928909301758, 1.435822477722168, 1.4778752975463867, 1.4665468734741212, 1.465860823059082, 1.4557312072753905, 1.4499699737548828, 1.5114806198120116, 1.4936752685546875, 1.5057466735839844, 1.4766695739746094, 1.4881743225097657, 1.4876621978759765, 1.5255966857910157, 1.5310124145507813, 1.5068752059936523, 1.4991253829956055, 1.514363037109375, 1.5122984008789062, 1.5379488677978517, 1.5232396743774415, 1.528072511291504, 1.5573067474365234, 1.5634313568115235, 1.5236630569458007, 1.5481178588867188, 1.5517391174316406, 1.5509489791870117, 1.54999327545166, 1.564629768371582, 1.5681961593627929, 1.58387412109375, 1.5647133087158203, 1.5672690521240233, 1.5499320587158203, 1.5538778671264648, 1.5688601608276367, 1.5673006713867188, 1.5942367294311524, 1.5643226150512695, 1.5580400161743164, 1.5575834045410155, 1.589117137145996, 1.5600410110473633, 1.592194790649414, 1.5872995986938476, 1.5696196029663085, 1.614486506652832, 1.5756851821899414, 1.5637419448852539, 1.5745102584838868, 1.5988309997558594, 1.568091374206543, 1.597525016784668, 1.595506916809082, 1.5885062438964843, 1.5732051376342773, 1.6063998794555665, 1.557810398864746, 1.6077201919555664, 1.6004810211181641, 1.6137305358886718], "test_acc": [49.6, 56.76, 59.7, 67.62, 68.95, 73.62, 73.36, 74.27, 75.34, 79.44, 79.37, 79.96, 78.09, 79.07, 82.33, 81.4, 79.74, 81.69, 82.09, 83.53, 83.61, 83.76, 83.96, 83.04, 81.72, 84.01, 83.0, 82.51, 83.03, 83.86, 83.25, 82.51, 82.17, 82.3, 79.52, 81.77, 81.5, 80.71, 80.33, 79.02, 79.12, 78.47, 76.74, 76.39, 77.7, 75.5, 74.37, 72.57, 74.71, 73.69, 72.34, 70.08, 68.91, 69.57, 69.66, 68.46, 68.46, 67.22, 67.37, 67.06, 65.7, 65.25, 67.23, 65.55, 65.36, 65.2, 65.07, 64.42, 63.77, 62.75, 63.78, 63.55, 64.39, 63.94, 63.29, 63.22, 61.97, 63.33, 63.35, 63.52, 61.88, 63.28, 61.54, 61.85, 62.33, 60.57, 62.21, 62.72, 61.91, 60.65, 62.1, 60.62, 60.52, 61.1, 62.34, 60.18, 62.61, 59.8, 60.28, 59.65]}