{"train_loss": [1.832198791931837, 1.5805187207001907, 1.4749062122442784, 1.4076897587531652, 1.3684500351930275, 1.3345364845716037, 1.3107498364570813, 1.285373821014013, 1.2662264567155104, 1.2521356741587322, 1.2315170107743678, 1.2220734412853533, 1.2081149189900129, 1.196905450943189, 1.1861566459521269, 1.1767361477399483, 1.1689213508214706, 1.158009889951119, 1.1516208028182005, 1.141196209192276, 1.134572920279625, 1.1261789355522547, 1.1221069993116917, 1.1126773707377604, 1.1058469920586318, 1.0993996513195528, 1.0925057027584468, 1.086356392579201, 1.0820590356985729, 1.075250142507064, 1.0698432063445067, 1.0623471134748215, 1.0592966556549073, 1.054320868009176, 1.0457439567798223, 1.0419495629958617, 1.0355351637571286, 1.0310757001241049, 1.0236488903180148, 1.020323267655495, 1.015001253134165, 1.0136500023878539, 1.0043380219202775, 0.999139890456811, 0.9936692604651818, 0.9898284471951998, 0.9828496599808717, 0.9788682882602399, 0.9716801563898723, 0.9682604392369588, 0.9302890892212208, 0.914566931510583, 0.9071584405043186, 0.9046308687100044, 0.8997039577899835, 0.8956568927336962, 0.8921488599899488, 0.8889804074397454, 0.8869966485561469, 0.8837219678438627, 0.8807396983489012, 0.8793153004768567, 0.8760392496219048, 0.8731834480395684, 0.8710917838108845, 0.8688380614305153, 0.8682543508517436, 0.8651320544572977, 0.8620872164383913, 0.8601615604681846, 0.8573894740679325, 0.8559500553669074, 0.8525654575763605, 0.851538444788028, 0.8498186924518683, 0.8470812504108135, 0.8447518538206051, 0.8438660659851172, 0.8413917116629772, 0.8395310054986905, 0.8372957131801507, 0.8354114283353854, 0.8337347748952034, 0.8313931711209126, 0.8304218165385417, 0.8287976819735307, 0.8266169685583848, 0.8247735743339245, 0.8234136243661244, 0.8225729126196641, 0.8204588624147269, 0.8186880984367468, 0.8171934381509438, 0.8165336304750198, 0.8149452032187046, 0.8119836029333946, 0.8110620746245751, 0.8095771572528742, 0.8090946163886633, 0.8084318845699995], "test_loss": [1.2812308044433594, 0.9769603973388672, 0.8829317626953125, 0.8396620910644531, 0.8893552154541016, 0.7148554519653321, 0.7523976234436035, 0.7806642189025879, 0.7156211223602295, 0.6694222732543945, 0.5750000499725342, 0.6284627090454101, 0.5943962787628174, 0.6020500209808349, 0.5591572872161865, 0.5629879821777344, 0.5811731006622315, 0.5360449150085449, 0.6291899246215821, 0.5270277179718018, 0.5491965431213379, 0.5159572700500489, 0.5291523052215577, 0.5606715126037598, 0.5588091941833496, 0.5291963577270508, 0.524570012664795, 0.5509102504730224, 0.567143867111206, 0.5332126457214356, 0.5172160636901856, 0.525986727142334, 0.52063464012146, 0.5208696865081787, 0.5387320495605469, 0.5224082454681397, 0.583297257232666, 0.5159066856384278, 0.5603500778198243, 0.5279341354370117, 0.565589204788208, 0.5831806636810303, 0.5620269283294678, 0.5777472171783448, 0.5544347000122071, 0.5458561725616455, 0.5833126750946045, 0.5485546550750733, 0.5550238689422607, 0.589787398147583, 0.5340256008148193, 0.5344753177642823, 0.5322322834014892, 0.5326356441497803, 0.5190224327087403, 0.5316847171783448, 0.5355054092407227, 0.5361335586547852, 0.5427032180786133, 0.5361085651397705, 0.5536820491790772, 0.5483747291564941, 0.5402023147583008, 0.5404184574127198, 0.5419191471099853, 0.5571458679199218, 0.5708313919067383, 0.5488547115325928, 0.5466815292358398, 0.5646996955871582, 0.5542237071990966, 0.5483758968353272, 0.5505951843261718, 0.5540578186035157, 0.5506401145935058, 0.5549358089447022, 0.5607948013305664, 0.5660319458007812, 0.5596252365112304, 0.5508383476257325, 0.5631954887390137, 0.5531633071899414, 0.5579220184326172, 0.5579067935943604, 0.5632830150604248, 0.5732653259277344, 0.5482293464660645, 0.5475939521789551, 0.5598837738037109, 0.5535377941131592, 0.5618005870819092, 0.5696043712615967, 0.5633639839172363, 0.5605044776916503, 0.5432937801361084, 0.5510984180450439, 0.5727252056121827, 0.559881649017334, 0.5512103553771973, 0.5594364154815674], "test_acc": [57.82, 71.04, 74.07, 77.43, 75.83, 82.25, 79.38, 80.14, 80.9, 83.59, 87.19, 85.8, 86.83, 86.05, 87.56, 87.28, 86.3, 87.92, 84.85, 88.02, 87.16, 88.7, 88.35, 88.68, 88.25, 89.15, 89.57, 88.43, 87.71, 88.58, 88.92, 88.85, 89.52, 88.82, 88.96, 88.82, 87.4, 89.16, 88.33, 88.66, 88.33, 87.34, 87.54, 87.86, 88.3, 88.55, 87.76, 89.01, 88.54, 87.48, 89.33, 89.17, 89.17, 89.24, 89.26, 89.04, 88.91, 89.07, 88.7, 88.88, 88.46, 88.6, 88.67, 88.79, 88.69, 88.48, 88.03, 88.47, 88.63, 88.04, 88.17, 88.42, 88.39, 88.47, 88.29, 88.12, 88.1, 87.81, 87.86, 88.05, 87.78, 88.06, 87.79, 88.03, 87.85, 87.46, 88.09, 88.01, 87.82, 87.93, 87.81, 87.46, 87.7, 87.52, 88.18, 87.98, 87.42, 87.79, 88.08, 88.07]}