{"train_loss": [2.298968369532854, 2.286903624656873, 2.2808900802563397, 2.275916762229724, 2.2725653287691947, 2.269098703066508, 2.2662710171479445, 2.263751985476567, 2.2611592506751035, 2.258074903488159, 2.2564382650913335, 2.2549594542919063, 2.252414473509177, 2.250938543295249, 2.2490045626958213, 2.2473534700198052, 2.2460348202632026, 2.2446349119528746, 2.2428964015765067, 2.241500924183772, 2.240244199679448, 2.2383054287005693, 2.2370050949928086, 2.235056793384063, 2.233472394943237, 2.2316803926076645, 2.2300149825903084, 2.227449158521799, 2.225237224652217, 2.223179443065937, 2.2210767049055833, 2.2178999167222244, 2.2148023226322273, 2.2120300739239425, 2.2085917778504203, 2.205862962282621, 2.201527251952734, 2.1987666276785043, 2.1932004867455897, 2.190616178512573, 2.185966477638636, 2.1817659989381446, 2.176780473880279, 2.172363799046247, 2.16737476678995, 2.1619309345881144, 2.157726315351633, 2.1530597515595264, 2.1478211543498893, 2.141664999570602, 2.113366807424105, 2.1004457076390586, 2.0954420340366853, 2.0917871652505338, 2.0888943928938644, 2.0852885026198167, 2.0826490683433336, 2.079982673816192, 2.077849763478988, 2.0751287441987256, 2.0742264038477187, 2.071641551531278, 2.0701243217174823, 2.068028195699056, 2.0660850469882672, 2.0649345147304046, 2.0623799996498304, 2.061217123422867, 2.058761564584879, 2.056935919248141, 2.0564481240052443, 2.0543134744350726, 2.0515945373437345, 2.0514484943487705, 2.049092897390708, 2.0482473471225835, 2.0463225942391614, 2.0441241637254373, 2.0430394175725106, 2.0423212815553713, 2.0401528000831606, 2.0377850917669442, 2.036782571902642, 2.036201394826938, 2.0343851459332, 2.033144286962656, 2.03193733050273, 2.0304651807516048, 2.029593671590854, 2.0279974124370477, 2.0261426546634773, 2.024727463416564, 2.022594113227649, 2.0225887216054477, 2.019719516313993, 2.0189092620825155, 2.017622145322653, 2.0162139776425483, 2.0158064677165104, 2.014468016074254], "test_loss": [2.0821373748779295, 1.9823809982299805, 1.95703936920166, 1.905379246520996, 1.8785675064086913, 1.861316778564453, 1.7994182189941406, 1.765806996154785, 1.7697077728271484, 1.7580934631347656, 1.7693717788696288, 1.732621110534668, 1.737157211303711, 1.7188087829589844, 1.67545771484375, 1.6766194000244141, 1.6743180603027343, 1.688179364013672, 1.6638750274658203, 1.6975561294555663, 1.6704038009643554, 1.656837942504883, 1.6558302688598632, 1.6404489364624024, 1.6221820678710936, 1.6453576675415038, 1.6721085189819336, 1.6529194747924805, 1.5982127334594727, 1.6671388626098633, 1.6202066482543944, 1.6394332427978515, 1.6535261505126952, 1.6223249267578126, 1.6552090896606446, 1.6271004867553711, 1.6470023849487305, 1.64524015045166, 1.697740364074707, 1.6667440490722656, 1.6518382385253907, 1.692687515258789, 1.6949871810913086, 1.6641905853271484, 1.6867632110595703, 1.6693781433105468, 1.727851968383789, 1.6957123565673828, 1.7368891555786132, 1.7425215362548827, 1.730927247619629, 1.7639231948852538, 1.7664542846679687, 1.778488475036621, 1.7715459091186523, 1.772752182006836, 1.7791106246948243, 1.778556803894043, 1.788902474975586, 1.7961005279541016, 1.8093461853027344, 1.7987662353515625, 1.8146571853637696, 1.816455158996582, 1.8060018142700196, 1.8192948898315429, 1.7975048995971679, 1.8169734771728516, 1.8229563705444336, 1.818259814453125, 1.8218209838867188, 1.8115095901489258, 1.798023683166504, 1.8391362747192384, 1.8178825958251954, 1.8357761123657226, 1.8330414566040039, 1.8420083770751954, 1.8223976684570313, 1.8343556701660155, 1.837526678466797, 1.851877508544922, 1.8372676315307617, 1.8495746658325196, 1.8475944366455077, 1.842444384765625, 1.8547895446777343, 1.823685026550293, 1.864358024597168, 1.8550006790161133, 1.848545881652832, 1.846644401550293, 1.8626509414672852, 1.84584591217041, 1.874500373840332, 1.8545067245483398, 1.8609807830810547, 1.881988768005371, 1.8952058990478515, 1.865665817260742], "test_acc": [37.75, 51.01, 51.38, 52.47, 61.37, 61.22, 62.76, 67.72, 64.68, 71.55, 72.14, 71.94, 74.19, 76.86, 74.77, 77.71, 71.9, 76.55, 75.62, 76.38, 77.51, 76.69, 78.01, 79.24, 77.98, 78.64, 77.6, 77.51, 78.31, 77.93, 76.78, 76.63, 76.0, 75.47, 72.71, 74.09, 74.64, 73.54, 71.24, 71.43, 70.76, 69.07, 68.18, 68.79, 66.09, 66.44, 64.39, 63.97, 60.06, 58.97, 58.59, 56.23, 55.73, 55.19, 54.47, 54.54, 54.08, 53.44, 53.28, 52.48, 52.0, 51.67, 50.74, 50.76, 51.47, 50.53, 51.63, 50.39, 49.95, 49.93, 49.63, 49.89, 50.67, 48.87, 49.87, 48.32, 48.59, 47.81, 48.95, 48.68, 47.73, 46.93, 48.02, 46.96, 47.17, 47.37, 46.29, 48.37, 46.13, 46.55, 46.87, 46.93, 45.8, 46.75, 45.15, 46.62, 46.04, 45.09, 43.8, 45.52]}