{"train_loss": [2.117416371443333, 2.0058208600068705, 1.9456034923211123, 1.9000971268384885, 1.8705330283213883, 1.8458712953787584, 1.8254208965179248, 1.8127565738482354, 1.798409406038431, 1.7839325782580253, 1.7730571123269887, 1.7643777223733754, 1.7520595101209788, 1.7443500937559666, 1.7346651914792184, 1.7267293957563548, 1.7199981900361867, 1.7131282760546758, 1.704319991515233, 1.6959379883912893, 1.688800184848981, 1.682561046954913, 1.674505757368528, 1.666796147212004, 1.6577094004704402, 1.6484987118305303, 1.6443137884140016, 1.632631123982943, 1.6235479697203026, 1.6164356937775246, 1.6065332085658341, 1.5990958360525278, 1.5895851336992703, 1.578069900549375, 1.5689169853161542, 1.5592078866102757, 1.550302882377918, 1.5382559116070087, 1.5269115276825733, 1.51731767532153, 1.504401118021745, 1.494924212113405, 1.4863184739381838, 1.4729280343422524, 1.4600823001983838, 1.4477883986937694, 1.4373285204936297, 1.422401271110926, 1.411375176295256, 1.401681866706946, 1.3273919460101005, 1.2999939625079815, 1.2871253524071131, 1.2790528774261474, 1.2710462084183327, 1.2632672792825943, 1.2577095927336277, 1.250521814517486, 1.2460729271937638, 1.2402597338725359, 1.2360317144638453, 1.2317776805315261, 1.2258799870808919, 1.2214415372946323, 1.2181358921222198, 1.2129152032045218, 1.2097885388594407, 1.2040375630060831, 1.2019090679975657, 1.1966842009471013, 1.1930462216719604, 1.1868942144589547, 1.1841342372772021, 1.1821817382788047, 1.1778253396352132, 1.173928743142348, 1.1687502695963934, 1.1648337073815174, 1.1626931242453746, 1.158547487320044, 1.1565436479372857, 1.1527718586799427, 1.1485667943954467, 1.1451675017674765, 1.1420917890010736, 1.140401875361418, 1.1332742877495594, 1.1323898734190525, 1.1291385271610357, 1.1277154329495551, 1.123803452345041, 1.1206751698102706, 1.1174109244957948, 1.113634699430221, 1.1099986171111083, 1.1102371802696815, 1.1055176007441985, 1.1040918512222095, 1.1011808808033283, 1.0978110551834106], "test_loss": [1.4769959808349609, 1.4140941864013672, 1.311700064086914, 1.145667024230957, 1.094675700378418, 1.0905351013183593, 1.09132134475708, 1.0460587196350097, 1.0378509864807128, 0.9901210838317871, 0.9796168693542481, 1.004712084197998, 0.9568143089294434, 0.9238881729125976, 0.9210449760437012, 0.8995731506347656, 0.8763559577941894, 0.8545556587219238, 0.8683737724304199, 0.8659598655700683, 0.8703276008605957, 0.8262604652404785, 0.8641409034729004, 0.8842353050231934, 0.9133238967895507, 0.8325156555175781, 0.8313558197021484, 0.8492472373962402, 0.8638504386901855, 0.864064144897461, 0.8626339454650879, 0.8582942802429199, 0.862964060974121, 0.8565104789733887, 0.8882405090332032, 0.8436796897888184, 0.9130971252441407, 0.8764445274353028, 0.9291412834167481, 0.881685206604004, 0.883955850982666, 0.9574046424865723, 0.8902702278137207, 0.8938672271728516, 0.9630742515563965, 0.9600202239990234, 0.9749006576538086, 0.9222067733764648, 0.9668218704223632, 1.0119886100769042, 0.9548711669921875, 0.9924509719848633, 0.9543802253723145, 0.9948184310913086, 1.008085203552246, 0.9902028800964355, 1.0099080703735352, 1.0104429573059082, 1.0186578353881837, 1.0320161239624024, 1.014331418609619, 1.027660676574707, 1.0450494430541992, 1.0451463874816895, 1.0307642402648927, 1.0355987648010254, 1.0168502838134765, 1.0442724319458008, 1.0334639205932616, 1.0593628776550292, 1.0613650115966797, 1.0794988578796387, 1.0671497528076173, 1.082524925994873, 1.0673645477294922, 1.1022391571044923, 1.0882538940429687, 1.0755254188537597, 1.0488556343078612, 1.0993372665405274, 1.0850417030334472, 1.0758994064331056, 1.1098340995788574, 1.0762426666259766, 1.1121587089538574, 1.0911672645568848, 1.1230391883850097, 1.1032300758361817, 1.1081832916259766, 1.0784771911621094, 1.1330062149047853, 1.1092714134216308, 1.1170652801513672, 1.0993750312805175, 1.0766621879577636, 1.1166438888549806, 1.1507371643066406, 1.1150577575683593, 1.134642992401123, 1.1410977630615233], "test_acc": [56.52, 61.67, 66.05, 72.29, 75.92, 76.74, 75.44, 78.32, 78.47, 80.65, 79.24, 79.13, 80.4, 84.01, 82.3, 84.12, 84.12, 84.71, 83.82, 84.51, 84.87, 85.23, 84.97, 85.51, 84.37, 85.64, 86.15, 85.2, 85.09, 84.49, 84.22, 84.16, 84.29, 85.1, 83.82, 84.44, 83.64, 83.79, 82.64, 82.12, 82.65, 82.04, 83.2, 81.13, 80.2, 80.42, 79.66, 80.73, 78.89, 77.8, 79.18, 77.53, 78.29, 77.18, 76.48, 77.04, 76.19, 76.15, 75.93, 75.62, 75.86, 75.25, 74.91, 74.73, 75.14, 74.8, 75.46, 74.39, 74.62, 73.83, 73.62, 72.68, 73.19, 72.73, 72.95, 72.29, 72.15, 73.02, 73.18, 71.63, 72.17, 72.41, 71.31, 72.23, 70.99, 71.87, 70.68, 71.22, 70.8, 71.94, 69.87, 71.1, 70.72, 71.26, 71.69, 70.68, 69.42, 70.62, 69.78, 69.76]}