{"train_loss": [2.305172580327743, 2.298694033500476, 2.296983279326023, 2.2952738168912057, 2.2940827302443676, 2.292326240050487, 2.2909859565588144, 2.289811575718415, 2.288760857704358, 2.2877146121783136, 2.2866202696775777, 2.2860817719728517, 2.285235469769209, 2.2844071223185614, 2.2837539030955387, 2.28298353598668, 2.282423831255008, 2.2812478658480524, 2.2807766657609205, 2.2800596811832525, 2.2793424251752024, 2.2782909613389237, 2.2775496348356588, 2.2767979273429284, 2.276159669802739, 2.275273956396641, 2.2745012912994778, 2.2736929434996385, 2.2721290570039017, 2.2713285812964807, 2.2701887301909616, 2.2686094265717727, 2.267712002534133, 2.266052474731054, 2.2647371671138665, 2.2632738076723538, 2.2611207815317007, 2.2593814397469547, 2.2574097003692235, 2.255205176426814, 2.2532379963459115, 2.250842140882443, 2.2479841317885962, 2.245667280294956, 2.243426225735591, 2.2402143508960037, 2.238002050839938, 2.2347894962017354, 2.2321394052260963, 2.2295193659953583, 2.212706123254238, 2.2057542183460335, 2.2033432960510253, 2.2007899327155873, 2.1990765602160725, 2.1975387169764593, 2.195749351917169, 2.1947148928275477, 2.19370251252101, 2.192429308402233, 2.1905459825809186, 2.1895256262559157, 2.1887754049056616, 2.1878403663635253, 2.186545390960498, 2.185314935904283, 2.18434853553772, 2.1829295445711185, 2.1821445770752734, 2.181326202245859, 2.1803230242851455, 2.1796774809177104, 2.1786139433200544, 2.1775529506878977, 2.176230296721825, 2.1758780241012574, 2.1754364197070784, 2.1736565865003143, 2.1725819257589487, 2.1716403643290203, 2.1710837743221183, 2.170263614410009, 2.1693647733101478, 2.1684498108350314, 2.167169394248571, 2.1662794284331492, 2.1657428930967284, 2.1651656523728984, 2.1643295275859344, 2.1634701997805865, 2.162797942528358, 2.161585348080366, 2.160846195465479, 2.1598661710054445, 2.1592536920156236, 2.1584880859423907, 2.157987478451851, 2.1575051650022847, 2.155912861457238, 2.1551302714225575], "test_loss": [2.1737404754638674, 2.1411043548583986, 2.079074642944336, 2.0488572296142578, 2.079712774658203, 2.018088864135742, 2.0008165786743164, 2.0155369903564453, 1.9856068008422851, 1.9611223037719727, 1.9804842117309571, 1.9420024673461913, 1.9170919845581054, 1.9065051010131835, 1.9036048278808593, 1.8852552322387695, 1.8708251174926758, 1.8785001831054688, 1.8425362579345703, 1.8774449493408203, 1.8831153945922852, 1.8892279220581054, 1.8290957763671876, 1.8646514221191406, 1.8260937316894532, 1.7926675903320313, 1.8548516845703125, 1.8593543365478515, 1.8265750244140626, 1.8341956497192382, 1.8188990997314454, 1.8462411636352538, 1.8204391235351562, 1.8371358200073242, 1.8291722412109375, 1.8194264434814453, 1.8192754638671875, 1.8574341217041015, 1.8287278610229492, 1.846943263244629, 1.881215577697754, 1.8469360870361329, 1.8403087951660155, 1.8912683471679688, 1.8594407867431642, 1.8238149719238281, 1.890339158630371, 1.8922411987304688, 1.8736326721191405, 1.9111526779174806, 1.9000911483764649, 1.908171969604492, 1.9326061096191407, 1.9180255416870118, 1.9273967422485352, 1.9322527618408203, 1.9398027084350586, 1.9321701461791991, 1.9337752014160157, 1.9528003509521485, 1.9411354217529297, 1.9475905990600586, 1.930865966796875, 1.9556893585205077, 1.9618961395263672, 1.9518800415039061, 1.9638695022583008, 1.9773761810302735, 1.9702956329345702, 1.9709331176757812, 1.9704641372680665, 1.9607246078491212, 1.9771672790527344, 1.9746355850219726, 1.9880091461181641, 1.976984568786621, 1.959315609741211, 1.9840338821411132, 1.9883574142456055, 1.9673463287353516, 1.9761613342285156, 1.9888768798828125, 1.9737464889526368, 1.988961376953125, 1.9822293502807617, 1.9958465850830078, 1.9890752853393554, 1.9749898651123048, 1.9978032531738281, 1.9890469085693359, 1.9916250244140625, 1.9882563934326172, 2.0016433700561524, 1.9892452209472655, 1.9912166900634765, 1.9828123825073243, 1.9767717071533204, 1.9910389755249023, 1.9975259704589843, 2.006345036315918], "test_acc": [23.18, 36.83, 44.01, 49.95, 46.31, 52.4, 57.56, 57.4, 61.36, 65.13, 63.1, 65.68, 70.29, 69.53, 68.97, 74.79, 74.54, 75.18, 72.38, 76.2, 75.43, 73.75, 76.29, 74.91, 75.16, 76.54, 73.94, 75.59, 75.53, 75.18, 74.18, 75.0, 73.81, 72.21, 72.49, 73.85, 71.47, 69.72, 68.98, 68.79, 68.39, 67.68, 63.86, 63.71, 63.56, 63.6, 59.96, 59.28, 59.79, 55.38, 54.0, 52.85, 50.17, 50.95, 49.53, 49.17, 48.62, 48.45, 48.27, 46.91, 47.72, 47.19, 47.99, 46.41, 45.52, 46.03, 45.21, 44.18, 44.84, 44.67, 44.47, 45.12, 43.88, 44.42, 43.11, 43.71, 44.64, 43.08, 42.61, 44.18, 43.24, 42.36, 43.4, 42.42, 42.86, 41.86, 42.1, 43.05, 41.61, 41.62, 41.81, 42.03, 41.03, 41.79, 41.4, 41.91, 42.09, 41.23, 40.77, 40.03]}