{"train_loss": [2.2249953807928624, 2.168773635228475, 2.1344669287021345, 2.108941090412629, 2.0903042518175567, 2.074661729274652, 2.0591606045380617, 2.0516418169706294, 2.0405240948383625, 2.0323012269460237, 2.025590713818868, 2.018889816296406, 2.011870135405125, 2.0050557154875537, 1.9996021423584376, 1.9936392490680401, 1.9885251271419035, 1.9820555940652504, 1.9768789156889304, 1.9715338789499723, 1.9675002419031584, 1.9625858007333217, 1.9557405710220337, 1.9493598889081907, 1.9439851510219084, 1.9385710933269598, 1.9316398449433156, 1.9263497566565488, 1.9175812727365737, 1.9113509862850875, 1.9022947179965484, 1.8941478065955333, 1.8854140581228793, 1.878080973869715, 1.869262594748766, 1.8587714812694451, 1.8509009101451972, 1.8394840698975783, 1.830308599655445, 1.8190044806553767, 1.8068831061705566, 1.7997587592173845, 1.7860092658262987, 1.7754279475945693, 1.766049901338724, 1.7540265285051786, 1.741555469769698, 1.7298744834386386, 1.7187895154341672, 1.706340887913337, 1.6381964405377707, 1.6077631167876414, 1.598741642328409, 1.5903976574922218, 1.5842800381856086, 1.5768456504895136, 1.569681118390499, 1.5657847178287996, 1.5598586574578897, 1.5562481256631704, 1.5517906146171765, 1.5467344635572189, 1.5437764968627539, 1.5396957217118679, 1.534008195155706, 1.5306277819168874, 1.5266402165095012, 1.5243113523874527, 1.5204303059822475, 1.5154340578959538, 1.5140320603664106, 1.5097784170737634, 1.5065155001787038, 1.50314002709511, 1.4991857097699093, 1.496435629710173, 1.4904116820066402, 1.4884773113788703, 1.4851590352180677, 1.4827122896145553, 1.4816451442547334, 1.477891254119384, 1.474393369601323, 1.4714120406370896, 1.4693724840115279, 1.4662365690255776, 1.4625488862013205, 1.4606374838413336, 1.4568629255661598, 1.454361556737851, 1.4508155269500538, 1.4495391139617333, 1.4467775207299454, 1.4448108890117743, 1.442372344701718, 1.440453567260351, 1.435714667271345, 1.4360574532777834, 1.432923110937461, 1.4281424983953819], "test_loss": [1.7234691238403321, 1.6203553131103516, 1.4980225341796876, 1.4351345809936524, 1.3942498809814454, 1.3340874328613281, 1.313340168762207, 1.2787931610107421, 1.2566445541381837, 1.292441015625, 1.2075203094482423, 1.2548843017578124, 1.2402083236694337, 1.1481451034545898, 1.180890594482422, 1.1445009063720704, 1.1340159408569337, 1.1641352920532226, 1.1529821365356445, 1.163514710998535, 1.189797166442871, 1.1198500343322755, 1.089428702545166, 1.0799096260070802, 1.1265375213623048, 1.1251041069030763, 1.1173043037414552, 1.1345121543884278, 1.1202294448852539, 1.1304519622802733, 1.0707568649291992, 1.1070340957641602, 1.1449420768737792, 1.1437490211486816, 1.1138960227966308, 1.0923728729248048, 1.1475879753112792, 1.174569564819336, 1.148117163848877, 1.2030189453125, 1.1655176254272461, 1.1737583145141601, 1.2029506088256836, 1.1646189979553223, 1.1985424011230468, 1.215636965942383, 1.2421132949829101, 1.2479932723999023, 1.2662251602172852, 1.2386382751464844, 1.2477271697998047, 1.2841871047973632, 1.2942068161010742, 1.288720733642578, 1.278440757751465, 1.2880505661010742, 1.2935316848754883, 1.31516767578125, 1.3154085098266601, 1.3159286880493164, 1.3486962142944336, 1.3391113510131836, 1.3397459274291992, 1.3515451065063477, 1.3554791732788085, 1.3501539657592774, 1.3632977554321288, 1.356266357421875, 1.3468092361450195, 1.358246759033203, 1.373644142150879, 1.3502221618652344, 1.3638416778564453, 1.3760207183837891, 1.3715935424804688, 1.3570429382324218, 1.3891474014282226, 1.3505769165039063, 1.3620770538330078, 1.397239436340332, 1.397303988647461, 1.3825463790893555, 1.397734552001953, 1.3979170272827148, 1.4155844314575194, 1.4023956649780274, 1.4083574600219726, 1.3815690643310548, 1.4165985702514647, 1.408320751953125, 1.392759945678711, 1.4269172302246094, 1.4204145065307616, 1.4173337951660157, 1.4199007064819336, 1.4231207214355468, 1.384603273010254, 1.4430209030151366, 1.4249350296020509, 1.4383353622436523], "test_acc": [47.97, 53.48, 64.51, 65.92, 68.29, 72.32, 71.77, 75.64, 77.65, 77.7, 78.72, 80.87, 79.16, 81.14, 81.36, 82.18, 82.92, 82.61, 81.32, 81.46, 80.9, 82.9, 83.55, 84.22, 82.05, 83.29, 83.56, 82.35, 81.95, 81.89, 83.5, 82.08, 81.72, 79.95, 80.23, 81.04, 80.38, 79.07, 79.24, 76.6, 77.82, 78.52, 76.37, 75.73, 75.77, 73.87, 72.89, 72.49, 70.37, 71.5, 70.46, 68.86, 68.25, 68.16, 68.51, 67.83, 67.37, 66.68, 66.75, 66.38, 64.85, 65.3, 65.07, 64.58, 64.17, 64.75, 64.25, 64.42, 64.56, 64.34, 63.41, 64.19, 63.59, 63.21, 63.47, 63.86, 62.41, 63.94, 63.32, 61.97, 61.94, 62.5, 61.85, 61.68, 61.3, 61.59, 61.47, 62.2, 61.29, 61.19, 61.88, 60.44, 60.84, 61.19, 60.63, 60.53, 61.95, 60.16, 60.7, 60.19]}