{"train_loss": [2.3094173529209234, 2.305746861604544, 2.305055144505623, 2.304905534401918, 2.3044450472562743, 2.3041323943015857, 2.3044209633118067, 2.30393813817929, 2.3044707824022344, 2.304111330325787, 2.3040043690265755, 2.3038555573194457, 2.3037044824698034, 2.303707773868854, 2.3035036649459446, 2.3033304141117976, 2.3030542948307136, 2.303115628927182, 2.3027439190791203, 2.3027082944527653, 2.3025226855889347, 2.302209249520913, 2.302101082679553, 2.302299357071901, 2.301882974918072, 2.301849481998346, 2.3016663514650784, 2.301470810939104, 2.3010571363644723, 2.3009702902573808, 2.3006962556105393, 2.300530126155951, 2.3004710399187527, 2.3000796623719046, 2.299786444810721, 2.2993651114977323, 2.2991113668833023, 2.298653221741701, 2.298204134060786, 2.2977436316319, 2.2972273368101854, 2.2966818717809825, 2.2959255646436643, 2.2950339928651466, 2.29412727355957, 2.2932616093219855, 2.2922076335320107, 2.2910419451884736, 2.289602630566328, 2.2879153869090936, 2.2796555953148085, 2.2761794609901234, 2.274489025580577, 2.2732057583637726, 2.271851636813237, 2.2708040732603805, 2.2699534208346637, 2.2686859088066296, 2.2678658803304037, 2.266563197893974, 2.2657725169108462, 2.264971690911513, 2.263852071762085, 2.262875083165291, 2.2617530492635876, 2.260839203076485, 2.260052624115577, 2.2590156958653376, 2.2579047123591107, 2.2568561303309904, 2.255746733836639, 2.254751546566303, 2.254143233788319, 2.2527538440166377, 2.252005516565763, 2.2511281233567457, 2.2494758862715503, 2.2485469341278077, 2.2474097037926697, 2.246427896695259, 2.2454968091769096, 2.244406011165717, 2.24328132103651, 2.2420721683746727, 2.2406165012946495, 2.2398362612112974, 2.238647438929631, 2.237034099529951, 2.236504144546313, 2.235433848087604, 2.2339142793264144, 2.232992435724307, 2.231919681108915, 2.2303511864099748, 2.229607817454216, 2.228231950295277, 2.2271945299246374, 2.226095327352866, 2.2254328006353132, 2.2237105131149293], "test_loss": [2.2738103942871093, 2.2687774383544923, 2.25223447265625, 2.2588480010986327, 2.2526715240478516, 2.2468232147216796, 2.25309196472168, 2.2517096954345703, 2.24835546875, 2.249620983886719, 2.2425800170898436, 2.2489357330322264, 2.2426159576416014, 2.233664895629883, 2.2226192291259768, 2.24052467956543, 2.2279366577148436, 2.224926531982422, 2.224397738647461, 2.217947036743164, 2.224949087524414, 2.223981591796875, 2.2234634185791013, 2.2245820068359374, 2.2204028137207033, 2.2042996826171875, 2.214167028808594, 2.1981084381103515, 2.212900051879883, 2.2026829010009767, 2.207314712524414, 2.183742059326172, 2.188236022949219, 2.1813132934570314, 2.189630187988281, 2.1850984985351563, 2.180359552001953, 2.160105581665039, 2.1727503662109373, 2.149652313232422, 2.171124755859375, 2.1580162200927733, 2.156555261230469, 2.177553189086914, 2.154622528076172, 2.156582440185547, 2.166828039550781, 2.170876315307617, 2.17781061706543, 2.1626287139892577, 2.1560078704833985, 2.1601968872070314, 2.1721830322265623, 2.1647434295654295, 2.171716458129883, 2.1699708404541016, 2.1765943939208983, 2.1747669219970702, 2.174406448364258, 2.1775879486083984, 2.183588101196289, 2.181316098022461, 2.1776344451904297, 2.183921401977539, 2.182791128540039, 2.185826409912109, 2.190343035888672, 2.18654345703125, 2.1937614654541018, 2.2022474609375, 2.198528646850586, 2.2006359313964845, 2.208523910522461, 2.197119613647461, 2.2029632873535157, 2.2126170043945312, 2.2111900421142576, 2.213518460083008, 2.217213006591797, 2.215924624633789, 2.2135295532226564, 2.2143167907714845, 2.2165767517089843, 2.223600296020508, 2.2224357208251955, 2.2234795501708984, 2.2303544464111327, 2.227227474975586, 2.224945083618164, 2.2333795349121095, 2.24182790222168, 2.2309808624267577, 2.236693435668945, 2.233896783447266, 2.241531887817383, 2.234531851196289, 2.2381075103759764, 2.237066912841797, 2.2355877868652345, 2.2339241088867188], "test_acc": [14.82, 15.31, 23.84, 18.24, 17.26, 21.29, 28.08, 30.52, 28.73, 20.44, 21.98, 19.18, 27.23, 26.51, 18.97, 30.41, 33.12, 38.92, 37.88, 43.34, 34.7, 42.85, 36.48, 31.73, 35.4, 40.28, 41.16, 47.91, 43.83, 41.55, 43.2, 46.64, 44.72, 43.76, 39.96, 44.44, 43.51, 43.32, 44.04, 44.59, 42.97, 42.59, 42.1, 38.13, 40.21, 38.97, 37.02, 34.15, 30.95, 33.64, 30.32, 29.42, 27.43, 28.27, 27.26, 27.16, 25.99, 26.28, 26.18, 25.74, 25.09, 25.11, 25.23, 24.68, 24.72, 24.18, 23.64, 24.21, 23.48, 22.56, 22.85, 22.65, 21.95, 23.32, 22.31, 21.71, 21.71, 21.34, 21.21, 21.39, 21.79, 21.65, 21.3, 20.83, 20.72, 20.67, 20.66, 20.39, 20.62, 19.82, 19.27, 20.35, 19.49, 20.06, 19.66, 20.24, 20.09, 20.06, 20.32, 19.86]}