{"train_loss": [2.2109221647947264, 2.14472324970441, 2.1056749432514876, 2.077437306061769, 2.0554389886367015, 2.038499486446381, 2.021603826070443, 2.011225503835923, 1.999148459617908, 1.9905076060539637, 1.9824787836808424, 1.9755883174064832, 1.967371070690644, 1.9602384704809923, 1.9535928817895742, 1.947412178455255, 1.9396828562785418, 1.934161765453143, 1.9263918668795854, 1.920468842983246, 1.9174185230181768, 1.910362525475331, 1.902815720668206, 1.8964193570308197, 1.8893116685060354, 1.8833285322556128, 1.8764343851651901, 1.8658502746851016, 1.857481873035431, 1.8505088500487499, 1.8397897023421068, 1.8337487245217348, 1.8220485928731087, 1.8130688988245451, 1.7989946836080306, 1.7888784925142924, 1.7779840921744323, 1.7658828487763039, 1.7559562903184158, 1.7440520925399585, 1.7312406063079835, 1.71939224982873, 1.7047547563528402, 1.6915068391041879, 1.67778754173181, 1.6641335028868456, 1.6521662889382778, 1.6347288244809859, 1.6225581031579237, 1.6129620258624737, 1.5321607277943539, 1.4995823239668822, 1.4864559937746098, 1.4775397193737518, 1.4664268664824658, 1.460923624650026, 1.4541502044751093, 1.4473601922010764, 1.4436324862333445, 1.4367570213782481, 1.4323323977299225, 1.426381684266604, 1.4227664061081715, 1.4200851260087428, 1.4122254044581681, 1.4085339552316911, 1.4042714895346227, 1.400005880685953, 1.392137411924509, 1.390101385116577, 1.3862105449040731, 1.3822885192357577, 1.3780729795113589, 1.3740604868301978, 1.3723239803925538, 1.3667446338213407, 1.3638568031482208, 1.3596703651623847, 1.3552116186190875, 1.351862445855752, 1.3476673181240375, 1.3452168134542613, 1.3412186943567717, 1.3390033309276288, 1.335115552559877, 1.3333197254400986, 1.3279226064682006, 1.3256657001299736, 1.3214892738904709, 1.3215996448810283, 1.3172715935951624, 1.3136596053074567, 1.3081074531261738, 1.307389233662532, 1.3044124878369845, 1.302403540489001, 1.2995478847087958, 1.2949377417564392, 1.293309687039791, 1.2896205296883216], "test_loss": [1.708253677368164, 1.5556786163330079, 1.478791194152832, 1.368344662475586, 1.317931086730957, 1.2765407623291016, 1.3164066131591796, 1.251303225708008, 1.2171433624267578, 1.2109331436157227, 1.178731996154785, 1.2279905960083008, 1.1897001281738282, 1.1608531051635742, 1.1460354751586914, 1.0863728340148926, 1.1048686546325683, 1.1129157905578613, 1.0915938957214355, 1.1009243118286134, 1.0862102317810058, 1.053901318359375, 1.0636500831604003, 1.0728603103637695, 1.1280392211914063, 1.0778312057495116, 1.0883512855529784, 1.0803414176940918, 1.0699360153198243, 1.072346223449707, 1.0684379570007325, 1.0617740936279296, 1.0983703132629394, 1.1169652381896973, 1.0780629104614259, 1.0915160781860351, 1.1240366508483888, 1.12621869430542, 1.1078442008972167, 1.1323976211547853, 1.1336143325805663, 1.1347918922424316, 1.1084851936340332, 1.191511653137207, 1.1881748748779297, 1.2085993286132812, 1.203826383972168, 1.2300380630493164, 1.1337054176330565, 1.178344418334961, 1.216450392150879, 1.2245198539733886, 1.279612794494629, 1.257778914642334, 1.2547148178100587, 1.2667135101318359, 1.2625798370361327, 1.2902601844787598, 1.2770588356018067, 1.294713533782959, 1.3543140701293945, 1.3154493865966796, 1.3180962478637694, 1.3267486145019531, 1.3112681266784667, 1.3229983200073243, 1.3399322006225587, 1.3415326614379883, 1.3193144454956054, 1.347939128112793, 1.34554100189209, 1.3559837020874024, 1.3429848190307616, 1.3387312850952149, 1.3422229949951172, 1.3667731582641602, 1.3685453872680664, 1.368924835205078, 1.348682177734375, 1.380494075012207, 1.3936483322143556, 1.3719699829101561, 1.381892315673828, 1.3773320755004883, 1.3692872772216798, 1.396578269958496, 1.386641830444336, 1.3833477416992188, 1.40755869140625, 1.3903124267578124, 1.4046555633544922, 1.4415089462280273, 1.4570393081665038, 1.3976498748779296, 1.4149334121704102, 1.441103921508789, 1.41318544921875, 1.3970268966674804, 1.4372782638549804, 1.4041279510498046], "test_acc": [49.06, 56.02, 62.82, 68.09, 70.26, 73.26, 69.5, 75.51, 76.37, 78.73, 78.18, 79.66, 78.2, 78.95, 81.57, 81.97, 81.5, 82.4, 81.54, 82.26, 82.73, 84.18, 81.42, 82.86, 79.96, 83.91, 82.75, 83.32, 82.74, 81.59, 83.03, 82.35, 81.35, 79.5, 79.87, 80.52, 79.77, 79.06, 78.26, 78.25, 77.03, 76.58, 77.38, 74.69, 74.65, 73.04, 73.4, 71.69, 74.32, 72.64, 70.72, 69.93, 67.73, 68.52, 68.52, 67.68, 67.85, 66.96, 67.32, 66.2, 63.75, 64.77, 65.22, 64.56, 65.23, 64.6, 63.71, 63.66, 64.54, 63.15, 63.47, 63.29, 63.48, 63.9, 63.51, 62.41, 62.49, 62.3, 62.82, 62.2, 61.41, 62.09, 61.87, 61.91, 61.98, 61.31, 61.46, 61.72, 60.93, 61.35, 60.58, 59.32, 58.73, 60.92, 60.32, 59.66, 60.35, 60.86, 59.62, 60.87]}