{"train_loss": [1.8977840912647737, 1.6811566896927663, 1.585253070256649, 1.5206732095816196, 1.4833792943220871, 1.4539599473659808, 1.4308192916405507, 1.4088952293762793, 1.3928144522202321, 1.3776958774297665, 1.360173103136894, 1.3503641012387397, 1.3389684402025663, 1.3303704967865577, 1.3195894605074174, 1.3111288550572517, 1.303352912572714, 1.293693642738538, 1.2884544494824532, 1.2776793434069706, 1.2734272018457071, 1.2689387248112605, 1.2588102114506257, 1.2553717069136792, 1.2487776551491174, 1.2434648480170811, 1.2387366933700366, 1.2331325222284366, 1.2277034184871576, 1.222525055286212, 1.2184252005357008, 1.210637092590332, 1.2092579652101565, 1.2038472493489583, 1.2001445981172414, 1.1957464215083, 1.1916157875305566, 1.186135541781401, 1.1822320748598147, 1.1790733074530577, 1.1756738271468725, 1.1729494177378141, 1.1683247508146823, 1.161406113856878, 1.1617008444590446, 1.15509934425354, 1.1516911760354653, 1.14758802652359, 1.1445475364342714, 1.137311832110087, 1.1072866702691102, 1.0943577708342136, 1.0892235489991995, 1.0866368741561205, 1.0823313158292036, 1.0790970411056127, 1.0765107908310034, 1.0738591486062758, 1.071674942664611, 1.0693358968465756, 1.0668705600958603, 1.0643883214547083, 1.061612983391835, 1.0600517771182916, 1.0583779307512136, 1.056877233279057, 1.0545020456497485, 1.0520838159781236, 1.0501750597586998, 1.0479973462911754, 1.0461023171742758, 1.0445802563276045, 1.0414121412313901, 1.0403037413572653, 1.0390856253795135, 1.0365423193344703, 1.034307129872151, 1.0342794263974213, 1.0311948103782458, 1.0292282862541002, 1.0279681786512718, 1.0255051359152183, 1.0241788180974813, 1.0212503969669342, 1.0219539191478337, 1.0186809700268966, 1.0179817286821513, 1.0162988383036393, 1.0144190354224962, 1.0129667080365694, 1.011402229162363, 1.0094888902627506, 1.0081768579972097, 1.0069286607778989, 1.0051872520874707, 1.0041953468934084, 1.0026787432340476, 1.00157247369106, 0.9998648944573525, 0.9986167036570035], "test_loss": [1.2597501556396484, 1.1016257484436036, 0.9557647033691407, 0.8871804374694824, 0.9218930397033691, 0.7440373542785644, 0.7258407989501953, 0.7756270072937012, 0.7381869262695312, 0.7257396392822265, 0.6520539779663086, 0.6428555534362793, 0.6435528518676757, 0.6205019256591797, 0.6598996154785156, 0.6299920715332031, 0.632165323638916, 0.5734706680297852, 0.5935305793762207, 0.6182173198699951, 0.6144509239196777, 0.5702732685089111, 0.5986937854766846, 0.5797951969146729, 0.5760477897644043, 0.5918335487365722, 0.5794896007537842, 0.588969204711914, 0.5923330467224122, 0.5810157146453857, 0.5909032703399658, 0.5657981002807617, 0.595004273223877, 0.5774208026885986, 0.619240962600708, 0.5584873374938965, 0.585746068572998, 0.5592401519775391, 0.5778164855957031, 0.565332767868042, 0.6011868713378906, 0.6141140705108643, 0.5935946624755859, 0.5839321041107177, 0.6003525791168213, 0.5557478519439697, 0.6344052474975586, 0.5864985996246338, 0.5951614963531494, 0.6073032222747803, 0.5645820171356201, 0.5648204391479492, 0.5728316303253174, 0.5587146228790283, 0.5612218441009521, 0.5671755210876465, 0.5694241798400879, 0.5850965183258057, 0.578518013381958, 0.5779936286926269, 0.5795863967895508, 0.5771505069732666, 0.5824861663818359, 0.5921815395355224, 0.5841257190704345, 0.5958447143554687, 0.6125012718200683, 0.5890649551391601, 0.5864129928588867, 0.6080990688323975, 0.6038796451568603, 0.5963755435943604, 0.6023822498321533, 0.604117562866211, 0.5967826351165771, 0.6099498043060303, 0.6002669296264649, 0.5920229553222657, 0.6068120658874512, 0.5961278526306152, 0.5986151123046874, 0.5992883602142334, 0.6004487731933593, 0.607633432006836, 0.5989325679779053, 0.6076892951965333, 0.6040500411987305, 0.5910831890106201, 0.6053346248626709, 0.590160521697998, 0.6113801425933838, 0.6052766151428223, 0.6043296977996826, 0.6094910205841064, 0.6010147758483887, 0.6206001285552979, 0.625923579788208, 0.6187157905578613, 0.6161051654815674, 0.6182647480010987], "test_acc": [60.02, 66.75, 73.2, 76.36, 75.83, 81.99, 82.3, 81.47, 82.53, 83.51, 86.28, 87.0, 86.7, 86.87, 86.95, 86.23, 86.51, 89.12, 88.08, 87.25, 86.64, 88.21, 87.89, 89.35, 88.94, 88.34, 89.24, 89.35, 88.81, 88.59, 88.1, 89.46, 88.32, 88.94, 87.42, 89.1, 89.63, 89.64, 89.36, 89.38, 89.27, 88.13, 88.15, 89.36, 89.04, 90.12, 87.76, 89.45, 88.91, 88.38, 90.03, 90.14, 89.9, 89.84, 90.0, 89.7, 89.81, 89.45, 89.37, 89.44, 89.26, 89.44, 89.26, 88.89, 89.01, 88.77, 88.36, 89.0, 88.9, 88.41, 88.43, 88.67, 88.73, 88.38, 88.33, 88.08, 88.22, 88.57, 88.15, 88.36, 88.2, 88.1, 88.28, 88.02, 88.11, 87.65, 87.88, 88.18, 87.87, 88.01, 87.55, 87.83, 87.75, 87.68, 87.8, 87.29, 87.05, 87.25, 87.16, 87.15]}